--TAX CAT
-- INSERT INTO C_TAXCATEGORY(C_TAXCATEGORY_ID,AD_CLIENT_ID,AD_ORG_ID,ISACTIVE,CREATED,CREATEDBY,UPDATED,UPDATEDBY,NAME,DESCRIPTION)
-- 	VALUES(1,'AEFEC9F545644B718DEB3F4FB7D772A4','43D590B4814049C6B85C6545E8264E37','Y',SYSDATE,'0',SYSDATE,'0','16 % VAT',NULL);
-- COMMIT;
-- 
-- INSERT INTO C_TAX(C_TAX_ID,C_TAXCATEGORY_ID,AD_CLIENT_ID,AD_ORG_ID,ISACTIVE,CREATED,CREATEDBY,UPDATED,UPDATEDBY,NAME,RATE,BASEAMOUNT,VALIDFROM)
-- 	VALUES(1,1,'AEFEC9F545644B718DEB3F4FB7D772A4','43D590B4814049C6B85C6545E8264E37','Y',SYSDATE,'0',SYSDATE,'0','16% VAT',16,'LNA',SYSDATE);
-- COMMIT;

--PRODUCT CATEGORY
INSERT INTO M_PRODUCT_CATEGORY(M_PRODUCT_CATEGORY_ID,AD_CLIENT_ID,AD_ORG_ID,ISACTIVE,CREATED,CREATEDBY,UPDATED,UPDATEDBY,PLANNEDMARGIN,VALUE,NAME,ISDEFAULT,DESCRIPTION)
	VALUES(1,'AEFEC9F545644B718DEB3F4FB7D772A4','43D590B4814049C6B85C6545E8264E37','Y',SYSDATE,'0',SYSDATE,'0',0,1,'LICENSE PAYMENTS','N','ALL LICENSE PAYMENTS FALL UNDER THIS CATEGORY');
COMMIT;

--PRODUCTS
INSERT INTO M_PRODUCT(M_PRODUCT_ID,M_PRODUCT_CATEGORY_ID,C_TAXCATEGORY_ID,AD_CLIENT_ID,AD_ORG_ID,ISACTIVE,CREATED,CREATEDBY,UPDATED,UPDATEDBY,NAME,VALUE,C_UOM_ID, ISSTOCKED,ISPURCHASED,ISSOLD,ISBOM,ISINVOICEPRINTDETAILS,ISPICKLISTPRINTDETAILS,ISVERIFIED,PROCESSING,PRODUCTTYPE,CALCULATED,PRODUCTION,ISSUMMARY)
	VALUES(1,1,1,'AEFEC9F545644B718DEB3F4FB7D772A4','43D590B4814049C6B85C6545E8264E37','Y',SYSDATE,'0',SYSDATE,'0','LICENSE APPLICATION FEE',1,100,'N','N','N','N','N','N','N','N','I','N','N','N');
INSERT INTO M_PRODUCT(M_PRODUCT_ID,M_PRODUCT_CATEGORY_ID,C_TAXCATEGORY_ID,AD_CLIENT_ID,AD_ORG_ID,ISACTIVE,CREATED,CREATEDBY,UPDATED,UPDATEDBY,NAME,VALUE,C_UOM_ID, ISSTOCKED,ISPURCHASED,ISSOLD,ISBOM,ISINVOICEPRINTDETAILS,ISPICKLISTPRINTDETAILS,ISVERIFIED,PROCESSING,PRODUCTTYPE,CALCULATED,PRODUCTION,ISSUMMARY)
	VALUES(2,1,1,'AEFEC9F545644B718DEB3F4FB7D772A4','43D590B4814049C6B85C6545E8264E37','Y',SYSDATE,'0',SYSDATE,'0','LICENSE INITIAL FEE',2,100,'N','N','N','N','N','N','N','N','I','N','N','N');	
INSERT INTO M_PRODUCT(M_PRODUCT_ID,M_PRODUCT_CATEGORY_ID,C_TAXCATEGORY_ID,AD_CLIENT_ID,AD_ORG_ID,ISACTIVE,CREATED,CREATEDBY,UPDATED,UPDATEDBY,NAME,VALUE,C_UOM_ID, ISSTOCKED,ISPURCHASED,ISSOLD,ISBOM,ISINVOICEPRINTDETAILS,ISPICKLISTPRINTDETAILS,ISVERIFIED,PROCESSING,PRODUCTTYPE,CALCULATED,PRODUCTION,ISSUMMARY)
	VALUES(3,1,1,'AEFEC9F545644B718DEB3F4FB7D772A4','43D590B4814049C6B85C6545E8264E37','Y',SYSDATE,'0',SYSDATE,'0','LICENSE ANNUAL FEE',3,100,'N','N','N','N','N','N','N','N','I','N','N','N');
INSERT INTO M_PRODUCT(M_PRODUCT_ID,M_PRODUCT_CATEGORY_ID,C_TAXCATEGORY_ID,AD_CLIENT_ID,AD_ORG_ID,ISACTIVE,CREATED,CREATEDBY,UPDATED,UPDATEDBY,NAME,VALUE,C_UOM_ID, ISSTOCKED,ISPURCHASED,ISSOLD,ISBOM,ISINVOICEPRINTDETAILS,ISPICKLISTPRINTDETAILS,ISVERIFIED,PROCESSING,PRODUCTTYPE,CALCULATED,PRODUCTION,ISSUMMARY)
	VALUES(4,1,1,'AEFEC9F545644B718DEB3F4FB7D772A4','43D590B4814049C6B85C6545E8264E37','Y',SYSDATE,'0',SYSDATE,'0','TYPE APPROVAL FEE',4,100,'N','N','N','N','N','N','N','N','I','N','N','N');
COMMIT;



--EMAIL TEMPLATES
--IMIS TASKS
INSERT INTO sys_emails(sys_email_id,sys_email_name,title,details) 
	VALUES(1,'Approval (IMIS Task)','IMIS task requires your attention','<p>{{approving_entity_name}},</p><p>There is an IMIS task awaiting your action.</p><p>{{workflow_name}}: {{phase_narrative}}&nbsp; initiated by {{origin_entity_name}} on {{application_date}}. Time to completion of this task is {{escalation_time}} days.<br></p><p><a target="" title="Click here to view the task" href="http://localhost:8080/fsm/index.jsp?view=1:0">Click here to view the task</a><br></p>');

-- INSERT INTO sys_emails(sys_email_id,sys_email_name,title,details) 
-- 	VALUES(2,'IMIS TASK (board paper)','IMIS task requires your attention','<p>{{approving_entity_name}},</p><p>There is an IMIS task awaiting your action.</p><p>{{workflow_name}}: {{phase_narrative}}&nbsp; initiated by {{origin_entity_name}} on {{application_date}}. Time to completion of this task is {{escalation_time}} days.<br></p><p><a target="" title="Click here to view the task" href="http://localhost:8080/fsm/index.jsp?view=1:0">Click here to view the task</a><br></p>');

--CLC
INSERT INTO sys_emails(sys_email_id,sys_email_name,title,details) 
	VALUES(50,'CLC approved email','Application Status','Dear {{client_name}}<br><br>Your application for {{license_name}} has been approved by the CLC');
INSERT INTO sys_emails(sys_email_id,sys_email_name,title,details) 
	VALUES(51,'CLC rejection email','Your application was rejected','Dear {{client_name}}<br><br>Your application for {{license_name}}  has been rejected by the CLC');
INSERT INTO sys_emails(sys_email_id,sys_email_name,title,details) 
	VALUES(52,'CLC differed email','Your application was differed','Dear {{client_name}}<br><br>Your application for {{license_name}}  has been differed by the CLC');
INSERT INTO sys_emails(sys_email_id,sys_email_name,title,details) 
	VALUES(53,'CLC withdrawn email','Your application was withdrawn','Dear {{client_name}}<br><br>Your application for {{license_name}}  has been withdrawn by the CLC');

--PENDING PAYMENT
INSERT INTO sys_emails(sys_email_id,sys_email_name,title,details) 
	VALUES(11,'Initial Fee Notification','Initial Fee Payment is due','{{client_name}}<br><br>License initial fee for {{license_name}} is due. The following are the reference details: {{order_summary}}');

--FREQUENCY ASSIGNEMENT

--OFFERS
INSERT INTO sys_emails(sys_email_id,sys_email_name,title,details) 
	VALUES(61,'Offer Letter','CCK Offer Letter','Dear {{client_name}}<br><br>Your application for {{license_name}} has been approved. This is an offer letter');

--LICENSE ACTIVATION
INSERT INTO sys_emails(sys_email_id,sys_email_name,title,details) 
	VALUES(71,'License Activation','CCK License Activation','Dear {{client_name}}<br><br>Your application for {{license_name}} has been approved. You may come for your license');

INSERT INTO sys_emails(sys_email_id,sys_email_name,title,details) 
	VALUES(72,'Annual Fee payment','Annual Fee Reminder','Dear {{client_name}}<br><br>Your Annual payment for this LICENSE is due');

COMMIT;




REM INSERTING into CCK.EQUIPMENT_TYPE
SET DEFINE OFF;
Insert into CCK.EQUIPMENT_TYPE (EQUIPMENT_TYPE_ID,EQUIPMENT_TYPE_NAME,IS_TA_MARKETING,IS_FSM_EQUIPMENT) values (15,null,'0','1');
Insert into CCK.EQUIPMENT_TYPE (EQUIPMENT_TYPE_ID,EQUIPMENT_TYPE_NAME,IS_TA_MARKETING,IS_FSM_EQUIPMENT) values (16,'R','0','1');
Insert into CCK.EQUIPMENT_TYPE (EQUIPMENT_TYPE_ID,EQUIPMENT_TYPE_NAME,IS_TA_MARKETING,IS_FSM_EQUIPMENT) values (17,'C','0','1');
Insert into CCK.EQUIPMENT_TYPE (EQUIPMENT_TYPE_ID,EQUIPMENT_TYPE_NAME,IS_TA_MARKETING,IS_FSM_EQUIPMENT) values (18,'T','0','1');
Insert into CCK.EQUIPMENT_TYPE (EQUIPMENT_TYPE_ID,EQUIPMENT_TYPE_NAME,IS_TA_MARKETING,IS_FSM_EQUIPMENT) values (35,'TYPE APPROVED CALL ROUTING EQUIPMENT (PABXS, KTS, SBS)','1','0');
Insert into CCK.EQUIPMENT_TYPE (EQUIPMENT_TYPE_ID,EQUIPMENT_TYPE_NAME,IS_TA_MARKETING,IS_FSM_EQUIPMENT) values (36,'TYPE APPROVED PAYPHONES, SUBSCRIBERS PRIVATE METERS, AND CALL MONITORS.','1','0');
Insert into CCK.EQUIPMENT_TYPE (EQUIPMENT_TYPE_ID,EQUIPMENT_TYPE_NAME,IS_TA_MARKETING,IS_FSM_EQUIPMENT) values (37,'OTHER TYPE APPROVED DEVICES','1','0');
Insert into CCK.EQUIPMENT_TYPE (EQUIPMENT_TYPE_ID,EQUIPMENT_TYPE_NAME,IS_TA_MARKETING,IS_FSM_EQUIPMENT) values (38,'TYPE APPROVED GSM, ETACS AND FIXED WIRELESS TELEPHONES.','1','0');
Insert into CCK.EQUIPMENT_TYPE (EQUIPMENT_TYPE_ID,EQUIPMENT_TYPE_NAME,IS_TA_MARKETING,IS_FSM_EQUIPMENT) values (39,'TYPE APPROVED TELEPHONE ANSWERING MACHINES/PHONES','1','0');
Insert into CCK.EQUIPMENT_TYPE (EQUIPMENT_TYPE_ID,EQUIPMENT_TYPE_NAME,IS_TA_MARKETING,IS_FSM_EQUIPMENT) values (40,'TYPE APPROVED FACSIMILE TRANSCEIVERS','1','0');
Insert into CCK.EQUIPMENT_TYPE (EQUIPMENT_TYPE_ID,EQUIPMENT_TYPE_NAME,IS_TA_MARKETING,IS_FSM_EQUIPMENT) values (41,'TYPE APPROVED DATA MODEMS, FAX-MODEMS AND DATA TERMINALS','1','0');
Insert into CCK.EQUIPMENT_TYPE (EQUIPMENT_TYPE_ID,EQUIPMENT_TYPE_NAME,IS_TA_MARKETING,IS_FSM_EQUIPMENT) values (42,'TYPE APPROVED RADIOCOMMUNICATION EQUIPMENT','1','0');
Insert into CCK.EQUIPMENT_TYPE (EQUIPMENT_TYPE_ID,EQUIPMENT_TYPE_NAME,IS_TA_MARKETING,IS_FSM_EQUIPMENT) values (43,'TYPE APPROVED CORDLESS TELEPHONES.','1','0');
Insert into CCK.EQUIPMENT_TYPE (EQUIPMENT_TYPE_ID,EQUIPMENT_TYPE_NAME,IS_TA_MARKETING,IS_FSM_EQUIPMENT) values (44,'TYPE APPROVED ORDINARY, EXECUTIVE, SECRETARIAL TELEPHONES','1','0');
Insert into CCK.EQUIPMENT_TYPE (EQUIPMENT_TYPE_ID,EQUIPMENT_TYPE_NAME,IS_TA_MARKETING,IS_FSM_EQUIPMENT) values (45,'SATELLITE EQUIPMENT','1','0');
Insert into CCK.EQUIPMENT_TYPE (EQUIPMENT_TYPE_ID,EQUIPMENT_TYPE_NAME,IS_TA_MARKETING,IS_FSM_EQUIPMENT) values (19,'M','0','1');
COMMIT;



--------------------------------------------------------
--  File created - Friday-March-23-2012   
--------------------------------------------------------
CREATE TABLE imp_licenses (
	license_id			integer primary key,
	license_type_id		integer,
	currency_unit_id 		integer,
	license_name		varchar(120) not null unique,
	license_period		integer default 1 not null,
	application_fee		real default 0 not null,
	initial_fee		real default 0 not null,
	annual_fee		real default 0 not null,
	agt_fee			real default 0 not null,
	type_approval_fee		real default 0 not null,
	annual_feedetail 	varchar (240),
	license_abbrev		varchar (120),
	num  			varchar (20),				
	application_account	varchar(32),
	initial_account		varchar(32),
	annual_account		varchar(32),
	ta_account		varchar(32),
	fixed_fee		char(1) default '0' not null,
	rollout_period		integer default 0 not null,
	Quarterly		char(1) default '0' not null,
	Annually		char(1) default '0' not null,
	isactive		char(1) default '1' not null,
	license_report		varchar(120),

	is_active   char(1) default '0',
	is_terrestrial 		char(1) default '0',		--terrestrial need 1k on top of initial payments
	is_vhf			char(1) default '0',
	is_maritime		char(1) default '0',
	is_broadcasting char(1) default '0',

	grace_period_years	integer,

	is_squential		char(1) default '0',		--whether or not the license number changes
	next_sequence_val		integer,

	spectrum_access		clob,
	license_terms		clob,
	details			clob
	);
  CREATE SEQUENCE imp_licenses_id_seq MINVALUE 1 INCREMENT BY 1 START WITH 1;
CREATE OR REPLACE TRIGGER tr_imp_license_id BEFORE INSERT ON imp_licenses
for each row 
begin     
	if inserting then 
		if :NEW.license_id is null then
			SELECT imp_licenses_id_seq.nextval into :NEW.license_id from dual;
		end if;
	end if; 
end;
/


REM INSERTING into CCK.IMP_LICENSES
SET DEFINE OFF;
Insert into CCK.IMP_LICENSES (LICENSE_ID,LICENSE_TYPE_ID,CURRENCY_UNIT_ID,LICENSE_NAME,LICENSE_PERIOD,APPLICATION_FEE,INITIAL_FEE,ANNUAL_FEE,AGT_FEE,APPLICATION_ACCOUNT,INITIAL_ACCOUNT,ANNUAL_ACCOUNT,IS_ACTIVE,IS_TERRESTRIAL,IS_VHF,IS_BROADCASTING,GRACE_PERIOD_YEARS,IS_MARITIME) values (520,16,1,'Community Radio Broadcasting Licence',3,1000,15000,15000,0,'CE038197E70B4CD9AC690677BD15DCCF','B83D6591F09F40C3A082C17DFC4D27EC','B83D6591F09F40C3A082C17DFC4D27EC','1','0','0','1',1,'0');
Insert into CCK.IMP_LICENSES (LICENSE_ID,LICENSE_TYPE_ID,CURRENCY_UNIT_ID,LICENSE_NAME,LICENSE_PERIOD,APPLICATION_FEE,INITIAL_FEE,ANNUAL_FEE,AGT_FEE,APPLICATION_ACCOUNT,INITIAL_ACCOUNT,ANNUAL_ACCOUNT,IS_ACTIVE,IS_TERRESTRIAL,IS_VHF,IS_BROADCASTING,GRACE_PERIOD_YEARS,IS_MARITIME) values (521,16,1,'Public Radio Broadcasting Licence (non-commercial)',5,5000,50000,50000,0,'CE038197E70B4CD9AC690677BD15DCCF','B83D6591F09F40C3A082C17DFC4D27EC','B83D6591F09F40C3A082C17DFC4D27EC','1','0','0','1',1,'0');
Insert into CCK.IMP_LICENSES (LICENSE_ID,LICENSE_TYPE_ID,CURRENCY_UNIT_ID,LICENSE_NAME,LICENSE_PERIOD,APPLICATION_FEE,INITIAL_FEE,ANNUAL_FEE,AGT_FEE,APPLICATION_ACCOUNT,INITIAL_ACCOUNT,ANNUAL_ACCOUNT,IS_ACTIVE,IS_TERRESTRIAL,IS_VHF,IS_BROADCASTING,GRACE_PERIOD_YEARS,IS_MARITIME) values (522,16,1,'Public TV Broadcasting Licence (non-commercial)',7,5000,100000,100000,0,'CE038197E70B4CD9AC690677BD15DCCF','B83D6591F09F40C3A082C17DFC4D27EC','B83D6591F09F40C3A082C17DFC4D27EC','1','0','0','1',1,'0');
Insert into CCK.IMP_LICENSES (LICENSE_ID,LICENSE_TYPE_ID,CURRENCY_UNIT_ID,LICENSE_NAME,LICENSE_PERIOD,APPLICATION_FEE,INITIAL_FEE,ANNUAL_FEE,AGT_FEE,APPLICATION_ACCOUNT,INITIAL_ACCOUNT,ANNUAL_ACCOUNT,IS_ACTIVE,IS_TERRESTRIAL,IS_VHF,IS_BROADCASTING,GRACE_PERIOD_YEARS,IS_MARITIME) values (10,16,1,'Licensing Of Private HF/VHF/UHF Radio Network.',1,0,10000,100000,0,'CE038197E70B4CD9AC690677BD15DCCF','B83D6591F09F40C3A082C17DFC4D27EC','B83D6591F09F40C3A082C17DFC4D27EC','1','0','0','0',null,'0');
Insert into CCK.IMP_LICENSES (LICENSE_ID,LICENSE_TYPE_ID,CURRENCY_UNIT_ID,LICENSE_NAME,LICENSE_PERIOD,APPLICATION_FEE,INITIAL_FEE,ANNUAL_FEE,AGT_FEE,APPLICATION_ACCOUNT,INITIAL_ACCOUNT,ANNUAL_ACCOUNT,IS_ACTIVE,IS_TERRESTRIAL,IS_VHF,IS_BROADCASTING,GRACE_PERIOD_YEARS,IS_MARITIME) values (11,16,1,'Authorisation Of Low Power Wireless Systems(Wifi )',1,0,10000,100000,0,'CE038197E70B4CD9AC690677BD15DCCF','B83D6591F09F40C3A082C17DFC4D27EC','B83D6591F09F40C3A082C17DFC4D27EC','1','0','0','0',null,'0');
Insert into CCK.IMP_LICENSES (LICENSE_ID,LICENSE_TYPE_ID,CURRENCY_UNIT_ID,LICENSE_NAME,LICENSE_PERIOD,APPLICATION_FEE,INITIAL_FEE,ANNUAL_FEE,AGT_FEE,APPLICATION_ACCOUNT,INITIAL_ACCOUNT,ANNUAL_ACCOUNT,IS_ACTIVE,IS_TERRESTRIAL,IS_VHF,IS_BROADCASTING,GRACE_PERIOD_YEARS,IS_MARITIME) values (12,16,1,'Licensing Of Citizen Band Radios.',1,0,10000,100000,0,'CE038197E70B4CD9AC690677BD15DCCF','B83D6591F09F40C3A082C17DFC4D27EC','B83D6591F09F40C3A082C17DFC4D27EC','1','0','0','0',null,'0');
Insert into CCK.IMP_LICENSES (LICENSE_ID,LICENSE_TYPE_ID,CURRENCY_UNIT_ID,LICENSE_NAME,LICENSE_PERIOD,APPLICATION_FEE,INITIAL_FEE,ANNUAL_FEE,AGT_FEE,APPLICATION_ACCOUNT,INITIAL_ACCOUNT,ANNUAL_ACCOUNT,IS_ACTIVE,IS_TERRESTRIAL,IS_VHF,IS_BROADCASTING,GRACE_PERIOD_YEARS,IS_MARITIME) values (13,16,1,'Licensing Of Amateur Band Radios.',1,0,10000,100000,0,'CE038197E70B4CD9AC690677BD15DCCF','B83D6591F09F40C3A082C17DFC4D27EC','B83D6591F09F40C3A082C17DFC4D27EC','1','0','0','0',null,'0');
Insert into CCK.IMP_LICENSES (LICENSE_ID,LICENSE_TYPE_ID,CURRENCY_UNIT_ID,LICENSE_NAME,LICENSE_PERIOD,APPLICATION_FEE,INITIAL_FEE,ANNUAL_FEE,AGT_FEE,APPLICATION_ACCOUNT,INITIAL_ACCOUNT,ANNUAL_ACCOUNT,IS_ACTIVE,IS_TERRESTRIAL,IS_VHF,IS_BROADCASTING,GRACE_PERIOD_YEARS,IS_MARITIME) values (14,16,1,'Licensing Of Aircraft Radio Station.',1,0,10000,100000,0,'CE038197E70B4CD9AC690677BD15DCCF','B83D6591F09F40C3A082C17DFC4D27EC','B83D6591F09F40C3A082C17DFC4D27EC','1','0','0','0',null,'0');
Insert into CCK.IMP_LICENSES (LICENSE_ID,LICENSE_TYPE_ID,CURRENCY_UNIT_ID,LICENSE_NAME,LICENSE_PERIOD,APPLICATION_FEE,INITIAL_FEE,ANNUAL_FEE,AGT_FEE,APPLICATION_ACCOUNT,INITIAL_ACCOUNT,ANNUAL_ACCOUNT,IS_ACTIVE,IS_TERRESTRIAL,IS_VHF,IS_BROADCASTING,GRACE_PERIOD_YEARS,IS_MARITIME) values (15,16,1,'Licensing Of Maritime(Ship) Radio Station.',1,0,10000,100000,0,'CE038197E70B4CD9AC690677BD15DCCF','B83D6591F09F40C3A082C17DFC4D27EC','B83D6591F09F40C3A082C17DFC4D27EC','1','0','0','0',null,'0');
Insert into CCK.IMP_LICENSES (LICENSE_ID,LICENSE_TYPE_ID,CURRENCY_UNIT_ID,LICENSE_NAME,LICENSE_PERIOD,APPLICATION_FEE,INITIAL_FEE,ANNUAL_FEE,AGT_FEE,APPLICATION_ACCOUNT,INITIAL_ACCOUNT,ANNUAL_ACCOUNT,IS_ACTIVE,IS_TERRESTRIAL,IS_VHF,IS_BROADCASTING,GRACE_PERIOD_YEARS,IS_MARITIME) values (19,16,1,'Authorisation Of Low Power Wireless Systems(P2p)',1,0,0,0,0,'CE038197E70B4CD9AC690677BD15DCCF','B83D6591F09F40C3A082C17DFC4D27EC','B83D6591F09F40C3A082C17DFC4D27EC','1','0','0','0',null,'0');
Insert into CCK.IMP_LICENSES (LICENSE_ID,LICENSE_TYPE_ID,CURRENCY_UNIT_ID,LICENSE_NAME,LICENSE_PERIOD,APPLICATION_FEE,INITIAL_FEE,ANNUAL_FEE,AGT_FEE,APPLICATION_ACCOUNT,INITIAL_ACCOUNT,ANNUAL_ACCOUNT,IS_ACTIVE,IS_TERRESTRIAL,IS_VHF,IS_BROADCASTING,GRACE_PERIOD_YEARS,IS_MARITIME) values (18,16,1,'Licensing Of Fixed Radiocommunication Services.',1,0,10000,100000,0,'CE038197E70B4CD9AC690677BD15DCCF','B83D6591F09F40C3A082C17DFC4D27EC','B83D6591F09F40C3A082C17DFC4D27EC','1','0','0','0',null,'0');
--Insert into CCK.IMP_LICENSES (LICENSE_ID,LICENSE_TYPE_ID,CURRENCY_UNIT_ID,LICENSE_NAME,LICENSE_PERIOD,APPLICATION_FEE,INITIAL_FEE,ANNUAL_FEE,AGT_FEE,APPLICATION_ACCOUNT,INITIAL_ACCOUNT,ANNUAL_ACCOUNT,IS_ACTIVE,IS_TERRESTRIAL,IS_VHF,IS_BROADCASTING,GRACE_PERIOD_YEARS,IS_MARITIME) values (17,16,1,'Licensing Of Broadcasting Station.(Radio)',1,0,10000,100000,0,'CE038197E70B4CD9AC690677BD15DCCF','B83D6591F09F40C3A082C17DFC4D27EC','B83D6591F09F40C3A082C17DFC4D27EC','1','0','0','1',null,'0');
--Insert into CCK.IMP_LICENSES (LICENSE_ID,LICENSE_TYPE_ID,CURRENCY_UNIT_ID,LICENSE_NAME,LICENSE_PERIOD,APPLICATION_FEE,INITIAL_FEE,ANNUAL_FEE,AGT_FEE,APPLICATION_ACCOUNT,INITIAL_ACCOUNT,ANNUAL_ACCOUNT,IS_ACTIVE,IS_TERRESTRIAL,IS_VHF,IS_BROADCASTING,GRACE_PERIOD_YEARS,IS_MARITIME) values (20,16,1,'Licensing Of Broadcasting Station.(T.V.)',1,0,10000,100000,0,'CE038197E70B4CD9AC690677BD15DCCF','B83D6591F09F40C3A082C17DFC4D27EC','B83D6591F09F40C3A082C17DFC4D27EC','1','0','0','1',null,'0');
Insert into CCK.IMP_LICENSES (LICENSE_ID,LICENSE_TYPE_ID,CURRENCY_UNIT_ID,LICENSE_NAME,LICENSE_PERIOD,APPLICATION_FEE,INITIAL_FEE,ANNUAL_FEE,AGT_FEE,APPLICATION_ACCOUNT,INITIAL_ACCOUNT,ANNUAL_ACCOUNT,IS_ACTIVE,IS_TERRESTRIAL,IS_VHF,IS_BROADCASTING,GRACE_PERIOD_YEARS,IS_MARITIME) values (66,16,1,'Land Mobile License',1,0,0,0,0,'CE038197E70B4CD9AC690677BD15DCCF','B83D6591F09F40C3A082C17DFC4D27EC','B83D6591F09F40C3A082C17DFC4D27EC','1','0','0','0',null,'0');
Insert into CCK.IMP_LICENSES (LICENSE_ID,LICENSE_TYPE_ID,CURRENCY_UNIT_ID,LICENSE_NAME,LICENSE_PERIOD,APPLICATION_FEE,INITIAL_FEE,ANNUAL_FEE,AGT_FEE,APPLICATION_ACCOUNT,INITIAL_ACCOUNT,ANNUAL_ACCOUNT,IS_ACTIVE,IS_TERRESTRIAL,IS_VHF,IS_BROADCASTING,GRACE_PERIOD_YEARS,IS_MARITIME) values (67,16,1,'Aeronautical Station License',1,0,0,0,0,'CE038197E70B4CD9AC690677BD15DCCF','B83D6591F09F40C3A082C17DFC4D27EC','B83D6591F09F40C3A082C17DFC4D27EC','1','0','0','0',null,'0');
--Insert into CCK.IMP_LICENSES (LICENSE_ID,LICENSE_TYPE_ID,CURRENCY_UNIT_ID,LICENSE_NAME,LICENSE_PERIOD,APPLICATION_FEE,INITIAL_FEE,ANNUAL_FEE,AGT_FEE,APPLICATION_ACCOUNT,INITIAL_ACCOUNT,ANNUAL_ACCOUNT,IS_ACTIVE,IS_TERRESTRIAL,IS_VHF,IS_BROADCASTING,GRACE_PERIOD_YEARS,IS_MARITIME) values (566,16,1,'Land Mobile Service',1,1000,0,0,0,'CE038197E70B4CD9AC690677BD15DCCF','B83D6591F09F40C3A082C17DFC4D27EC','B83D6591F09F40C3A082C17DFC4D27EC','1','0','0','0',null,'0');
--Insert into CCK.IMP_LICENSES (LICENSE_ID,LICENSE_TYPE_ID,CURRENCY_UNIT_ID,LICENSE_NAME,LICENSE_PERIOD,APPLICATION_FEE,INITIAL_FEE,ANNUAL_FEE,AGT_FEE,APPLICATION_ACCOUNT,INITIAL_ACCOUNT,ANNUAL_ACCOUNT,IS_ACTIVE,IS_TERRESTRIAL,IS_VHF,IS_BROADCASTING,GRACE_PERIOD_YEARS,IS_MARITIME) values (567,16,1,'Aircraft Station',1,1000,0,0,0,'CE038197E70B4CD9AC690677BD15DCCF','B83D6591F09F40C3A082C17DFC4D27EC','B83D6591F09F40C3A082C17DFC4D27EC','1','0','0','0',null,'0');
--Insert into CCK.IMP_LICENSES (LICENSE_ID,LICENSE_TYPE_ID,CURRENCY_UNIT_ID,LICENSE_NAME,LICENSE_PERIOD,APPLICATION_FEE,INITIAL_FEE,ANNUAL_FEE,AGT_FEE,APPLICATION_ACCOUNT,INITIAL_ACCOUNT,ANNUAL_ACCOUNT,IS_ACTIVE,IS_TERRESTRIAL,IS_VHF,IS_BROADCASTING,GRACE_PERIOD_YEARS,IS_MARITIME) values (515,16,1,'Maritime Station',1,1000,10000,100000,0,'CE038197E70B4CD9AC690677BD15DCCF','B83D6591F09F40C3A082C17DFC4D27EC','B83D6591F09F40C3A082C17DFC4D27EC','1','0','0','0',null,'1');
--Insert into CCK.IMP_LICENSES (LICENSE_ID,LICENSE_TYPE_ID,CURRENCY_UNIT_ID,LICENSE_NAME,LICENSE_PERIOD,APPLICATION_FEE,INITIAL_FEE,ANNUAL_FEE,AGT_FEE,APPLICATION_ACCOUNT,INITIAL_ACCOUNT,ANNUAL_ACCOUNT,IS_ACTIVE,IS_TERRESTRIAL,IS_VHF,IS_BROADCASTING,GRACE_PERIOD_YEARS,IS_MARITIME) values (514,16,1,'Aeronautical Station',1,1000,10000,100000,0,'CE038197E70B4CD9AC690677BD15DCCF','B83D6591F09F40C3A082C17DFC4D27EC','B83D6591F09F40C3A082C17DFC4D27EC','1','0','0','0',null,'0');
Insert into CCK.IMP_LICENSES (LICENSE_ID,LICENSE_TYPE_ID,CURRENCY_UNIT_ID,LICENSE_NAME,LICENSE_PERIOD,APPLICATION_FEE,INITIAL_FEE,ANNUAL_FEE,AGT_FEE,APPLICATION_ACCOUNT,INITIAL_ACCOUNT,ANNUAL_ACCOUNT,IS_ACTIVE,IS_TERRESTRIAL,IS_VHF,IS_BROADCASTING,GRACE_PERIOD_YEARS,IS_MARITIME) values (571,16,1,'Port Operations(Coast) Radio',1,1000,10000,100000,0,'CE038197E70B4CD9AC690677BD15DCCF','B83D6591F09F40C3A082C17DFC4D27EC','B83D6591F09F40C3A082C17DFC4D27EC','1','0','0','0',null,'0');
--Insert into CCK.IMP_LICENSES (LICENSE_ID,LICENSE_TYPE_ID,CURRENCY_UNIT_ID,LICENSE_NAME,LICENSE_PERIOD,APPLICATION_FEE,INITIAL_FEE,ANNUAL_FEE,AGT_FEE,APPLICATION_ACCOUNT,INITIAL_ACCOUNT,ANNUAL_ACCOUNT,IS_ACTIVE,IS_TERRESTRIAL,IS_VHF,IS_BROADCASTING,GRACE_PERIOD_YEARS,IS_MARITIME) values (512,16,1,'Citizen Band Radio',1,1000,10000,100000,0,'CE038197E70B4CD9AC690677BD15DCCF','B83D6591F09F40C3A082C17DFC4D27EC','B83D6591F09F40C3A082C17DFC4D27EC','1','0','0','0',null,'0');
--Insert into CCK.IMP_LICENSES (LICENSE_ID,LICENSE_TYPE_ID,CURRENCY_UNIT_ID,LICENSE_NAME,LICENSE_PERIOD,APPLICATION_FEE,INITIAL_FEE,ANNUAL_FEE,AGT_FEE,APPLICATION_ACCOUNT,INITIAL_ACCOUNT,ANNUAL_ACCOUNT,IS_ACTIVE,IS_TERRESTRIAL,IS_VHF,IS_BROADCASTING,GRACE_PERIOD_YEARS,IS_MARITIME) values (513,16,1,'Amateur Band Radio',1,1000,10000,100000,0,'CE038197E70B4CD9AC690677BD15DCCF','B83D6591F09F40C3A082C17DFC4D27EC','B83D6591F09F40C3A082C17DFC4D27EC','1','0','0','0',null,'0');
Insert into CCK.IMP_LICENSES (LICENSE_ID,LICENSE_TYPE_ID,CURRENCY_UNIT_ID,LICENSE_NAME,LICENSE_PERIOD,APPLICATION_FEE,INITIAL_FEE,ANNUAL_FEE,AGT_FEE,APPLICATION_ACCOUNT,INITIAL_ACCOUNT,ANNUAL_ACCOUNT,IS_ACTIVE,IS_TERRESTRIAL,IS_VHF,IS_BROADCASTING,GRACE_PERIOD_YEARS,IS_MARITIME) values (550,16,1,'Private Paging Services',1,1000,10000,100000,0,'CE038197E70B4CD9AC690677BD15DCCF','B83D6591F09F40C3A082C17DFC4D27EC','B83D6591F09F40C3A082C17DFC4D27EC','1','0','0','0',null,'0');
Insert into CCK.IMP_LICENSES (LICENSE_ID,LICENSE_TYPE_ID,CURRENCY_UNIT_ID,LICENSE_NAME,LICENSE_PERIOD,APPLICATION_FEE,INITIAL_FEE,ANNUAL_FEE,AGT_FEE,APPLICATION_ACCOUNT,INITIAL_ACCOUNT,ANNUAL_ACCOUNT,IS_ACTIVE,IS_TERRESTRIAL,IS_VHF,IS_BROADCASTING,GRACE_PERIOD_YEARS,IS_MARITIME) values (551,16,1,'Public Paging Services',1,1000,10000,100000,0,'CE038197E70B4CD9AC690677BD15DCCF','B83D6591F09F40C3A082C17DFC4D27EC','B83D6591F09F40C3A082C17DFC4D27EC','1','0','0','0',null,'0');
Insert into CCK.IMP_LICENSES (LICENSE_ID,LICENSE_TYPE_ID,CURRENCY_UNIT_ID,LICENSE_NAME,LICENSE_PERIOD,APPLICATION_FEE,INITIAL_FEE,ANNUAL_FEE,AGT_FEE,APPLICATION_ACCOUNT,INITIAL_ACCOUNT,ANNUAL_ACCOUNT,IS_ACTIVE,IS_TERRESTRIAL,IS_VHF,IS_BROADCASTING,GRACE_PERIOD_YEARS,IS_MARITIME) values (552,16,1,'Family Radio',1,0,0,0,0,'CE038197E70B4CD9AC690677BD15DCCF','B83D6591F09F40C3A082C17DFC4D27EC','B83D6591F09F40C3A082C17DFC4D27EC','1','0','0','0',null,'0');
Insert into CCK.IMP_LICENSES (LICENSE_ID,LICENSE_TYPE_ID,CURRENCY_UNIT_ID,LICENSE_NAME,LICENSE_PERIOD,APPLICATION_FEE,INITIAL_FEE,ANNUAL_FEE,AGT_FEE,APPLICATION_ACCOUNT,INITIAL_ACCOUNT,ANNUAL_ACCOUNT,IS_ACTIVE,IS_TERRESTRIAL,IS_VHF,IS_BROADCASTING,GRACE_PERIOD_YEARS,IS_MARITIME) values (553,16,1,'Broadcasting (Radio) - Commercial Free To Air',5,10000,100000,100000,0.5,'CE038197E70B4CD9AC690677BD15DCCF','B83D6591F09F40C3A082C17DFC4D27EC','B83D6591F09F40C3A082C17DFC4D27EC','1','0','0','1',1,'0');
Insert into CCK.IMP_LICENSES (LICENSE_ID,LICENSE_TYPE_ID,CURRENCY_UNIT_ID,LICENSE_NAME,LICENSE_PERIOD,APPLICATION_FEE,INITIAL_FEE,ANNUAL_FEE,AGT_FEE,APPLICATION_ACCOUNT,INITIAL_ACCOUNT,ANNUAL_ACCOUNT,IS_ACTIVE,IS_TERRESTRIAL,IS_VHF,IS_BROADCASTING,GRACE_PERIOD_YEARS,IS_MARITIME) values (554,16,1,'Broadcasting (TV) - Commercial Free To Air',7,10000,200000,100000,0.5,'CE038197E70B4CD9AC690677BD15DCCF','B83D6591F09F40C3A082C17DFC4D27EC','B83D6591F09F40C3A082C17DFC4D27EC','1','0','0','1',1,'0');
Insert into CCK.IMP_LICENSES (LICENSE_ID,LICENSE_TYPE_ID,CURRENCY_UNIT_ID,LICENSE_NAME,LICENSE_PERIOD,APPLICATION_FEE,INITIAL_FEE,ANNUAL_FEE,AGT_FEE,APPLICATION_ACCOUNT,INITIAL_ACCOUNT,ANNUAL_ACCOUNT,IS_ACTIVE,IS_TERRESTRIAL,IS_VHF,IS_BROADCASTING,GRACE_PERIOD_YEARS,IS_MARITIME) values (559,16,1,'Alarm Services',1,1000,10000,100000,0,'CE038197E70B4CD9AC690677BD15DCCF','B83D6591F09F40C3A082C17DFC4D27EC','B83D6591F09F40C3A082C17DFC4D27EC','1','0','0','0',null,'0');
Insert into CCK.IMP_LICENSES (LICENSE_ID,LICENSE_TYPE_ID,CURRENCY_UNIT_ID,LICENSE_NAME,LICENSE_PERIOD,APPLICATION_FEE,INITIAL_FEE,ANNUAL_FEE,AGT_FEE,APPLICATION_ACCOUNT,INITIAL_ACCOUNT,ANNUAL_ACCOUNT,IS_ACTIVE,IS_TERRESTRIAL,IS_VHF,IS_BROADCASTING,GRACE_PERIOD_YEARS,IS_MARITIME) values (560,16,1,'Terrestrial Point to Point Fixed Links',1,1000,10000,100000,0,'CE038197E70B4CD9AC690677BD15DCCF','B83D6591F09F40C3A082C17DFC4D27EC','B83D6591F09F40C3A082C17DFC4D27EC','1','1','0','0',null,'0');
Insert into CCK.IMP_LICENSES (LICENSE_ID,LICENSE_TYPE_ID,CURRENCY_UNIT_ID,LICENSE_NAME,LICENSE_PERIOD,APPLICATION_FEE,INITIAL_FEE,ANNUAL_FEE,AGT_FEE,APPLICATION_ACCOUNT,INITIAL_ACCOUNT,ANNUAL_ACCOUNT,IS_ACTIVE,IS_TERRESTRIAL,IS_VHF,IS_BROADCASTING,GRACE_PERIOD_YEARS,IS_MARITIME) values (561,16,1,'Cellular Network',1,1000,10000,100000,0,'CE038197E70B4CD9AC690677BD15DCCF','B83D6591F09F40C3A082C17DFC4D27EC','B83D6591F09F40C3A082C17DFC4D27EC','1','1','0','0',null,'0');
Insert into CCK.IMP_LICENSES (LICENSE_ID,LICENSE_TYPE_ID,CURRENCY_UNIT_ID,LICENSE_NAME,LICENSE_PERIOD,APPLICATION_FEE,INITIAL_FEE,ANNUAL_FEE,AGT_FEE,APPLICATION_ACCOUNT,INITIAL_ACCOUNT,ANNUAL_ACCOUNT,IS_ACTIVE,IS_TERRESTRIAL,IS_VHF,IS_BROADCASTING,GRACE_PERIOD_YEARS,IS_MARITIME) values (562,16,1,'Trunked Network (Mobile Trunked Radio)',1,1000,10000,100000,0,'CE038197E70B4CD9AC690677BD15DCCF','B83D6591F09F40C3A082C17DFC4D27EC','B83D6591F09F40C3A082C17DFC4D27EC','1','1','0','0',null,'0');
Insert into CCK.IMP_LICENSES (LICENSE_ID,LICENSE_TYPE_ID,CURRENCY_UNIT_ID,LICENSE_NAME,LICENSE_PERIOD,APPLICATION_FEE,INITIAL_FEE,ANNUAL_FEE,AGT_FEE,APPLICATION_ACCOUNT,INITIAL_ACCOUNT,ANNUAL_ACCOUNT,IS_ACTIVE,IS_TERRESTRIAL,IS_VHF,IS_BROADCASTING,GRACE_PERIOD_YEARS,IS_MARITIME) values (563,16,1,'Fixed Wireless Access Network',1,1000,10000,100000,0,'CE038197E70B4CD9AC690677BD15DCCF','B83D6591F09F40C3A082C17DFC4D27EC','B83D6591F09F40C3A082C17DFC4D27EC','1','1','0','0',null,'0');
Insert into CCK.IMP_LICENSES (LICENSE_ID,LICENSE_TYPE_ID,CURRENCY_UNIT_ID,LICENSE_NAME,LICENSE_PERIOD,APPLICATION_FEE,INITIAL_FEE,ANNUAL_FEE,AGT_FEE,APPLICATION_ACCOUNT,INITIAL_ACCOUNT,ANNUAL_ACCOUNT,IS_ACTIVE,IS_TERRESTRIAL,IS_VHF,IS_BROADCASTING,GRACE_PERIOD_YEARS,IS_MARITIME) values (572,16,1,'Terrestrial Point to Multipoint Fixed Links',1,1000,10000,100000,0,'CE038197E70B4CD9AC690677BD15DCCF','B83D6591F09F40C3A082C17DFC4D27EC','B83D6591F09F40C3A082C17DFC4D27EC','1','1','0','0',null,'0');
Insert into CCK.IMP_LICENSES (LICENSE_ID,LICENSE_TYPE_ID,CURRENCY_UNIT_ID,LICENSE_NAME,LICENSE_PERIOD,APPLICATION_FEE,INITIAL_FEE,ANNUAL_FEE,AGT_FEE,APPLICATION_ACCOUNT,INITIAL_ACCOUNT,ANNUAL_ACCOUNT,IS_ACTIVE,IS_TERRESTRIAL,IS_VHF,IS_BROADCASTING,GRACE_PERIOD_YEARS,IS_MARITIME) values (740,16,1,'PayTV',1,1000,0,0,0,null,null,null,'0','0','0','0',null,'0');
Insert into CCK.IMP_LICENSES (LICENSE_ID,LICENSE_TYPE_ID,CURRENCY_UNIT_ID,LICENSE_NAME,LICENSE_PERIOD,APPLICATION_FEE,INITIAL_FEE,ANNUAL_FEE,AGT_FEE,APPLICATION_ACCOUNT,INITIAL_ACCOUNT,ANNUAL_ACCOUNT,IS_ACTIVE,IS_TERRESTRIAL,IS_VHF,IS_BROADCASTING,GRACE_PERIOD_YEARS,IS_MARITIME) values (720,16,1,'Single Channel Radio',1,0,0,0,0,'CE038197E70B4CD9AC690677BD15DCCF','B83D6591F09F40C3A082C17DFC4D27EC','B83D6591F09F40C3A082C17DFC4D27EC','1','1','0','0',null,'0');

--COPY FROM IMPORT TABLE TO LICENSES TABLE
INSERT INTO CCK.LICENSE (DEPARTMENT_ID,LICENSE_TYPE_ID,CURRENCY_UNIT_ID,LICENSE_NAME,LICENSE_PERIOD,APPLICATION_FEE,INITIAL_FEE,ANNUAL_FEE,AGT_FEE,APPLICATION_ACCOUNT,INITIAL_ACCOUNT,ANNUAL_ACCOUNT,IS_ACTIVE,GRACE_PERIOD_YEARS)
      SELECT 1, 
	    DECODE(IS_VHF,'1',1,DECODE(IS_TERRESTRIAL,'1',2,DECODE(IS_BROADCASTING,'1',3,DECODE(IS_MARITIME,'1',4,NULL)))),
	    1,
	    LICENSE_NAME,LICENSE_PERIOD,APPLICATION_FEE,INITIAL_FEE,ANNUAL_FEE,AGT_FEE,APPLICATION_ACCOUNT,INITIAL_ACCOUNT,ANNUAL_ACCOUNT,IS_ACTIVE,
	    GRACE_PERIOD_YEARS
      FROM CCK.IMP_LICENSES;
COMMIT;


INSERT INTO CCK.LICENSE(DEPARTMENT_ID,LICENSE_ID, LICENSE_NAME) VALUES(1,0,'==SELECT==');COMMIT;



--TOFA STUFF
--BAND DEFINITIONS
--------------------------------------------------------
--  File created - Friday-March-23-2012   
--------------------------------------------------------
REM INSERTING into CCK.BAND_DEFINITION
SET DEFINE OFF;
Insert into CCK.BAND_DEFINITION (BAND_DEFINITION_ID,BAND_DEFINITION,LOWER_LIMIT,UPPER_LIMIT,UNITS_OF_MEASURE) values (1,'VLF (Very Low Frequency)',3,30,'Khz');
Insert into CCK.BAND_DEFINITION (BAND_DEFINITION_ID,BAND_DEFINITION,LOWER_LIMIT,UPPER_LIMIT,UNITS_OF_MEASURE) values (2,'LF (Low Frequency)',30,300,'Khz');
Insert into CCK.BAND_DEFINITION (BAND_DEFINITION_ID,BAND_DEFINITION,LOWER_LIMIT,UPPER_LIMIT,UNITS_OF_MEASURE) values (3,'MF (Medium Frequency)',300,3000,'Khz');
Insert into CCK.BAND_DEFINITION (BAND_DEFINITION_ID,BAND_DEFINITION,LOWER_LIMIT,UPPER_LIMIT,UNITS_OF_MEASURE) values (4,'HF (High Frequency)',3,30,'Mhz');
Insert into CCK.BAND_DEFINITION (BAND_DEFINITION_ID,BAND_DEFINITION,LOWER_LIMIT,UPPER_LIMIT,UNITS_OF_MEASURE) values (5,'VHF (Very High Frequency)',30,300,'Mhz');
Insert into CCK.BAND_DEFINITION (BAND_DEFINITION_ID,BAND_DEFINITION,LOWER_LIMIT,UPPER_LIMIT,UNITS_OF_MEASURE) values (6,'UHF (Ultra High Frequency)',300,3000,'Mhz');
Insert into CCK.BAND_DEFINITION (BAND_DEFINITION_ID,BAND_DEFINITION,LOWER_LIMIT,UPPER_LIMIT,UNITS_OF_MEASURE) values (7,'SHF (Super High Frequency)',3,30,'Ghz');
Insert into CCK.BAND_DEFINITION (BAND_DEFINITION_ID,BAND_DEFINITION,LOWER_LIMIT,UPPER_LIMIT,UNITS_OF_MEASURE) values (8,'EHF (Extra High Frequency)',30,300,'Ghz');
Insert into CCK.BAND_DEFINITION (BAND_DEFINITION_ID,BAND_DEFINITION,LOWER_LIMIT,UPPER_LIMIT,UNITS_OF_MEASURE) values (9,'Undefined',300,3000,'Ghz');
commit;


--FREQUENCY BAND
--------------------------------------------------------
--  File created - Monday-March-26-2012   
--------------------------------------------------------
REM INSERTING into CCK.FREQUENCY_BAND
SET DEFINE OFF;
Insert into CCK.FREQUENCY_BAND (FREQUENCY_BAND_ID,BAND_DEFINITION_ID,FREQUENCY_BAND_NAME,UNITS_OF_MEASURE,LOWER_LIMIT,UPPER_LIMIT,SERVICE_ALLOCATION,REMARKS) values (124,3,'2650 - 2850 ','KHz',2650,2850,'MOBILE (except aeronautical mobile)   
  K22, K23','Mobile');
Insert into CCK.FREQUENCY_BAND (FREQUENCY_BAND_ID,BAND_DEFINITION_ID,FREQUENCY_BAND_NAME,UNITS_OF_MEASURE,LOWER_LIMIT,UPPER_LIMIT,SERVICE_ALLOCATION,REMARKS) values (125,3,'2850 -  3025 ','KHz',2850,3025,'AERONAUTICAL MOBILE (R)   
  K27, K31','Aeronautical mobile');
Insert into CCK.FREQUENCY_BAND (FREQUENCY_BAND_ID,BAND_DEFINITION_ID,FREQUENCY_BAND_NAME,UNITS_OF_MEASURE,LOWER_LIMIT,UPPER_LIMIT,SERVICE_ALLOCATION,REMARKS) values (126,4,'3025 -  3155 ','KHz',3025,3155,'AERONAUTICAL MOBILE (OR) ','Allotment plan in Appendix 26 of RRs');
Insert into CCK.FREQUENCY_BAND (FREQUENCY_BAND_ID,BAND_DEFINITION_ID,FREQUENCY_BAND_NAME,UNITS_OF_MEASURE,LOWER_LIMIT,UPPER_LIMIT,SERVICE_ALLOCATION,REMARKS) values (127,4,'3155 - 3200   ','KHz',3155,3200,'FIXED   
  K32','Low power hearing aids');
Insert into CCK.FREQUENCY_BAND (FREQUENCY_BAND_ID,BAND_DEFINITION_ID,FREQUENCY_BAND_NAME,UNITS_OF_MEASURE,LOWER_LIMIT,UPPER_LIMIT,SERVICE_ALLOCATION,REMARKS) values (128,4,'3155 - 3200   ','KHz',3155,3200,'MOBILE (except aeronautical mobile (R))   
K32','Mobile');
Insert into CCK.FREQUENCY_BAND (FREQUENCY_BAND_ID,BAND_DEFINITION_ID,FREQUENCY_BAND_NAME,UNITS_OF_MEASURE,LOWER_LIMIT,UPPER_LIMIT,SERVICE_ALLOCATION,REMARKS) values (129,4,'3400 -  3500    ','KHz',3400,3500,'AERONAUTICAL MOBILE (R) ','Aeronautical mobile');
Insert into CCK.FREQUENCY_BAND (FREQUENCY_BAND_ID,BAND_DEFINITION_ID,FREQUENCY_BAND_NAME,UNITS_OF_MEASURE,LOWER_LIMIT,UPPER_LIMIT,SERVICE_ALLOCATION,REMARKS) values (130,4,'3500 - 3800','KHz',3500,3800,'AMATEUR   
 ','Amateur (80 meter band) ');
Insert into CCK.FREQUENCY_BAND (FREQUENCY_BAND_ID,BAND_DEFINITION_ID,FREQUENCY_BAND_NAME,UNITS_OF_MEASURE,LOWER_LIMIT,UPPER_LIMIT,SERVICE_ALLOCATION,REMARKS) values (131,4,'3500 - 3800','KHz',3500,3800,'FIXED ','Fixed');
Insert into CCK.FREQUENCY_BAND (FREQUENCY_BAND_ID,BAND_DEFINITION_ID,FREQUENCY_BAND_NAME,UNITS_OF_MEASURE,LOWER_LIMIT,UPPER_LIMIT,SERVICE_ALLOCATION,REMARKS) values (132,4,'3500 - 3800','KHz',3500,3800,'MOBILE ','Mobile');
Insert into CCK.FREQUENCY_BAND (FREQUENCY_BAND_ID,BAND_DEFINITION_ID,FREQUENCY_BAND_NAME,UNITS_OF_MEASURE,LOWER_LIMIT,UPPER_LIMIT,SERVICE_ALLOCATION,REMARKS) values (133,4,'3800 - 3900      ','KHz',3800,3900,'FIXED ','Fixed');
Insert into CCK.FREQUENCY_BAND (FREQUENCY_BAND_ID,BAND_DEFINITION_ID,FREQUENCY_BAND_NAME,UNITS_OF_MEASURE,LOWER_LIMIT,UPPER_LIMIT,SERVICE_ALLOCATION,REMARKS) values (134,4,'3800 - 3900      ','KHz',3800,3900,'AERONAUTICAL MOBILE (OR)','Aeronautical Mobile-off route');
Insert into CCK.FREQUENCY_BAND (FREQUENCY_BAND_ID,BAND_DEFINITION_ID,FREQUENCY_BAND_NAME,UNITS_OF_MEASURE,LOWER_LIMIT,UPPER_LIMIT,SERVICE_ALLOCATION,REMARKS) values (135,4,'3800 - 3900      ','KHz',3800,3900,'LAND MOBILE ','Land Mobile');
Insert into CCK.FREQUENCY_BAND (FREQUENCY_BAND_ID,BAND_DEFINITION_ID,FREQUENCY_BAND_NAME,UNITS_OF_MEASURE,LOWER_LIMIT,UPPER_LIMIT,SERVICE_ALLOCATION,REMARKS) values (136,4,'4000 - 4063','KHz',4000,4063,'FIXED ','Fixed');
Insert into CCK.FREQUENCY_BAND (FREQUENCY_BAND_ID,BAND_DEFINITION_ID,FREQUENCY_BAND_NAME,UNITS_OF_MEASURE,LOWER_LIMIT,UPPER_LIMIT,SERVICE_ALLOCATION,REMARKS) values (137,4,'4000 - 4063','KHz',4000,4063,'MARITIME MOBILE   
  K33','Maritime mobile');
Insert into CCK.FREQUENCY_BAND (FREQUENCY_BAND_ID,BAND_DEFINITION_ID,FREQUENCY_BAND_NAME,UNITS_OF_MEASURE,LOWER_LIMIT,UPPER_LIMIT,SERVICE_ALLOCATION,REMARKS) values (138,4,'4438 - 4650','KHz',4438,4650,'FIXED ','Fixed ');
Insert into CCK.FREQUENCY_BAND (FREQUENCY_BAND_ID,BAND_DEFINITION_ID,FREQUENCY_BAND_NAME,UNITS_OF_MEASURE,LOWER_LIMIT,UPPER_LIMIT,SERVICE_ALLOCATION,REMARKS) values (139,4,'5060 - 5450','KHz',5060,5450,'FIXED','Fixed');
Insert into CCK.FREQUENCY_BAND (FREQUENCY_BAND_ID,BAND_DEFINITION_ID,FREQUENCY_BAND_NAME,UNITS_OF_MEASURE,LOWER_LIMIT,UPPER_LIMIT,SERVICE_ALLOCATION,REMARKS) values (140,4,'4438 - 4650','KHz',4438,4650,'MOBILE except aeronautical mobile (R)','Mobile');
Insert into CCK.FREQUENCY_BAND (FREQUENCY_BAND_ID,BAND_DEFINITION_ID,FREQUENCY_BAND_NAME,UNITS_OF_MEASURE,LOWER_LIMIT,UPPER_LIMIT,SERVICE_ALLOCATION,REMARKS) values (141,4,'4650 -  4700','KHz',4650,4700,'AERONAUTICAL MOBILE (R) ','Aeronautical mobile');
Insert into CCK.FREQUENCY_BAND (FREQUENCY_BAND_ID,BAND_DEFINITION_ID,FREQUENCY_BAND_NAME,UNITS_OF_MEASURE,LOWER_LIMIT,UPPER_LIMIT,SERVICE_ALLOCATION,REMARKS) values (142,4,'4700 -  4750','KHz',4700,4750,'AERONAUTICAL MOBILE (OR) ','Aeronautical mobile');
Insert into CCK.FREQUENCY_BAND (FREQUENCY_BAND_ID,BAND_DEFINITION_ID,FREQUENCY_BAND_NAME,UNITS_OF_MEASURE,LOWER_LIMIT,UPPER_LIMIT,SERVICE_ALLOCATION,REMARKS) values (143,4,'4750 -  4995','KHz',4750,4995,'BROADCASTING   
FIXED  
LAND MOBILE  
  K29','Sound broadcasting in tropical zone');
Insert into CCK.FREQUENCY_BAND (FREQUENCY_BAND_ID,BAND_DEFINITION_ID,FREQUENCY_BAND_NAME,UNITS_OF_MEASURE,LOWER_LIMIT,UPPER_LIMIT,SERVICE_ALLOCATION,REMARKS) values (144,4,'4995 -  5005','KHz',4995,5005,'STANDARD FREQUENCY & TIME SIGNAL (5000 KHz)   
K26','Standard frequency and time signal');
Insert into CCK.FREQUENCY_BAND (FREQUENCY_BAND_ID,BAND_DEFINITION_ID,FREQUENCY_BAND_NAME,UNITS_OF_MEASURE,LOWER_LIMIT,UPPER_LIMIT,SERVICE_ALLOCATION,REMARKS) values (145,4,'5005 -  5060','KHz',5005,5060,'BROADCASTING   
FIXED  
  K29','Sound broadcasting in tropical zone');
Insert into CCK.FREQUENCY_BAND (FREQUENCY_BAND_ID,BAND_DEFINITION_ID,FREQUENCY_BAND_NAME,UNITS_OF_MEASURE,LOWER_LIMIT,UPPER_LIMIT,SERVICE_ALLOCATION,REMARKS) values (146,4,'5060 - 5450','KHz',5060,5450,'MOBILE ','Mobile');
Insert into CCK.FREQUENCY_BAND (FREQUENCY_BAND_ID,BAND_DEFINITION_ID,FREQUENCY_BAND_NAME,UNITS_OF_MEASURE,LOWER_LIMIT,UPPER_LIMIT,SERVICE_ALLOCATION,REMARKS) values (147,4,'5450 - 5480','KHz',5450,5480,'FIXED ','Fixed');
Insert into CCK.FREQUENCY_BAND (FREQUENCY_BAND_ID,BAND_DEFINITION_ID,FREQUENCY_BAND_NAME,UNITS_OF_MEASURE,LOWER_LIMIT,UPPER_LIMIT,SERVICE_ALLOCATION,REMARKS) values (148,4,'5450 - 5480','KHz',5450,5480,'AERONAUTICAL MOBILE (OR) ','Aeronautical Mobile-off route');
Insert into CCK.FREQUENCY_BAND (FREQUENCY_BAND_ID,BAND_DEFINITION_ID,FREQUENCY_BAND_NAME,UNITS_OF_MEASURE,LOWER_LIMIT,UPPER_LIMIT,SERVICE_ALLOCATION,REMARKS) values (149,4,'5450 - 5480','KHz',5450,5480,'LAND MOBILE ','Land Mobile');
Insert into CCK.FREQUENCY_BAND (FREQUENCY_BAND_ID,BAND_DEFINITION_ID,FREQUENCY_BAND_NAME,UNITS_OF_MEASURE,LOWER_LIMIT,UPPER_LIMIT,SERVICE_ALLOCATION,REMARKS) values (150,4,'5680 -  5730','KHz',5680,5730,'AERONAUTICAL MOBILE (OR)   
  K27, K31','Aeronautical mobile');
Insert into CCK.FREQUENCY_BAND (FREQUENCY_BAND_ID,BAND_DEFINITION_ID,FREQUENCY_BAND_NAME,UNITS_OF_MEASURE,LOWER_LIMIT,UPPER_LIMIT,SERVICE_ALLOCATION,REMARKS) values (151,4,'5730 - 5900 ','KHz',5730,5900,'FIXED ','Fixed');
Insert into CCK.FREQUENCY_BAND (FREQUENCY_BAND_ID,BAND_DEFINITION_ID,FREQUENCY_BAND_NAME,UNITS_OF_MEASURE,LOWER_LIMIT,UPPER_LIMIT,SERVICE_ALLOCATION,REMARKS) values (152,4,'6200 -  6525','KHz',6200,6525,'MARITIME MOBILE    
  K24, K28, K34, K36, K39','Maritime mobile');
Insert into CCK.FREQUENCY_BAND (FREQUENCY_BAND_ID,BAND_DEFINITION_ID,FREQUENCY_BAND_NAME,UNITS_OF_MEASURE,LOWER_LIMIT,UPPER_LIMIT,SERVICE_ALLOCATION,REMARKS) values (153,4,'6525 - 6685','KHz',6525,6685,'AERONAUTICAL MOBILE(R)','Aeronautical mobile');
Insert into CCK.FREQUENCY_BAND (FREQUENCY_BAND_ID,BAND_DEFINITION_ID,FREQUENCY_BAND_NAME,UNITS_OF_MEASURE,LOWER_LIMIT,UPPER_LIMIT,SERVICE_ALLOCATION,REMARKS) values (154,4,'6685 -  6765','KHz',6685,6765,'AERONAUTICAL MOBILE (OR)','Aeronautical mobile');
Insert into CCK.FREQUENCY_BAND (FREQUENCY_BAND_ID,BAND_DEFINITION_ID,FREQUENCY_BAND_NAME,UNITS_OF_MEASURE,LOWER_LIMIT,UPPER_LIMIT,SERVICE_ALLOCATION,REMARKS) values (155,4,'6765 -  7000','KHz',6765,7000,'FIXED   
  K40 K41','Fixed   
ISM');
Insert into CCK.FREQUENCY_BAND (FREQUENCY_BAND_ID,BAND_DEFINITION_ID,FREQUENCY_BAND_NAME,UNITS_OF_MEASURE,LOWER_LIMIT,UPPER_LIMIT,SERVICE_ALLOCATION,REMARKS) values (156,4,'7000 - 7100','KHz',7000,7100,'AMATEUR   
  K42','   
Amateur (40 meter band)');
Insert into CCK.FREQUENCY_BAND (FREQUENCY_BAND_ID,BAND_DEFINITION_ID,FREQUENCY_BAND_NAME,UNITS_OF_MEASURE,LOWER_LIMIT,UPPER_LIMIT,SERVICE_ALLOCATION,REMARKS) values (157,4,'7100 - 7200 ','KHz',7100,7200,'BROADCASTING   
  K43','Short wave sound broadcasting');
Insert into CCK.FREQUENCY_BAND (FREQUENCY_BAND_ID,BAND_DEFINITION_ID,FREQUENCY_BAND_NAME,UNITS_OF_MEASURE,LOWER_LIMIT,UPPER_LIMIT,SERVICE_ALLOCATION,REMARKS) values (158,4,'7100 - 7200 ','KHz',7100,7200,'Amateur   
K44','Amateur ');
Insert into CCK.FREQUENCY_BAND (FREQUENCY_BAND_ID,BAND_DEFINITION_ID,FREQUENCY_BAND_NAME,UNITS_OF_MEASURE,LOWER_LIMIT,UPPER_LIMIT,SERVICE_ALLOCATION,REMARKS) values (159,4,'7200-7450','KHz',7200,7450,'BROADCASTING    
K30 K37 K46','Short wave sound broadcasting');
Insert into CCK.FREQUENCY_BAND (FREQUENCY_BAND_ID,BAND_DEFINITION_ID,FREQUENCY_BAND_NAME,UNITS_OF_MEASURE,LOWER_LIMIT,UPPER_LIMIT,SERVICE_ALLOCATION,REMARKS) values (160,4,'7200-7450','KHz',7200,7450,'FIXED    
K45 K46','Fixed');
Insert into CCK.FREQUENCY_BAND (FREQUENCY_BAND_ID,BAND_DEFINITION_ID,FREQUENCY_BAND_NAME,UNITS_OF_MEASURE,LOWER_LIMIT,UPPER_LIMIT,SERVICE_ALLOCATION,REMARKS) values (161,4,'7200-7450','KHz',7200,7450,'Land Mobile','Land mobile ');
Insert into CCK.FREQUENCY_BAND (FREQUENCY_BAND_ID,BAND_DEFINITION_ID,FREQUENCY_BAND_NAME,UNITS_OF_MEASURE,LOWER_LIMIT,UPPER_LIMIT,SERVICE_ALLOCATION,REMARKS) values (162,4,'7450 - 8100','KHz',7450,8100,'FIXED   
 K47','Fixed ');
Insert into CCK.FREQUENCY_BAND (FREQUENCY_BAND_ID,BAND_DEFINITION_ID,FREQUENCY_BAND_NAME,UNITS_OF_MEASURE,LOWER_LIMIT,UPPER_LIMIT,SERVICE_ALLOCATION,REMARKS) values (163,4,'7450 - 8100','KHz',7450,8100,'Land Mobile   
K47','Land Mobile');
Insert into CCK.FREQUENCY_BAND (FREQUENCY_BAND_ID,BAND_DEFINITION_ID,FREQUENCY_BAND_NAME,UNITS_OF_MEASURE,LOWER_LIMIT,UPPER_LIMIT,SERVICE_ALLOCATION,REMARKS) values (164,4,'8 100 - 8195','KHz',8100,8195,'FIXED ','Fixed ');
Insert into CCK.FREQUENCY_BAND (FREQUENCY_BAND_ID,BAND_DEFINITION_ID,FREQUENCY_BAND_NAME,UNITS_OF_MEASURE,LOWER_LIMIT,UPPER_LIMIT,SERVICE_ALLOCATION,REMARKS) values (165,4,'8 100 - 8195','KHz',8100,8195,'MARITIME MOBILE ','Maritime mobile');
Insert into CCK.FREQUENCY_BAND (FREQUENCY_BAND_ID,BAND_DEFINITION_ID,FREQUENCY_BAND_NAME,UNITS_OF_MEASURE,LOWER_LIMIT,UPPER_LIMIT,SERVICE_ALLOCATION,REMARKS) values (166,4,'8 195 -  8 815','KHz',8195,8815,'MARITIME MOBILE   
  K24, K27, K28, K36, K48','Maritime mobile');
Insert into CCK.FREQUENCY_BAND (FREQUENCY_BAND_ID,BAND_DEFINITION_ID,FREQUENCY_BAND_NAME,UNITS_OF_MEASURE,LOWER_LIMIT,UPPER_LIMIT,SERVICE_ALLOCATION,REMARKS) values (167,4,'8 815 -  8965','KHz',8815,8965,'AERONAUTICAL MOBILE ( R ) ','Aeronautical mobile');
Insert into CCK.FREQUENCY_BAND (FREQUENCY_BAND_ID,BAND_DEFINITION_ID,FREQUENCY_BAND_NAME,UNITS_OF_MEASURE,LOWER_LIMIT,UPPER_LIMIT,SERVICE_ALLOCATION,REMARKS) values (168,4,'8965 -  9 040','KHz',8965,9040,'AERONAUTICAL MOBILE (OR) ','Aeronautical mobile');
Insert into CCK.FREQUENCY_BAND (FREQUENCY_BAND_ID,BAND_DEFINITION_ID,FREQUENCY_BAND_NAME,UNITS_OF_MEASURE,LOWER_LIMIT,UPPER_LIMIT,SERVICE_ALLOCATION,REMARKS) values (169,4,'9 040 -  9 400','KHz',9040,9400,'FIXED ','Fixed ');
Insert into CCK.FREQUENCY_BAND (FREQUENCY_BAND_ID,BAND_DEFINITION_ID,FREQUENCY_BAND_NAME,UNITS_OF_MEASURE,LOWER_LIMIT,UPPER_LIMIT,SERVICE_ALLOCATION,REMARKS) values (170,4,'9 400 -  9 900','KHz',9400,9900,'BROADCASTING   
  K37,K49, K50, K30','Short wave sound broadcasting');
Insert into CCK.FREQUENCY_BAND (FREQUENCY_BAND_ID,BAND_DEFINITION_ID,FREQUENCY_BAND_NAME,UNITS_OF_MEASURE,LOWER_LIMIT,UPPER_LIMIT,SERVICE_ALLOCATION,REMARKS) values (171,4,'9 995 -  10 005','KHz',9995,10005,'STANDARD FREQUENCY & TIME SIGNALS (10 000 KHz)   
  K27','Standard frequency and time signal reception');
Insert into CCK.FREQUENCY_BAND (FREQUENCY_BAND_ID,BAND_DEFINITION_ID,FREQUENCY_BAND_NAME,UNITS_OF_MEASURE,LOWER_LIMIT,UPPER_LIMIT,SERVICE_ALLOCATION,REMARKS) values (173,4,'10 100 - 10 150','KHz',10100,10150,'Amateur   
 ','Amateur (30 meter band)   
User licence required');
Insert into CCK.FREQUENCY_BAND (FREQUENCY_BAND_ID,BAND_DEFINITION_ID,FREQUENCY_BAND_NAME,UNITS_OF_MEASURE,LOWER_LIMIT,UPPER_LIMIT,SERVICE_ALLOCATION,REMARKS) values (174,4,'11 175 -  11 275','KHz',11175,11275,'AERONAUTICAL MOBILE (OR) ','Aeronautical mobile');
Insert into CCK.FREQUENCY_BAND (FREQUENCY_BAND_ID,BAND_DEFINITION_ID,FREQUENCY_BAND_NAME,UNITS_OF_MEASURE,LOWER_LIMIT,UPPER_LIMIT,SERVICE_ALLOCATION,REMARKS) values (175,4,'11 275 - 11 400','KHz',11275,11400,'AERONAUTICAL MOBILE-(R)','Aeronautical mobile');
Insert into CCK.FREQUENCY_BAND (FREQUENCY_BAND_ID,BAND_DEFINITION_ID,FREQUENCY_BAND_NAME,UNITS_OF_MEASURE,LOWER_LIMIT,UPPER_LIMIT,SERVICE_ALLOCATION,REMARKS) values (176,4,'11 400 - 11 600','KHz',11400,11600,'FIXED ','Fixed ');
Insert into CCK.FREQUENCY_BAND (FREQUENCY_BAND_ID,BAND_DEFINITION_ID,FREQUENCY_BAND_NAME,UNITS_OF_MEASURE,LOWER_LIMIT,UPPER_LIMIT,SERVICE_ALLOCATION,REMARKS) values (177,4,'11 600 - 12 100','KHz',11600,12100,'BROADCASTING    
  K37, K49, K50, K30','Short wave sound broadcasting');
Insert into CCK.FREQUENCY_BAND (FREQUENCY_BAND_ID,BAND_DEFINITION_ID,FREQUENCY_BAND_NAME,UNITS_OF_MEASURE,LOWER_LIMIT,UPPER_LIMIT,SERVICE_ALLOCATION,REMARKS) values (178,4,'12 100 - 12 230','KHz',12100,12230,'FIXED ','Fixed ');
Insert into CCK.FREQUENCY_BAND (FREQUENCY_BAND_ID,BAND_DEFINITION_ID,FREQUENCY_BAND_NAME,UNITS_OF_MEASURE,LOWER_LIMIT,UPPER_LIMIT,SERVICE_ALLOCATION,REMARKS) values (179,4,'12 230 - 13 200','KHz',12230,13200,'MARITIME MOBILE    
  K24, K28, K36, K48','Maritime mobile');
Insert into CCK.FREQUENCY_BAND (FREQUENCY_BAND_ID,BAND_DEFINITION_ID,FREQUENCY_BAND_NAME,UNITS_OF_MEASURE,LOWER_LIMIT,UPPER_LIMIT,SERVICE_ALLOCATION,REMARKS) values (180,4,'13 200 - 13 260 ','KHz',13200,13260,'AERONATICAL    
MOBILE-(OR)','Aeronautical mobile');
Insert into CCK.FREQUENCY_BAND (FREQUENCY_BAND_ID,BAND_DEFINITION_ID,FREQUENCY_BAND_NAME,UNITS_OF_MEASURE,LOWER_LIMIT,UPPER_LIMIT,SERVICE_ALLOCATION,REMARKS) values (181,4,'13 260 - 13 360   ','KHz',13260,13360,'AERONAUTICAL MOBILE(R) ','Aeronautical mobile');
Insert into CCK.FREQUENCY_BAND (FREQUENCY_BAND_ID,BAND_DEFINITION_ID,FREQUENCY_BAND_NAME,UNITS_OF_MEASURE,LOWER_LIMIT,UPPER_LIMIT,SERVICE_ALLOCATION,REMARKS) values (182,4,'13 570 - 13 870   ','KHz',13570,13870,'BROADCASTING    
  K37, K55, K30','Short wave sound broadcasting');
Insert into CCK.FREQUENCY_BAND (FREQUENCY_BAND_ID,BAND_DEFINITION_ID,FREQUENCY_BAND_NAME,UNITS_OF_MEASURE,LOWER_LIMIT,UPPER_LIMIT,SERVICE_ALLOCATION,REMARKS) values (183,4,'13 870 - 14 000   ','KHz',13870,14000,'FIXED ','Fixed');
Insert into CCK.FREQUENCY_BAND (FREQUENCY_BAND_ID,BAND_DEFINITION_ID,FREQUENCY_BAND_NAME,UNITS_OF_MEASURE,LOWER_LIMIT,UPPER_LIMIT,SERVICE_ALLOCATION,REMARKS) values (184,4,'14 000 - 14 350   ','KHz',14000,14350,'AMATEUR SATELLITE ','Amateur satellite');
Insert into CCK.FREQUENCY_BAND (FREQUENCY_BAND_ID,BAND_DEFINITION_ID,FREQUENCY_BAND_NAME,UNITS_OF_MEASURE,LOWER_LIMIT,UPPER_LIMIT,SERVICE_ALLOCATION,REMARKS) values (185,4,'14 350 - 14 990   ','KHz',14350,14990,'FIXED ','Fixed ');
Insert into CCK.FREQUENCY_BAND (FREQUENCY_BAND_ID,BAND_DEFINITION_ID,FREQUENCY_BAND_NAME,UNITS_OF_MEASURE,LOWER_LIMIT,UPPER_LIMIT,SERVICE_ALLOCATION,REMARKS) values (186,4,'14 990 - 15 010   ','KHz',14990,15010,'STANDARD FREQUENCY & TIME SIGNALS    
K26  K27','Standard frequency and time signal reception (15000 KHz)');
Insert into CCK.FREQUENCY_BAND (FREQUENCY_BAND_ID,BAND_DEFINITION_ID,FREQUENCY_BAND_NAME,UNITS_OF_MEASURE,LOWER_LIMIT,UPPER_LIMIT,SERVICE_ALLOCATION,REMARKS) values (187,4,'15 010 - 15 100   ','KHz',15010,15100,'AERONAUTICAL MOBILE (OR)','Aeronautical mobile-off route');
Insert into CCK.FREQUENCY_BAND (FREQUENCY_BAND_ID,BAND_DEFINITION_ID,FREQUENCY_BAND_NAME,UNITS_OF_MEASURE,LOWER_LIMIT,UPPER_LIMIT,SERVICE_ALLOCATION,REMARKS) values (188,4,'15 800 - 16 360  ','KHz',15800,16360,'FIXED ','Fixed ');
Insert into CCK.FREQUENCY_BAND (FREQUENCY_BAND_ID,BAND_DEFINITION_ID,FREQUENCY_BAND_NAME,UNITS_OF_MEASURE,LOWER_LIMIT,UPPER_LIMIT,SERVICE_ALLOCATION,REMARKS) values (189,4,'16 360 - 17 410  ','KHz',16360,17410,'MARITIME MOBILE    
  K24 K28 K36 K48','Maritime mobile');
Insert into CCK.FREQUENCY_BAND (FREQUENCY_BAND_ID,BAND_DEFINITION_ID,FREQUENCY_BAND_NAME,UNITS_OF_MEASURE,LOWER_LIMIT,UPPER_LIMIT,SERVICE_ALLOCATION,REMARKS) values (190,4,'17 480 -  17 900  ','KHz',17480,17900,'BROADCASTING    
  K37 ,K49  K30','Short wave sound broadcasting');
Insert into CCK.FREQUENCY_BAND (FREQUENCY_BAND_ID,BAND_DEFINITION_ID,FREQUENCY_BAND_NAME,UNITS_OF_MEASURE,LOWER_LIMIT,UPPER_LIMIT,SERVICE_ALLOCATION,REMARKS) values (191,4,'17 900 -  17970  ','KHz',17900,17970,'AERONAUTICAL    
MOBILE ( R ) ','Aeronautical mobile-route');
Insert into CCK.FREQUENCY_BAND (FREQUENCY_BAND_ID,BAND_DEFINITION_ID,FREQUENCY_BAND_NAME,UNITS_OF_MEASURE,LOWER_LIMIT,UPPER_LIMIT,SERVICE_ALLOCATION,REMARKS) values (192,4,'17 970 - 18 030  ','KHz',17970,18030,'AERONAUTICAL    
 MOBILE (OR)  ','Aeronautical mobile-off route');
Insert into CCK.FREQUENCY_BAND (FREQUENCY_BAND_ID,BAND_DEFINITION_ID,FREQUENCY_BAND_NAME,UNITS_OF_MEASURE,LOWER_LIMIT,UPPER_LIMIT,SERVICE_ALLOCATION,REMARKS) values (193,4,'18 030 -  18 068   ','KHz',18030,18068,'FIXED     ','Fixed');
Insert into CCK.FREQUENCY_BAND (FREQUENCY_BAND_ID,BAND_DEFINITION_ID,FREQUENCY_BAND_NAME,UNITS_OF_MEASURE,LOWER_LIMIT,UPPER_LIMIT,SERVICE_ALLOCATION,REMARKS) values (194,4,'18 068 -  18 168 ','KHz',18068,18168,'AMATEUR ','Amateur (17 meter band)   
User licence required');
Insert into CCK.FREQUENCY_BAND (FREQUENCY_BAND_ID,BAND_DEFINITION_ID,FREQUENCY_BAND_NAME,UNITS_OF_MEASURE,LOWER_LIMIT,UPPER_LIMIT,SERVICE_ALLOCATION,REMARKS) values (195,4,'18 168 -  18 780 ','KHz',18168,18780,'FIXED ','Fixed');
Insert into CCK.FREQUENCY_BAND (FREQUENCY_BAND_ID,BAND_DEFINITION_ID,FREQUENCY_BAND_NAME,UNITS_OF_MEASURE,LOWER_LIMIT,UPPER_LIMIT,SERVICE_ALLOCATION,REMARKS) values (196,4,'18 780 -  18 900  ','KHz',18780,18900,'MARITIME MOBILE ','Maritime mobile');
Insert into CCK.FREQUENCY_BAND (FREQUENCY_BAND_ID,BAND_DEFINITION_ID,FREQUENCY_BAND_NAME,UNITS_OF_MEASURE,LOWER_LIMIT,UPPER_LIMIT,SERVICE_ALLOCATION,REMARKS) values (197,4,'18 900 - 19 020','KHz',18900,19020,'BROADCASTING     
  K37 K49 K30','Short wave sound broadcasting');
Insert into CCK.FREQUENCY_BAND (FREQUENCY_BAND_ID,BAND_DEFINITION_ID,FREQUENCY_BAND_NAME,UNITS_OF_MEASURE,LOWER_LIMIT,UPPER_LIMIT,SERVICE_ALLOCATION,REMARKS) values (198,4,'19 680 - 19 800','KHz',19680,19800,'MARITIME MOBILE    
K36','Maritime mobile');
Insert into CCK.FREQUENCY_BAND (FREQUENCY_BAND_ID,BAND_DEFINITION_ID,FREQUENCY_BAND_NAME,UNITS_OF_MEASURE,LOWER_LIMIT,UPPER_LIMIT,SERVICE_ALLOCATION,REMARKS) values (199,4,'19 990 - 20 010','KHz',19990,20010,'STANDARD TIME & FREQUENCY SIGNAL    
  K26  K27','Standard frequency and time signal reception (20000 KHz)');
Insert into CCK.FREQUENCY_BAND (FREQUENCY_BAND_ID,BAND_DEFINITION_ID,FREQUENCY_BAND_NAME,UNITS_OF_MEASURE,LOWER_LIMIT,UPPER_LIMIT,SERVICE_ALLOCATION,REMARKS) values (200,4,'20 000 -  21 000','KHz',20000,21000,'FIXED ','Fixed ');
Insert into CCK.FREQUENCY_BAND (FREQUENCY_BAND_ID,BAND_DEFINITION_ID,FREQUENCY_BAND_NAME,UNITS_OF_MEASURE,LOWER_LIMIT,UPPER_LIMIT,SERVICE_ALLOCATION,REMARKS) values (201,4,'21 000 -  21 450','KHz',21000,21450,'AMATEUR ','Amateur (15 meter band)   
User licence required');
Insert into CCK.FREQUENCY_BAND (FREQUENCY_BAND_ID,BAND_DEFINITION_ID,FREQUENCY_BAND_NAME,UNITS_OF_MEASURE,LOWER_LIMIT,UPPER_LIMIT,SERVICE_ALLOCATION,REMARKS) values (202,4,'21 450 -  21 850','KHz',21450,21850,'BROADCASTING   
  K30','Short wave sound broadcasting');
Insert into CCK.FREQUENCY_BAND (FREQUENCY_BAND_ID,BAND_DEFINITION_ID,FREQUENCY_BAND_NAME,UNITS_OF_MEASURE,LOWER_LIMIT,UPPER_LIMIT,SERVICE_ALLOCATION,REMARKS) values (203,4,'21 850- 21 924','KHz',21850,21924,'FIXED    
K55','Fixed');
Insert into CCK.FREQUENCY_BAND (FREQUENCY_BAND_ID,BAND_DEFINITION_ID,FREQUENCY_BAND_NAME,UNITS_OF_MEASURE,LOWER_LIMIT,UPPER_LIMIT,SERVICE_ALLOCATION,REMARKS) values (204,4,'21 924 -  22 000','KHz',21924,22000,'AERONAUTICAL MOBILE(R) ','Aeronautical mobile');
Insert into CCK.FREQUENCY_BAND (FREQUENCY_BAND_ID,BAND_DEFINITION_ID,FREQUENCY_BAND_NAME,UNITS_OF_MEASURE,LOWER_LIMIT,UPPER_LIMIT,SERVICE_ALLOCATION,REMARKS) values (205,4,'22 855 -  23200','KHz',22855,23200,'FIXED ','Fixed ');
Insert into CCK.FREQUENCY_BAND (FREQUENCY_BAND_ID,BAND_DEFINITION_ID,FREQUENCY_BAND_NAME,UNITS_OF_MEASURE,LOWER_LIMIT,UPPER_LIMIT,SERVICE_ALLOCATION,REMARKS) values (206,4,'23 200 - 23350','KHz',23200,23350,'FIXED   
K56','Fixed ');
Insert into CCK.FREQUENCY_BAND (FREQUENCY_BAND_ID,BAND_DEFINITION_ID,FREQUENCY_BAND_NAME,UNITS_OF_MEASURE,LOWER_LIMIT,UPPER_LIMIT,SERVICE_ALLOCATION,REMARKS) values (207,4,'23 200 - 23350','KHz',23200,23350,'AERONAUTICAL    
MOBILE (OR)','Aeronautical mobile-off route');
Insert into CCK.FREQUENCY_BAND (FREQUENCY_BAND_ID,BAND_DEFINITION_ID,FREQUENCY_BAND_NAME,UNITS_OF_MEASURE,LOWER_LIMIT,UPPER_LIMIT,SERVICE_ALLOCATION,REMARKS) values (208,4,'24 890 - 24990 ','KHz',24890,24990,'AMATEUR SATELLITE ','Amateur satellite');
Insert into CCK.FREQUENCY_BAND (FREQUENCY_BAND_ID,BAND_DEFINITION_ID,FREQUENCY_BAND_NAME,UNITS_OF_MEASURE,LOWER_LIMIT,UPPER_LIMIT,SERVICE_ALLOCATION,REMARKS) values (209,4,'24 990- 25 010','KHz',24990,25010,'STANDARD FREQUENCY & TIME SIGNAL (25000 KHz)    
K26','Standard frequency & time signal reception');
Insert into CCK.FREQUENCY_BAND (FREQUENCY_BAND_ID,BAND_DEFINITION_ID,FREQUENCY_BAND_NAME,UNITS_OF_MEASURE,LOWER_LIMIT,UPPER_LIMIT,SERVICE_ALLOCATION,REMARKS) values (210,4,'25 010 - 25 070','KHz',25010,25070,'FIXED','Fixed');
Insert into CCK.FREQUENCY_BAND (FREQUENCY_BAND_ID,BAND_DEFINITION_ID,FREQUENCY_BAND_NAME,UNITS_OF_MEASURE,LOWER_LIMIT,UPPER_LIMIT,SERVICE_ALLOCATION,REMARKS) values (211,4,'25 010 - 25 070','KHz',25010,25070,'MOBILE except aeronautical mobile','Mobile');
Insert into CCK.FREQUENCY_BAND (FREQUENCY_BAND_ID,BAND_DEFINITION_ID,FREQUENCY_BAND_NAME,UNITS_OF_MEASURE,LOWER_LIMIT,UPPER_LIMIT,SERVICE_ALLOCATION,REMARKS) values (212,4,'25 070- 25 210','KHz',25070,25210,'MARITIME MOBILE ','Maritime mobile');
Insert into CCK.FREQUENCY_BAND (FREQUENCY_BAND_ID,BAND_DEFINITION_ID,FREQUENCY_BAND_NAME,UNITS_OF_MEASURE,LOWER_LIMIT,UPPER_LIMIT,SERVICE_ALLOCATION,REMARKS) values (213,4,'25 210 - 25 550','KHz',25210,25550,'FIXED','Fixed');
Insert into CCK.FREQUENCY_BAND (FREQUENCY_BAND_ID,BAND_DEFINITION_ID,FREQUENCY_BAND_NAME,UNITS_OF_MEASURE,LOWER_LIMIT,UPPER_LIMIT,SERVICE_ALLOCATION,REMARKS) values (214,4,'25 550 -  25 670','KHz',25550,25670,'RADIO ASTRONOMY   
  K51','Radio Astronomy');
Insert into CCK.FREQUENCY_BAND (FREQUENCY_BAND_ID,BAND_DEFINITION_ID,FREQUENCY_BAND_NAME,UNITS_OF_MEASURE,LOWER_LIMIT,UPPER_LIMIT,SERVICE_ALLOCATION,REMARKS) values (215,4,'25 670 -  26 100','KHz',25670,26100,'BROADCASTING   
K30','Short wave sound broadcasting');
Insert into CCK.FREQUENCY_BAND (FREQUENCY_BAND_ID,BAND_DEFINITION_ID,FREQUENCY_BAND_NAME,UNITS_OF_MEASURE,LOWER_LIMIT,UPPER_LIMIT,SERVICE_ALLOCATION,REMARKS) values (216,4,'26 100 -  26 175','KHz',26100,26175,'MARITIME MOBILE   
  K36','Maritime mobile');
Insert into CCK.FREQUENCY_BAND (FREQUENCY_BAND_ID,BAND_DEFINITION_ID,FREQUENCY_BAND_NAME,UNITS_OF_MEASURE,LOWER_LIMIT,UPPER_LIMIT,SERVICE_ALLOCATION,REMARKS) values (217,4,'26 175 - 27 500','KHz',26175,27500,'FIXED   
K52','Fixed');
Insert into CCK.FREQUENCY_BAND (FREQUENCY_BAND_ID,BAND_DEFINITION_ID,FREQUENCY_BAND_NAME,UNITS_OF_MEASURE,LOWER_LIMIT,UPPER_LIMIT,SERVICE_ALLOCATION,REMARKS) values (218,4,' 27500 - 28 000','KHz',27500,28000,'METEOROLOGICAL AIDS ','Meteorological aids');
Insert into CCK.FREQUENCY_BAND (FREQUENCY_BAND_ID,BAND_DEFINITION_ID,FREQUENCY_BAND_NAME,UNITS_OF_MEASURE,LOWER_LIMIT,UPPER_LIMIT,SERVICE_ALLOCATION,REMARKS) values (220,4,'28 000 - 29 700','KHz',28000,29700,'AMATEUR ','Amateur (10 meter band)   
User licence required');
Insert into CCK.FREQUENCY_BAND (FREQUENCY_BAND_ID,BAND_DEFINITION_ID,FREQUENCY_BAND_NAME,UNITS_OF_MEASURE,LOWER_LIMIT,UPPER_LIMIT,SERVICE_ALLOCATION,REMARKS) values (221,4,'28 000 - 29 700','KHz',28000,29700,'AMATEUR SATELLITE ','Amateur satellite');
Insert into CCK.FREQUENCY_BAND (FREQUENCY_BAND_ID,BAND_DEFINITION_ID,FREQUENCY_BAND_NAME,UNITS_OF_MEASURE,LOWER_LIMIT,UPPER_LIMIT,SERVICE_ALLOCATION,REMARKS) values (222,4,'29 700 - 30 000','KHz',29700,30000,'FIXED ','Fixed');
Insert into CCK.FREQUENCY_BAND (FREQUENCY_BAND_ID,BAND_DEFINITION_ID,FREQUENCY_BAND_NAME,UNITS_OF_MEASURE,LOWER_LIMIT,UPPER_LIMIT,SERVICE_ALLOCATION,REMARKS) values (223,4,'29 700 - 30 000','KHz',29700,30000,'MOBILE ','mobile');
Insert into CCK.FREQUENCY_BAND (FREQUENCY_BAND_ID,BAND_DEFINITION_ID,FREQUENCY_BAND_NAME,UNITS_OF_MEASURE,LOWER_LIMIT,UPPER_LIMIT,SERVICE_ALLOCATION,REMARKS) values (224,5,'31000 - 32650 ','KHz',31000,32650,'FIXED   
K59','Fixed');
Insert into CCK.FREQUENCY_BAND (FREQUENCY_BAND_ID,BAND_DEFINITION_ID,FREQUENCY_BAND_NAME,UNITS_OF_MEASURE,LOWER_LIMIT,UPPER_LIMIT,SERVICE_ALLOCATION,REMARKS) values (225,5,'32.65-35.6 ','MHz',32.65,35.6,'MOBILE    
K59','Mobile');
Insert into CCK.FREQUENCY_BAND (FREQUENCY_BAND_ID,BAND_DEFINITION_ID,FREQUENCY_BAND_NAME,UNITS_OF_MEASURE,LOWER_LIMIT,UPPER_LIMIT,SERVICE_ALLOCATION,REMARKS) values (226,5,'35.6 - 37.25 ','MHz',35.6,37.25,'FIXED   
K59','Fixed');
Insert into CCK.FREQUENCY_BAND (FREQUENCY_BAND_ID,BAND_DEFINITION_ID,FREQUENCY_BAND_NAME,UNITS_OF_MEASURE,LOWER_LIMIT,UPPER_LIMIT,SERVICE_ALLOCATION,REMARKS) values (227,5,'37.25 - 38.25   ','MHz',37.25,38.25,'MOBILE   
K58. K59','Mobile');
Insert into CCK.FREQUENCY_BAND (FREQUENCY_BAND_ID,BAND_DEFINITION_ID,FREQUENCY_BAND_NAME,UNITS_OF_MEASURE,LOWER_LIMIT,UPPER_LIMIT,SERVICE_ALLOCATION,REMARKS) values (228,5,'38.25 - 40  ','MHz',38.25,40,'MOBILE   
K59','Mobile');
Insert into CCK.FREQUENCY_BAND (FREQUENCY_BAND_ID,BAND_DEFINITION_ID,FREQUENCY_BAND_NAME,UNITS_OF_MEASURE,LOWER_LIMIT,UPPER_LIMIT,SERVICE_ALLOCATION,REMARKS) values (229,5,'40 - 40.98  ','MHz',40,40.98,'FIXED   
K51, K59','Fixed   
ISM');
Insert into CCK.FREQUENCY_BAND (FREQUENCY_BAND_ID,BAND_DEFINITION_ID,FREQUENCY_BAND_NAME,UNITS_OF_MEASURE,LOWER_LIMIT,UPPER_LIMIT,SERVICE_ALLOCATION,REMARKS) values (231,5,'47 - 68 ','MHz',47,68,'BROADCASTING    
  K60','VHF analogue television broadcasting Band I    
(TV channels 2, 3 and 4)');
Insert into CCK.FREQUENCY_BAND (FREQUENCY_BAND_ID,BAND_DEFINITION_ID,FREQUENCY_BAND_NAME,UNITS_OF_MEASURE,LOWER_LIMIT,UPPER_LIMIT,SERVICE_ALLOCATION,REMARKS) values (232,5,'47 - 68 ','MHz',47,68,'Fixed    
  K63','Low power cordless telephony');
Insert into CCK.FREQUENCY_BAND (FREQUENCY_BAND_ID,BAND_DEFINITION_ID,FREQUENCY_BAND_NAME,UNITS_OF_MEASURE,LOWER_LIMIT,UPPER_LIMIT,SERVICE_ALLOCATION,REMARKS) values (233,5,'68 - 69 ','MHz',68,69,'MOBILE ','Land mobile');
Insert into CCK.FREQUENCY_BAND (FREQUENCY_BAND_ID,BAND_DEFINITION_ID,FREQUENCY_BAND_NAME,UNITS_OF_MEASURE,LOWER_LIMIT,UPPER_LIMIT,SERVICE_ALLOCATION,REMARKS) values (234,5,'69 - 70 ','MHz',69,70,'MOBILE ','Government use');
Insert into CCK.FREQUENCY_BAND (FREQUENCY_BAND_ID,BAND_DEFINITION_ID,FREQUENCY_BAND_NAME,UNITS_OF_MEASURE,LOWER_LIMIT,UPPER_LIMIT,SERVICE_ALLOCATION,REMARKS) values (235,5,'70- 73.6 ','MHz',70,73.6,'MOBILE    
  K58','Land mobile');
Insert into CCK.FREQUENCY_BAND (FREQUENCY_BAND_ID,BAND_DEFINITION_ID,FREQUENCY_BAND_NAME,UNITS_OF_MEASURE,LOWER_LIMIT,UPPER_LIMIT,SERVICE_ALLOCATION,REMARKS) values (236,5,'74.8 - 75.2   ','MHz',74.8,75.2,'AERONAUTICAL RADIONAVIGATION    
  K64','Aeronautical radionavigation (Instrument Landing Markers) ');
Insert into CCK.FREQUENCY_BAND (FREQUENCY_BAND_ID,BAND_DEFINITION_ID,FREQUENCY_BAND_NAME,UNITS_OF_MEASURE,LOWER_LIMIT,UPPER_LIMIT,SERVICE_ALLOCATION,REMARKS) values (237,5,'75.2 - 76.1 ','MHz',75.2,76.1,'MOBILE ','Land Mobile');
Insert into CCK.FREQUENCY_BAND (FREQUENCY_BAND_ID,BAND_DEFINITION_ID,FREQUENCY_BAND_NAME,UNITS_OF_MEASURE,LOWER_LIMIT,UPPER_LIMIT,SERVICE_ALLOCATION,REMARKS) values (238,5,'76.1 - 76.3 ','MHz',76.1,76.3,'MOBILE ','Land Mobile');
Insert into CCK.FREQUENCY_BAND (FREQUENCY_BAND_ID,BAND_DEFINITION_ID,FREQUENCY_BAND_NAME,UNITS_OF_MEASURE,LOWER_LIMIT,UPPER_LIMIT,SERVICE_ALLOCATION,REMARKS) values (239,5,'76.3 - 76.7 ','MHz',76.3,76.7,'MOBILE ','Land mobile');
Insert into CCK.FREQUENCY_BAND (FREQUENCY_BAND_ID,BAND_DEFINITION_ID,FREQUENCY_BAND_NAME,UNITS_OF_MEASURE,LOWER_LIMIT,UPPER_LIMIT,SERVICE_ALLOCATION,REMARKS) values (240,5,'77.1 -  77.4 ','MHz',77.1,77.4,'MOBILE ','Land Mobile');
Insert into CCK.FREQUENCY_BAND (FREQUENCY_BAND_ID,BAND_DEFINITION_ID,FREQUENCY_BAND_NAME,UNITS_OF_MEASURE,LOWER_LIMIT,UPPER_LIMIT,SERVICE_ALLOCATION,REMARKS) values (241,5,'77.4 -  78.4 ','MHz',77.4,78.4,'MOBILE ','Land Mobile   
Government use');
Insert into CCK.FREQUENCY_BAND (FREQUENCY_BAND_ID,BAND_DEFINITION_ID,FREQUENCY_BAND_NAME,UNITS_OF_MEASURE,LOWER_LIMIT,UPPER_LIMIT,SERVICE_ALLOCATION,REMARKS) values (242,5,'78.4 -  80.6 ','MHz',78.4,80.6,'MOBILE ','Land mobile');
Insert into CCK.FREQUENCY_BAND (FREQUENCY_BAND_ID,BAND_DEFINITION_ID,FREQUENCY_BAND_NAME,UNITS_OF_MEASURE,LOWER_LIMIT,UPPER_LIMIT,SERVICE_ALLOCATION,REMARKS) values (243,5,'80.6 -  80.9 ','MHz',80.6,80.9,'MOBILE ','Land mobile');
Insert into CCK.FREQUENCY_BAND (FREQUENCY_BAND_ID,BAND_DEFINITION_ID,FREQUENCY_BAND_NAME,UNITS_OF_MEASURE,LOWER_LIMIT,UPPER_LIMIT,SERVICE_ALLOCATION,REMARKS) values (244,5,'80.9 -  81.3 ','MHz',80.9,81.3,'MOBILE ','Land Mobile');
Insert into CCK.FREQUENCY_BAND (FREQUENCY_BAND_ID,BAND_DEFINITION_ID,FREQUENCY_BAND_NAME,UNITS_OF_MEASURE,LOWER_LIMIT,UPPER_LIMIT,SERVICE_ALLOCATION,REMARKS) values (245,5,'81.3 -  81.75 ','MHz',81.3,81.75,'FIXED ','Land mobile');
Insert into CCK.FREQUENCY_BAND (FREQUENCY_BAND_ID,BAND_DEFINITION_ID,FREQUENCY_BAND_NAME,UNITS_OF_MEASURE,LOWER_LIMIT,UPPER_LIMIT,SERVICE_ALLOCATION,REMARKS) values (246,5,'81.75 -  82 ','MHz',81.75,82,'MOBILE ','Land mobile');
Insert into CCK.FREQUENCY_BAND (FREQUENCY_BAND_ID,BAND_DEFINITION_ID,FREQUENCY_BAND_NAME,UNITS_OF_MEASURE,LOWER_LIMIT,UPPER_LIMIT,SERVICE_ALLOCATION,REMARKS) values (247,5,'82 -  83 ','MHz',82,83,'MOBILE  ','Land Mobile   
Government Use');
Insert into CCK.FREQUENCY_BAND (FREQUENCY_BAND_ID,BAND_DEFINITION_ID,FREQUENCY_BAND_NAME,UNITS_OF_MEASURE,LOWER_LIMIT,UPPER_LIMIT,SERVICE_ALLOCATION,REMARKS) values (248,5,'83 -  87.5 ','MHz',83,87.5,'MOBILE ','Land mobile');
Insert into CCK.FREQUENCY_BAND (FREQUENCY_BAND_ID,BAND_DEFINITION_ID,FREQUENCY_BAND_NAME,UNITS_OF_MEASURE,LOWER_LIMIT,UPPER_LIMIT,SERVICE_ALLOCATION,REMARKS) values (249,5,'87.5 -  108 ','MHz',87.5,108,'BROADCASTING   
  K65','FM sound broadcasting   
(Geneva 1984 Plan)');
Insert into CCK.FREQUENCY_BAND (FREQUENCY_BAND_ID,BAND_DEFINITION_ID,FREQUENCY_BAND_NAME,UNITS_OF_MEASURE,LOWER_LIMIT,UPPER_LIMIT,SERVICE_ALLOCATION,REMARKS) values (250,5,'108 -  117.925 ','MHz',108,117.925,'AERONAUTICAL RADIONAVIGATION   
  K66, 67','Aeronautical radionavigation');
Insert into CCK.FREQUENCY_BAND (FREQUENCY_BAND_ID,BAND_DEFINITION_ID,FREQUENCY_BAND_NAME,UNITS_OF_MEASURE,LOWER_LIMIT,UPPER_LIMIT,SERVICE_ALLOCATION,REMARKS) values (251,5,'131 -  136','MHz',131,136,'AERONAUTICAL MOBILE (OR)   
  K68, K69','Aeronautical Mobile');
Insert into CCK.FREQUENCY_BAND (FREQUENCY_BAND_ID,BAND_DEFINITION_ID,FREQUENCY_BAND_NAME,UNITS_OF_MEASURE,LOWER_LIMIT,UPPER_LIMIT,SERVICE_ALLOCATION,REMARKS) values (252,5,'136- 137','MHz',136,137,'AERONAUTICAL MOBILE (OR) ','Aeronautical Mobile');
Insert into CCK.FREQUENCY_BAND (FREQUENCY_BAND_ID,BAND_DEFINITION_ID,FREQUENCY_BAND_NAME,UNITS_OF_MEASURE,LOWER_LIMIT,UPPER_LIMIT,SERVICE_ALLOCATION,REMARKS) values (253,5,'137- 138 ','MHz',137,138,'SPACE  OPERATION    
SPACE RESEARCH    
  K72 , K73','Space research downlink Mobile satellite service downlink');
Insert into CCK.FREQUENCY_BAND (FREQUENCY_BAND_ID,BAND_DEFINITION_ID,FREQUENCY_BAND_NAME,UNITS_OF_MEASURE,LOWER_LIMIT,UPPER_LIMIT,SERVICE_ALLOCATION,REMARKS) values (254,5,'137- 138 ','MHz',137,138,'METEOROLOGICAL SATELLITE (space-Earth)    
K72 K73','Meteorological satellite downlink');
Insert into CCK.FREQUENCY_BAND (FREQUENCY_BAND_ID,BAND_DEFINITION_ID,FREQUENCY_BAND_NAME,UNITS_OF_MEASURE,LOWER_LIMIT,UPPER_LIMIT,SERVICE_ALLOCATION,REMARKS) values (255,5,'138- 144 ','MHz',138,144,'MOBILE    
  K74  K75','Public trunked radio');
Insert into CCK.FREQUENCY_BAND (FREQUENCY_BAND_ID,BAND_DEFINITION_ID,FREQUENCY_BAND_NAME,UNITS_OF_MEASURE,LOWER_LIMIT,UPPER_LIMIT,SERVICE_ALLOCATION,REMARKS) values (256,5,'146- 147 ','MHz',146,147,'FIXED ','Fixed    
New fixed links prohibited');
Insert into CCK.FREQUENCY_BAND (FREQUENCY_BAND_ID,BAND_DEFINITION_ID,FREQUENCY_BAND_NAME,UNITS_OF_MEASURE,LOWER_LIMIT,UPPER_LIMIT,SERVICE_ALLOCATION,REMARKS) values (257,5,'146- 147 ','MHz',146,147,'MOBILE ','Government use');
Insert into CCK.FREQUENCY_BAND (FREQUENCY_BAND_ID,BAND_DEFINITION_ID,FREQUENCY_BAND_NAME,UNITS_OF_MEASURE,LOWER_LIMIT,UPPER_LIMIT,SERVICE_ALLOCATION,REMARKS) values (258,5,'147- 148.5 ','MHz',147,148.5,'FIXED    
K76','New fixed links prohibited');
Insert into CCK.FREQUENCY_BAND (FREQUENCY_BAND_ID,BAND_DEFINITION_ID,FREQUENCY_BAND_NAME,UNITS_OF_MEASURE,LOWER_LIMIT,UPPER_LIMIT,SERVICE_ALLOCATION,REMARKS) values (259,5,'147- 148.5 ','MHz',147,148.5,'MOBILE    
  K76, K77','Land Mobile    
Wide Area Paging');
Insert into CCK.FREQUENCY_BAND (FREQUENCY_BAND_ID,BAND_DEFINITION_ID,FREQUENCY_BAND_NAME,UNITS_OF_MEASURE,LOWER_LIMIT,UPPER_LIMIT,SERVICE_ALLOCATION,REMARKS) values (260,5,'148.5 - 149.9 ','MHz',148.5,149.9,'FIXED    
 K77','Fixed');
Insert into CCK.FREQUENCY_BAND (FREQUENCY_BAND_ID,BAND_DEFINITION_ID,FREQUENCY_BAND_NAME,UNITS_OF_MEASURE,LOWER_LIMIT,UPPER_LIMIT,SERVICE_ALLOCATION,REMARKS) values (261,5,'148.5 - 149.9 ','MHz',148.5,149.9,'MOBILE    
  K76, K77','Land Mobile    
Wide Area Paging');
Insert into CCK.FREQUENCY_BAND (FREQUENCY_BAND_ID,BAND_DEFINITION_ID,FREQUENCY_BAND_NAME,UNITS_OF_MEASURE,LOWER_LIMIT,UPPER_LIMIT,SERVICE_ALLOCATION,REMARKS) values (262,5,'149.9- 150.05 ','MHz',149.9,150.05,'MOBILE SATELLITE (Earth-to-space)    
K78 K79','Mobile satellite service');
Insert into CCK.FREQUENCY_BAND (FREQUENCY_BAND_ID,BAND_DEFINITION_ID,FREQUENCY_BAND_NAME,UNITS_OF_MEASURE,LOWER_LIMIT,UPPER_LIMIT,SERVICE_ALLOCATION,REMARKS) values (263,5,'149.9- 150.05 ','MHz',149.9,150.05,'RADIONAVIGATION SATELLITE    
  K80, K81','Radionavigation satellite');
Insert into CCK.FREQUENCY_BAND (FREQUENCY_BAND_ID,BAND_DEFINITION_ID,FREQUENCY_BAND_NAME,UNITS_OF_MEASURE,LOWER_LIMIT,UPPER_LIMIT,SERVICE_ALLOCATION,REMARKS) values (264,5,'150.05 - 150.6 ','MHz',150.05,150.6,'FIXED ','Government use    
New fixed links prohibited');
Insert into CCK.FREQUENCY_BAND (FREQUENCY_BAND_ID,BAND_DEFINITION_ID,FREQUENCY_BAND_NAME,UNITS_OF_MEASURE,LOWER_LIMIT,UPPER_LIMIT,SERVICE_ALLOCATION,REMARKS) values (265,5,'150.05 - 150.6 ','MHz',150.05,150.6,'MOBILE    
 ','Government use');
Insert into CCK.FREQUENCY_BAND (FREQUENCY_BAND_ID,BAND_DEFINITION_ID,FREQUENCY_BAND_NAME,UNITS_OF_MEASURE,LOWER_LIMIT,UPPER_LIMIT,SERVICE_ALLOCATION,REMARKS) values (266,5,'150.6 - 151.6 ','MHz',150.6,151.6,'FIXED ','Fixed    
New fixed links prohibited');
Insert into CCK.FREQUENCY_BAND (FREQUENCY_BAND_ID,BAND_DEFINITION_ID,FREQUENCY_BAND_NAME,UNITS_OF_MEASURE,LOWER_LIMIT,UPPER_LIMIT,SERVICE_ALLOCATION,REMARKS) values (267,5,'150.6 - 151.6 ','MHz',150.6,151.6,'MOBILE ','Government use');
Insert into CCK.FREQUENCY_BAND (FREQUENCY_BAND_ID,BAND_DEFINITION_ID,FREQUENCY_BAND_NAME,UNITS_OF_MEASURE,LOWER_LIMIT,UPPER_LIMIT,SERVICE_ALLOCATION,REMARKS) values (268,5,'151.6 - 153.1 ','MHz',151.6,153.1,'FIXED    
 ','Fixed    
New fixed links prohibited');
Insert into CCK.FREQUENCY_BAND (FREQUENCY_BAND_ID,BAND_DEFINITION_ID,FREQUENCY_BAND_NAME,UNITS_OF_MEASURE,LOWER_LIMIT,UPPER_LIMIT,SERVICE_ALLOCATION,REMARKS) values (269,5,'151.6 - 153.1 ','MHz',151.6,153.1,'MOBILE    
 ','Land Mobile');
Insert into CCK.FREQUENCY_BAND (FREQUENCY_BAND_ID,BAND_DEFINITION_ID,FREQUENCY_BAND_NAME,UNITS_OF_MEASURE,LOWER_LIMIT,UPPER_LIMIT,SERVICE_ALLOCATION,REMARKS) values (270,5,'153.1- 154.5 ','MHz',153.1,154.5,'MOBILE ','Land Mobile');
Insert into CCK.FREQUENCY_BAND (FREQUENCY_BAND_ID,BAND_DEFINITION_ID,FREQUENCY_BAND_NAME,UNITS_OF_MEASURE,LOWER_LIMIT,UPPER_LIMIT,SERVICE_ALLOCATION,REMARKS) values (271,5,'154.5 - 155.2 ','MHz',154.5,155.2,'FIXED ','Government use    
New fixed links prohibited');
Insert into CCK.FREQUENCY_BAND (FREQUENCY_BAND_ID,BAND_DEFINITION_ID,FREQUENCY_BAND_NAME,UNITS_OF_MEASURE,LOWER_LIMIT,UPPER_LIMIT,SERVICE_ALLOCATION,REMARKS) values (272,5,'155.2 - 156.025 ','MHz',155.2,156.025,'FIXED ','Fixed    
New fixed links prohibited');
Insert into CCK.FREQUENCY_BAND (FREQUENCY_BAND_ID,BAND_DEFINITION_ID,FREQUENCY_BAND_NAME,UNITS_OF_MEASURE,LOWER_LIMIT,UPPER_LIMIT,SERVICE_ALLOCATION,REMARKS) values (273,5,'155.2 - 156.025 ','MHz',155.2,156.025,'MOBILE ','Government use');
Insert into CCK.FREQUENCY_BAND (FREQUENCY_BAND_ID,BAND_DEFINITION_ID,FREQUENCY_BAND_NAME,UNITS_OF_MEASURE,LOWER_LIMIT,UPPER_LIMIT,SERVICE_ALLOCATION,REMARKS) values (274,5,'156.025 - 156.7625','MHz',156.025,156.7625,'MOBILE    
  K81, K82, K83 K84','Maritime mobile    
Land Mobile (inland)');
Insert into CCK.FREQUENCY_BAND (FREQUENCY_BAND_ID,BAND_DEFINITION_ID,FREQUENCY_BAND_NAME,UNITS_OF_MEASURE,LOWER_LIMIT,UPPER_LIMIT,SERVICE_ALLOCATION,REMARKS) values (276,5,'157.425 - 157.8 ','MHz',157.425,157.8,'MOBILE ','Maritime mobile');
Insert into CCK.FREQUENCY_BAND (FREQUENCY_BAND_ID,BAND_DEFINITION_ID,FREQUENCY_BAND_NAME,UNITS_OF_MEASURE,LOWER_LIMIT,UPPER_LIMIT,SERVICE_ALLOCATION,REMARKS) values (277,5,'157.8 - 158.8 ','MHz',157.8,158.8,'MOBILE ','Land Mobile    
Government and Local authorities');
Insert into CCK.FREQUENCY_BAND (FREQUENCY_BAND_ID,BAND_DEFINITION_ID,FREQUENCY_BAND_NAME,UNITS_OF_MEASURE,LOWER_LIMIT,UPPER_LIMIT,SERVICE_ALLOCATION,REMARKS) values (278,5,'158.8 - 159.8 ','MHz',158.8,159.8,'MOBILE ','Land Mobile');
Insert into CCK.FREQUENCY_BAND (FREQUENCY_BAND_ID,BAND_DEFINITION_ID,FREQUENCY_BAND_NAME,UNITS_OF_MEASURE,LOWER_LIMIT,UPPER_LIMIT,SERVICE_ALLOCATION,REMARKS) values (279,5,'159.8 - 160.625 ','MHz',159.8,160.625,'MOBILE ','Government use');
Insert into CCK.FREQUENCY_BAND (FREQUENCY_BAND_ID,BAND_DEFINITION_ID,FREQUENCY_BAND_NAME,UNITS_OF_MEASURE,LOWER_LIMIT,UPPER_LIMIT,SERVICE_ALLOCATION,REMARKS) values (280,5,'160.625 - 162.025 ','MHz',160.625,162.025,'MOBILE    
  K84 K86','Maritime mobile    
The bands 161.9625-161.9875 and 162.0125-161.0375 MHz are also allocated to mobile-satellite service for AIS');
Insert into CCK.FREQUENCY_BAND (FREQUENCY_BAND_ID,BAND_DEFINITION_ID,FREQUENCY_BAND_NAME,UNITS_OF_MEASURE,LOWER_LIMIT,UPPER_LIMIT,SERVICE_ALLOCATION,REMARKS) values (281,5,'162.4 - 163.4 ','MHz',162.4,163.4,'MOBILE ','Land Mobile    
Government use /Local authorities');
Insert into CCK.FREQUENCY_BAND (FREQUENCY_BAND_ID,BAND_DEFINITION_ID,FREQUENCY_BAND_NAME,UNITS_OF_MEASURE,LOWER_LIMIT,UPPER_LIMIT,SERVICE_ALLOCATION,REMARKS) values (282,5,'163.4 - 164.4 ','MHz',163.4,164.4,'MOBILE ','Land Mobile');
Insert into CCK.FREQUENCY_BAND (FREQUENCY_BAND_ID,BAND_DEFINITION_ID,FREQUENCY_BAND_NAME,UNITS_OF_MEASURE,LOWER_LIMIT,UPPER_LIMIT,SERVICE_ALLOCATION,REMARKS) values (283,5,'165.9 - 166.5 ','MHz',165.9,166.5,'FIXED ','Fixed Links    
National Emergency/disaster network');
Insert into CCK.FREQUENCY_BAND (FREQUENCY_BAND_ID,BAND_DEFINITION_ID,FREQUENCY_BAND_NAME,UNITS_OF_MEASURE,LOWER_LIMIT,UPPER_LIMIT,SERVICE_ALLOCATION,REMARKS) values (284,5,'166.5- 166.95 ','MHz',166.5,166.95,'FIXED ','Fixed');
Insert into CCK.FREQUENCY_BAND (FREQUENCY_BAND_ID,BAND_DEFINITION_ID,FREQUENCY_BAND_NAME,UNITS_OF_MEASURE,LOWER_LIMIT,UPPER_LIMIT,SERVICE_ALLOCATION,REMARKS) values (285,9,null,'MHz',null,null,'MOBILE ','Government use ');
Insert into CCK.FREQUENCY_BAND (FREQUENCY_BAND_ID,BAND_DEFINITION_ID,FREQUENCY_BAND_NAME,UNITS_OF_MEASURE,LOWER_LIMIT,UPPER_LIMIT,SERVICE_ALLOCATION,REMARKS) values (286,5,'166.95 - 167.925 ','MHz',166.95,167.925,'MOBILE ','Government use');
Insert into CCK.FREQUENCY_BAND (FREQUENCY_BAND_ID,BAND_DEFINITION_ID,FREQUENCY_BAND_NAME,UNITS_OF_MEASURE,LOWER_LIMIT,UPPER_LIMIT,SERVICE_ALLOCATION,REMARKS) values (287,5,'167.925 - 169.0','MHz',167.925,169,'MOBILE ','Land mobile');
Insert into CCK.FREQUENCY_BAND (FREQUENCY_BAND_ID,BAND_DEFINITION_ID,FREQUENCY_BAND_NAME,UNITS_OF_MEASURE,LOWER_LIMIT,UPPER_LIMIT,SERVICE_ALLOCATION,REMARKS) values (288,5,'169.0- 170.5 ','MHz',169,170.5,'FIXED ','Fixed ');
Insert into CCK.FREQUENCY_BAND (FREQUENCY_BAND_ID,BAND_DEFINITION_ID,FREQUENCY_BAND_NAME,UNITS_OF_MEASURE,LOWER_LIMIT,UPPER_LIMIT,SERVICE_ALLOCATION,REMARKS) values (289,5,'170.5 - 171.1','MHz',170.5,171.1,'FIXED ','Fixed links     
National Emergency /disaster Network');
Insert into CCK.FREQUENCY_BAND (FREQUENCY_BAND_ID,BAND_DEFINITION_ID,FREQUENCY_BAND_NAME,UNITS_OF_MEASURE,LOWER_LIMIT,UPPER_LIMIT,SERVICE_ALLOCATION,REMARKS) values (290,5,'171.1- 171.5 ','MHz',171.1,171.5,'MOBILE ','Government use');
Insert into CCK.FREQUENCY_BAND (FREQUENCY_BAND_ID,BAND_DEFINITION_ID,FREQUENCY_BAND_NAME,UNITS_OF_MEASURE,LOWER_LIMIT,UPPER_LIMIT,SERVICE_ALLOCATION,REMARKS) values (291,5,'171.5 - 172.525 ','MHz',171.5,172.525,'MOBILE ','Government use');
Insert into CCK.FREQUENCY_BAND (FREQUENCY_BAND_ID,BAND_DEFINITION_ID,FREQUENCY_BAND_NAME,UNITS_OF_MEASURE,LOWER_LIMIT,UPPER_LIMIT,SERVICE_ALLOCATION,REMARKS) values (292,5,'172.525 - 173.6','MHz',172.525,173.6,'MOBILE ','Land Mobile');
Insert into CCK.FREQUENCY_BAND (FREQUENCY_BAND_ID,BAND_DEFINITION_ID,FREQUENCY_BAND_NAME,UNITS_OF_MEASURE,LOWER_LIMIT,UPPER_LIMIT,SERVICE_ALLOCATION,REMARKS) values (293,5,'174 -  230','MHz',174,230,'BROADCASTING    
  K60 K61','VHF analogue Television broadcasting Band III (channels 5 - 12)');
Insert into CCK.FREQUENCY_BAND (FREQUENCY_BAND_ID,BAND_DEFINITION_ID,FREQUENCY_BAND_NAME,UNITS_OF_MEASURE,LOWER_LIMIT,UPPER_LIMIT,SERVICE_ALLOCATION,REMARKS) values (294,5,'230 -  242.95','MHz',230,242.95,'FIXED   
K88   
 ','Fixed  ');
Insert into CCK.FREQUENCY_BAND (FREQUENCY_BAND_ID,BAND_DEFINITION_ID,FREQUENCY_BAND_NAME,UNITS_OF_MEASURE,LOWER_LIMIT,UPPER_LIMIT,SERVICE_ALLOCATION,REMARKS) values (295,5,'242.95 -  243.05','MHz',242.95,243.05,'MOBILE   
K89, ','Emergency search and Rescue');
Insert into CCK.FREQUENCY_BAND (FREQUENCY_BAND_ID,BAND_DEFINITION_ID,FREQUENCY_BAND_NAME,UNITS_OF_MEASURE,LOWER_LIMIT,UPPER_LIMIT,SERVICE_ALLOCATION,REMARKS) values (296,5,'243.05 - 290 ','MHz',243.05,290,'FIXED    
K88','Fixed links ');
Insert into CCK.FREQUENCY_BAND (FREQUENCY_BAND_ID,BAND_DEFINITION_ID,FREQUENCY_BAND_NAME,UNITS_OF_MEASURE,LOWER_LIMIT,UPPER_LIMIT,SERVICE_ALLOCATION,REMARKS) values (297,5,'290 - 328.6 ','MHz',290,328.6,'FIXED    
  K51 K88','Fixed links ');
Insert into CCK.FREQUENCY_BAND (FREQUENCY_BAND_ID,BAND_DEFINITION_ID,FREQUENCY_BAND_NAME,UNITS_OF_MEASURE,LOWER_LIMIT,UPPER_LIMIT,SERVICE_ALLOCATION,REMARKS) values (298,6,'328.6 -  335.4 ','MHz',328.6,335.4,'AERONAUTICAL RADIONAVIGATION   
  K90','Instrument landing systems');
Insert into CCK.FREQUENCY_BAND (FREQUENCY_BAND_ID,BAND_DEFINITION_ID,FREQUENCY_BAND_NAME,UNITS_OF_MEASURE,LOWER_LIMIT,UPPER_LIMIT,SERVICE_ALLOCATION,REMARKS) values (299,6,'335.4 -  345','MHz',335.4,345,'FIXED   
K88','Fixed Wireless Access   
New fixed links prohibited');
Insert into CCK.FREQUENCY_BAND (FREQUENCY_BAND_ID,BAND_DEFINITION_ID,FREQUENCY_BAND_NAME,UNITS_OF_MEASURE,LOWER_LIMIT,UPPER_LIMIT,SERVICE_ALLOCATION,REMARKS) values (300,6,'345 - 360 ','MHz',345,360,'FIXED    
K88','Fixed Wireless Access    
New fixed links prohibited');
Insert into CCK.FREQUENCY_BAND (FREQUENCY_BAND_ID,BAND_DEFINITION_ID,FREQUENCY_BAND_NAME,UNITS_OF_MEASURE,LOWER_LIMIT,UPPER_LIMIT,SERVICE_ALLOCATION,REMARKS) values (301,6,'360 - 377 ','MHz',360,377,'FIXED    
K88','Fixed Wireless Access    
New fixed links prohibited');
Insert into CCK.FREQUENCY_BAND (FREQUENCY_BAND_ID,BAND_DEFINITION_ID,FREQUENCY_BAND_NAME,UNITS_OF_MEASURE,LOWER_LIMIT,UPPER_LIMIT,SERVICE_ALLOCATION,REMARKS) values (302,6,'377 - 380 ','MHz',377,380,'FIXED    
MOBILE   
K88','Fixed Wireless Access (TDD) ');
Insert into CCK.FREQUENCY_BAND (FREQUENCY_BAND_ID,BAND_DEFINITION_ID,FREQUENCY_BAND_NAME,UNITS_OF_MEASURE,LOWER_LIMIT,UPPER_LIMIT,SERVICE_ALLOCATION,REMARKS) values (303,6,'390 - 397 ','MHz',390,397,'FIXED    
  K91 K88','Broadcast  Studio-to-transmitter    
Links');
Insert into CCK.FREQUENCY_BAND (FREQUENCY_BAND_ID,BAND_DEFINITION_ID,FREQUENCY_BAND_NAME,UNITS_OF_MEASURE,LOWER_LIMIT,UPPER_LIMIT,SERVICE_ALLOCATION,REMARKS) values (305,6,'399.9 - 400.05 ','MHz',399.9,400.05,'MOBILE SATELLITE   
(Earth -  space)  
  K78 K79','Little LEOs');
Insert into CCK.FREQUENCY_BAND (FREQUENCY_BAND_ID,BAND_DEFINITION_ID,FREQUENCY_BAND_NAME,UNITS_OF_MEASURE,LOWER_LIMIT,UPPER_LIMIT,SERVICE_ALLOCATION,REMARKS) values (306,6,'399.9 - 400.05 ','MHz',399.9,400.05,'RADIONAVIGATION SATELLITE   
  K80 K81','Radionavigation satellite');
Insert into CCK.FREQUENCY_BAND (FREQUENCY_BAND_ID,BAND_DEFINITION_ID,FREQUENCY_BAND_NAME,UNITS_OF_MEASURE,LOWER_LIMIT,UPPER_LIMIT,SERVICE_ALLOCATION,REMARKS) values (307,6,'400.05 - 400.15','MHz',400.05,400.15,'STANDARD FREQUENCY &  TIME SIGNALS    
  K92','Standard time and frequency signals reception (400.1 MHz)');
Insert into CCK.FREQUENCY_BAND (FREQUENCY_BAND_ID,BAND_DEFINITION_ID,FREQUENCY_BAND_NAME,UNITS_OF_MEASURE,LOWER_LIMIT,UPPER_LIMIT,SERVICE_ALLOCATION,REMARKS) values (58,1,'14 - 19.95 ','KHz',14,19.95,'FIXED  K3','Fixed');
Insert into CCK.FREQUENCY_BAND (FREQUENCY_BAND_ID,BAND_DEFINITION_ID,FREQUENCY_BAND_NAME,UNITS_OF_MEASURE,LOWER_LIMIT,UPPER_LIMIT,SERVICE_ALLOCATION,REMARKS) values (2,6,'461- 465 ','MHz',461,465,'FIXED ','Fixed    
Fixed Wireless Access.');
Insert into CCK.FREQUENCY_BAND (FREQUENCY_BAND_ID,BAND_DEFINITION_ID,FREQUENCY_BAND_NAME,UNITS_OF_MEASURE,LOWER_LIMIT,UPPER_LIMIT,SERVICE_ALLOCATION,REMARKS) values (3,6,'1215 - 1300','MHz',1215,1300,'RADIONAVIGATION   
K51, K10, K109 K110, K112, K113','Radionavigation');
Insert into CCK.FREQUENCY_BAND (FREQUENCY_BAND_ID,BAND_DEFINITION_ID,FREQUENCY_BAND_NAME,UNITS_OF_MEASURE,LOWER_LIMIT,UPPER_LIMIT,SERVICE_ALLOCATION,REMARKS) values (4,6,'1610.0 - 1610.6','MHz',1610,1610.6,'MOBILE-SATELLITE    
K123, K140 ','GMPCS/Emerging MSS systems');
Insert into CCK.FREQUENCY_BAND (FREQUENCY_BAND_ID,BAND_DEFINITION_ID,FREQUENCY_BAND_NAME,UNITS_OF_MEASURE,LOWER_LIMIT,UPPER_LIMIT,SERVICE_ALLOCATION,REMARKS) values (5,6,'1670- 1675','MHz',1670,1675,'FIXED    
K134','Fixed');
Insert into CCK.FREQUENCY_BAND (FREQUENCY_BAND_ID,BAND_DEFINITION_ID,FREQUENCY_BAND_NAME,UNITS_OF_MEASURE,LOWER_LIMIT,UPPER_LIMIT,SERVICE_ALLOCATION,REMARKS) values (6,6,'1710.00 - 1920 ','MHz',1710,1920,'MOBILE    
  K136  K137   
K138 K139 ','Public cellular mobile / IMT- terrestrial systems    
Cordless PABX (DECT) in   
band 1880-1900 MHz   
TKL to shut down all WLL DECT systems in Nairobi, Mombasa & Ksm    
 ');
Insert into CCK.FREQUENCY_BAND (FREQUENCY_BAND_ID,BAND_DEFINITION_ID,FREQUENCY_BAND_NAME,UNITS_OF_MEASURE,LOWER_LIMIT,UPPER_LIMIT,SERVICE_ALLOCATION,REMARKS) values (7,7,'4 400 - 4500','MHz',4400,4500,'FIXED ','Fixed links (New fixed links are prohibited).    
Channel plan ITU-R F.1099   
Fixed Wireless Access');
Insert into CCK.FREQUENCY_BAND (FREQUENCY_BAND_ID,BAND_DEFINITION_ID,FREQUENCY_BAND_NAME,UNITS_OF_MEASURE,LOWER_LIMIT,UPPER_LIMIT,SERVICE_ALLOCATION,REMARKS) values (9,7,'10 500 -  10 600','MHz',10500,10600,'FIXED ','Fixed (New fixed links prohibited)    
Fixed Wireless Access (Channel Plan ITU-R F. 1568)');
Insert into CCK.FREQUENCY_BAND (FREQUENCY_BAND_ID,BAND_DEFINITION_ID,FREQUENCY_BAND_NAME,UNITS_OF_MEASURE,LOWER_LIMIT,UPPER_LIMIT,SERVICE_ALLOCATION,REMARKS) values (10,7,'15.7-17.3 ','GHz',15.7,17.3,'FIXED    
K208','Fixed');
Insert into CCK.FREQUENCY_BAND (FREQUENCY_BAND_ID,BAND_DEFINITION_ID,FREQUENCY_BAND_NAME,UNITS_OF_MEASURE,LOWER_LIMIT,UPPER_LIMIT,SERVICE_ALLOCATION,REMARKS) values (11,7,'18.8-19.7','GHz',18.8,19.7,'FIXED ','Point-point links    
(Channel plan ITU-R F.595)');
Insert into CCK.FREQUENCY_BAND (FREQUENCY_BAND_ID,BAND_DEFINITION_ID,FREQUENCY_BAND_NAME,UNITS_OF_MEASURE,LOWER_LIMIT,UPPER_LIMIT,SERVICE_ALLOCATION,REMARKS) values (12,7,'24.25 - 24.45','GHz',24.25,24.45,'FIXED','Fixed Wireless Access    
(Channel plan ITU-R F.748)');
Insert into CCK.FREQUENCY_BAND (FREQUENCY_BAND_ID,BAND_DEFINITION_ID,FREQUENCY_BAND_NAME,UNITS_OF_MEASURE,LOWER_LIMIT,UPPER_LIMIT,SERVICE_ALLOCATION,REMARKS) values (13,8,'29.9-31.0','GHz',29.9,31,'MOBILE SATELLITE (Earth-space)    
K221  K222  K231  K232','Mobile satellite');
Insert into CCK.FREQUENCY_BAND (FREQUENCY_BAND_ID,BAND_DEFINITION_ID,FREQUENCY_BAND_NAME,UNITS_OF_MEASURE,LOWER_LIMIT,UPPER_LIMIT,SERVICE_ALLOCATION,REMARKS) values (14,8,'39.5-40.5','GHz',39.5,40.5,'MOBILE    
K237','Mobile ');
Insert into CCK.FREQUENCY_BAND (FREQUENCY_BAND_ID,BAND_DEFINITION_ID,FREQUENCY_BAND_NAME,UNITS_OF_MEASURE,LOWER_LIMIT,UPPER_LIMIT,SERVICE_ALLOCATION,REMARKS) values (15,8,'43.5-47','GHz',43.5,47,'RADIONAVIGATION SATELLITE K244','Radionavigation satellite');
Insert into CCK.FREQUENCY_BAND (FREQUENCY_BAND_ID,BAND_DEFINITION_ID,FREQUENCY_BAND_NAME,UNITS_OF_MEASURE,LOWER_LIMIT,UPPER_LIMIT,SERVICE_ALLOCATION,REMARKS) values (16,8,'55.78-58.2','GHz',55.78,58.2,'INTER-SATELLITE    
K237, K252, K254','Inter-satellite');
Insert into CCK.FREQUENCY_BAND (FREQUENCY_BAND_ID,BAND_DEFINITION_ID,FREQUENCY_BAND_NAME,UNITS_OF_MEASURE,LOWER_LIMIT,UPPER_LIMIT,SERVICE_ALLOCATION,REMARKS) values (17,8,'74-76','GHz',74,76,'BROADCASTING SATELLITE K257','Broadcasting satellite');
Insert into CCK.FREQUENCY_BAND (FREQUENCY_BAND_ID,BAND_DEFINITION_ID,FREQUENCY_BAND_NAME,UNITS_OF_MEASURE,LOWER_LIMIT,UPPER_LIMIT,SERVICE_ALLOCATION,REMARKS) values (18,8,'94.1-95','GHz',94.1,95,'MOBILE    
K51','Mobile');
Insert into CCK.FREQUENCY_BAND (FREQUENCY_BAND_ID,BAND_DEFINITION_ID,FREQUENCY_BAND_NAME,UNITS_OF_MEASURE,LOWER_LIMIT,UPPER_LIMIT,SERVICE_ALLOCATION,REMARKS) values (19,8,'102-105','GHz',102,105,'RADIO ASTRONOMY    
K51','Radio Astronomy');
Insert into CCK.FREQUENCY_BAND (FREQUENCY_BAND_ID,BAND_DEFINITION_ID,FREQUENCY_BAND_NAME,UNITS_OF_MEASURE,LOWER_LIMIT,UPPER_LIMIT,SERVICE_ALLOCATION,REMARKS) values (20,8,'114.25-116','GHz',114.25,116,'SPACE RESEARCH (passive)    
K250','All emissions prohibited');
Insert into CCK.FREQUENCY_BAND (FREQUENCY_BAND_ID,BAND_DEFINITION_ID,FREQUENCY_BAND_NAME,UNITS_OF_MEASURE,LOWER_LIMIT,UPPER_LIMIT,SERVICE_ALLOCATION,REMARKS) values (21,8,'141-148.5','GHz',141,148.5,'FIXED    
K51','Fixed');
Insert into CCK.FREQUENCY_BAND (FREQUENCY_BAND_ID,BAND_DEFINITION_ID,FREQUENCY_BAND_NAME,UNITS_OF_MEASURE,LOWER_LIMIT,UPPER_LIMIT,SERVICE_ALLOCATION,REMARKS) values (22,8,'155.5-158.5','GHz',155.5,158.5,'MOBILE    
K51  K266','Mobile');
Insert into CCK.FREQUENCY_BAND (FREQUENCY_BAND_ID,BAND_DEFINITION_ID,FREQUENCY_BAND_NAME,UNITS_OF_MEASURE,LOWER_LIMIT,UPPER_LIMIT,SERVICE_ALLOCATION,REMARKS) values (23,8,'174.5-174.8','GHz',174.5,174.8,'MOBILE    
K253','Mobile');
Insert into CCK.FREQUENCY_BAND (FREQUENCY_BAND_ID,BAND_DEFINITION_ID,FREQUENCY_BAND_NAME,UNITS_OF_MEASURE,LOWER_LIMIT,UPPER_LIMIT,SERVICE_ALLOCATION,REMARKS) values (24,7,'3600-4200','MHz',3600,4200,'FIXED-SATELLITE (space - Earth) ','Satellite downlink');
Insert into CCK.FREQUENCY_BAND (FREQUENCY_BAND_ID,BAND_DEFINITION_ID,FREQUENCY_BAND_NAME,UNITS_OF_MEASURE,LOWER_LIMIT,UPPER_LIMIT,SERVICE_ALLOCATION,REMARKS) values (25,2,'117.6 - 126','KHz',117.6,126,'MARITIME MOBILE K11','Maritime Mobile');
Insert into CCK.FREQUENCY_BAND (FREQUENCY_BAND_ID,BAND_DEFINITION_ID,FREQUENCY_BAND_NAME,UNITS_OF_MEASURE,LOWER_LIMIT,UPPER_LIMIT,SERVICE_ALLOCATION,REMARKS) values (26,3,'526.5 -  1606.5 ','KHz',526.5,1606.5,'BROADCASTING   
  K18','Medium Wave sound broadcasting (GE75 Plan)');
Insert into CCK.FREQUENCY_BAND (FREQUENCY_BAND_ID,BAND_DEFINITION_ID,FREQUENCY_BAND_NAME,UNITS_OF_MEASURE,LOWER_LIMIT,UPPER_LIMIT,SERVICE_ALLOCATION,REMARKS) values (27,5,'73.6 - 74.8 ','MHz',73.6,74.8,'MOBILE    
  K58','Land Mobile    
Government use');
Insert into CCK.FREQUENCY_BAND (FREQUENCY_BAND_ID,BAND_DEFINITION_ID,FREQUENCY_BAND_NAME,UNITS_OF_MEASURE,LOWER_LIMIT,UPPER_LIMIT,SERVICE_ALLOCATION,REMARKS) values (28,5,'138- 144 ','MHz',138,144,'FIXED    
  K74 K75','New fixed links  prohibited');
Insert into CCK.FREQUENCY_BAND (FREQUENCY_BAND_ID,BAND_DEFINITION_ID,FREQUENCY_BAND_NAME,UNITS_OF_MEASURE,LOWER_LIMIT,UPPER_LIMIT,SERVICE_ALLOCATION,REMARKS) values (29,5,'159.8 - 160.625 ','MHz',159.8,160.625,'FIXED ','Fixed    
New fixed links prohibited');
Insert into CCK.FREQUENCY_BAND (FREQUENCY_BAND_ID,BAND_DEFINITION_ID,FREQUENCY_BAND_NAME,UNITS_OF_MEASURE,LOWER_LIMIT,UPPER_LIMIT,SERVICE_ALLOCATION,REMARKS) values (30,6,'406.1 - 410 ','MHz',406.1,410,'FIXED    
  K51','Fixed links-Government use');
Insert into CCK.FREQUENCY_BAND (FREQUENCY_BAND_ID,BAND_DEFINITION_ID,FREQUENCY_BAND_NAME,UNITS_OF_MEASURE,LOWER_LIMIT,UPPER_LIMIT,SERVICE_ALLOCATION,REMARKS) values (31,6,'2010-2025 ','MHz',2010,2025,'MOBILE    
K136, K138 K139','Mobile (IMT terrestrial systems)');
Insert into CCK.FREQUENCY_BAND (FREQUENCY_BAND_ID,BAND_DEFINITION_ID,FREQUENCY_BAND_NAME,UNITS_OF_MEASURE,LOWER_LIMIT,UPPER_LIMIT,SERVICE_ALLOCATION,REMARKS) values (32,6,'2200 - 2300 ','MHz',2200,2300,'SPACE RESEARCH    
K143','Space research, space operations and earth exploration');
Insert into CCK.FREQUENCY_BAND (FREQUENCY_BAND_ID,BAND_DEFINITION_ID,FREQUENCY_BAND_NAME,UNITS_OF_MEASURE,LOWER_LIMIT,UPPER_LIMIT,SERVICE_ALLOCATION,REMARKS) values (33,7,'14.5 - 15.35','GHz',14.5,15.35,'FIXED    
  K203','Point-point infrastructure links (cellular base station approach links)    
(channelisation plan ITU-R F. 636)');
Insert into CCK.FREQUENCY_BAND (FREQUENCY_BAND_ID,BAND_DEFINITION_ID,FREQUENCY_BAND_NAME,UNITS_OF_MEASURE,LOWER_LIMIT,UPPER_LIMIT,SERVICE_ALLOCATION,REMARKS) values (34,8,'31.8 - 32','GHz',31.8,32,'RADIONAVIGATION   
K237','Radionavigation');
Insert into CCK.FREQUENCY_BAND (FREQUENCY_BAND_ID,BAND_DEFINITION_ID,FREQUENCY_BAND_NAME,UNITS_OF_MEASURE,LOWER_LIMIT,UPPER_LIMIT,SERVICE_ALLOCATION,REMARKS) values (35,8,'40.5-42.5','GHz',40.5,42.5,'BROADCASTING-SATELLITE    
K237  K241 K242','Broadcasting satellite');
Insert into CCK.FREQUENCY_BAND (FREQUENCY_BAND_ID,BAND_DEFINITION_ID,FREQUENCY_BAND_NAME,UNITS_OF_MEASURE,LOWER_LIMIT,UPPER_LIMIT,SERVICE_ALLOCATION,REMARKS) values (36,8,'59 - 59.3 ','GHz',59,59.3,'MOBILE    
K253','Mobile');
Insert into CCK.FREQUENCY_BAND (FREQUENCY_BAND_ID,BAND_DEFINITION_ID,FREQUENCY_BAND_NAME,UNITS_OF_MEASURE,LOWER_LIMIT,UPPER_LIMIT,SERVICE_ALLOCATION,REMARKS) values (37,8,'74-76','GHz',74,76,'BROADCASTING    
K257','Broadcasting');
Insert into CCK.FREQUENCY_BAND (FREQUENCY_BAND_ID,BAND_DEFINITION_ID,FREQUENCY_BAND_NAME,UNITS_OF_MEASURE,LOWER_LIMIT,UPPER_LIMIT,SERVICE_ALLOCATION,REMARKS) values (38,8,'78 - 79','GHz',78,79,'RADIOLOCATION    
K51  K258','short range automotive radar (77-81 GHz)');
Insert into CCK.FREQUENCY_BAND (FREQUENCY_BAND_ID,BAND_DEFINITION_ID,FREQUENCY_BAND_NAME,UNITS_OF_MEASURE,LOWER_LIMIT,UPPER_LIMIT,SERVICE_ALLOCATION,REMARKS) values (39,8,'100-102','GHz',100,102,'RADIO ASTRONOMY    
K250','All emissions prohibited');
Insert into CCK.FREQUENCY_BAND (FREQUENCY_BAND_ID,BAND_DEFINITION_ID,FREQUENCY_BAND_NAME,UNITS_OF_MEASURE,LOWER_LIMIT,UPPER_LIMIT,SERVICE_ALLOCATION,REMARKS) values (40,8,'130-134','GHz',130,134,'FIXED    
K51  K264','Fixed');
Insert into CCK.FREQUENCY_BAND (FREQUENCY_BAND_ID,BAND_DEFINITION_ID,FREQUENCY_BAND_NAME,UNITS_OF_MEASURE,LOWER_LIMIT,UPPER_LIMIT,SERVICE_ALLOCATION,REMARKS) values (41,8,'151.5-155.5','GHz',151.5,155.5,'RADIOLOCATION    
K51','Radiolocation');
Insert into CCK.FREQUENCY_BAND (FREQUENCY_BAND_ID,BAND_DEFINITION_ID,FREQUENCY_BAND_NAME,UNITS_OF_MEASURE,LOWER_LIMIT,UPPER_LIMIT,SERVICE_ALLOCATION,REMARKS) values (42,8,'190-191.8','GHz',190,191.8,'EARTH EXPLORATION SATELLITE (passive)    
K250','All emissions prohibited');
Insert into CCK.FREQUENCY_BAND (FREQUENCY_BAND_ID,BAND_DEFINITION_ID,FREQUENCY_BAND_NAME,UNITS_OF_MEASURE,LOWER_LIMIT,UPPER_LIMIT,SERVICE_ALLOCATION,REMARKS) values (43,8,'217-226','GHz',217,226,'MOBILE    
K51','Mobile');
Insert into CCK.FREQUENCY_BAND (FREQUENCY_BAND_ID,BAND_DEFINITION_ID,FREQUENCY_BAND_NAME,UNITS_OF_MEASURE,LOWER_LIMIT,UPPER_LIMIT,SERVICE_ALLOCATION,REMARKS) values (44,8,'238-240','GHz',238,240,'FIXED SATELLITE (space-Earth) ','Fixed satellite');
Insert into CCK.FREQUENCY_BAND (FREQUENCY_BAND_ID,BAND_DEFINITION_ID,FREQUENCY_BAND_NAME,UNITS_OF_MEASURE,LOWER_LIMIT,UPPER_LIMIT,SERVICE_ALLOCATION,REMARKS) values (45,8,'265-275','GHz',265,275,'MOBILE ','Mobile ');
Insert into CCK.FREQUENCY_BAND (FREQUENCY_BAND_ID,BAND_DEFINITION_ID,FREQUENCY_BAND_NAME,UNITS_OF_MEASURE,LOWER_LIMIT,UPPER_LIMIT,SERVICE_ALLOCATION,REMARKS) values (46,4,'3900 -  3950','KHz',3900,3950,'AERONAUTICAL MOBILE (OR) ','Aeronautical mobile-off route (Appendix 26 of RRs)');
Insert into CCK.FREQUENCY_BAND (FREQUENCY_BAND_ID,BAND_DEFINITION_ID,FREQUENCY_BAND_NAME,UNITS_OF_MEASURE,LOWER_LIMIT,UPPER_LIMIT,SERVICE_ALLOCATION,REMARKS) values (47,4,'10 100 - 10 150','KHz',10100,10150,'FIXED ','Fixed ');
Insert into CCK.FREQUENCY_BAND (FREQUENCY_BAND_ID,BAND_DEFINITION_ID,FREQUENCY_BAND_NAME,UNITS_OF_MEASURE,LOWER_LIMIT,UPPER_LIMIT,SERVICE_ALLOCATION,REMARKS) values (48,4,'17 410 -  17 480  ','KHz',17410,17480,'FIXED ','Fixed ');
Insert into CCK.FREQUENCY_BAND (FREQUENCY_BAND_ID,BAND_DEFINITION_ID,FREQUENCY_BAND_NAME,UNITS_OF_MEASURE,LOWER_LIMIT,UPPER_LIMIT,SERVICE_ALLOCATION,REMARKS) values (49,4,'23 350- 24890','KHz',23350,24890,'FIXED ','Fixed');
Insert into CCK.FREQUENCY_BAND (FREQUENCY_BAND_ID,BAND_DEFINITION_ID,FREQUENCY_BAND_NAME,UNITS_OF_MEASURE,LOWER_LIMIT,UPPER_LIMIT,SERVICE_ALLOCATION,REMARKS) values (51,7,'5 250 - 5 350 ','MHz',5250,5350,'FIXED    
MOBILE   
K161  K164','Wireless Access Systems (WAS) ');
Insert into CCK.FREQUENCY_BAND (FREQUENCY_BAND_ID,BAND_DEFINITION_ID,FREQUENCY_BAND_NAME,UNITS_OF_MEASURE,LOWER_LIMIT,UPPER_LIMIT,SERVICE_ALLOCATION,REMARKS) values (52,7,'8175 - 8215','MHz',8175,8215,'FIXED-SATELLITE (Earth-space)','Fixed Satellite uplink');
Insert into CCK.FREQUENCY_BAND (FREQUENCY_BAND_ID,BAND_DEFINITION_ID,FREQUENCY_BAND_NAME,UNITS_OF_MEASURE,LOWER_LIMIT,UPPER_LIMIT,SERVICE_ALLOCATION,REMARKS) values (53,7,'10 450 - 10 500','MHz',10450,10500,'RADIOLOCATION  ','Radiolocation');
Insert into CCK.FREQUENCY_BAND (FREQUENCY_BAND_ID,BAND_DEFINITION_ID,FREQUENCY_BAND_NAME,UNITS_OF_MEASURE,LOWER_LIMIT,UPPER_LIMIT,SERVICE_ALLOCATION,REMARKS) values (55,2,'283.5 - 315','KHz',283.5,315,'MARITIME RADIONAVIGATION (radiobeacons)   
 K13  K14','Radiobeacons');
Insert into CCK.FREQUENCY_BAND (FREQUENCY_BAND_ID,BAND_DEFINITION_ID,FREQUENCY_BAND_NAME,UNITS_OF_MEASURE,LOWER_LIMIT,UPPER_LIMIT,SERVICE_ALLOCATION,REMARKS) values (56,1,'Below 9 ','KHz',0,9,'(Not allocated)    K1, K2','The band below 9 KHz is not allocated');
Insert into CCK.FREQUENCY_BAND (FREQUENCY_BAND_ID,BAND_DEFINITION_ID,FREQUENCY_BAND_NAME,UNITS_OF_MEASURE,LOWER_LIMIT,UPPER_LIMIT,SERVICE_ALLOCATION,REMARKS) values (57,1,'09 - 14','KHz',9,14,'RADIONAVIGATION ','radionavigation');
Insert into CCK.FREQUENCY_BAND (FREQUENCY_BAND_ID,BAND_DEFINITION_ID,FREQUENCY_BAND_NAME,UNITS_OF_MEASURE,LOWER_LIMIT,UPPER_LIMIT,SERVICE_ALLOCATION,REMARKS) values (59,1,'19.95 - 20.05 ','KHz',19.95,20.05,'STANDARD TIME AND FREQUENCY SIGNAL  (20 KHz) ','Standard time and frequency signal reception');
Insert into CCK.FREQUENCY_BAND (FREQUENCY_BAND_ID,BAND_DEFINITION_ID,FREQUENCY_BAND_NAME,UNITS_OF_MEASURE,LOWER_LIMIT,UPPER_LIMIT,SERVICE_ALLOCATION,REMARKS) values (60,2,'20.05 - 70','KHz',20.05,70,'FIXED  K3','Fixed');
Insert into CCK.FREQUENCY_BAND (FREQUENCY_BAND_ID,BAND_DEFINITION_ID,FREQUENCY_BAND_NAME,UNITS_OF_MEASURE,LOWER_LIMIT,UPPER_LIMIT,SERVICE_ALLOCATION,REMARKS) values (61,2,'20.05 - 70','KHz',20.05,70,'MARITIME MOBILE    K3, K4','Coast radiotelegraphy');
Insert into CCK.FREQUENCY_BAND (FREQUENCY_BAND_ID,BAND_DEFINITION_ID,FREQUENCY_BAND_NAME,UNITS_OF_MEASURE,LOWER_LIMIT,UPPER_LIMIT,SERVICE_ALLOCATION,REMARKS) values (62,2,'70 -  72','KHz',70,72,'RADIONAVIGATION    K5','radionavigation');
Insert into CCK.FREQUENCY_BAND (FREQUENCY_BAND_ID,BAND_DEFINITION_ID,FREQUENCY_BAND_NAME,UNITS_OF_MEASURE,LOWER_LIMIT,UPPER_LIMIT,SERVICE_ALLOCATION,REMARKS) values (63,2,'72 -  84 ','KHz',72,84,'FIXED    
K3','Fixed ');
Insert into CCK.FREQUENCY_BAND (FREQUENCY_BAND_ID,BAND_DEFINITION_ID,FREQUENCY_BAND_NAME,UNITS_OF_MEASURE,LOWER_LIMIT,UPPER_LIMIT,SERVICE_ALLOCATION,REMARKS) values (64,2,'72 -  84 ','KHz',72,84,'MARITIME MOBILE    
K3, K4','coast radiotelegraphy');
Insert into CCK.FREQUENCY_BAND (FREQUENCY_BAND_ID,BAND_DEFINITION_ID,FREQUENCY_BAND_NAME,UNITS_OF_MEASURE,LOWER_LIMIT,UPPER_LIMIT,SERVICE_ALLOCATION,REMARKS) values (66,2,'84 - 86 ','KHz',84,86,'RADIONAVIGATION    
K5','radionavigation');
Insert into CCK.FREQUENCY_BAND (FREQUENCY_BAND_ID,BAND_DEFINITION_ID,FREQUENCY_BAND_NAME,UNITS_OF_MEASURE,LOWER_LIMIT,UPPER_LIMIT,SERVICE_ALLOCATION,REMARKS) values (67,2,'86 - 90','KHz',86,90,'FIXED   
K3','Fixed');
Insert into CCK.FREQUENCY_BAND (FREQUENCY_BAND_ID,BAND_DEFINITION_ID,FREQUENCY_BAND_NAME,UNITS_OF_MEASURE,LOWER_LIMIT,UPPER_LIMIT,SERVICE_ALLOCATION,REMARKS) values (68,2,'86 - 90','KHz',86,90,'MARITIME MOBILE   
K3, K4','coast radiotelegraphy');
Insert into CCK.FREQUENCY_BAND (FREQUENCY_BAND_ID,BAND_DEFINITION_ID,FREQUENCY_BAND_NAME,UNITS_OF_MEASURE,LOWER_LIMIT,UPPER_LIMIT,SERVICE_ALLOCATION,REMARKS) values (69,2,'86 - 90','KHz',86,90,'RADIONAVIGATION   
K3','radionavigation');
Insert into CCK.FREQUENCY_BAND (FREQUENCY_BAND_ID,BAND_DEFINITION_ID,FREQUENCY_BAND_NAME,UNITS_OF_MEASURE,LOWER_LIMIT,UPPER_LIMIT,SERVICE_ALLOCATION,REMARKS) values (70,2,'90 - 110 ','KHz',90,110,'RADIONAVIGATION   
K6','radionavigation');
Insert into CCK.FREQUENCY_BAND (FREQUENCY_BAND_ID,BAND_DEFINITION_ID,FREQUENCY_BAND_NAME,UNITS_OF_MEASURE,LOWER_LIMIT,UPPER_LIMIT,SERVICE_ALLOCATION,REMARKS) values (71,2,'110 - 112','KHz',110,112,'FIXED K10','Fixed');
Insert into CCK.FREQUENCY_BAND (FREQUENCY_BAND_ID,BAND_DEFINITION_ID,FREQUENCY_BAND_NAME,UNITS_OF_MEASURE,LOWER_LIMIT,UPPER_LIMIT,SERVICE_ALLOCATION,REMARKS) values (72,2,'110 - 112','KHz',110,112,'MARITIME MOBILE K11','Maritime Mobile');
Insert into CCK.FREQUENCY_BAND (FREQUENCY_BAND_ID,BAND_DEFINITION_ID,FREQUENCY_BAND_NAME,UNITS_OF_MEASURE,LOWER_LIMIT,UPPER_LIMIT,SERVICE_ALLOCATION,REMARKS) values (73,2,'110 - 112','KHz',110,112,'RADIONAVIGATION ','Radionavigation');
Insert into CCK.FREQUENCY_BAND (FREQUENCY_BAND_ID,BAND_DEFINITION_ID,FREQUENCY_BAND_NAME,UNITS_OF_MEASURE,LOWER_LIMIT,UPPER_LIMIT,SERVICE_ALLOCATION,REMARKS) values (74,2,'112 -  117.6','KHz',112,117.6,'RADIONAVIGATION K5','Radionavigation');
Insert into CCK.FREQUENCY_BAND (FREQUENCY_BAND_ID,BAND_DEFINITION_ID,FREQUENCY_BAND_NAME,UNITS_OF_MEASURE,LOWER_LIMIT,UPPER_LIMIT,SERVICE_ALLOCATION,REMARKS) values (75,2,'117.6 - 126','KHz',117.6,126,'FIXED K10','Fixed');
Insert into CCK.FREQUENCY_BAND (FREQUENCY_BAND_ID,BAND_DEFINITION_ID,FREQUENCY_BAND_NAME,UNITS_OF_MEASURE,LOWER_LIMIT,UPPER_LIMIT,SERVICE_ALLOCATION,REMARKS) values (76,2,'126 -  129 ','KHz',126,129,'RADIONAVIGATION K5','Radionavigation');
Insert into CCK.FREQUENCY_BAND (FREQUENCY_BAND_ID,BAND_DEFINITION_ID,FREQUENCY_BAND_NAME,UNITS_OF_MEASURE,LOWER_LIMIT,UPPER_LIMIT,SERVICE_ALLOCATION,REMARKS) values (77,2,'129 - 130','KHz',129,130,'FIXED K10','Fixed');
Insert into CCK.FREQUENCY_BAND (FREQUENCY_BAND_ID,BAND_DEFINITION_ID,FREQUENCY_BAND_NAME,UNITS_OF_MEASURE,LOWER_LIMIT,UPPER_LIMIT,SERVICE_ALLOCATION,REMARKS) values (78,2,'129 - 130','KHz',129,130,'MARITIME MOBILE K11','Maritime Mobile');
Insert into CCK.FREQUENCY_BAND (FREQUENCY_BAND_ID,BAND_DEFINITION_ID,FREQUENCY_BAND_NAME,UNITS_OF_MEASURE,LOWER_LIMIT,UPPER_LIMIT,SERVICE_ALLOCATION,REMARKS) values (79,2,'130 - 135.7','KHz',130,135.7,'MARITIME MOBILE   
  K11','Maritime Mobile');
Insert into CCK.FREQUENCY_BAND (FREQUENCY_BAND_ID,BAND_DEFINITION_ID,FREQUENCY_BAND_NAME,UNITS_OF_MEASURE,LOWER_LIMIT,UPPER_LIMIT,SERVICE_ALLOCATION,REMARKS) values (80,2,'130 - 135.7','KHz',130,135.7,'FIXED   
  K10','Fixed');
Insert into CCK.FREQUENCY_BAND (FREQUENCY_BAND_ID,BAND_DEFINITION_ID,FREQUENCY_BAND_NAME,UNITS_OF_MEASURE,LOWER_LIMIT,UPPER_LIMIT,SERVICE_ALLOCATION,REMARKS) values (81,2,'135.7-137.8','KHz',135.7,137.8,'FIXED    
K10','Fixed');
Insert into CCK.FREQUENCY_BAND (FREQUENCY_BAND_ID,BAND_DEFINITION_ID,FREQUENCY_BAND_NAME,UNITS_OF_MEASURE,LOWER_LIMIT,UPPER_LIMIT,SERVICE_ALLOCATION,REMARKS) values (82,2,'135.7-137.8','KHz',135.7,137.8,'MARITIME MOBILE    
K11','Maritime Mobile');
Insert into CCK.FREQUENCY_BAND (FREQUENCY_BAND_ID,BAND_DEFINITION_ID,FREQUENCY_BAND_NAME,UNITS_OF_MEASURE,LOWER_LIMIT,UPPER_LIMIT,SERVICE_ALLOCATION,REMARKS) values (83,2,'135.7-137.8','KHz',135.7,137.8,'Amateur    
K7','Amateur on secondary basis');
Insert into CCK.FREQUENCY_BAND (FREQUENCY_BAND_ID,BAND_DEFINITION_ID,FREQUENCY_BAND_NAME,UNITS_OF_MEASURE,LOWER_LIMIT,UPPER_LIMIT,SERVICE_ALLOCATION,REMARKS) values (84,2,'137.8-148.5','KHz',137.8,148.5,'FIXED    
K10','Fixed');
Insert into CCK.FREQUENCY_BAND (FREQUENCY_BAND_ID,BAND_DEFINITION_ID,FREQUENCY_BAND_NAME,UNITS_OF_MEASURE,LOWER_LIMIT,UPPER_LIMIT,SERVICE_ALLOCATION,REMARKS) values (85,2,'137.8-148.5','KHz',137.8,148.5,'MARITIME MOBILE    
K11','Maritime Mobile');
Insert into CCK.FREQUENCY_BAND (FREQUENCY_BAND_ID,BAND_DEFINITION_ID,FREQUENCY_BAND_NAME,UNITS_OF_MEASURE,LOWER_LIMIT,UPPER_LIMIT,SERVICE_ALLOCATION,REMARKS) values (86,2,'148.5 -  200','KHz',148.5,200,'BROADCASTING   
K18','Low Frequency (LF) sound broadcasting (GE75 Plan)');
Insert into CCK.FREQUENCY_BAND (FREQUENCY_BAND_ID,BAND_DEFINITION_ID,FREQUENCY_BAND_NAME,UNITS_OF_MEASURE,LOWER_LIMIT,UPPER_LIMIT,SERVICE_ALLOCATION,REMARKS) values (87,2,'200 - 283.5','KHz',200,283.5,'AERONAUTICAL RADIONAVIGATION   
K12  ','Radiobeacons ');
Insert into CCK.FREQUENCY_BAND (FREQUENCY_BAND_ID,BAND_DEFINITION_ID,FREQUENCY_BAND_NAME,UNITS_OF_MEASURE,LOWER_LIMIT,UPPER_LIMIT,SERVICE_ALLOCATION,REMARKS) values (88,2,'200 - 283.5','KHz',200,283.5,' ',' ');
Insert into CCK.FREQUENCY_BAND (FREQUENCY_BAND_ID,BAND_DEFINITION_ID,FREQUENCY_BAND_NAME,UNITS_OF_MEASURE,LOWER_LIMIT,UPPER_LIMIT,SERVICE_ALLOCATION,REMARKS) values (89,2,'283.5 - 315','KHz',283.5,315,'AERONAUTICAL RADIONAVIGATION   
  K14','Radiobeacons');
Insert into CCK.FREQUENCY_BAND (FREQUENCY_BAND_ID,BAND_DEFINITION_ID,FREQUENCY_BAND_NAME,UNITS_OF_MEASURE,LOWER_LIMIT,UPPER_LIMIT,SERVICE_ALLOCATION,REMARKS) values (90,3,'315 - 325','KHz',315,325,'AERONAUTICAL RADIONAVIGATION ','Radiobeacons');
Insert into CCK.FREQUENCY_BAND (FREQUENCY_BAND_ID,BAND_DEFINITION_ID,FREQUENCY_BAND_NAME,UNITS_OF_MEASURE,LOWER_LIMIT,UPPER_LIMIT,SERVICE_ALLOCATION,REMARKS) values (91,3,'325 -  405','KHz',325,405,'AERONAUTICAL RADIONAVIGATION ','Radiobeacons');
Insert into CCK.FREQUENCY_BAND (FREQUENCY_BAND_ID,BAND_DEFINITION_ID,FREQUENCY_BAND_NAME,UNITS_OF_MEASURE,LOWER_LIMIT,UPPER_LIMIT,SERVICE_ALLOCATION,REMARKS) values (92,3,'405 -  415 ','KHz',405,415,'RADIONAVIGATION   
  K15','Radiobeacons');
Insert into CCK.FREQUENCY_BAND (FREQUENCY_BAND_ID,BAND_DEFINITION_ID,FREQUENCY_BAND_NAME,UNITS_OF_MEASURE,LOWER_LIMIT,UPPER_LIMIT,SERVICE_ALLOCATION,REMARKS) values (93,3,'415 - 435','KHz',415,435,'AERONAUTICAL RADIONAVIGATION   
  K16','Aeronautical  Radionavigation ');
Insert into CCK.FREQUENCY_BAND (FREQUENCY_BAND_ID,BAND_DEFINITION_ID,FREQUENCY_BAND_NAME,UNITS_OF_MEASURE,LOWER_LIMIT,UPPER_LIMIT,SERVICE_ALLOCATION,REMARKS) values (94,3,'415 - 435','KHz',415,435,'MARITIME MOBILE   
  K19','Use limited to radiotelegraphy');
Insert into CCK.FREQUENCY_BAND (FREQUENCY_BAND_ID,BAND_DEFINITION_ID,FREQUENCY_BAND_NAME,UNITS_OF_MEASURE,LOWER_LIMIT,UPPER_LIMIT,SERVICE_ALLOCATION,REMARKS) values (95,3,'435 - 495','KHz',435,495,'MARITIME MOBILE   
  K19, K20, K16','Maritime mobile');
Insert into CCK.FREQUENCY_BAND (FREQUENCY_BAND_ID,BAND_DEFINITION_ID,FREQUENCY_BAND_NAME,UNITS_OF_MEASURE,LOWER_LIMIT,UPPER_LIMIT,SERVICE_ALLOCATION,REMARKS) values (96,3,'435 - 495','KHz',435,495,'Aeronautical Radionavigation   
  K16','Aeronautical Radionavigation');
Insert into CCK.FREQUENCY_BAND (FREQUENCY_BAND_ID,BAND_DEFINITION_ID,FREQUENCY_BAND_NAME,UNITS_OF_MEASURE,LOWER_LIMIT,UPPER_LIMIT,SERVICE_ALLOCATION,REMARKS) values (97,3,'495 -  505','KHz',495,505,' MOBILE   
K8  
K7','The use of this band is limited to radiotelegraphy');
Insert into CCK.FREQUENCY_BAND (FREQUENCY_BAND_ID,BAND_DEFINITION_ID,FREQUENCY_BAND_NAME,UNITS_OF_MEASURE,LOWER_LIMIT,UPPER_LIMIT,SERVICE_ALLOCATION,REMARKS) values (98,3,'505 - 526.5 ','KHz',505,526.5,'MARITIME MOBILE    
  K17 K19 K20','Maritime Mobile');
Insert into CCK.FREQUENCY_BAND (FREQUENCY_BAND_ID,BAND_DEFINITION_ID,FREQUENCY_BAND_NAME,UNITS_OF_MEASURE,LOWER_LIMIT,UPPER_LIMIT,SERVICE_ALLOCATION,REMARKS) values (99,3,'1606.5 - 1625 ','KHz',1606.5,1625,'MARITIME MOBILE   
  K21 K22','Maritime Mobile');
Insert into CCK.FREQUENCY_BAND (FREQUENCY_BAND_ID,BAND_DEFINITION_ID,FREQUENCY_BAND_NAME,UNITS_OF_MEASURE,LOWER_LIMIT,UPPER_LIMIT,SERVICE_ALLOCATION,REMARKS) values (100,3,'1606.5 - 1625 ','KHz',1606.5,1625,'FIXED   
  K22','Fixed');
Insert into CCK.FREQUENCY_BAND (FREQUENCY_BAND_ID,BAND_DEFINITION_ID,FREQUENCY_BAND_NAME,UNITS_OF_MEASURE,LOWER_LIMIT,UPPER_LIMIT,SERVICE_ALLOCATION,REMARKS) values (101,3,'1606.5 - 1625 ','KHz',1606.5,1625,'LAND MOBILE   
  K22','Land Mobile');
Insert into CCK.FREQUENCY_BAND (FREQUENCY_BAND_ID,BAND_DEFINITION_ID,FREQUENCY_BAND_NAME,UNITS_OF_MEASURE,LOWER_LIMIT,UPPER_LIMIT,SERVICE_ALLOCATION,REMARKS) values (102,3,'1625 -  1635','KHz',1625,1635,'RADIOLOCATION ','Radiolocation');
Insert into CCK.FREQUENCY_BAND (FREQUENCY_BAND_ID,BAND_DEFINITION_ID,FREQUENCY_BAND_NAME,UNITS_OF_MEASURE,LOWER_LIMIT,UPPER_LIMIT,SERVICE_ALLOCATION,REMARKS) values (103,3,'1635 - 1800','KHz',1635,1800,'MARITIME MOBILE   
  K21  K22','Maritime Mobile');
Insert into CCK.FREQUENCY_BAND (FREQUENCY_BAND_ID,BAND_DEFINITION_ID,FREQUENCY_BAND_NAME,UNITS_OF_MEASURE,LOWER_LIMIT,UPPER_LIMIT,SERVICE_ALLOCATION,REMARKS) values (104,3,'1635 - 1800','KHz',1635,1800,'FIXED   
  K22','Fixed');
Insert into CCK.FREQUENCY_BAND (FREQUENCY_BAND_ID,BAND_DEFINITION_ID,FREQUENCY_BAND_NAME,UNITS_OF_MEASURE,LOWER_LIMIT,UPPER_LIMIT,SERVICE_ALLOCATION,REMARKS) values (105,3,'1635 - 1800','KHz',1635,1800,'LAND MOBILE   
  K22','Land Mobile');
Insert into CCK.FREQUENCY_BAND (FREQUENCY_BAND_ID,BAND_DEFINITION_ID,FREQUENCY_BAND_NAME,UNITS_OF_MEASURE,LOWER_LIMIT,UPPER_LIMIT,SERVICE_ALLOCATION,REMARKS) values (106,3,'1800 -  1810 ','KHz',1800,1810,'RADIOLOCATION ','Radiolocation ');
Insert into CCK.FREQUENCY_BAND (FREQUENCY_BAND_ID,BAND_DEFINITION_ID,FREQUENCY_BAND_NAME,UNITS_OF_MEASURE,LOWER_LIMIT,UPPER_LIMIT,SERVICE_ALLOCATION,REMARKS) values (107,3,'1810 -  1850 ','KHz',1810,1850,'AMATEUR ','Amateur (160 meter band )');
Insert into CCK.FREQUENCY_BAND (FREQUENCY_BAND_ID,BAND_DEFINITION_ID,FREQUENCY_BAND_NAME,UNITS_OF_MEASURE,LOWER_LIMIT,UPPER_LIMIT,SERVICE_ALLOCATION,REMARKS) values (108,3,'1850 - 2000 ','KHz',1850,2000,'FIXED   
  K22 K23','Fixed');
Insert into CCK.FREQUENCY_BAND (FREQUENCY_BAND_ID,BAND_DEFINITION_ID,FREQUENCY_BAND_NAME,UNITS_OF_MEASURE,LOWER_LIMIT,UPPER_LIMIT,SERVICE_ALLOCATION,REMARKS) values (109,3,'2000 - 2045 ','KHz',2000,2045,'FIXED   
  K22  K23','Fixed ');
Insert into CCK.FREQUENCY_BAND (FREQUENCY_BAND_ID,BAND_DEFINITION_ID,FREQUENCY_BAND_NAME,UNITS_OF_MEASURE,LOWER_LIMIT,UPPER_LIMIT,SERVICE_ALLOCATION,REMARKS) values (110,3,'2000 - 2045 ','KHz',2000,2045,'MOBILE except aeronautical mobile   
K22  K23','Mobile');
Insert into CCK.FREQUENCY_BAND (FREQUENCY_BAND_ID,BAND_DEFINITION_ID,FREQUENCY_BAND_NAME,UNITS_OF_MEASURE,LOWER_LIMIT,UPPER_LIMIT,SERVICE_ALLOCATION,REMARKS) values (111,3,'2045 - 2160     ','KHz',2045,2160,'MARITIME MOBILE   
  K22','Maritime Mobile');
Insert into CCK.FREQUENCY_BAND (FREQUENCY_BAND_ID,BAND_DEFINITION_ID,FREQUENCY_BAND_NAME,UNITS_OF_MEASURE,LOWER_LIMIT,UPPER_LIMIT,SERVICE_ALLOCATION,REMARKS) values (112,3,'2045 - 2160     ','KHz',2045,2160,'FIXED   
  K22','Fixed');
Insert into CCK.FREQUENCY_BAND (FREQUENCY_BAND_ID,BAND_DEFINITION_ID,FREQUENCY_BAND_NAME,UNITS_OF_MEASURE,LOWER_LIMIT,UPPER_LIMIT,SERVICE_ALLOCATION,REMARKS) values (113,3,'2160 -  2170     ','KHz',2160,2170,'RADIOLOCATION  ','Radiolocation');
Insert into CCK.FREQUENCY_BAND (FREQUENCY_BAND_ID,BAND_DEFINITION_ID,FREQUENCY_BAND_NAME,UNITS_OF_MEASURE,LOWER_LIMIT,UPPER_LIMIT,SERVICE_ALLOCATION,REMARKS) values (114,3,'2170 -  2173.5  ','KHz',2170,2173.5,'MARITIME MOBILE  ','Maritime Mobile');
Insert into CCK.FREQUENCY_BAND (FREQUENCY_BAND_ID,BAND_DEFINITION_ID,FREQUENCY_BAND_NAME,UNITS_OF_MEASURE,LOWER_LIMIT,UPPER_LIMIT,SERVICE_ALLOCATION,REMARKS) values (115,3,'2173.5 - 2190.5','KHz',2173.5,2190.5,'MOBILE (distress and calling)   
  K24 K25 K27 K28','International distress and calling frequencies, GMDSS');
Insert into CCK.FREQUENCY_BAND (FREQUENCY_BAND_ID,BAND_DEFINITION_ID,FREQUENCY_BAND_NAME,UNITS_OF_MEASURE,LOWER_LIMIT,UPPER_LIMIT,SERVICE_ALLOCATION,REMARKS) values (116,3,'2190.5 -  2194','KHz',2190.5,2194,'MARITIME MOBILE   ','Maritime Mobile');
Insert into CCK.FREQUENCY_BAND (FREQUENCY_BAND_ID,BAND_DEFINITION_ID,FREQUENCY_BAND_NAME,UNITS_OF_MEASURE,LOWER_LIMIT,UPPER_LIMIT,SERVICE_ALLOCATION,REMARKS) values (117,3,'2194 - 2300','KHz',2194,2300,'FIXED   
K22 K23','Fixed');
Insert into CCK.FREQUENCY_BAND (FREQUENCY_BAND_ID,BAND_DEFINITION_ID,FREQUENCY_BAND_NAME,UNITS_OF_MEASURE,LOWER_LIMIT,UPPER_LIMIT,SERVICE_ALLOCATION,REMARKS) values (118,3,'2194 - 2300','KHz',2194,2300,'MOBILE (except aeronautical mobile(R)).   
K22 K23','Mobile');
Insert into CCK.FREQUENCY_BAND (FREQUENCY_BAND_ID,BAND_DEFINITION_ID,FREQUENCY_BAND_NAME,UNITS_OF_MEASURE,LOWER_LIMIT,UPPER_LIMIT,SERVICE_ALLOCATION,REMARKS) values (120,3,'2502 - 2625  ','KHz',2502,2625,'FIXED   
  K22 K23','Fixed');
Insert into CCK.FREQUENCY_BAND (FREQUENCY_BAND_ID,BAND_DEFINITION_ID,FREQUENCY_BAND_NAME,UNITS_OF_MEASURE,LOWER_LIMIT,UPPER_LIMIT,SERVICE_ALLOCATION,REMARKS) values (121,3,'2502 - 2625  ','KHz',2502,2625,'MOBILE (except aeronautical mobile)   
  K22 K23','Mobile');
Insert into CCK.FREQUENCY_BAND (FREQUENCY_BAND_ID,BAND_DEFINITION_ID,FREQUENCY_BAND_NAME,UNITS_OF_MEASURE,LOWER_LIMIT,UPPER_LIMIT,SERVICE_ALLOCATION,REMARKS) values (122,3,'2625 - 2650    ','KHz',2625,2650,'MARITIME MOBILE    
K22','Maritime Mobile');
Insert into CCK.FREQUENCY_BAND (FREQUENCY_BAND_ID,BAND_DEFINITION_ID,FREQUENCY_BAND_NAME,UNITS_OF_MEASURE,LOWER_LIMIT,UPPER_LIMIT,SERVICE_ALLOCATION,REMARKS) values (123,3,'2625 - 2650    ','KHz',2625,2650,'MARITIME RADIONAVIGATION   
  K22','Maritime radionavigation');
Insert into CCK.FREQUENCY_BAND (FREQUENCY_BAND_ID,BAND_DEFINITION_ID,FREQUENCY_BAND_NAME,UNITS_OF_MEASURE,LOWER_LIMIT,UPPER_LIMIT,SERVICE_ALLOCATION,REMARKS) values (646,8,'76 - 77.5','GHz',76,77.5,'RADIO ASTRONOMY    
K51','Radio Astronomy');
Insert into CCK.FREQUENCY_BAND (FREQUENCY_BAND_ID,BAND_DEFINITION_ID,FREQUENCY_BAND_NAME,UNITS_OF_MEASURE,LOWER_LIMIT,UPPER_LIMIT,SERVICE_ALLOCATION,REMARKS) values (647,8,'76 - 77.5','GHz',76,77.5,'RADIOLOCATION    
K51','short range automotive radar (76-77 GHz)');
Insert into CCK.FREQUENCY_BAND (FREQUENCY_BAND_ID,BAND_DEFINITION_ID,FREQUENCY_BAND_NAME,UNITS_OF_MEASURE,LOWER_LIMIT,UPPER_LIMIT,SERVICE_ALLOCATION,REMARKS) values (648,8,'77.5 - 78','GHz',77.5,78,'AMATEUR    
K51','Amateur');
Insert into CCK.FREQUENCY_BAND (FREQUENCY_BAND_ID,BAND_DEFINITION_ID,FREQUENCY_BAND_NAME,UNITS_OF_MEASURE,LOWER_LIMIT,UPPER_LIMIT,SERVICE_ALLOCATION,REMARKS) values (649,8,'79 - 81','GHz',79,81,'RADIO ASTRONOMY    
K51','Radio Astronomy');
Insert into CCK.FREQUENCY_BAND (FREQUENCY_BAND_ID,BAND_DEFINITION_ID,FREQUENCY_BAND_NAME,UNITS_OF_MEASURE,LOWER_LIMIT,UPPER_LIMIT,SERVICE_ALLOCATION,REMARKS) values (650,8,'79 - 81','GHz',79,81,'RADIOLOCATION    
K51','short range automotive radar(77-81 GHz)');
Insert into CCK.FREQUENCY_BAND (FREQUENCY_BAND_ID,BAND_DEFINITION_ID,FREQUENCY_BAND_NAME,UNITS_OF_MEASURE,LOWER_LIMIT,UPPER_LIMIT,SERVICE_ALLOCATION,REMARKS) values (651,8,'81 - 84','GHz',81,84,'FIXED    
K51  K259','Fixed');
Insert into CCK.FREQUENCY_BAND (FREQUENCY_BAND_ID,BAND_DEFINITION_ID,FREQUENCY_BAND_NAME,UNITS_OF_MEASURE,LOWER_LIMIT,UPPER_LIMIT,SERVICE_ALLOCATION,REMARKS) values (652,8,'81 - 84','GHz',81,84,'FIXED SATELLITE (Earth - space)    
K51  259','Fixed satellite');
Insert into CCK.FREQUENCY_BAND (FREQUENCY_BAND_ID,BAND_DEFINITION_ID,FREQUENCY_BAND_NAME,UNITS_OF_MEASURE,LOWER_LIMIT,UPPER_LIMIT,SERVICE_ALLOCATION,REMARKS) values (653,8,'81 - 84','GHz',81,84,'MOBILE    
K51  K259','Mobile ');
Insert into CCK.FREQUENCY_BAND (FREQUENCY_BAND_ID,BAND_DEFINITION_ID,FREQUENCY_BAND_NAME,UNITS_OF_MEASURE,LOWER_LIMIT,UPPER_LIMIT,SERVICE_ALLOCATION,REMARKS) values (654,8,'81 - 84','GHz',81,84,'MOBILE SATELLITE (Earth - space)    
K51 K259','Mobile satellite');
Insert into CCK.FREQUENCY_BAND (FREQUENCY_BAND_ID,BAND_DEFINITION_ID,FREQUENCY_BAND_NAME,UNITS_OF_MEASURE,LOWER_LIMIT,UPPER_LIMIT,SERVICE_ALLOCATION,REMARKS) values (655,8,'81 - 84','GHz',81,84,'RADIO ASTRONOMY    
K51, 259','Radio Astronomy');
Insert into CCK.FREQUENCY_BAND (FREQUENCY_BAND_ID,BAND_DEFINITION_ID,FREQUENCY_BAND_NAME,UNITS_OF_MEASURE,LOWER_LIMIT,UPPER_LIMIT,SERVICE_ALLOCATION,REMARKS) values (656,8,'84 - 86','GHz',84,86,'FIXED    
K51','Fixed');
Insert into CCK.FREQUENCY_BAND (FREQUENCY_BAND_ID,BAND_DEFINITION_ID,FREQUENCY_BAND_NAME,UNITS_OF_MEASURE,LOWER_LIMIT,UPPER_LIMIT,SERVICE_ALLOCATION,REMARKS) values (657,8,'84 - 86','GHz',84,86,'FIXED SATELLITE (Earth - space)    
K51','Fixed satellite');
Insert into CCK.FREQUENCY_BAND (FREQUENCY_BAND_ID,BAND_DEFINITION_ID,FREQUENCY_BAND_NAME,UNITS_OF_MEASURE,LOWER_LIMIT,UPPER_LIMIT,SERVICE_ALLOCATION,REMARKS) values (658,8,'84 - 86','GHz',84,86,'MOBILE    
K51','Mobile');
Insert into CCK.FREQUENCY_BAND (FREQUENCY_BAND_ID,BAND_DEFINITION_ID,FREQUENCY_BAND_NAME,UNITS_OF_MEASURE,LOWER_LIMIT,UPPER_LIMIT,SERVICE_ALLOCATION,REMARKS) values (659,8,'84 - 86','GHz',84,86,'RADIO ASTRONOMY    
K51','Radio Astronomy');
Insert into CCK.FREQUENCY_BAND (FREQUENCY_BAND_ID,BAND_DEFINITION_ID,FREQUENCY_BAND_NAME,UNITS_OF_MEASURE,LOWER_LIMIT,UPPER_LIMIT,SERVICE_ALLOCATION,REMARKS) values (660,8,'86 - 92','GHz',86,92,'EARTH EXPLORATION SATELLITE (passive)    
K250','All emissions prohibited');
Insert into CCK.FREQUENCY_BAND (FREQUENCY_BAND_ID,BAND_DEFINITION_ID,FREQUENCY_BAND_NAME,UNITS_OF_MEASURE,LOWER_LIMIT,UPPER_LIMIT,SERVICE_ALLOCATION,REMARKS) values (661,8,'86 - 92','GHz',86,92,'RADIO ASTRONOMY    
K250','All emissions prohibited');
Insert into CCK.FREQUENCY_BAND (FREQUENCY_BAND_ID,BAND_DEFINITION_ID,FREQUENCY_BAND_NAME,UNITS_OF_MEASURE,LOWER_LIMIT,UPPER_LIMIT,SERVICE_ALLOCATION,REMARKS) values (662,8,'86 - 92','GHz',86,92,'SPACE RESEARCH (passive)    
K250','All emissions prohibited');
Insert into CCK.FREQUENCY_BAND (FREQUENCY_BAND_ID,BAND_DEFINITION_ID,FREQUENCY_BAND_NAME,UNITS_OF_MEASURE,LOWER_LIMIT,UPPER_LIMIT,SERVICE_ALLOCATION,REMARKS) values (663,8,'92-94','GHz',92,94,'FIXED    
K51','Fixed');
Insert into CCK.FREQUENCY_BAND (FREQUENCY_BAND_ID,BAND_DEFINITION_ID,FREQUENCY_BAND_NAME,UNITS_OF_MEASURE,LOWER_LIMIT,UPPER_LIMIT,SERVICE_ALLOCATION,REMARKS) values (664,8,'92-94','GHz',92,94,'MOBILE    
K51','Mobile');
Insert into CCK.FREQUENCY_BAND (FREQUENCY_BAND_ID,BAND_DEFINITION_ID,FREQUENCY_BAND_NAME,UNITS_OF_MEASURE,LOWER_LIMIT,UPPER_LIMIT,SERVICE_ALLOCATION,REMARKS) values (665,8,'92-94','GHz',92,94,'RADIO ASTRONOMY    
K51','Radio Astronomy');
Insert into CCK.FREQUENCY_BAND (FREQUENCY_BAND_ID,BAND_DEFINITION_ID,FREQUENCY_BAND_NAME,UNITS_OF_MEASURE,LOWER_LIMIT,UPPER_LIMIT,SERVICE_ALLOCATION,REMARKS) values (666,8,'92-94','GHz',92,94,'RADIOLOCATION    
K51','Radiolocation');
Insert into CCK.FREQUENCY_BAND (FREQUENCY_BAND_ID,BAND_DEFINITION_ID,FREQUENCY_BAND_NAME,UNITS_OF_MEASURE,LOWER_LIMIT,UPPER_LIMIT,SERVICE_ALLOCATION,REMARKS) values (667,8,'94-94.1','GHz',94,94.1,'EARTH EXPLORATION SATELLITE (active)    
K260  K261','Earth exploration satellite');
Insert into CCK.FREQUENCY_BAND (FREQUENCY_BAND_ID,BAND_DEFINITION_ID,FREQUENCY_BAND_NAME,UNITS_OF_MEASURE,LOWER_LIMIT,UPPER_LIMIT,SERVICE_ALLOCATION,REMARKS) values (668,8,'94-94.1','GHz',94,94.1,'RADIO ASTRONOMY    
K260  K261','Radio astronomy');
Insert into CCK.FREQUENCY_BAND (FREQUENCY_BAND_ID,BAND_DEFINITION_ID,FREQUENCY_BAND_NAME,UNITS_OF_MEASURE,LOWER_LIMIT,UPPER_LIMIT,SERVICE_ALLOCATION,REMARKS) values (669,8,'94.1-95','GHz',94.1,95,'FIXED    
K51','Fixed');
Insert into CCK.FREQUENCY_BAND (FREQUENCY_BAND_ID,BAND_DEFINITION_ID,FREQUENCY_BAND_NAME,UNITS_OF_MEASURE,LOWER_LIMIT,UPPER_LIMIT,SERVICE_ALLOCATION,REMARKS) values (670,8,'94.1-95','GHz',94.1,95,'RADIO ASTRONOMY    
K51','Radio Astronomy');
Insert into CCK.FREQUENCY_BAND (FREQUENCY_BAND_ID,BAND_DEFINITION_ID,FREQUENCY_BAND_NAME,UNITS_OF_MEASURE,LOWER_LIMIT,UPPER_LIMIT,SERVICE_ALLOCATION,REMARKS) values (671,8,'94.1-95','GHz',94.1,95,'RADIOLOCATION    
K51','Radiolocation');
Insert into CCK.FREQUENCY_BAND (FREQUENCY_BAND_ID,BAND_DEFINITION_ID,FREQUENCY_BAND_NAME,UNITS_OF_MEASURE,LOWER_LIMIT,UPPER_LIMIT,SERVICE_ALLOCATION,REMARKS) values (672,8,'95-100','GHz',95,100,'FIXED    
K51 K244','Fixed');
Insert into CCK.FREQUENCY_BAND (FREQUENCY_BAND_ID,BAND_DEFINITION_ID,FREQUENCY_BAND_NAME,UNITS_OF_MEASURE,LOWER_LIMIT,UPPER_LIMIT,SERVICE_ALLOCATION,REMARKS) values (673,8,'95-100','GHz',95,100,'MOBILE    
K51 K244','Mobile');
Insert into CCK.FREQUENCY_BAND (FREQUENCY_BAND_ID,BAND_DEFINITION_ID,FREQUENCY_BAND_NAME,UNITS_OF_MEASURE,LOWER_LIMIT,UPPER_LIMIT,SERVICE_ALLOCATION,REMARKS) values (674,8,'95-100','GHz',95,100,'RADIO ASTRONOMY    
K51 K244','Radio Astronomy');
Insert into CCK.FREQUENCY_BAND (FREQUENCY_BAND_ID,BAND_DEFINITION_ID,FREQUENCY_BAND_NAME,UNITS_OF_MEASURE,LOWER_LIMIT,UPPER_LIMIT,SERVICE_ALLOCATION,REMARKS) values (675,8,'95-100','GHz',95,100,'RADIOLOCATION    
K51 K265','Radiolocation');
Insert into CCK.FREQUENCY_BAND (FREQUENCY_BAND_ID,BAND_DEFINITION_ID,FREQUENCY_BAND_NAME,UNITS_OF_MEASURE,LOWER_LIMIT,UPPER_LIMIT,SERVICE_ALLOCATION,REMARKS) values (676,8,'95-100','GHz',95,100,'RADIONAVIGATION    
K51 K244','Radionavigation');
Insert into CCK.FREQUENCY_BAND (FREQUENCY_BAND_ID,BAND_DEFINITION_ID,FREQUENCY_BAND_NAME,UNITS_OF_MEASURE,LOWER_LIMIT,UPPER_LIMIT,SERVICE_ALLOCATION,REMARKS) values (677,8,'95-100','GHz',95,100,'RADIONAVIGATION SATELLITE    
K51 K244','Radionavigation satellite');
Insert into CCK.FREQUENCY_BAND (FREQUENCY_BAND_ID,BAND_DEFINITION_ID,FREQUENCY_BAND_NAME,UNITS_OF_MEASURE,LOWER_LIMIT,UPPER_LIMIT,SERVICE_ALLOCATION,REMARKS) values (678,8,'100-102','GHz',100,102,'SPACE RESEARCH (passive)    
  K250','All emissions prohibited');
Insert into CCK.FREQUENCY_BAND (FREQUENCY_BAND_ID,BAND_DEFINITION_ID,FREQUENCY_BAND_NAME,UNITS_OF_MEASURE,LOWER_LIMIT,UPPER_LIMIT,SERVICE_ALLOCATION,REMARKS) values (679,8,'102-105','GHz',102,105,'FIXED    
K51','Fixed');
Insert into CCK.FREQUENCY_BAND (FREQUENCY_BAND_ID,BAND_DEFINITION_ID,FREQUENCY_BAND_NAME,UNITS_OF_MEASURE,LOWER_LIMIT,UPPER_LIMIT,SERVICE_ALLOCATION,REMARKS) values (680,8,'102-105','GHz',102,105,'MOBILE    
K51','Mobile');
Insert into CCK.FREQUENCY_BAND (FREQUENCY_BAND_ID,BAND_DEFINITION_ID,FREQUENCY_BAND_NAME,UNITS_OF_MEASURE,LOWER_LIMIT,UPPER_LIMIT,SERVICE_ALLOCATION,REMARKS) values (681,8,'105-109.5','GHz',105,109.5,'FIXED    
K51','Fixed ');
Insert into CCK.FREQUENCY_BAND (FREQUENCY_BAND_ID,BAND_DEFINITION_ID,FREQUENCY_BAND_NAME,UNITS_OF_MEASURE,LOWER_LIMIT,UPPER_LIMIT,SERVICE_ALLOCATION,REMARKS) values (682,8,'105-109.5','GHz',105,109.5,'MOBILE    
K51','Mobile');
Insert into CCK.FREQUENCY_BAND (FREQUENCY_BAND_ID,BAND_DEFINITION_ID,FREQUENCY_BAND_NAME,UNITS_OF_MEASURE,LOWER_LIMIT,UPPER_LIMIT,SERVICE_ALLOCATION,REMARKS) values (683,8,'105-109.5','GHz',105,109.5,'SPACE RESEARCH (passive)    
K51 K262','Space Research');
Insert into CCK.FREQUENCY_BAND (FREQUENCY_BAND_ID,BAND_DEFINITION_ID,FREQUENCY_BAND_NAME,UNITS_OF_MEASURE,LOWER_LIMIT,UPPER_LIMIT,SERVICE_ALLOCATION,REMARKS) values (684,8,'109.5-111.8','GHz',109.5,111.8,'EARTH EXPLORATION SATELLITE (passive)    
K250','All emissions prohibited');
Insert into CCK.FREQUENCY_BAND (FREQUENCY_BAND_ID,BAND_DEFINITION_ID,FREQUENCY_BAND_NAME,UNITS_OF_MEASURE,LOWER_LIMIT,UPPER_LIMIT,SERVICE_ALLOCATION,REMARKS) values (685,8,'109.5-111.8','GHz',109.5,111.8,'RADIO ASTRONOMY    
K250','All emissions prohibited');
Insert into CCK.FREQUENCY_BAND (FREQUENCY_BAND_ID,BAND_DEFINITION_ID,FREQUENCY_BAND_NAME,UNITS_OF_MEASURE,LOWER_LIMIT,UPPER_LIMIT,SERVICE_ALLOCATION,REMARKS) values (686,8,'109.5-111.8','GHz',109.5,111.8,'SPACE RESEARCH (passive)    
K250','All emissions prohibited');
Insert into CCK.FREQUENCY_BAND (FREQUENCY_BAND_ID,BAND_DEFINITION_ID,FREQUENCY_BAND_NAME,UNITS_OF_MEASURE,LOWER_LIMIT,UPPER_LIMIT,SERVICE_ALLOCATION,REMARKS) values (687,8,'111.8-114.25','GHz',111.8,114.25,'FIXED    
K51','Fixed');
Insert into CCK.FREQUENCY_BAND (FREQUENCY_BAND_ID,BAND_DEFINITION_ID,FREQUENCY_BAND_NAME,UNITS_OF_MEASURE,LOWER_LIMIT,UPPER_LIMIT,SERVICE_ALLOCATION,REMARKS) values (688,8,'111.8-114.25','GHz',111.8,114.25,'MOBILE    
K51','Mobile');
Insert into CCK.FREQUENCY_BAND (FREQUENCY_BAND_ID,BAND_DEFINITION_ID,FREQUENCY_BAND_NAME,UNITS_OF_MEASURE,LOWER_LIMIT,UPPER_LIMIT,SERVICE_ALLOCATION,REMARKS) values (689,8,'111.8-114.25','GHz',111.8,114.25,'RADIO ASTRONOMY    
K51','Radio Astronomy');
Insert into CCK.FREQUENCY_BAND (FREQUENCY_BAND_ID,BAND_DEFINITION_ID,FREQUENCY_BAND_NAME,UNITS_OF_MEASURE,LOWER_LIMIT,UPPER_LIMIT,SERVICE_ALLOCATION,REMARKS) values (690,8,'111.8-114.25','GHz',111.8,114.25,'SPACE RESEARCH (passive)    
K51  K262','Space Research');
Insert into CCK.FREQUENCY_BAND (FREQUENCY_BAND_ID,BAND_DEFINITION_ID,FREQUENCY_BAND_NAME,UNITS_OF_MEASURE,LOWER_LIMIT,UPPER_LIMIT,SERVICE_ALLOCATION,REMARKS) values (691,8,'114.25-116','GHz',114.25,116,'EARTH EXPLORATION SATELLITE (passive)    
K250','All emissions prohibited');
Insert into CCK.FREQUENCY_BAND (FREQUENCY_BAND_ID,BAND_DEFINITION_ID,FREQUENCY_BAND_NAME,UNITS_OF_MEASURE,LOWER_LIMIT,UPPER_LIMIT,SERVICE_ALLOCATION,REMARKS) values (692,8,'114.25-116','GHz',114.25,116,'RADIO ASTRONOMY    
K244','All emissions prohibited');
Insert into CCK.FREQUENCY_BAND (FREQUENCY_BAND_ID,BAND_DEFINITION_ID,FREQUENCY_BAND_NAME,UNITS_OF_MEASURE,LOWER_LIMIT,UPPER_LIMIT,SERVICE_ALLOCATION,REMARKS) values (694,8,'116-119.98','GHz',116,119.98,'SPACE RESEARCH (passive) ','Space Research');
Insert into CCK.FREQUENCY_BAND (FREQUENCY_BAND_ID,BAND_DEFINITION_ID,FREQUENCY_BAND_NAME,UNITS_OF_MEASURE,LOWER_LIMIT,UPPER_LIMIT,SERVICE_ALLOCATION,REMARKS) values (695,8,'119.98-122.25','GHz',119.98,122.25,'EARTH EXPLORATION SATELLITE (passive) ','Earth exploration satellite');
Insert into CCK.FREQUENCY_BAND (FREQUENCY_BAND_ID,BAND_DEFINITION_ID,FREQUENCY_BAND_NAME,UNITS_OF_MEASURE,LOWER_LIMIT,UPPER_LIMIT,SERVICE_ALLOCATION,REMARKS) values (696,8,'119.98-122.25','GHz',119.98,122.25,'SPACE RESEARCH (passive) ','Space Research');
Insert into CCK.FREQUENCY_BAND (FREQUENCY_BAND_ID,BAND_DEFINITION_ID,FREQUENCY_BAND_NAME,UNITS_OF_MEASURE,LOWER_LIMIT,UPPER_LIMIT,SERVICE_ALLOCATION,REMARKS) values (697,8,'122.25-123','GHz',122.25,123,'FIXED ','Fixed    
ISM');
Insert into CCK.FREQUENCY_BAND (FREQUENCY_BAND_ID,BAND_DEFINITION_ID,FREQUENCY_BAND_NAME,UNITS_OF_MEASURE,LOWER_LIMIT,UPPER_LIMIT,SERVICE_ALLOCATION,REMARKS) values (698,8,'122.25-123','GHz',122.25,123,'INTER-SATELLITE ','Inter-satellite Links');
Insert into CCK.FREQUENCY_BAND (FREQUENCY_BAND_ID,BAND_DEFINITION_ID,FREQUENCY_BAND_NAME,UNITS_OF_MEASURE,LOWER_LIMIT,UPPER_LIMIT,SERVICE_ALLOCATION,REMARKS) values (699,8,'122.25-123','GHz',122.25,123,'MOBILE    
K253','Mobile');
Insert into CCK.FREQUENCY_BAND (FREQUENCY_BAND_ID,BAND_DEFINITION_ID,FREQUENCY_BAND_NAME,UNITS_OF_MEASURE,LOWER_LIMIT,UPPER_LIMIT,SERVICE_ALLOCATION,REMARKS) values (700,8,'123-130','GHz',123,130,'FIXED SATELLITE (space-Earth)    
K51  K244','Fixed satellite');
Insert into CCK.FREQUENCY_BAND (FREQUENCY_BAND_ID,BAND_DEFINITION_ID,FREQUENCY_BAND_NAME,UNITS_OF_MEASURE,LOWER_LIMIT,UPPER_LIMIT,SERVICE_ALLOCATION,REMARKS) values (701,8,'123-130','GHz',123,130,'MOBILE SATELLITE (space-Earth)    
K51  K244','Mobile satellite');
Insert into CCK.FREQUENCY_BAND (FREQUENCY_BAND_ID,BAND_DEFINITION_ID,FREQUENCY_BAND_NAME,UNITS_OF_MEASURE,LOWER_LIMIT,UPPER_LIMIT,SERVICE_ALLOCATION,REMARKS) values (703,8,'123-130','GHz',123,130,'RADIONAVIGATION SATELLITE    
K51 K244','Radionavigation satellite');
Insert into CCK.FREQUENCY_BAND (FREQUENCY_BAND_ID,BAND_DEFINITION_ID,FREQUENCY_BAND_NAME,UNITS_OF_MEASURE,LOWER_LIMIT,UPPER_LIMIT,SERVICE_ALLOCATION,REMARKS) values (704,8,'130-134','GHz',130,134,'EARTH EXPLORATION SATELLITE (passive)    
K51  K261  K264','Earth exploration satellite');
Insert into CCK.FREQUENCY_BAND (FREQUENCY_BAND_ID,BAND_DEFINITION_ID,FREQUENCY_BAND_NAME,UNITS_OF_MEASURE,LOWER_LIMIT,UPPER_LIMIT,SERVICE_ALLOCATION,REMARKS) values (705,8,'130-134','GHz',130,134,'INTER-SATELLITE    
K50  K2661','Inter-satellite links');
Insert into CCK.FREQUENCY_BAND (FREQUENCY_BAND_ID,BAND_DEFINITION_ID,FREQUENCY_BAND_NAME,UNITS_OF_MEASURE,LOWER_LIMIT,UPPER_LIMIT,SERVICE_ALLOCATION,REMARKS) values (706,8,'130-134','GHz',130,134,'MOBILE    
K51  K253  K261','Mobile');
Insert into CCK.FREQUENCY_BAND (FREQUENCY_BAND_ID,BAND_DEFINITION_ID,FREQUENCY_BAND_NAME,UNITS_OF_MEASURE,LOWER_LIMIT,UPPER_LIMIT,SERVICE_ALLOCATION,REMARKS) values (707,8,'130-134','GHz',130,134,'RADIO ASTRONOMY    
K51  K261','Radio Astronomy');
Insert into CCK.FREQUENCY_BAND (FREQUENCY_BAND_ID,BAND_DEFINITION_ID,FREQUENCY_BAND_NAME,UNITS_OF_MEASURE,LOWER_LIMIT,UPPER_LIMIT,SERVICE_ALLOCATION,REMARKS) values (708,8,'134-136','GHz',134,136,'AMATEUR ','Amateur');
Insert into CCK.FREQUENCY_BAND (FREQUENCY_BAND_ID,BAND_DEFINITION_ID,FREQUENCY_BAND_NAME,UNITS_OF_MEASURE,LOWER_LIMIT,UPPER_LIMIT,SERVICE_ALLOCATION,REMARKS) values (709,8,'136-141','GHz',136,141,'RADIO ASTRONOMY    
K51','Radio Astronomy');
Insert into CCK.FREQUENCY_BAND (FREQUENCY_BAND_ID,BAND_DEFINITION_ID,FREQUENCY_BAND_NAME,UNITS_OF_MEASURE,LOWER_LIMIT,UPPER_LIMIT,SERVICE_ALLOCATION,REMARKS) values (710,8,'136-141','GHz',136,141,'RADIOLOCATION    
K51','Radiolocation');
Insert into CCK.FREQUENCY_BAND (FREQUENCY_BAND_ID,BAND_DEFINITION_ID,FREQUENCY_BAND_NAME,UNITS_OF_MEASURE,LOWER_LIMIT,UPPER_LIMIT,SERVICE_ALLOCATION,REMARKS) values (711,8,'141-148.5','GHz',141,148.5,'RADIOLOCATION    
K51','Radiolocation');
Insert into CCK.FREQUENCY_BAND (FREQUENCY_BAND_ID,BAND_DEFINITION_ID,FREQUENCY_BAND_NAME,UNITS_OF_MEASURE,LOWER_LIMIT,UPPER_LIMIT,SERVICE_ALLOCATION,REMARKS) values (712,8,'148.5-151.5','GHz',148.5,151.5,'EARTH EXPLORATION SATELLITE (passive)    
K250','Earth exploration satellite');
Insert into CCK.FREQUENCY_BAND (FREQUENCY_BAND_ID,BAND_DEFINITION_ID,FREQUENCY_BAND_NAME,UNITS_OF_MEASURE,LOWER_LIMIT,UPPER_LIMIT,SERVICE_ALLOCATION,REMARKS) values (713,8,'148.5-151.5','GHz',148.5,151.5,'RADIO ASTRONOMY    
K250','Radio astronomy');
Insert into CCK.FREQUENCY_BAND (FREQUENCY_BAND_ID,BAND_DEFINITION_ID,FREQUENCY_BAND_NAME,UNITS_OF_MEASURE,LOWER_LIMIT,UPPER_LIMIT,SERVICE_ALLOCATION,REMARKS) values (714,8,'148.5-151.5','GHz',148.5,151.5,'SPACE RESEARCH (passive)    
K250','Space research');
Insert into CCK.FREQUENCY_BAND (FREQUENCY_BAND_ID,BAND_DEFINITION_ID,FREQUENCY_BAND_NAME,UNITS_OF_MEASURE,LOWER_LIMIT,UPPER_LIMIT,SERVICE_ALLOCATION,REMARKS) values (715,8,'151.5-155.5','GHz',151.5,155.5,'FIXED    
K51','Fixed');
Insert into CCK.FREQUENCY_BAND (FREQUENCY_BAND_ID,BAND_DEFINITION_ID,FREQUENCY_BAND_NAME,UNITS_OF_MEASURE,LOWER_LIMIT,UPPER_LIMIT,SERVICE_ALLOCATION,REMARKS) values (716,8,'151.5-155.5','GHz',151.5,155.5,'MOBILE    
K51','Mobile');
Insert into CCK.FREQUENCY_BAND (FREQUENCY_BAND_ID,BAND_DEFINITION_ID,FREQUENCY_BAND_NAME,UNITS_OF_MEASURE,LOWER_LIMIT,UPPER_LIMIT,SERVICE_ALLOCATION,REMARKS) values (717,8,'155.5-158.5','GHz',155.5,158.5,'EARTH EXPLORATION SATELLITE (passive)    
K51 K265  K266','Earth exploration satellite');
Insert into CCK.FREQUENCY_BAND (FREQUENCY_BAND_ID,BAND_DEFINITION_ID,FREQUENCY_BAND_NAME,UNITS_OF_MEASURE,LOWER_LIMIT,UPPER_LIMIT,SERVICE_ALLOCATION,REMARKS) values (718,8,'155.5-158.5','GHz',155.5,158.5,'FIXED    
K51  K266','Fixed');
Insert into CCK.FREQUENCY_BAND (FREQUENCY_BAND_ID,BAND_DEFINITION_ID,FREQUENCY_BAND_NAME,UNITS_OF_MEASURE,LOWER_LIMIT,UPPER_LIMIT,SERVICE_ALLOCATION,REMARKS) values (719,8,'155.5-158.5','GHz',155.5,158.5,'RADIO ASTRONOMY    
K51  K266','Radio astronomy');
Insert into CCK.FREQUENCY_BAND (FREQUENCY_BAND_ID,BAND_DEFINITION_ID,FREQUENCY_BAND_NAME,UNITS_OF_MEASURE,LOWER_LIMIT,UPPER_LIMIT,SERVICE_ALLOCATION,REMARKS) values (720,8,'155.5-158.5','GHz',155.5,158.5,'SPACE RESEARCH (passive)    
 K51  K262 K265','Space Research');
Insert into CCK.FREQUENCY_BAND (FREQUENCY_BAND_ID,BAND_DEFINITION_ID,FREQUENCY_BAND_NAME,UNITS_OF_MEASURE,LOWER_LIMIT,UPPER_LIMIT,SERVICE_ALLOCATION,REMARKS) values (721,8,'158.5-164','GHz',158.5,164,'FIXED SATELLITE (space-Earth) ','Fixed satellite');
Insert into CCK.FREQUENCY_BAND (FREQUENCY_BAND_ID,BAND_DEFINITION_ID,FREQUENCY_BAND_NAME,UNITS_OF_MEASURE,LOWER_LIMIT,UPPER_LIMIT,SERVICE_ALLOCATION,REMARKS) values (722,8,'158.5-164','GHz',158.5,164,'MOBILE ','Mobile');
Insert into CCK.FREQUENCY_BAND (FREQUENCY_BAND_ID,BAND_DEFINITION_ID,FREQUENCY_BAND_NAME,UNITS_OF_MEASURE,LOWER_LIMIT,UPPER_LIMIT,SERVICE_ALLOCATION,REMARKS) values (723,8,'158.5-164','GHz',158.5,164,'MOBILE SATELLITE (space-earth) ','Mobile satellite');
Insert into CCK.FREQUENCY_BAND (FREQUENCY_BAND_ID,BAND_DEFINITION_ID,FREQUENCY_BAND_NAME,UNITS_OF_MEASURE,LOWER_LIMIT,UPPER_LIMIT,SERVICE_ALLOCATION,REMARKS) values (724,8,'164-167','GHz',164,167,'EARTH EXPLORATION SATELLITE (passive)    
K250','All emissions prohibited');
Insert into CCK.FREQUENCY_BAND (FREQUENCY_BAND_ID,BAND_DEFINITION_ID,FREQUENCY_BAND_NAME,UNITS_OF_MEASURE,LOWER_LIMIT,UPPER_LIMIT,SERVICE_ALLOCATION,REMARKS) values (725,8,'164-167','GHz',164,167,'RADIO ASTRONOMY    
K250','All emissions prohibited');
Insert into CCK.FREQUENCY_BAND (FREQUENCY_BAND_ID,BAND_DEFINITION_ID,FREQUENCY_BAND_NAME,UNITS_OF_MEASURE,LOWER_LIMIT,UPPER_LIMIT,SERVICE_ALLOCATION,REMARKS) values (726,8,'164-167','GHz',164,167,'SPACE RESEARCH (passive)    
K250','All emissions prohibited');
Insert into CCK.FREQUENCY_BAND (FREQUENCY_BAND_ID,BAND_DEFINITION_ID,FREQUENCY_BAND_NAME,UNITS_OF_MEASURE,LOWER_LIMIT,UPPER_LIMIT,SERVICE_ALLOCATION,REMARKS) values (727,8,'167-174.5','GHz',167,174.5,'FIXED    
K51','Fixed');
Insert into CCK.FREQUENCY_BAND (FREQUENCY_BAND_ID,BAND_DEFINITION_ID,FREQUENCY_BAND_NAME,UNITS_OF_MEASURE,LOWER_LIMIT,UPPER_LIMIT,SERVICE_ALLOCATION,REMARKS) values (728,8,'167-174.5','GHz',167,174.5,'MOBILE    
K51 K253','Mobile');
Insert into CCK.FREQUENCY_BAND (FREQUENCY_BAND_ID,BAND_DEFINITION_ID,FREQUENCY_BAND_NAME,UNITS_OF_MEASURE,LOWER_LIMIT,UPPER_LIMIT,SERVICE_ALLOCATION,REMARKS) values (729,8,'174.5-174.8','GHz',174.5,174.8,'FIXED ','Fixed');
Insert into CCK.FREQUENCY_BAND (FREQUENCY_BAND_ID,BAND_DEFINITION_ID,FREQUENCY_BAND_NAME,UNITS_OF_MEASURE,LOWER_LIMIT,UPPER_LIMIT,SERVICE_ALLOCATION,REMARKS) values (730,8,'174.5-174.8','GHz',174.5,174.8,'INTER-SATELLITE ','Inter-satellite links');
Insert into CCK.FREQUENCY_BAND (FREQUENCY_BAND_ID,BAND_DEFINITION_ID,FREQUENCY_BAND_NAME,UNITS_OF_MEASURE,LOWER_LIMIT,UPPER_LIMIT,SERVICE_ALLOCATION,REMARKS) values (731,8,'174.8-182','GHz',174.8,182,'EARTH EXPLORATION SATELLITE (passive) ','Earth exploration satellite');
Insert into CCK.FREQUENCY_BAND (FREQUENCY_BAND_ID,BAND_DEFINITION_ID,FREQUENCY_BAND_NAME,UNITS_OF_MEASURE,LOWER_LIMIT,UPPER_LIMIT,SERVICE_ALLOCATION,REMARKS) values (732,8,'174.8-182','GHz',174.8,182,'INTER-SATELLITE    
K267','Inter-satellite links');
Insert into CCK.FREQUENCY_BAND (FREQUENCY_BAND_ID,BAND_DEFINITION_ID,FREQUENCY_BAND_NAME,UNITS_OF_MEASURE,LOWER_LIMIT,UPPER_LIMIT,SERVICE_ALLOCATION,REMARKS) values (733,8,'174.8-182','GHz',174.8,182,'SPACE RESEARCH (passive) ','Space research');
Insert into CCK.FREQUENCY_BAND (FREQUENCY_BAND_ID,BAND_DEFINITION_ID,FREQUENCY_BAND_NAME,UNITS_OF_MEASURE,LOWER_LIMIT,UPPER_LIMIT,SERVICE_ALLOCATION,REMARKS) values (734,8,'182-185','GHz',182,185,'EARTH EXPLORATION SATELLITE (passive)    
 K250','All emissions prohibited');
Insert into CCK.FREQUENCY_BAND (FREQUENCY_BAND_ID,BAND_DEFINITION_ID,FREQUENCY_BAND_NAME,UNITS_OF_MEASURE,LOWER_LIMIT,UPPER_LIMIT,SERVICE_ALLOCATION,REMARKS) values (735,8,'182-185','GHz',182,185,'RADIO ASTRONOMY    
 K250','All emissions prohibited');
Insert into CCK.FREQUENCY_BAND (FREQUENCY_BAND_ID,BAND_DEFINITION_ID,FREQUENCY_BAND_NAME,UNITS_OF_MEASURE,LOWER_LIMIT,UPPER_LIMIT,SERVICE_ALLOCATION,REMARKS) values (736,8,'182-185','GHz',182,185,'SPACE RESEARCH (passive)    
 K250','All emissions prohibited');
Insert into CCK.FREQUENCY_BAND (FREQUENCY_BAND_ID,BAND_DEFINITION_ID,FREQUENCY_BAND_NAME,UNITS_OF_MEASURE,LOWER_LIMIT,UPPER_LIMIT,SERVICE_ALLOCATION,REMARKS) values (737,8,'185-190','GHz',185,190,'EARTH EXPLORATION SATELLITE (passive) ','Earth exploration satellite');
Insert into CCK.FREQUENCY_BAND (FREQUENCY_BAND_ID,BAND_DEFINITION_ID,FREQUENCY_BAND_NAME,UNITS_OF_MEASURE,LOWER_LIMIT,UPPER_LIMIT,SERVICE_ALLOCATION,REMARKS) values (738,8,'185-190','GHz',185,190,'INTER-SATELLITE    
K267','Inter-satellite links');
Insert into CCK.FREQUENCY_BAND (FREQUENCY_BAND_ID,BAND_DEFINITION_ID,FREQUENCY_BAND_NAME,UNITS_OF_MEASURE,LOWER_LIMIT,UPPER_LIMIT,SERVICE_ALLOCATION,REMARKS) values (739,8,'185-190','GHz',185,190,'SPACE RESEARCH (passive) ','Space research');
Insert into CCK.FREQUENCY_BAND (FREQUENCY_BAND_ID,BAND_DEFINITION_ID,FREQUENCY_BAND_NAME,UNITS_OF_MEASURE,LOWER_LIMIT,UPPER_LIMIT,SERVICE_ALLOCATION,REMARKS) values (740,8,'190-191.8','GHz',190,191.8,'SPACE RESEARCH (passive)    
K250','All emissions prohibited');
Insert into CCK.FREQUENCY_BAND (FREQUENCY_BAND_ID,BAND_DEFINITION_ID,FREQUENCY_BAND_NAME,UNITS_OF_MEASURE,LOWER_LIMIT,UPPER_LIMIT,SERVICE_ALLOCATION,REMARKS) values (741,8,'191.8-200','GHz',191.8,200,'FIXED    
K51  K244','Fixed');
Insert into CCK.FREQUENCY_BAND (FREQUENCY_BAND_ID,BAND_DEFINITION_ID,FREQUENCY_BAND_NAME,UNITS_OF_MEASURE,LOWER_LIMIT,UPPER_LIMIT,SERVICE_ALLOCATION,REMARKS) values (742,8,'191.8-200','GHz',191.8,200,'MOBILE SATELLITE    
K51 K244','Mobile');
Insert into CCK.FREQUENCY_BAND (FREQUENCY_BAND_ID,BAND_DEFINITION_ID,FREQUENCY_BAND_NAME,UNITS_OF_MEASURE,LOWER_LIMIT,UPPER_LIMIT,SERVICE_ALLOCATION,REMARKS) values (743,8,'191.8-200','GHz',191.8,200,'RADIONAVIGATION    
K51 K244','Radionavigation');
Insert into CCK.FREQUENCY_BAND (FREQUENCY_BAND_ID,BAND_DEFINITION_ID,FREQUENCY_BAND_NAME,UNITS_OF_MEASURE,LOWER_LIMIT,UPPER_LIMIT,SERVICE_ALLOCATION,REMARKS) values (744,8,'191.8-200','GHz',191.8,200,'RADIONAVIGATION SATELLITE    
K511 K244','Radionavigation satellite');
Insert into CCK.FREQUENCY_BAND (FREQUENCY_BAND_ID,BAND_DEFINITION_ID,FREQUENCY_BAND_NAME,UNITS_OF_MEASURE,LOWER_LIMIT,UPPER_LIMIT,SERVICE_ALLOCATION,REMARKS) values (745,8,'200-209','GHz',200,209,'EARTH EXPLORATION SATELLITE (passive)    
K250  K268','All emissions prohibited');
Insert into CCK.FREQUENCY_BAND (FREQUENCY_BAND_ID,BAND_DEFINITION_ID,FREQUENCY_BAND_NAME,UNITS_OF_MEASURE,LOWER_LIMIT,UPPER_LIMIT,SERVICE_ALLOCATION,REMARKS) values (746,8,'200-209','GHz',200,209,'RADIO ASTRONOMY    
K250  K268','All emissions prohibited');
Insert into CCK.FREQUENCY_BAND (FREQUENCY_BAND_ID,BAND_DEFINITION_ID,FREQUENCY_BAND_NAME,UNITS_OF_MEASURE,LOWER_LIMIT,UPPER_LIMIT,SERVICE_ALLOCATION,REMARKS) values (747,8,'200-209','GHz',200,209,'SPACE RESEARCH (passive)    
K250  K268','All emissions prohibited');
Insert into CCK.FREQUENCY_BAND (FREQUENCY_BAND_ID,BAND_DEFINITION_ID,FREQUENCY_BAND_NAME,UNITS_OF_MEASURE,LOWER_LIMIT,UPPER_LIMIT,SERVICE_ALLOCATION,REMARKS) values (749,8,'209-217','GHz',209,217,'FIXED SATELLITE (Earth-space)    
K51','Fixed satellite');
Insert into CCK.FREQUENCY_BAND (FREQUENCY_BAND_ID,BAND_DEFINITION_ID,FREQUENCY_BAND_NAME,UNITS_OF_MEASURE,LOWER_LIMIT,UPPER_LIMIT,SERVICE_ALLOCATION,REMARKS) values (750,8,'209-217','GHz',209,217,'MOBILE    
K51','Mobile');
Insert into CCK.FREQUENCY_BAND (FREQUENCY_BAND_ID,BAND_DEFINITION_ID,FREQUENCY_BAND_NAME,UNITS_OF_MEASURE,LOWER_LIMIT,UPPER_LIMIT,SERVICE_ALLOCATION,REMARKS) values (751,8,'209-217','GHz',209,217,'RADIO ASTRONOMY    
K51','Radio Astronomy');
Insert into CCK.FREQUENCY_BAND (FREQUENCY_BAND_ID,BAND_DEFINITION_ID,FREQUENCY_BAND_NAME,UNITS_OF_MEASURE,LOWER_LIMIT,UPPER_LIMIT,SERVICE_ALLOCATION,REMARKS) values (752,8,'217-226','GHz',217,226,'FIXED    
K51','Fixed');
Insert into CCK.FREQUENCY_BAND (FREQUENCY_BAND_ID,BAND_DEFINITION_ID,FREQUENCY_BAND_NAME,UNITS_OF_MEASURE,LOWER_LIMIT,UPPER_LIMIT,SERVICE_ALLOCATION,REMARKS) values (753,8,'217-226','GHz',217,226,'FIXED SATELLITE (Earth-space)    
K51','Fixed satellite');
Insert into CCK.FREQUENCY_BAND (FREQUENCY_BAND_ID,BAND_DEFINITION_ID,FREQUENCY_BAND_NAME,UNITS_OF_MEASURE,LOWER_LIMIT,UPPER_LIMIT,SERVICE_ALLOCATION,REMARKS) values (755,8,'217-226','GHz',217,226,'SPACE RESEARCH (passive)    
K51  K29','Space Research');
Insert into CCK.FREQUENCY_BAND (FREQUENCY_BAND_ID,BAND_DEFINITION_ID,FREQUENCY_BAND_NAME,UNITS_OF_MEASURE,LOWER_LIMIT,UPPER_LIMIT,SERVICE_ALLOCATION,REMARKS) values (756,8,'226-231.5','GHz',226,231.5,'EARTH EXPLORATION SATELLITE (passive)    
K250','All emissions prohibited');
Insert into CCK.FREQUENCY_BAND (FREQUENCY_BAND_ID,BAND_DEFINITION_ID,FREQUENCY_BAND_NAME,UNITS_OF_MEASURE,LOWER_LIMIT,UPPER_LIMIT,SERVICE_ALLOCATION,REMARKS) values (757,8,'226-231.5','GHz',226,231.5,'RADIO ASTRONOMY    
K250','All emissions prohibited');
Insert into CCK.FREQUENCY_BAND (FREQUENCY_BAND_ID,BAND_DEFINITION_ID,FREQUENCY_BAND_NAME,UNITS_OF_MEASURE,LOWER_LIMIT,UPPER_LIMIT,SERVICE_ALLOCATION,REMARKS) values (758,8,'226-231.5','GHz',226,231.5,'SPACE RESEARCH (passive)    
K250','All emissions prohibited');
Insert into CCK.FREQUENCY_BAND (FREQUENCY_BAND_ID,BAND_DEFINITION_ID,FREQUENCY_BAND_NAME,UNITS_OF_MEASURE,LOWER_LIMIT,UPPER_LIMIT,SERVICE_ALLOCATION,REMARKS) values (759,8,'231.5-232','GHz',231.5,232,'FIXED ','Fixed');
Insert into CCK.FREQUENCY_BAND (FREQUENCY_BAND_ID,BAND_DEFINITION_ID,FREQUENCY_BAND_NAME,UNITS_OF_MEASURE,LOWER_LIMIT,UPPER_LIMIT,SERVICE_ALLOCATION,REMARKS) values (760,8,'231.5-232','GHz',231.5,232,'MOBILE ','Mobile');
Insert into CCK.FREQUENCY_BAND (FREQUENCY_BAND_ID,BAND_DEFINITION_ID,FREQUENCY_BAND_NAME,UNITS_OF_MEASURE,LOWER_LIMIT,UPPER_LIMIT,SERVICE_ALLOCATION,REMARKS) values (761,8,'232-235','GHz',232,235,'FIXED ','Fixed');
Insert into CCK.FREQUENCY_BAND (FREQUENCY_BAND_ID,BAND_DEFINITION_ID,FREQUENCY_BAND_NAME,UNITS_OF_MEASURE,LOWER_LIMIT,UPPER_LIMIT,SERVICE_ALLOCATION,REMARKS) values (762,8,'232-235','GHz',232,235,'FIXED SATELLITE (space-Earth) ','Fixed satellite');
Insert into CCK.FREQUENCY_BAND (FREQUENCY_BAND_ID,BAND_DEFINITION_ID,FREQUENCY_BAND_NAME,UNITS_OF_MEASURE,LOWER_LIMIT,UPPER_LIMIT,SERVICE_ALLOCATION,REMARKS) values (763,8,'232-235','GHz',232,235,'MOBILE ','Mobile');
Insert into CCK.FREQUENCY_BAND (FREQUENCY_BAND_ID,BAND_DEFINITION_ID,FREQUENCY_BAND_NAME,UNITS_OF_MEASURE,LOWER_LIMIT,UPPER_LIMIT,SERVICE_ALLOCATION,REMARKS) values (764,8,'235-238','GHz',235,238,'EARTH EXPLORATION SATELLITE (passive)    
K268  K269','Earth exploration satellite');
Insert into CCK.FREQUENCY_BAND (FREQUENCY_BAND_ID,BAND_DEFINITION_ID,FREQUENCY_BAND_NAME,UNITS_OF_MEASURE,LOWER_LIMIT,UPPER_LIMIT,SERVICE_ALLOCATION,REMARKS) values (765,8,'235-238','GHz',235,238,'FIXED SATELLITE (space-Earth)    
K268  K269','Fixed satellite');
Insert into CCK.FREQUENCY_BAND (FREQUENCY_BAND_ID,BAND_DEFINITION_ID,FREQUENCY_BAND_NAME,UNITS_OF_MEASURE,LOWER_LIMIT,UPPER_LIMIT,SERVICE_ALLOCATION,REMARKS) values (766,8,'235-238','GHz',235,238,'SPACE RESEARCH (passive)    
 K268, K269','Space research ');
Insert into CCK.FREQUENCY_BAND (FREQUENCY_BAND_ID,BAND_DEFINITION_ID,FREQUENCY_BAND_NAME,UNITS_OF_MEASURE,LOWER_LIMIT,UPPER_LIMIT,SERVICE_ALLOCATION,REMARKS) values (767,8,'238-240','GHz',238,240,'FIXED ','Fixed');
Insert into CCK.FREQUENCY_BAND (FREQUENCY_BAND_ID,BAND_DEFINITION_ID,FREQUENCY_BAND_NAME,UNITS_OF_MEASURE,LOWER_LIMIT,UPPER_LIMIT,SERVICE_ALLOCATION,REMARKS) values (768,8,'238-240','GHz',238,240,'MOBILE ','Mobile');
Insert into CCK.FREQUENCY_BAND (FREQUENCY_BAND_ID,BAND_DEFINITION_ID,FREQUENCY_BAND_NAME,UNITS_OF_MEASURE,LOWER_LIMIT,UPPER_LIMIT,SERVICE_ALLOCATION,REMARKS) values (769,8,'238-240','GHz',238,240,'RADIOLOCATION ','Radiolocation');
Insert into CCK.FREQUENCY_BAND (FREQUENCY_BAND_ID,BAND_DEFINITION_ID,FREQUENCY_BAND_NAME,UNITS_OF_MEASURE,LOWER_LIMIT,UPPER_LIMIT,SERVICE_ALLOCATION,REMARKS) values (770,8,'238-240','GHz',238,240,'RADIONAVIGATION ','Radionavigation');
Insert into CCK.FREQUENCY_BAND (FREQUENCY_BAND_ID,BAND_DEFINITION_ID,FREQUENCY_BAND_NAME,UNITS_OF_MEASURE,LOWER_LIMIT,UPPER_LIMIT,SERVICE_ALLOCATION,REMARKS) values (771,8,'238-240','GHz',238,240,'RADIONAVIGATION SATELLITE ','Radionavigation satellite');
Insert into CCK.FREQUENCY_BAND (FREQUENCY_BAND_ID,BAND_DEFINITION_ID,FREQUENCY_BAND_NAME,UNITS_OF_MEASURE,LOWER_LIMIT,UPPER_LIMIT,SERVICE_ALLOCATION,REMARKS) values (772,8,'240-241','GHz',240,241,'FIXED ','Fixed');
Insert into CCK.FREQUENCY_BAND (FREQUENCY_BAND_ID,BAND_DEFINITION_ID,FREQUENCY_BAND_NAME,UNITS_OF_MEASURE,LOWER_LIMIT,UPPER_LIMIT,SERVICE_ALLOCATION,REMARKS) values (773,8,'240-241','GHz',240,241,'MOBILE ','Mobile');
Insert into CCK.FREQUENCY_BAND (FREQUENCY_BAND_ID,BAND_DEFINITION_ID,FREQUENCY_BAND_NAME,UNITS_OF_MEASURE,LOWER_LIMIT,UPPER_LIMIT,SERVICE_ALLOCATION,REMARKS) values (308,6,'400.15 -  406','MHz',400.15,406,'METEOROLOGICAL SATELLITE SERVICES ','Meteorological aids');
Insert into CCK.FREQUENCY_BAND (FREQUENCY_BAND_ID,BAND_DEFINITION_ID,FREQUENCY_BAND_NAME,UNITS_OF_MEASURE,LOWER_LIMIT,UPPER_LIMIT,SERVICE_ALLOCATION,REMARKS) values (309,6,'406.0 -  406.1 ','MHz',406,406.1,'MOBILE-SATELLITE (Earth-space)    
  K93','Low power EPIRBs for Search and Rescue');
Insert into CCK.FREQUENCY_BAND (FREQUENCY_BAND_ID,BAND_DEFINITION_ID,FREQUENCY_BAND_NAME,UNITS_OF_MEASURE,LOWER_LIMIT,UPPER_LIMIT,SERVICE_ALLOCATION,REMARKS) values (310,6,'406.1 - 410 ','MHz',406.1,410,'MOBILE except aeronautical mobile   
K51','Government use');
Insert into CCK.FREQUENCY_BAND (FREQUENCY_BAND_ID,BAND_DEFINITION_ID,FREQUENCY_BAND_NAME,UNITS_OF_MEASURE,LOWER_LIMIT,UPPER_LIMIT,SERVICE_ALLOCATION,REMARKS) values (311,6,'410 - 430      
    
    
    
    
 ','MHz',410,430,'MOBILE    
  K94     
    
    
    
 ','Land Mobile    
(Trunked Radio)     
    
    
    
 ');
Insert into CCK.FREQUENCY_BAND (FREQUENCY_BAND_ID,BAND_DEFINITION_ID,FREQUENCY_BAND_NAME,UNITS_OF_MEASURE,LOWER_LIMIT,UPPER_LIMIT,SERVICE_ALLOCATION,REMARKS) values (312,6,'410 - 430      
    
    
    
    
 ','MHz',410,430,'FIXED    
K94','Fixed    
New fixed links prohibited');
Insert into CCK.FREQUENCY_BAND (FREQUENCY_BAND_ID,BAND_DEFINITION_ID,FREQUENCY_BAND_NAME,UNITS_OF_MEASURE,LOWER_LIMIT,UPPER_LIMIT,SERVICE_ALLOCATION,REMARKS) values (313,6,'430-450 ','MHz',430,450,'MOBILE    
K95 K96','Land Mobile    
Low power private radio (PMR 446)');
Insert into CCK.FREQUENCY_BAND (FREQUENCY_BAND_ID,BAND_DEFINITION_ID,FREQUENCY_BAND_NAME,UNITS_OF_MEASURE,LOWER_LIMIT,UPPER_LIMIT,SERVICE_ALLOCATION,REMARKS) values (314,6,'430-450 ','MHz',430,450,'Amateur    
K96','Amateur    
User licence required');
Insert into CCK.FREQUENCY_BAND (FREQUENCY_BAND_ID,BAND_DEFINITION_ID,FREQUENCY_BAND_NAME,UNITS_OF_MEASURE,LOWER_LIMIT,UPPER_LIMIT,SERVICE_ALLOCATION,REMARKS) values (315,6,'450 - 451 ','MHz',450,451,'FIXED ','Fixed Wireless Access   
Radio Alarms');
Insert into CCK.FREQUENCY_BAND (FREQUENCY_BAND_ID,BAND_DEFINITION_ID,FREQUENCY_BAND_NAME,UNITS_OF_MEASURE,LOWER_LIMIT,UPPER_LIMIT,SERVICE_ALLOCATION,REMARKS) values (316,6,'450 - 451 ','MHz',450,451,'MOBILE   
K97','Private land mobile ');
Insert into CCK.FREQUENCY_BAND (FREQUENCY_BAND_ID,BAND_DEFINITION_ID,FREQUENCY_BAND_NAME,UNITS_OF_MEASURE,LOWER_LIMIT,UPPER_LIMIT,SERVICE_ALLOCATION,REMARKS) values (317,6,'451 - 455 ','MHz',451,455,'FIXED ','Fixed Wireless Access');
Insert into CCK.FREQUENCY_BAND (FREQUENCY_BAND_ID,BAND_DEFINITION_ID,FREQUENCY_BAND_NAME,UNITS_OF_MEASURE,LOWER_LIMIT,UPPER_LIMIT,SERVICE_ALLOCATION,REMARKS) values (318,6,'451 - 455 ','MHz',451,455,'MOBILE   
K97','Wide area paging ');
Insert into CCK.FREQUENCY_BAND (FREQUENCY_BAND_ID,BAND_DEFINITION_ID,FREQUENCY_BAND_NAME,UNITS_OF_MEASURE,LOWER_LIMIT,UPPER_LIMIT,SERVICE_ALLOCATION,REMARKS) values (319,6,'460 - 461 ','MHz',460,461,'FIXED ','Fixed   
Radio Alarms');
Insert into CCK.FREQUENCY_BAND (FREQUENCY_BAND_ID,BAND_DEFINITION_ID,FREQUENCY_BAND_NAME,UNITS_OF_MEASURE,LOWER_LIMIT,UPPER_LIMIT,SERVICE_ALLOCATION,REMARKS) values (320,6,'460 - 461 ','MHz',460,461,'MOBILE   
K97','Land mobile');
Insert into CCK.FREQUENCY_BAND (FREQUENCY_BAND_ID,BAND_DEFINITION_ID,FREQUENCY_BAND_NAME,UNITS_OF_MEASURE,LOWER_LIMIT,UPPER_LIMIT,SERVICE_ALLOCATION,REMARKS) values (321,6,'461- 465 ','MHz',461,465,'MOBILE    
K97','Private land mobile    
Wide area paging');
Insert into CCK.FREQUENCY_BAND (FREQUENCY_BAND_ID,BAND_DEFINITION_ID,FREQUENCY_BAND_NAME,UNITS_OF_MEASURE,LOWER_LIMIT,UPPER_LIMIT,SERVICE_ALLOCATION,REMARKS) values (322,6,'465 - 470 ','MHz',465,470,'MOBILE    
K97    
FIXED   
  K98','Fixed Wireless Access    
New fixed links prohibited');
Insert into CCK.FREQUENCY_BAND (FREQUENCY_BAND_ID,BAND_DEFINITION_ID,FREQUENCY_BAND_NAME,UNITS_OF_MEASURE,LOWER_LIMIT,UPPER_LIMIT,SERVICE_ALLOCATION,REMARKS) values (323,6,'806-862','MHz',806,862,'FIXED    
K101','Fixed    
Fixed wireless access');
Insert into CCK.FREQUENCY_BAND (FREQUENCY_BAND_ID,BAND_DEFINITION_ID,FREQUENCY_BAND_NAME,UNITS_OF_MEASURE,LOWER_LIMIT,UPPER_LIMIT,SERVICE_ALLOCATION,REMARKS) values (324,6,'806-862','MHz',806,862,'MOBILE    
K101','Mobile    
Band identified for IMT services');
Insert into CCK.FREQUENCY_BAND (FREQUENCY_BAND_ID,BAND_DEFINITION_ID,FREQUENCY_BAND_NAME,UNITS_OF_MEASURE,LOWER_LIMIT,UPPER_LIMIT,SERVICE_ALLOCATION,REMARKS) values (325,6,'862 - 960 ','MHz',862,960,'FIXED    
  K101','Fixed    
Fixed wireless access networks    
    
 ');
Insert into CCK.FREQUENCY_BAND (FREQUENCY_BAND_ID,BAND_DEFINITION_ID,FREQUENCY_BAND_NAME,UNITS_OF_MEASURE,LOWER_LIMIT,UPPER_LIMIT,SERVICE_ALLOCATION,REMARKS) values (326,6,'862 - 960 ','MHz',862,960,'MOBILE    
  K102, K103 ','Public cellular Mobile networks ');
Insert into CCK.FREQUENCY_BAND (FREQUENCY_BAND_ID,BAND_DEFINITION_ID,FREQUENCY_BAND_NAME,UNITS_OF_MEASURE,LOWER_LIMIT,UPPER_LIMIT,SERVICE_ALLOCATION,REMARKS) values (327,6,'960 - 1164','MHz',960,1164,'AERONAUTICAL RADIONAVIGATION   
  K105   
AERONAUTICAL MOBILE (R)   
K104','Aeronautical radionavigation, Distance measuring equipment');
Insert into CCK.FREQUENCY_BAND (FREQUENCY_BAND_ID,BAND_DEFINITION_ID,FREQUENCY_BAND_NAME,UNITS_OF_MEASURE,LOWER_LIMIT,UPPER_LIMIT,SERVICE_ALLOCATION,REMARKS) values (329,6,'1164 - 1215','MHz',1164,1215,'RADIONAVIGATION SATELLITE   
  K106,  K107','Radionavigation satellite');
Insert into CCK.FREQUENCY_BAND (FREQUENCY_BAND_ID,BAND_DEFINITION_ID,FREQUENCY_BAND_NAME,UNITS_OF_MEASURE,LOWER_LIMIT,UPPER_LIMIT,SERVICE_ALLOCATION,REMARKS) values (330,6,'1215 - 1300','MHz',1215,1300,'RADIOLOCATION   
K51, K110','Radiolocation');
Insert into CCK.FREQUENCY_BAND (FREQUENCY_BAND_ID,BAND_DEFINITION_ID,FREQUENCY_BAND_NAME,UNITS_OF_MEASURE,LOWER_LIMIT,UPPER_LIMIT,SERVICE_ALLOCATION,REMARKS) values (331,6,'1300 - 1350','MHz',1300,1350,'AERONAUTICAL RADIONAVIGATION   
K108, K112','Radio navigation, Radar');
Insert into CCK.FREQUENCY_BAND (FREQUENCY_BAND_ID,BAND_DEFINITION_ID,FREQUENCY_BAND_NAME,UNITS_OF_MEASURE,LOWER_LIMIT,UPPER_LIMIT,SERVICE_ALLOCATION,REMARKS) values (332,6,'1350 - 1400','MHz',1350,1400,'FIXED    
  K51, ','Fixed Point-point links    
Channel plan ITU-R F.1242');
Insert into CCK.FREQUENCY_BAND (FREQUENCY_BAND_ID,BAND_DEFINITION_ID,FREQUENCY_BAND_NAME,UNITS_OF_MEASURE,LOWER_LIMIT,UPPER_LIMIT,SERVICE_ALLOCATION,REMARKS) values (333,6,'1350 - 1400','MHz',1350,1400,'MOBILE   
K51,','Mobile');
Insert into CCK.FREQUENCY_BAND (FREQUENCY_BAND_ID,BAND_DEFINITION_ID,FREQUENCY_BAND_NAME,UNITS_OF_MEASURE,LOWER_LIMIT,UPPER_LIMIT,SERVICE_ALLOCATION,REMARKS) values (334,6,'1350 - 1400','MHz',1350,1400,'RADIOLOCATION   
K51,','Radiolocation');
Insert into CCK.FREQUENCY_BAND (FREQUENCY_BAND_ID,BAND_DEFINITION_ID,FREQUENCY_BAND_NAME,UNITS_OF_MEASURE,LOWER_LIMIT,UPPER_LIMIT,SERVICE_ALLOCATION,REMARKS) values (335,6,'1400- 1427','MHz',1400,1427,'SPACE SERVICES    
  K113','All emissions prohibited');
Insert into CCK.FREQUENCY_BAND (FREQUENCY_BAND_ID,BAND_DEFINITION_ID,FREQUENCY_BAND_NAME,UNITS_OF_MEASURE,LOWER_LIMIT,UPPER_LIMIT,SERVICE_ALLOCATION,REMARKS) values (337,6,'1427 - 1429','MHz',1427,1429,'MOBILE ','Mobile');
Insert into CCK.FREQUENCY_BAND (FREQUENCY_BAND_ID,BAND_DEFINITION_ID,FREQUENCY_BAND_NAME,UNITS_OF_MEASURE,LOWER_LIMIT,UPPER_LIMIT,SERVICE_ALLOCATION,REMARKS) values (338,6,'1427 - 1429','MHz',1427,1429,'SPACE OPERATIONS ','Space operations');
Insert into CCK.FREQUENCY_BAND (FREQUENCY_BAND_ID,BAND_DEFINITION_ID,FREQUENCY_BAND_NAME,UNITS_OF_MEASURE,LOWER_LIMIT,UPPER_LIMIT,SERVICE_ALLOCATION,REMARKS) values (339,6,'1429- 1525 ','MHz',1429,1525,'FIXED    
K116','Point to point infrastructure links    
Channel plan ITU-R F.1242     
Rural point-multi point telephony (FWA)   
Channel plan ITU-R F.701   
Fixed /FWA prohibited in band 1452-1492 MHz');
Insert into CCK.FREQUENCY_BAND (FREQUENCY_BAND_ID,BAND_DEFINITION_ID,FREQUENCY_BAND_NAME,UNITS_OF_MEASURE,LOWER_LIMIT,UPPER_LIMIT,SERVICE_ALLOCATION,REMARKS) values (340,6,'1429- 1525 ','MHz',1429,1525,'BROADCASTING    
  K114, K115  K116 ','Satellite and terrestrial digital audio broadcasting (DAB)    
(1452-1492 MHz)');
Insert into CCK.FREQUENCY_BAND (FREQUENCY_BAND_ID,BAND_DEFINITION_ID,FREQUENCY_BAND_NAME,UNITS_OF_MEASURE,LOWER_LIMIT,UPPER_LIMIT,SERVICE_ALLOCATION,REMARKS) values (341,6,'1429- 1525 ','MHz',1429,1525,'MOBILE SATELLITE (space-Earth)    
K117,','Mobile satellite service    
Limited to 1518-1525 MHz');
Insert into CCK.FREQUENCY_BAND (FREQUENCY_BAND_ID,BAND_DEFINITION_ID,FREQUENCY_BAND_NAME,UNITS_OF_MEASURE,LOWER_LIMIT,UPPER_LIMIT,SERVICE_ALLOCATION,REMARKS) values (342,6,'1525- 1530 ','MHz',1525,1530,'MARITIME MOBILE-SATELLITE (space -Earth)    
  K1119, K120, K139 K116 K118','Maritime mobile');
Insert into CCK.FREQUENCY_BAND (FREQUENCY_BAND_ID,BAND_DEFINITION_ID,FREQUENCY_BAND_NAME,UNITS_OF_MEASURE,LOWER_LIMIT,UPPER_LIMIT,SERVICE_ALLOCATION,REMARKS) values (343,6,'1525- 1530 ','MHz',1525,1530,'SPACE OPERATION    
  K119, K116','Space operation');
Insert into CCK.FREQUENCY_BAND (FREQUENCY_BAND_ID,BAND_DEFINITION_ID,FREQUENCY_BAND_NAME,UNITS_OF_MEASURE,LOWER_LIMIT,UPPER_LIMIT,SERVICE_ALLOCATION,REMARKS) values (344,6,'1530- 1535','MHz',1530,1535,'SPACE OPERATION (space-Earth)    
K119, K116','Space operation');
Insert into CCK.FREQUENCY_BAND (FREQUENCY_BAND_ID,BAND_DEFINITION_ID,FREQUENCY_BAND_NAME,UNITS_OF_MEASURE,LOWER_LIMIT,UPPER_LIMIT,SERVICE_ALLOCATION,REMARKS) values (345,6,'1530- 1535','MHz',1530,1535,'MOBILE-SATELLITE (space- Earth)    
  K119 K120,K140, K116 K118','Maritime mobile satellite downlink, Inmarsat');
Insert into CCK.FREQUENCY_BAND (FREQUENCY_BAND_ID,BAND_DEFINITION_ID,FREQUENCY_BAND_NAME,UNITS_OF_MEASURE,LOWER_LIMIT,UPPER_LIMIT,SERVICE_ALLOCATION,REMARKS) values (346,6,'1530- 1535','MHz',1530,1535,'LAND MOBILE SATELLITE    
  K119, K120, K140, K116   
K118','Mobile satellite');
Insert into CCK.FREQUENCY_BAND (FREQUENCY_BAND_ID,BAND_DEFINITION_ID,FREQUENCY_BAND_NAME,UNITS_OF_MEASURE,LOWER_LIMIT,UPPER_LIMIT,SERVICE_ALLOCATION,REMARKS) values (347,6,'1535 -  1544','MHz',1535,1544,'MOBILE- SATELLITE (space-Earth)    
K119, K120, K140 K116 K118','Maritime mobile satellite downlink, Inmarsat');
Insert into CCK.FREQUENCY_BAND (FREQUENCY_BAND_ID,BAND_DEFINITION_ID,FREQUENCY_BAND_NAME,UNITS_OF_MEASURE,LOWER_LIMIT,UPPER_LIMIT,SERVICE_ALLOCATION,REMARKS) values (348,6,'1544- 1545','MHz',1544,1545,'MOBILE-SATELLITE (space-Earth)    
K122, K140 K116  K118','Mobile satellite    
GMDSS');
Insert into CCK.FREQUENCY_BAND (FREQUENCY_BAND_ID,BAND_DEFINITION_ID,FREQUENCY_BAND_NAME,UNITS_OF_MEASURE,LOWER_LIMIT,UPPER_LIMIT,SERVICE_ALLOCATION,REMARKS) values (349,6,'1545 -  1555','MHz',1545,1555,'AERONAUTICAL MOBILE-SATELLITE    
K119, K121, K140 K116 K118','Aeronautical mobile satellite');
Insert into CCK.FREQUENCY_BAND (FREQUENCY_BAND_ID,BAND_DEFINITION_ID,FREQUENCY_BAND_NAME,UNITS_OF_MEASURE,LOWER_LIMIT,UPPER_LIMIT,SERVICE_ALLOCATION,REMARKS) values (350,6,'1555 - 1559','MHz',1555,1559,'LAND MOBILE-SATELLITE    
  K119, K140  K116 K118','Mobile satellite');
Insert into CCK.FREQUENCY_BAND (FREQUENCY_BAND_ID,BAND_DEFINITION_ID,FREQUENCY_BAND_NAME,UNITS_OF_MEASURE,LOWER_LIMIT,UPPER_LIMIT,SERVICE_ALLOCATION,REMARKS) values (351,6,'1559 -  1610','MHz',1559,1610,'AERONAUTICAL RADIONAVIGATION   
  K111, K107','Aeronautical Radionavigation   
GPS, Galileo, Glonass');
Insert into CCK.FREQUENCY_BAND (FREQUENCY_BAND_ID,BAND_DEFINITION_ID,FREQUENCY_BAND_NAME,UNITS_OF_MEASURE,LOWER_LIMIT,UPPER_LIMIT,SERVICE_ALLOCATION,REMARKS) values (352,6,'1559 -  1610','MHz',1559,1610,'RADIONAVIGATION    
SATELLITE (space-Earth,    
space-space)   
K111, K107','Radionavigation satellite service');
Insert into CCK.FREQUENCY_BAND (FREQUENCY_BAND_ID,BAND_DEFINITION_ID,FREQUENCY_BAND_NAME,UNITS_OF_MEASURE,LOWER_LIMIT,UPPER_LIMIT,SERVICE_ALLOCATION,REMARKS) values (353,6,'1610.0 - 1610.6','MHz',1610,1610.6,'AERONAUTICAL RADIONAVIGATION    
K125','Aeronautical Radionavigation ');
Insert into CCK.FREQUENCY_BAND (FREQUENCY_BAND_ID,BAND_DEFINITION_ID,FREQUENCY_BAND_NAME,UNITS_OF_MEASURE,LOWER_LIMIT,UPPER_LIMIT,SERVICE_ALLOCATION,REMARKS) values (354,6,'1610.6 - 1613.8','MHz',1610.6,1613.8,'MOBILE SATELLITE    
K126, K140 K123','GMPCS/Emerging MSS systems');
Insert into CCK.FREQUENCY_BAND (FREQUENCY_BAND_ID,BAND_DEFINITION_ID,FREQUENCY_BAND_NAME,UNITS_OF_MEASURE,LOWER_LIMIT,UPPER_LIMIT,SERVICE_ALLOCATION,REMARKS) values (355,6,'1610.6 - 1613.8','MHz',1610.6,1613.8,'RADIO ASTRONOMY    
K127','Radio Astronomy');
Insert into CCK.FREQUENCY_BAND (FREQUENCY_BAND_ID,BAND_DEFINITION_ID,FREQUENCY_BAND_NAME,UNITS_OF_MEASURE,LOWER_LIMIT,UPPER_LIMIT,SERVICE_ALLOCATION,REMARKS) values (356,6,'1610.6 - 1613.8','MHz',1610.6,1613.8,'AERONAUTICAL RADIONAVIGATION    
K125, K126','Aeronautical Radionavigation ');
Insert into CCK.FREQUENCY_BAND (FREQUENCY_BAND_ID,BAND_DEFINITION_ID,FREQUENCY_BAND_NAME,UNITS_OF_MEASURE,LOWER_LIMIT,UPPER_LIMIT,SERVICE_ALLOCATION,REMARKS) values (357,6,'1613.8 - 1626.5','MHz',1613.8,1626.5,'MOBILE-SATELLITE    
K124, K126, K140 K116   
K124','GMPCS/Emerging MSS systems');
Insert into CCK.FREQUENCY_BAND (FREQUENCY_BAND_ID,BAND_DEFINITION_ID,FREQUENCY_BAND_NAME,UNITS_OF_MEASURE,LOWER_LIMIT,UPPER_LIMIT,SERVICE_ALLOCATION,REMARKS) values (358,6,'1613.8 - 1626.5','MHz',1613.8,1626.5,'AERONAUTICAL RADIONAVIGATION    
K125, K126 K116','Aeronautical Radionavigation ');
Insert into CCK.FREQUENCY_BAND (FREQUENCY_BAND_ID,BAND_DEFINITION_ID,FREQUENCY_BAND_NAME,UNITS_OF_MEASURE,LOWER_LIMIT,UPPER_LIMIT,SERVICE_ALLOCATION,REMARKS) values (359,6,'1626.5 - 1631.5 ','MHz',1626.5,1631.5,'MARITIME MOBILE-SATELLITE    
  K119, K120, K140 K118','Maritime mobile');
Insert into CCK.FREQUENCY_BAND (FREQUENCY_BAND_ID,BAND_DEFINITION_ID,FREQUENCY_BAND_NAME,UNITS_OF_MEASURE,LOWER_LIMIT,UPPER_LIMIT,SERVICE_ALLOCATION,REMARKS) values (361,6,'1636.5  - 1645.5','MHz',1636.5,1645.5,'MARITIME MOBILE-SATELLITE    
  K119  K120  K140  K118','Maritime mobile');
Insert into CCK.FREQUENCY_BAND (FREQUENCY_BAND_ID,BAND_DEFINITION_ID,FREQUENCY_BAND_NAME,UNITS_OF_MEASURE,LOWER_LIMIT,UPPER_LIMIT,SERVICE_ALLOCATION,REMARKS) values (362,6,'1645.5 - 1646.5','MHz',1645.5,1646.5,'MOBILE-SATELLITE    
K119  K128  K140  K118','Mobile satellite');
Insert into CCK.FREQUENCY_BAND (FREQUENCY_BAND_ID,BAND_DEFINITION_ID,FREQUENCY_BAND_NAME,UNITS_OF_MEASURE,LOWER_LIMIT,UPPER_LIMIT,SERVICE_ALLOCATION,REMARKS) values (363,6,'1646.5- 1656.5','MHz',1646.5,1656.5,'AERONAUTICAL MOBILE-SATELLITE (R)    
  K119, K121 K129 K140 K118','Aeronautical mobile satellite');
Insert into CCK.FREQUENCY_BAND (FREQUENCY_BAND_ID,BAND_DEFINITION_ID,FREQUENCY_BAND_NAME,UNITS_OF_MEASURE,LOWER_LIMIT,UPPER_LIMIT,SERVICE_ALLOCATION,REMARKS) values (364,6,'1656.5 -  1660','MHz',1656.5,1660,'LAND MOBILE-SATELLITE    
  K119, K140 K118','Mobile satellite');
Insert into CCK.FREQUENCY_BAND (FREQUENCY_BAND_ID,BAND_DEFINITION_ID,FREQUENCY_BAND_NAME,UNITS_OF_MEASURE,LOWER_LIMIT,UPPER_LIMIT,SERVICE_ALLOCATION,REMARKS) values (365,6,'1660- 1660.5','MHz',1660,1660.5,'LAND MOBILE SATELLITE (Earth-to-space)    
K130, K140K118','Mobile satellite');
Insert into CCK.FREQUENCY_BAND (FREQUENCY_BAND_ID,BAND_DEFINITION_ID,FREQUENCY_BAND_NAME,UNITS_OF_MEASURE,LOWER_LIMIT,UPPER_LIMIT,SERVICE_ALLOCATION,REMARKS) values (366,6,'1660- 1660.5','MHz',1660,1660.5,'RADIO ASTRONOMY    
K130','Radio Astronomy');
Insert into CCK.FREQUENCY_BAND (FREQUENCY_BAND_ID,BAND_DEFINITION_ID,FREQUENCY_BAND_NAME,UNITS_OF_MEASURE,LOWER_LIMIT,UPPER_LIMIT,SERVICE_ALLOCATION,REMARKS) values (367,6,'1660.5- 1668.4','MHz',1660.5,1668.4,'RADIO ASTRONOMY    
K131','Emissions prohibited');
Insert into CCK.FREQUENCY_BAND (FREQUENCY_BAND_ID,BAND_DEFINITION_ID,FREQUENCY_BAND_NAME,UNITS_OF_MEASURE,LOWER_LIMIT,UPPER_LIMIT,SERVICE_ALLOCATION,REMARKS) values (368,6,'1668.4 - 1670','MHz',1668.4,1670,'METEOROLOGICAL AIDS   
K134','Meteorological aids');
Insert into CCK.FREQUENCY_BAND (FREQUENCY_BAND_ID,BAND_DEFINITION_ID,FREQUENCY_BAND_NAME,UNITS_OF_MEASURE,LOWER_LIMIT,UPPER_LIMIT,SERVICE_ALLOCATION,REMARKS) values (370,6,'1668.4 - 1670','MHz',1668.4,1670,'MOBILE SATELLITE (Earth-space)    
K132K134','Mobile satellite');
Insert into CCK.FREQUENCY_BAND (FREQUENCY_BAND_ID,BAND_DEFINITION_ID,FREQUENCY_BAND_NAME,UNITS_OF_MEASURE,LOWER_LIMIT,UPPER_LIMIT,SERVICE_ALLOCATION,REMARKS) values (371,6,'1670- 1675','MHz',1670,1675,'METEOROLOGICAL AIDS    
K134','Meteorological aids');
Insert into CCK.FREQUENCY_BAND (FREQUENCY_BAND_ID,BAND_DEFINITION_ID,FREQUENCY_BAND_NAME,UNITS_OF_MEASURE,LOWER_LIMIT,UPPER_LIMIT,SERVICE_ALLOCATION,REMARKS) values (372,6,'1670- 1675','MHz',1670,1675,'METEOROLOGICAL    
SATELLITE (space-Earth)   
K134','Meteorological satellite (downlink)');
Insert into CCK.FREQUENCY_BAND (FREQUENCY_BAND_ID,BAND_DEFINITION_ID,FREQUENCY_BAND_NAME,UNITS_OF_MEASURE,LOWER_LIMIT,UPPER_LIMIT,SERVICE_ALLOCATION,REMARKS) values (374,6,'1675- 1690','MHz',1675,1690,'METEOROLOGICAL    
AIDS','Meteorological satellite downlink');
Insert into CCK.FREQUENCY_BAND (FREQUENCY_BAND_ID,BAND_DEFINITION_ID,FREQUENCY_BAND_NAME,UNITS_OF_MEASURE,LOWER_LIMIT,UPPER_LIMIT,SERVICE_ALLOCATION,REMARKS) values (375,6,'1675- 1690','MHz',1675,1690,'METEOROLOGICAL    
SATELLITE (space-Earth)','Meteorological satellite downlink');
Insert into CCK.FREQUENCY_BAND (FREQUENCY_BAND_ID,BAND_DEFINITION_ID,FREQUENCY_BAND_NAME,UNITS_OF_MEASURE,LOWER_LIMIT,UPPER_LIMIT,SERVICE_ALLOCATION,REMARKS) values (376,6,'1675- 1690','MHz',1675,1690,'FIXED ','Fixed');
Insert into CCK.FREQUENCY_BAND (FREQUENCY_BAND_ID,BAND_DEFINITION_ID,FREQUENCY_BAND_NAME,UNITS_OF_MEASURE,LOWER_LIMIT,UPPER_LIMIT,SERVICE_ALLOCATION,REMARKS) values (377,6,'1675- 1690','MHz',1675,1690,'MOBILE ','Mobile ');
Insert into CCK.FREQUENCY_BAND (FREQUENCY_BAND_ID,BAND_DEFINITION_ID,FREQUENCY_BAND_NAME,UNITS_OF_MEASURE,LOWER_LIMIT,UPPER_LIMIT,SERVICE_ALLOCATION,REMARKS) values (378,6,'1690- 1700','MHz',1690,1700,'METEOROLOGICAL    
AIDS   
METEOROLOGICAL SATELLITE (space-Earth)   
  K135','Meteorological satellite downlink    
Meteorological satellite downlink');
Insert into CCK.FREQUENCY_BAND (FREQUENCY_BAND_ID,BAND_DEFINITION_ID,FREQUENCY_BAND_NAME,UNITS_OF_MEASURE,LOWER_LIMIT,UPPER_LIMIT,SERVICE_ALLOCATION,REMARKS) values (379,6,'1690- 1700','MHz',1690,1700,'FIXED    
K135','Fixed ');
Insert into CCK.FREQUENCY_BAND (FREQUENCY_BAND_ID,BAND_DEFINITION_ID,FREQUENCY_BAND_NAME,UNITS_OF_MEASURE,LOWER_LIMIT,UPPER_LIMIT,SERVICE_ALLOCATION,REMARKS) values (380,6,'1690- 1700','MHz',1690,1700,'MOBILE    
K135','Mobile');
Insert into CCK.FREQUENCY_BAND (FREQUENCY_BAND_ID,BAND_DEFINITION_ID,FREQUENCY_BAND_NAME,UNITS_OF_MEASURE,LOWER_LIMIT,UPPER_LIMIT,SERVICE_ALLOCATION,REMARKS) values (381,6,'1700- 1710','MHz',1700,1710,'FIXED ','Fixed links');
Insert into CCK.FREQUENCY_BAND (FREQUENCY_BAND_ID,BAND_DEFINITION_ID,FREQUENCY_BAND_NAME,UNITS_OF_MEASURE,LOWER_LIMIT,UPPER_LIMIT,SERVICE_ALLOCATION,REMARKS) values (382,6,'1700- 1710','MHz',1700,1710,'MOBILE ','Mobile ');
Insert into CCK.FREQUENCY_BAND (FREQUENCY_BAND_ID,BAND_DEFINITION_ID,FREQUENCY_BAND_NAME,UNITS_OF_MEASURE,LOWER_LIMIT,UPPER_LIMIT,SERVICE_ALLOCATION,REMARKS) values (383,6,'1710.00 - 1920 ','MHz',1710,1920,'FIXED ','Fixed links (New fixed links prohibited)   
Fixed Wireless Access');
Insert into CCK.FREQUENCY_BAND (FREQUENCY_BAND_ID,BAND_DEFINITION_ID,FREQUENCY_BAND_NAME,UNITS_OF_MEASURE,LOWER_LIMIT,UPPER_LIMIT,SERVICE_ALLOCATION,REMARKS) values (384,6,'1920-1980 ','MHz',1920,1980,'MOBILE    
K136  K138 K139','Mobile- IMT terrestrial systems');
Insert into CCK.FREQUENCY_BAND (FREQUENCY_BAND_ID,BAND_DEFINITION_ID,FREQUENCY_BAND_NAME,UNITS_OF_MEASURE,LOWER_LIMIT,UPPER_LIMIT,SERVICE_ALLOCATION,REMARKS) values (385,6,'1980 - 2010 ','MHz',1980,2010,'FIXED    
K139','Fixed Links (New fixed links prohibited)    
Fixed wireless Access');
Insert into CCK.FREQUENCY_BAND (FREQUENCY_BAND_ID,BAND_DEFINITION_ID,FREQUENCY_BAND_NAME,UNITS_OF_MEASURE,LOWER_LIMIT,UPPER_LIMIT,SERVICE_ALLOCATION,REMARKS) values (386,6,'1980 - 2010 ','MHz',1980,2010,'MOBILE SATELLITE (Earth-space)    
K140  K141  K139','Satellite component of IMT-uplink');
Insert into CCK.FREQUENCY_BAND (FREQUENCY_BAND_ID,BAND_DEFINITION_ID,FREQUENCY_BAND_NAME,UNITS_OF_MEASURE,LOWER_LIMIT,UPPER_LIMIT,SERVICE_ALLOCATION,REMARKS) values (387,6,'2010-2025 ','MHz',2010,2025,'FIXED    
K138','Fixed links ( New fixed links prohibited)    
HAPs');
Insert into CCK.FREQUENCY_BAND (FREQUENCY_BAND_ID,BAND_DEFINITION_ID,FREQUENCY_BAND_NAME,UNITS_OF_MEASURE,LOWER_LIMIT,UPPER_LIMIT,SERVICE_ALLOCATION,REMARKS) values (388,6,'2025-2110 ','MHz',2025,2110,'FIXED ','Point to point links    
Channel Plan ITU-R F.1098');
Insert into CCK.FREQUENCY_BAND (FREQUENCY_BAND_ID,BAND_DEFINITION_ID,FREQUENCY_BAND_NAME,UNITS_OF_MEASURE,LOWER_LIMIT,UPPER_LIMIT,SERVICE_ALLOCATION,REMARKS) values (389,6,'2025-2110 ','MHz',2025,2110,'MOBILE    
K138 K142','Mobile ');
Insert into CCK.FREQUENCY_BAND (FREQUENCY_BAND_ID,BAND_DEFINITION_ID,FREQUENCY_BAND_NAME,UNITS_OF_MEASURE,LOWER_LIMIT,UPPER_LIMIT,SERVICE_ALLOCATION,REMARKS) values (390,6,'2025-2110 ','MHz',2025,2110,'SPACE RESEARCH (Earth-space)    
(space-space)    
K143','Space research/operations & telemetry / telecommand');
Insert into CCK.FREQUENCY_BAND (FREQUENCY_BAND_ID,BAND_DEFINITION_ID,FREQUENCY_BAND_NAME,UNITS_OF_MEASURE,LOWER_LIMIT,UPPER_LIMIT,SERVICE_ALLOCATION,REMARKS) values (391,6,'2110-2170 ','MHz',2110,2170,'FIXED    
K136','Point to point links (New fixed links prohibited)    
HAPs');
Insert into CCK.FREQUENCY_BAND (FREQUENCY_BAND_ID,BAND_DEFINITION_ID,FREQUENCY_BAND_NAME,UNITS_OF_MEASURE,LOWER_LIMIT,UPPER_LIMIT,SERVICE_ALLOCATION,REMARKS) values (392,6,'2110-2170 ','MHz',2110,2170,'MOBILE    
K136 K138 K139','Mobile ( IMT )');
Insert into CCK.FREQUENCY_BAND (FREQUENCY_BAND_ID,BAND_DEFINITION_ID,FREQUENCY_BAND_NAME,UNITS_OF_MEASURE,LOWER_LIMIT,UPPER_LIMIT,SERVICE_ALLOCATION,REMARKS) values (393,6,'2170-2200 ','MHz',2170,2200,'FIXED    
K136','Point-point links    
(New fixed links prohibited)');
Insert into CCK.FREQUENCY_BAND (FREQUENCY_BAND_ID,BAND_DEFINITION_ID,FREQUENCY_BAND_NAME,UNITS_OF_MEASURE,LOWER_LIMIT,UPPER_LIMIT,SERVICE_ALLOCATION,REMARKS) values (394,6,'2170-2200 ','MHz',2170,2200,'MOBILE SATELLITE (space - Earth)    
K136 K140  K141','Mobile satellite downlink (satellite component of IMT)');
Insert into CCK.FREQUENCY_BAND (FREQUENCY_BAND_ID,BAND_DEFINITION_ID,FREQUENCY_BAND_NAME,UNITS_OF_MEASURE,LOWER_LIMIT,UPPER_LIMIT,SERVICE_ALLOCATION,REMARKS) values (395,6,'2200 - 2300 ','MHz',2200,2300,'FIXED ','Point - point links    
Channel plan ITU-R F.1098');
Insert into CCK.FREQUENCY_BAND (FREQUENCY_BAND_ID,BAND_DEFINITION_ID,FREQUENCY_BAND_NAME,UNITS_OF_MEASURE,LOWER_LIMIT,UPPER_LIMIT,SERVICE_ALLOCATION,REMARKS) values (396,6,'2200 - 2300 ','MHz',2200,2300,'MOBILE    
K142','Mobile');
Insert into CCK.FREQUENCY_BAND (FREQUENCY_BAND_ID,BAND_DEFINITION_ID,FREQUENCY_BAND_NAME,UNITS_OF_MEASURE,LOWER_LIMIT,UPPER_LIMIT,SERVICE_ALLOCATION,REMARKS) values (397,6,'2 300 - 2 500 ','MHz',2300,2500,'FIXED    
K52 K162','Point-point links    
(New fixed links prohibited)');
Insert into CCK.FREQUENCY_BAND (FREQUENCY_BAND_ID,BAND_DEFINITION_ID,FREQUENCY_BAND_NAME,UNITS_OF_MEASURE,LOWER_LIMIT,UPPER_LIMIT,SERVICE_ALLOCATION,REMARKS) values (398,6,'2 300 - 2 500 ','MHz',2300,2500,'MOBILE ','Mobile   Not available in near future ');
Insert into CCK.FREQUENCY_BAND (FREQUENCY_BAND_ID,BAND_DEFINITION_ID,FREQUENCY_BAND_NAME,UNITS_OF_MEASURE,LOWER_LIMIT,UPPER_LIMIT,SERVICE_ALLOCATION,REMARKS) values (399,6,'2 300 - 2 500 ','MHz',2300,2500,'MOBILE SATELLITE (space-Earth)','GMPCS /emerging MSS systems');
Insert into CCK.FREQUENCY_BAND (FREQUENCY_BAND_ID,BAND_DEFINITION_ID,FREQUENCY_BAND_NAME,UNITS_OF_MEASURE,LOWER_LIMIT,UPPER_LIMIT,SERVICE_ALLOCATION,REMARKS) values (401,6,'2 500 - 2670 ','MHz',2500,2670,'MOBILE   
K137','Mobile   
IMT systems');
Insert into CCK.FREQUENCY_BAND (FREQUENCY_BAND_ID,BAND_DEFINITION_ID,FREQUENCY_BAND_NAME,UNITS_OF_MEASURE,LOWER_LIMIT,UPPER_LIMIT,SERVICE_ALLOCATION,REMARKS) values (402,6,'2 500 - 2670 ','MHz',2500,2670,'MOBILE SATELLITE (Space-Earth)    
K140','Mobile Satellite ');
Insert into CCK.FREQUENCY_BAND (FREQUENCY_BAND_ID,BAND_DEFINITION_ID,FREQUENCY_BAND_NAME,UNITS_OF_MEASURE,LOWER_LIMIT,UPPER_LIMIT,SERVICE_ALLOCATION,REMARKS) values (403,6,'2 670 - 2 690','MHz',2670,2690,'FIXED ','Point-to-point links');
Insert into CCK.FREQUENCY_BAND (FREQUENCY_BAND_ID,BAND_DEFINITION_ID,FREQUENCY_BAND_NAME,UNITS_OF_MEASURE,LOWER_LIMIT,UPPER_LIMIT,SERVICE_ALLOCATION,REMARKS) values (404,6,'2 670 - 2 690','MHz',2670,2690,'MOBILE-SATELLITE (Earth-space)    
K140, K144','Mobile satellite-satellite component IMT2000');
Insert into CCK.FREQUENCY_BAND (FREQUENCY_BAND_ID,BAND_DEFINITION_ID,FREQUENCY_BAND_NAME,UNITS_OF_MEASURE,LOWER_LIMIT,UPPER_LIMIT,SERVICE_ALLOCATION,REMARKS) values (405,6,'2 690 - 2 700','MHz',2690,2700,'EARTH EXPLORATION- SATELLITE    
  K145','    
All emissions prohibited');
Insert into CCK.FREQUENCY_BAND (FREQUENCY_BAND_ID,BAND_DEFINITION_ID,FREQUENCY_BAND_NAME,UNITS_OF_MEASURE,LOWER_LIMIT,UPPER_LIMIT,SERVICE_ALLOCATION,REMARKS) values (406,6,'2 690 - 2 700','MHz',2690,2700,'RADIO ASTRONOMY    
K145','All emissions prohibited');
Insert into CCK.FREQUENCY_BAND (FREQUENCY_BAND_ID,BAND_DEFINITION_ID,FREQUENCY_BAND_NAME,UNITS_OF_MEASURE,LOWER_LIMIT,UPPER_LIMIT,SERVICE_ALLOCATION,REMARKS) values (407,6,'2 690 - 2 700','MHz',2690,2700,'SPACE RESEARCH    
K145','All emissions prohibited');
Insert into CCK.FREQUENCY_BAND (FREQUENCY_BAND_ID,BAND_DEFINITION_ID,FREQUENCY_BAND_NAME,UNITS_OF_MEASURE,LOWER_LIMIT,UPPER_LIMIT,SERVICE_ALLOCATION,REMARKS) values (408,6,'2 700 - 2 900','MHz',2700,2900,'AERONAUTICAL    
RADIONAVIGATION   
K146','Meteorological Radars    
Navigational systems');
Insert into CCK.FREQUENCY_BAND (FREQUENCY_BAND_ID,BAND_DEFINITION_ID,FREQUENCY_BAND_NAME,UNITS_OF_MEASURE,LOWER_LIMIT,UPPER_LIMIT,SERVICE_ALLOCATION,REMARKS) values (409,6,'2 900 - 3 100','MHz',2900,3100,'RADIONAVIGATION   
K147, K149','Radar systems ');
Insert into CCK.FREQUENCY_BAND (FREQUENCY_BAND_ID,BAND_DEFINITION_ID,FREQUENCY_BAND_NAME,UNITS_OF_MEASURE,LOWER_LIMIT,UPPER_LIMIT,SERVICE_ALLOCATION,REMARKS) values (410,6,'2 900 - 3 100','MHz',2900,3100,'RADIOLOCATION   
K148','Radiolocation');
Insert into CCK.FREQUENCY_BAND (FREQUENCY_BAND_ID,BAND_DEFINITION_ID,FREQUENCY_BAND_NAME,UNITS_OF_MEASURE,LOWER_LIMIT,UPPER_LIMIT,SERVICE_ALLOCATION,REMARKS) values (411,7,'3 100 -  3 300 ','MHz',3100,3300,'RADIOLOCATION    
K51','Radiolocation');
Insert into CCK.FREQUENCY_BAND (FREQUENCY_BAND_ID,BAND_DEFINITION_ID,FREQUENCY_BAND_NAME,UNITS_OF_MEASURE,LOWER_LIMIT,UPPER_LIMIT,SERVICE_ALLOCATION,REMARKS) values (413,7,'3400 - 3600 ','MHz',3400,3600,'FIXED   
   
   
   
   
   
   
   
   
   
   
   
 ','Fixed links (New fixed links prohibited)   
Fixed Wireless Access   
 ');
Insert into CCK.FREQUENCY_BAND (FREQUENCY_BAND_ID,BAND_DEFINITION_ID,FREQUENCY_BAND_NAME,UNITS_OF_MEASURE,LOWER_LIMIT,UPPER_LIMIT,SERVICE_ALLOCATION,REMARKS) values (414,7,'3400 - 3600 ','MHz',3400,3600,'FIXED-SATELLITE (space - Earth','Satellite downlink');
Insert into CCK.FREQUENCY_BAND (FREQUENCY_BAND_ID,BAND_DEFINITION_ID,FREQUENCY_BAND_NAME,UNITS_OF_MEASURE,LOWER_LIMIT,UPPER_LIMIT,SERVICE_ALLOCATION,REMARKS) values (415,7,'3600-4200','MHz',3600,4200,'FIXED    
Mobile','Fixed links (New fixed links prohibited)    
Fixed Wireless Access');
Insert into CCK.FREQUENCY_BAND (FREQUENCY_BAND_ID,BAND_DEFINITION_ID,FREQUENCY_BAND_NAME,UNITS_OF_MEASURE,LOWER_LIMIT,UPPER_LIMIT,SERVICE_ALLOCATION,REMARKS) values (416,7,'4 200 -  4400 ','MHz',4200,4400,'AERONAUTICAL RADIONAVIGATION   
K151','Aeronautical radionavigation');
Insert into CCK.FREQUENCY_BAND (FREQUENCY_BAND_ID,BAND_DEFINITION_ID,FREQUENCY_BAND_NAME,UNITS_OF_MEASURE,LOWER_LIMIT,UPPER_LIMIT,SERVICE_ALLOCATION,REMARKS) values (417,7,'4 400 - 4500','MHz',4400,4500,'MOBILE ','Mobile');
Insert into CCK.FREQUENCY_BAND (FREQUENCY_BAND_ID,BAND_DEFINITION_ID,FREQUENCY_BAND_NAME,UNITS_OF_MEASURE,LOWER_LIMIT,UPPER_LIMIT,SERVICE_ALLOCATION,REMARKS) values (419,7,'4 500 - 4800','MHz',4500,4800,'FIXED-SATELLITE (space-Earth)    
K154','Satellite downlink    
National allotment as per Appendix 30B');
Insert into CCK.FREQUENCY_BAND (FREQUENCY_BAND_ID,BAND_DEFINITION_ID,FREQUENCY_BAND_NAME,UNITS_OF_MEASURE,LOWER_LIMIT,UPPER_LIMIT,SERVICE_ALLOCATION,REMARKS) values (420,7,'4 500 - 4800','MHz',4500,4800,'MOBILE ','Mobile');
Insert into CCK.FREQUENCY_BAND (FREQUENCY_BAND_ID,BAND_DEFINITION_ID,FREQUENCY_BAND_NAME,UNITS_OF_MEASURE,LOWER_LIMIT,UPPER_LIMIT,SERVICE_ALLOCATION,REMARKS) values (421,7,'4 800 - 4990','MHz',4800,4990,'FIXED ','Government use   
(New fixed links prohibited)');
Insert into CCK.FREQUENCY_BAND (FREQUENCY_BAND_ID,BAND_DEFINITION_ID,FREQUENCY_BAND_NAME,UNITS_OF_MEASURE,LOWER_LIMIT,UPPER_LIMIT,SERVICE_ALLOCATION,REMARKS) values (422,7,'4 800 - 4990','MHz',4800,4990,'MOBILE',' ');
Insert into CCK.FREQUENCY_BAND (FREQUENCY_BAND_ID,BAND_DEFINITION_ID,FREQUENCY_BAND_NAME,UNITS_OF_MEASURE,LOWER_LIMIT,UPPER_LIMIT,SERVICE_ALLOCATION,REMARKS) values (423,7,'4 990 - 5000','MHz',4990,5000,'FIXED    
K155','Fixed links    
Channel plan ITU-R F.1099');
Insert into CCK.FREQUENCY_BAND (FREQUENCY_BAND_ID,BAND_DEFINITION_ID,FREQUENCY_BAND_NAME,UNITS_OF_MEASURE,LOWER_LIMIT,UPPER_LIMIT,SERVICE_ALLOCATION,REMARKS) values (424,7,'4 990 - 5000','MHz',4990,5000,'MOBILE   
K155','Mobile');
Insert into CCK.FREQUENCY_BAND (FREQUENCY_BAND_ID,BAND_DEFINITION_ID,FREQUENCY_BAND_NAME,UNITS_OF_MEASURE,LOWER_LIMIT,UPPER_LIMIT,SERVICE_ALLOCATION,REMARKS) values (425,7,'4 990 - 5000','MHz',4990,5000,'RADIO ASTRONOMY   
K155','Radio Astronomy');
Insert into CCK.FREQUENCY_BAND (FREQUENCY_BAND_ID,BAND_DEFINITION_ID,FREQUENCY_BAND_NAME,UNITS_OF_MEASURE,LOWER_LIMIT,UPPER_LIMIT,SERVICE_ALLOCATION,REMARKS) values (426,7,'5 000 - 5 010','MHz',5000,5010,'AERONAUTICAL RADIONAVIGATION K126','Aeronautical radionavigation');
Insert into CCK.FREQUENCY_BAND (FREQUENCY_BAND_ID,BAND_DEFINITION_ID,FREQUENCY_BAND_NAME,UNITS_OF_MEASURE,LOWER_LIMIT,UPPER_LIMIT,SERVICE_ALLOCATION,REMARKS) values (427,7,'5 000 - 5 010','MHz',5000,5010,'RADIONAVIGATION SATELLITE (Earth-space)    
K126','Radionavigation satellite uplink');
Insert into CCK.FREQUENCY_BAND (FREQUENCY_BAND_ID,BAND_DEFINITION_ID,FREQUENCY_BAND_NAME,UNITS_OF_MEASURE,LOWER_LIMIT,UPPER_LIMIT,SERVICE_ALLOCATION,REMARKS) values (428,7,'5 010 - 5 030','MHz',5010,5030,'AERONAUTICAL RADIONAVIGATION K126 ','Aeronautical radionavigation');
Insert into CCK.FREQUENCY_BAND (FREQUENCY_BAND_ID,BAND_DEFINITION_ID,FREQUENCY_BAND_NAME,UNITS_OF_MEASURE,LOWER_LIMIT,UPPER_LIMIT,SERVICE_ALLOCATION,REMARKS) values (429,7,'5 010 - 5 030','MHz',5010,5030,'RADIONAVIGATION SATELLITE    
(space -Earth), (space-space)   
K107, K126, K159','Radionavigation satellite downlink & inter-satellite links');
Insert into CCK.FREQUENCY_BAND (FREQUENCY_BAND_ID,BAND_DEFINITION_ID,FREQUENCY_BAND_NAME,UNITS_OF_MEASURE,LOWER_LIMIT,UPPER_LIMIT,SERVICE_ALLOCATION,REMARKS) values (430,7,'5 030 -  5 150','MHz',5030,5150,'AERONAUTICAL RADIONAVIGATION K156, K157, K126','Microwave landing systems');
Insert into CCK.FREQUENCY_BAND (FREQUENCY_BAND_ID,BAND_DEFINITION_ID,FREQUENCY_BAND_NAME,UNITS_OF_MEASURE,LOWER_LIMIT,UPPER_LIMIT,SERVICE_ALLOCATION,REMARKS) values (431,7,'5 150 - 5 250','MHz',5150,5250,'FIXED-SATELLITE (Earth- space)    
K160','Fixed satellite');
Insert into CCK.FREQUENCY_BAND (FREQUENCY_BAND_ID,BAND_DEFINITION_ID,FREQUENCY_BAND_NAME,UNITS_OF_MEASURE,LOWER_LIMIT,UPPER_LIMIT,SERVICE_ALLOCATION,REMARKS) values (432,7,'5 150 - 5 250','MHz',5150,5250,'MOBILE    
K161 K163 K162','Wireless Access Systems (WAS)');
Insert into CCK.FREQUENCY_BAND (FREQUENCY_BAND_ID,BAND_DEFINITION_ID,FREQUENCY_BAND_NAME,UNITS_OF_MEASURE,LOWER_LIMIT,UPPER_LIMIT,SERVICE_ALLOCATION,REMARKS) values (433,7,'5 250 - 5 350 ','MHz',5250,5350,'RADIOLOCATION     
  K164 K162','Radiolocation');
Insert into CCK.FREQUENCY_BAND (FREQUENCY_BAND_ID,BAND_DEFINITION_ID,FREQUENCY_BAND_NAME,UNITS_OF_MEASURE,LOWER_LIMIT,UPPER_LIMIT,SERVICE_ALLOCATION,REMARKS) values (434,7,'5 350 - 5 460','MHz',5350,5460,'AERONAUTICAL RADIONAVIGATION K165','Radiolocation');
Insert into CCK.FREQUENCY_BAND (FREQUENCY_BAND_ID,BAND_DEFINITION_ID,FREQUENCY_BAND_NAME,UNITS_OF_MEASURE,LOWER_LIMIT,UPPER_LIMIT,SERVICE_ALLOCATION,REMARKS) values (435,7,'5 350 - 5 460','MHz',5350,5460,'RADIOLOCATION    
K166 K165','Radiolocation');
Insert into CCK.FREQUENCY_BAND (FREQUENCY_BAND_ID,BAND_DEFINITION_ID,FREQUENCY_BAND_NAME,UNITS_OF_MEASURE,LOWER_LIMIT,UPPER_LIMIT,SERVICE_ALLOCATION,REMARKS) values (436,7,'5 460 - 5 470','MHz',5460,5470,'RADIONAVIGATION     
  K165','Radionavigation');
Insert into CCK.FREQUENCY_BAND (FREQUENCY_BAND_ID,BAND_DEFINITION_ID,FREQUENCY_BAND_NAME,UNITS_OF_MEASURE,LOWER_LIMIT,UPPER_LIMIT,SERVICE_ALLOCATION,REMARKS) values (437,7,'5 460 - 5 470','MHz',5460,5470,'RADIOLOCATION    
K166','Radiolocation');
Insert into CCK.FREQUENCY_BAND (FREQUENCY_BAND_ID,BAND_DEFINITION_ID,FREQUENCY_BAND_NAME,UNITS_OF_MEASURE,LOWER_LIMIT,UPPER_LIMIT,SERVICE_ALLOCATION,REMARKS) values (438,7,'5 470 - 5650','MHz',5470,5650,'MARITIME RADIONAVIGATION   
  K170','Met. Radars   
Maritime radars');
Insert into CCK.FREQUENCY_BAND (FREQUENCY_BAND_ID,BAND_DEFINITION_ID,FREQUENCY_BAND_NAME,UNITS_OF_MEASURE,LOWER_LIMIT,UPPER_LIMIT,SERVICE_ALLOCATION,REMARKS) values (439,7,'5 470 - 5650','MHz',5470,5650,'FIXED   
MOBILE  
K161 K162','Wireless Access Systems (WAS)');
Insert into CCK.FREQUENCY_BAND (FREQUENCY_BAND_ID,BAND_DEFINITION_ID,FREQUENCY_BAND_NAME,UNITS_OF_MEASURE,LOWER_LIMIT,UPPER_LIMIT,SERVICE_ALLOCATION,REMARKS) values (440,7,'5 470 - 5650','MHz',5470,5650,'RADIOLOCATION   
K167','Radiolocation');
Insert into CCK.FREQUENCY_BAND (FREQUENCY_BAND_ID,BAND_DEFINITION_ID,FREQUENCY_BAND_NAME,UNITS_OF_MEASURE,LOWER_LIMIT,UPPER_LIMIT,SERVICE_ALLOCATION,REMARKS) values (441,7,'5 650 - 5725','MHz',5650,5725,'RADIOLOCATION  ','Radiolocation ');
Insert into CCK.FREQUENCY_BAND (FREQUENCY_BAND_ID,BAND_DEFINITION_ID,FREQUENCY_BAND_NAME,UNITS_OF_MEASURE,LOWER_LIMIT,UPPER_LIMIT,SERVICE_ALLOCATION,REMARKS) values (442,7,'5 650 - 5725','MHz',5650,5725,'MOBILE   
 K168 K169','Mobile');
Insert into CCK.FREQUENCY_BAND (FREQUENCY_BAND_ID,BAND_DEFINITION_ID,FREQUENCY_BAND_NAME,UNITS_OF_MEASURE,LOWER_LIMIT,UPPER_LIMIT,SERVICE_ALLOCATION,REMARKS) values (443,7,'5 650 - 5725','MHz',5650,5725,'FIXED   
K168 K162','Fixed ');
Insert into CCK.FREQUENCY_BAND (FREQUENCY_BAND_ID,BAND_DEFINITION_ID,FREQUENCY_BAND_NAME,UNITS_OF_MEASURE,LOWER_LIMIT,UPPER_LIMIT,SERVICE_ALLOCATION,REMARKS) values (444,7,'5 725 - 5850','MHz',5725,5850,'FIXED-SATELLITE (Earth-space)    
K52, K168','Fixed satellite uplink ');
Insert into CCK.FREQUENCY_BAND (FREQUENCY_BAND_ID,BAND_DEFINITION_ID,FREQUENCY_BAND_NAME,UNITS_OF_MEASURE,LOWER_LIMIT,UPPER_LIMIT,SERVICE_ALLOCATION,REMARKS) values (445,7,'5 725 - 5850','MHz',5725,5850,'MOBILE   
K52  K168',' ');
Insert into CCK.FREQUENCY_BAND (FREQUENCY_BAND_ID,BAND_DEFINITION_ID,FREQUENCY_BAND_NAME,UNITS_OF_MEASURE,LOWER_LIMIT,UPPER_LIMIT,SERVICE_ALLOCATION,REMARKS) values (446,7,'5 725 - 5850','MHz',5725,5850,'FIXED    
K52  K168 K162','Fixed wireless systems    
(Limited to 5725-5800 MHz)');
Insert into CCK.FREQUENCY_BAND (FREQUENCY_BAND_ID,BAND_DEFINITION_ID,FREQUENCY_BAND_NAME,UNITS_OF_MEASURE,LOWER_LIMIT,UPPER_LIMIT,SERVICE_ALLOCATION,REMARKS) values (447,7,'5 725 - 5850','MHz',5725,5850,'RADIOLOCATION   
K52','Radiolocation');
Insert into CCK.FREQUENCY_BAND (FREQUENCY_BAND_ID,BAND_DEFINITION_ID,FREQUENCY_BAND_NAME,UNITS_OF_MEASURE,LOWER_LIMIT,UPPER_LIMIT,SERVICE_ALLOCATION,REMARKS) values (448,7,'5 850 - 7075 ','MHz',5850,7075,'FIXED    
  K171','Point-point infrastructure links    
Channel plan ITU-R F. 383 and ITU-R F.384');
Insert into CCK.FREQUENCY_BAND (FREQUENCY_BAND_ID,BAND_DEFINITION_ID,FREQUENCY_BAND_NAME,UNITS_OF_MEASURE,LOWER_LIMIT,UPPER_LIMIT,SERVICE_ALLOCATION,REMARKS) values (449,7,'5 850 - 7075 ','MHz',5850,7075,'FIXED-SATELLITE (Earth-space)    
K154 K172, K173, K174 K175, ','Satellite uplinks    
National allotment for FSS uplink as per Appendix 30B');
Insert into CCK.FREQUENCY_BAND (FREQUENCY_BAND_ID,BAND_DEFINITION_ID,FREQUENCY_BAND_NAME,UNITS_OF_MEASURE,LOWER_LIMIT,UPPER_LIMIT,SERVICE_ALLOCATION,REMARKS) values (450,7,'5 850 - 7075 ','MHz',5850,7075,'MOBILE ','Mobile');
Insert into CCK.FREQUENCY_BAND (FREQUENCY_BAND_ID,BAND_DEFINITION_ID,FREQUENCY_BAND_NAME,UNITS_OF_MEASURE,LOWER_LIMIT,UPPER_LIMIT,SERVICE_ALLOCATION,REMARKS) values (451,7,'7 075 - 7250 ','MHz',7075,7250,'MOBILE   
K176','Mobile ');
Insert into CCK.FREQUENCY_BAND (FREQUENCY_BAND_ID,BAND_DEFINITION_ID,FREQUENCY_BAND_NAME,UNITS_OF_MEASURE,LOWER_LIMIT,UPPER_LIMIT,SERVICE_ALLOCATION,REMARKS) values (452,7,'7 250 - 7450','MHz',7250,7450,'FIXED    
  K177','Point-point infrastructure links    
(Channel plan ITU-R F. 385)');
Insert into CCK.FREQUENCY_BAND (FREQUENCY_BAND_ID,BAND_DEFINITION_ID,FREQUENCY_BAND_NAME,UNITS_OF_MEASURE,LOWER_LIMIT,UPPER_LIMIT,SERVICE_ALLOCATION,REMARKS) values (453,7,'7 250 - 7450','MHz',7250,7450,'FIXED-SATELLITE (space- Earth)    
K177','Fixed Satellite downlinks');
Insert into CCK.FREQUENCY_BAND (FREQUENCY_BAND_ID,BAND_DEFINITION_ID,FREQUENCY_BAND_NAME,UNITS_OF_MEASURE,LOWER_LIMIT,UPPER_LIMIT,SERVICE_ALLOCATION,REMARKS) values (454,7,'7 250 - 7450','MHz',7250,7450,'MOBILE   
K177','Mobile ');
Insert into CCK.FREQUENCY_BAND (FREQUENCY_BAND_ID,BAND_DEFINITION_ID,FREQUENCY_BAND_NAME,UNITS_OF_MEASURE,LOWER_LIMIT,UPPER_LIMIT,SERVICE_ALLOCATION,REMARKS) values (455,7,'7 450 - 7550','MHz',7450,7550,'FIXED ','Fixed links    
(Channel plan ITU-R F. 385)');
Insert into CCK.FREQUENCY_BAND (FREQUENCY_BAND_ID,BAND_DEFINITION_ID,FREQUENCY_BAND_NAME,UNITS_OF_MEASURE,LOWER_LIMIT,UPPER_LIMIT,SERVICE_ALLOCATION,REMARKS) values (456,7,'7 450 - 7550','MHz',7450,7550,'FIXED-SATELLITE (space - Earth) ','Fixed satellite');
Insert into CCK.FREQUENCY_BAND (FREQUENCY_BAND_ID,BAND_DEFINITION_ID,FREQUENCY_BAND_NAME,UNITS_OF_MEASURE,LOWER_LIMIT,UPPER_LIMIT,SERVICE_ALLOCATION,REMARKS) values (457,7,'7 450 - 7550','MHz',7450,7550,'MOBILE ','Mobile');
Insert into CCK.FREQUENCY_BAND (FREQUENCY_BAND_ID,BAND_DEFINITION_ID,FREQUENCY_BAND_NAME,UNITS_OF_MEASURE,LOWER_LIMIT,UPPER_LIMIT,SERVICE_ALLOCATION,REMARKS) values (459,7,'7 550 - 7750','MHz',7550,7750,'MOBILE ','Mobile');
Insert into CCK.FREQUENCY_BAND (FREQUENCY_BAND_ID,BAND_DEFINITION_ID,FREQUENCY_BAND_NAME,UNITS_OF_MEASURE,LOWER_LIMIT,UPPER_LIMIT,SERVICE_ALLOCATION,REMARKS) values (460,7,'7 750- 7900','MHz',7750,7900,'FIXED ','Point-point infrastructure links    
(Channel plan ITU-R F. 386)');
Insert into CCK.FREQUENCY_BAND (FREQUENCY_BAND_ID,BAND_DEFINITION_ID,FREQUENCY_BAND_NAME,UNITS_OF_MEASURE,LOWER_LIMIT,UPPER_LIMIT,SERVICE_ALLOCATION,REMARKS) values (462,7,'7 900 - 8175','MHz',7900,8175,'FIXED-SATELLITE (Earth-space)','Fixed satellite');
Insert into CCK.FREQUENCY_BAND (FREQUENCY_BAND_ID,BAND_DEFINITION_ID,FREQUENCY_BAND_NAME,UNITS_OF_MEASURE,LOWER_LIMIT,UPPER_LIMIT,SERVICE_ALLOCATION,REMARKS) values (463,7,'7 900 - 8175','MHz',7900,8175,'MOBILE   
K177, K179','Mobile');
Insert into CCK.FREQUENCY_BAND (FREQUENCY_BAND_ID,BAND_DEFINITION_ID,FREQUENCY_BAND_NAME,UNITS_OF_MEASURE,LOWER_LIMIT,UPPER_LIMIT,SERVICE_ALLOCATION,REMARKS) values (464,7,'8175 - 8215','MHz',8175,8215,'FIXED ','Point-point infrastructure links    
(Channel plan ITU-R F. 386)');
Insert into CCK.FREQUENCY_BAND (FREQUENCY_BAND_ID,BAND_DEFINITION_ID,FREQUENCY_BAND_NAME,UNITS_OF_MEASURE,LOWER_LIMIT,UPPER_LIMIT,SERVICE_ALLOCATION,REMARKS) values (465,7,'8175 - 8215','MHz',8175,8215,'METEOROLOGICAL-SATELLITE    
(space - Earth)','Meteorological satellite');
Insert into CCK.FREQUENCY_BAND (FREQUENCY_BAND_ID,BAND_DEFINITION_ID,FREQUENCY_BAND_NAME,UNITS_OF_MEASURE,LOWER_LIMIT,UPPER_LIMIT,SERVICE_ALLOCATION,REMARKS) values (466,7,'8175 - 8215','MHz',8175,8215,'MOBILE   
K179','Mobile');
Insert into CCK.FREQUENCY_BAND (FREQUENCY_BAND_ID,BAND_DEFINITION_ID,FREQUENCY_BAND_NAME,UNITS_OF_MEASURE,LOWER_LIMIT,UPPER_LIMIT,SERVICE_ALLOCATION,REMARKS) values (467,7,'8215 - 8400','MHz',8215,8400,'FIXED ','Point-point infrastructure links    
(Channel plan ITU-R F. 386)');
Insert into CCK.FREQUENCY_BAND (FREQUENCY_BAND_ID,BAND_DEFINITION_ID,FREQUENCY_BAND_NAME,UNITS_OF_MEASURE,LOWER_LIMIT,UPPER_LIMIT,SERVICE_ALLOCATION,REMARKS) values (468,7,'8215 - 8400','MHz',8215,8400,'FIXED-SATELLITE (Earth-space)','Satellite uplink');
Insert into CCK.FREQUENCY_BAND (FREQUENCY_BAND_ID,BAND_DEFINITION_ID,FREQUENCY_BAND_NAME,UNITS_OF_MEASURE,LOWER_LIMIT,UPPER_LIMIT,SERVICE_ALLOCATION,REMARKS) values (469,7,'8215 - 8400','MHz',8215,8400,'MOBILE   
K179','Mobile');
Insert into CCK.FREQUENCY_BAND (FREQUENCY_BAND_ID,BAND_DEFINITION_ID,FREQUENCY_BAND_NAME,UNITS_OF_MEASURE,LOWER_LIMIT,UPPER_LIMIT,SERVICE_ALLOCATION,REMARKS) values (470,7,'8 400 - 8500','MHz',8400,8500,'FIXED ','Point-point links    
(Channel plan ITU-R F. 386)');
Insert into CCK.FREQUENCY_BAND (FREQUENCY_BAND_ID,BAND_DEFINITION_ID,FREQUENCY_BAND_NAME,UNITS_OF_MEASURE,LOWER_LIMIT,UPPER_LIMIT,SERVICE_ALLOCATION,REMARKS) values (471,7,'8 400 - 8500','MHz',8400,8500,'MOBILE ','Mobile');
Insert into CCK.FREQUENCY_BAND (FREQUENCY_BAND_ID,BAND_DEFINITION_ID,FREQUENCY_BAND_NAME,UNITS_OF_MEASURE,LOWER_LIMIT,UPPER_LIMIT,SERVICE_ALLOCATION,REMARKS) values (472,7,'8 400 - 8500','MHz',8400,8500,'SPACE RESEARCH   
K180','Space research');
Insert into CCK.FREQUENCY_BAND (FREQUENCY_BAND_ID,BAND_DEFINITION_ID,FREQUENCY_BAND_NAME,UNITS_OF_MEASURE,LOWER_LIMIT,UPPER_LIMIT,SERVICE_ALLOCATION,REMARKS) values (473,7,'8 500 - 8750','MHz',8500,8750,'RADIOLOCATION ','Government use');
Insert into CCK.FREQUENCY_BAND (FREQUENCY_BAND_ID,BAND_DEFINITION_ID,FREQUENCY_BAND_NAME,UNITS_OF_MEASURE,LOWER_LIMIT,UPPER_LIMIT,SERVICE_ALLOCATION,REMARKS) values (474,7,'8 500 - 8750','MHz',8500,8750,'FIXED   
K181','Government use');
Insert into CCK.FREQUENCY_BAND (FREQUENCY_BAND_ID,BAND_DEFINITION_ID,FREQUENCY_BAND_NAME,UNITS_OF_MEASURE,LOWER_LIMIT,UPPER_LIMIT,SERVICE_ALLOCATION,REMARKS) values (475,7,'8 500 - 8750','MHz',8500,8750,'MOBILE   
K181','Government use');
Insert into CCK.FREQUENCY_BAND (FREQUENCY_BAND_ID,BAND_DEFINITION_ID,FREQUENCY_BAND_NAME,UNITS_OF_MEASURE,LOWER_LIMIT,UPPER_LIMIT,SERVICE_ALLOCATION,REMARKS) values (476,7,'8 750 - 8850','MHz',8750,8850,'RADIOLOCATION  ','Radiolocation');
Insert into CCK.FREQUENCY_BAND (FREQUENCY_BAND_ID,BAND_DEFINITION_ID,FREQUENCY_BAND_NAME,UNITS_OF_MEASURE,LOWER_LIMIT,UPPER_LIMIT,SERVICE_ALLOCATION,REMARKS) values (477,7,'8 850 - 9000','MHz',8850,9000,'MARITIME- RADIONAVIGATION    
K183','Radars');
Insert into CCK.FREQUENCY_BAND (FREQUENCY_BAND_ID,BAND_DEFINITION_ID,FREQUENCY_BAND_NAME,UNITS_OF_MEASURE,LOWER_LIMIT,UPPER_LIMIT,SERVICE_ALLOCATION,REMARKS) values (478,7,'9 000 -  9200','MHz',9000,9200,'AERONAUTICAL-RADIONAVIGATION    
K186','Aeronautical radionavigation');
Insert into CCK.FREQUENCY_BAND (FREQUENCY_BAND_ID,BAND_DEFINITION_ID,FREQUENCY_BAND_NAME,UNITS_OF_MEASURE,LOWER_LIMIT,UPPER_LIMIT,SERVICE_ALLOCATION,REMARKS) values (479,7,'9 200 - 9300','MHz',9200,9300,'MARITIME-RADIONAVIGATION    
K183 K184','Radars');
Insert into CCK.FREQUENCY_BAND (FREQUENCY_BAND_ID,BAND_DEFINITION_ID,FREQUENCY_BAND_NAME,UNITS_OF_MEASURE,LOWER_LIMIT,UPPER_LIMIT,SERVICE_ALLOCATION,REMARKS) values (480,7,'9 300 -  9500','MHz',9300,9500,'RADIONAVIGATION   
  K184, K151, K185 K186','Weather/meteorological radars');
Insert into CCK.FREQUENCY_BAND (FREQUENCY_BAND_ID,BAND_DEFINITION_ID,FREQUENCY_BAND_NAME,UNITS_OF_MEASURE,LOWER_LIMIT,UPPER_LIMIT,SERVICE_ALLOCATION,REMARKS) values (481,7,'9500 - 9800','MHz',9500,9800,'RADIOLOCATION ','Radiolocation');
Insert into CCK.FREQUENCY_BAND (FREQUENCY_BAND_ID,BAND_DEFINITION_ID,FREQUENCY_BAND_NAME,UNITS_OF_MEASURE,LOWER_LIMIT,UPPER_LIMIT,SERVICE_ALLOCATION,REMARKS) values (482,7,'9500 - 9800','MHz',9500,9800,'RADIONAVIGATION ','Radionavigation');
Insert into CCK.FREQUENCY_BAND (FREQUENCY_BAND_ID,BAND_DEFINITION_ID,FREQUENCY_BAND_NAME,UNITS_OF_MEASURE,LOWER_LIMIT,UPPER_LIMIT,SERVICE_ALLOCATION,REMARKS) values (483,7,'9 800 - 10 000','MHz',9800,10000,'RADIOLOCATION    
K187','Radiolocation');
Insert into CCK.FREQUENCY_BAND (FREQUENCY_BAND_ID,BAND_DEFINITION_ID,FREQUENCY_BAND_NAME,UNITS_OF_MEASURE,LOWER_LIMIT,UPPER_LIMIT,SERVICE_ALLOCATION,REMARKS) values (484,7,'10 000- 10 450','MHz',10000,10450,'FIXED    
K187','Fixed links (new fixed links prohibited)    
Fixed Wireless Access    
(Channel plan ITU-R F.1568)');
Insert into CCK.FREQUENCY_BAND (FREQUENCY_BAND_ID,BAND_DEFINITION_ID,FREQUENCY_BAND_NAME,UNITS_OF_MEASURE,LOWER_LIMIT,UPPER_LIMIT,SERVICE_ALLOCATION,REMARKS) values (485,7,'10 000- 10 450','MHz',10000,10450,'MOBILE    
K187','Mobile');
Insert into CCK.FREQUENCY_BAND (FREQUENCY_BAND_ID,BAND_DEFINITION_ID,FREQUENCY_BAND_NAME,UNITS_OF_MEASURE,LOWER_LIMIT,UPPER_LIMIT,SERVICE_ALLOCATION,REMARKS) values (486,7,'10 000- 10 450','MHz',10000,10450,'RADIOLOCATION    
K187','Radiolocation');
Insert into CCK.FREQUENCY_BAND (FREQUENCY_BAND_ID,BAND_DEFINITION_ID,FREQUENCY_BAND_NAME,UNITS_OF_MEASURE,LOWER_LIMIT,UPPER_LIMIT,SERVICE_ALLOCATION,REMARKS) values (487,7,'10 450 - 10 500','MHz',10450,10500,'FIXED    
K183','Fixed-simplex');
Insert into CCK.FREQUENCY_BAND (FREQUENCY_BAND_ID,BAND_DEFINITION_ID,FREQUENCY_BAND_NAME,UNITS_OF_MEASURE,LOWER_LIMIT,UPPER_LIMIT,SERVICE_ALLOCATION,REMARKS) values (488,7,'10 450 - 10 500','MHz',10450,10500,'MOBILE    
K183','Mobile-simplex');
Insert into CCK.FREQUENCY_BAND (FREQUENCY_BAND_ID,BAND_DEFINITION_ID,FREQUENCY_BAND_NAME,UNITS_OF_MEASURE,LOWER_LIMIT,UPPER_LIMIT,SERVICE_ALLOCATION,REMARKS) values (489,7,'10 500 -  10 600','MHz',10500,10600,'MOBILE','Mobile ');
Insert into CCK.FREQUENCY_BAND (FREQUENCY_BAND_ID,BAND_DEFINITION_ID,FREQUENCY_BAND_NAME,UNITS_OF_MEASURE,LOWER_LIMIT,UPPER_LIMIT,SERVICE_ALLOCATION,REMARKS) values (490,7,'10 600 - 10 680 ','MHz',10600,10680,'EARTH EXPLORATION-SATELLITE    
K190','Earth exploration satellite');
Insert into CCK.FREQUENCY_BAND (FREQUENCY_BAND_ID,BAND_DEFINITION_ID,FREQUENCY_BAND_NAME,UNITS_OF_MEASURE,LOWER_LIMIT,UPPER_LIMIT,SERVICE_ALLOCATION,REMARKS) values (491,7,'10 600 - 10 680 ','MHz',10600,10680,'RADIO ASTRONOMY SPACE RESEARCH','Radio Astronomy Space Research');
Insert into CCK.FREQUENCY_BAND (FREQUENCY_BAND_ID,BAND_DEFINITION_ID,FREQUENCY_BAND_NAME,UNITS_OF_MEASURE,LOWER_LIMIT,UPPER_LIMIT,SERVICE_ALLOCATION,REMARKS) values (492,7,'10 600 - 10 680 ','MHz',10600,10680,'FIXED    
K189','Fixed Wireless Access    
(Channel plan ITU-R F. 1568)');
Insert into CCK.FREQUENCY_BAND (FREQUENCY_BAND_ID,BAND_DEFINITION_ID,FREQUENCY_BAND_NAME,UNITS_OF_MEASURE,LOWER_LIMIT,UPPER_LIMIT,SERVICE_ALLOCATION,REMARKS) values (493,7,'10.68 - 10.7','GHz',10.68,10.7,'EARTH  EXPLORATION SATELLITE   
  K191','All emissions prohibited');
Insert into CCK.FREQUENCY_BAND (FREQUENCY_BAND_ID,BAND_DEFINITION_ID,FREQUENCY_BAND_NAME,UNITS_OF_MEASURE,LOWER_LIMIT,UPPER_LIMIT,SERVICE_ALLOCATION,REMARKS) values (494,7,'10.68 - 10.7','GHz',10.68,10.7,'RADIO ASTRONOMY   
K191','All emissions prohibited ');
Insert into CCK.FREQUENCY_BAND (FREQUENCY_BAND_ID,BAND_DEFINITION_ID,FREQUENCY_BAND_NAME,UNITS_OF_MEASURE,LOWER_LIMIT,UPPER_LIMIT,SERVICE_ALLOCATION,REMARKS) values (495,7,'10.68 - 10.7','GHz',10.68,10.7,'SPACE RESEARCH   
K191','All emissions prohibited');
Insert into CCK.FREQUENCY_BAND (FREQUENCY_BAND_ID,BAND_DEFINITION_ID,FREQUENCY_BAND_NAME,UNITS_OF_MEASURE,LOWER_LIMIT,UPPER_LIMIT,SERVICE_ALLOCATION,REMARKS) values (496,7,'10.7 - 11.7','GHz',10.7,11.7,'FIXED ','Point-point Links    
(Channel plan ITU-R F.387)');
Insert into CCK.FREQUENCY_BAND (FREQUENCY_BAND_ID,BAND_DEFINITION_ID,FREQUENCY_BAND_NAME,UNITS_OF_MEASURE,LOWER_LIMIT,UPPER_LIMIT,SERVICE_ALLOCATION,REMARKS) values (497,7,'10.7 - 11.7','GHz',10.7,11.7,'FIXED-SATELLITE    
(space -  Earth)    
(Earth -  space)    
K154 K192','National allotment for    
fixed satellite downlink-Appendix 30B.   
Uplinks are limited to feeder   
 links for BSS   
(Gateway & user downlink) ');
Insert into CCK.FREQUENCY_BAND (FREQUENCY_BAND_ID,BAND_DEFINITION_ID,FREQUENCY_BAND_NAME,UNITS_OF_MEASURE,LOWER_LIMIT,UPPER_LIMIT,SERVICE_ALLOCATION,REMARKS) values (499,7,'11.7 - 12.5','GHz',11.7,12.5,'BROADCASTING    
K194, K195, K196','Broadcasting');
Insert into CCK.FREQUENCY_BAND (FREQUENCY_BAND_ID,BAND_DEFINITION_ID,FREQUENCY_BAND_NAME,UNITS_OF_MEASURE,LOWER_LIMIT,UPPER_LIMIT,SERVICE_ALLOCATION,REMARKS) values (500,7,'11.7 - 12.5','GHz',11.7,12.5,'BROADCASTING-SATELLITE    
K194, K195, K196','National allotment for BSS downlink-Appendix 30    
(Gateway downlink)');
Insert into CCK.FREQUENCY_BAND (FREQUENCY_BAND_ID,BAND_DEFINITION_ID,FREQUENCY_BAND_NAME,UNITS_OF_MEASURE,LOWER_LIMIT,UPPER_LIMIT,SERVICE_ALLOCATION,REMARKS) values (501,7,'12.5 - 12.75','GHz',12.5,12.75,'FIXED-SATELLITE    
(space -Earth), (Earth-space)   
K193','Fixed satellite');
Insert into CCK.FREQUENCY_BAND (FREQUENCY_BAND_ID,BAND_DEFINITION_ID,FREQUENCY_BAND_NAME,UNITS_OF_MEASURE,LOWER_LIMIT,UPPER_LIMIT,SERVICE_ALLOCATION,REMARKS) values (502,7,'12.75 - 13.25 ','GHz',12.75,13.25,'FIXED ','Point-point links');
Insert into CCK.FREQUENCY_BAND (FREQUENCY_BAND_ID,BAND_DEFINITION_ID,FREQUENCY_BAND_NAME,UNITS_OF_MEASURE,LOWER_LIMIT,UPPER_LIMIT,SERVICE_ALLOCATION,REMARKS) values (503,7,'12.75 - 13.25 ','GHz',12.75,13.25,'MOBILE ','Mobile ');
Insert into CCK.FREQUENCY_BAND (FREQUENCY_BAND_ID,BAND_DEFINITION_ID,FREQUENCY_BAND_NAME,UNITS_OF_MEASURE,LOWER_LIMIT,UPPER_LIMIT,SERVICE_ALLOCATION,REMARKS) values (504,7,'13.25 - 13.4','GHz',13.25,13.4,'AERONAUTICAL RADIONAVIGATION    
K197','Navigational aids');
Insert into CCK.FREQUENCY_BAND (FREQUENCY_BAND_ID,BAND_DEFINITION_ID,FREQUENCY_BAND_NAME,UNITS_OF_MEASURE,LOWER_LIMIT,UPPER_LIMIT,SERVICE_ALLOCATION,REMARKS) values (505,7,'13.4 - 13.75','GHz',13.4,13.75,'RADIOLOCATION ','Radiolocation');
Insert into CCK.FREQUENCY_BAND (FREQUENCY_BAND_ID,BAND_DEFINITION_ID,FREQUENCY_BAND_NAME,UNITS_OF_MEASURE,LOWER_LIMIT,UPPER_LIMIT,SERVICE_ALLOCATION,REMARKS) values (506,7,'13.75 - 14.0','GHz',13.75,14,'FIXED-SATELLITE (Earth-space)    
K193, K198','Satellite uplinks    
(Gateway) ');
Insert into CCK.FREQUENCY_BAND (FREQUENCY_BAND_ID,BAND_DEFINITION_ID,FREQUENCY_BAND_NAME,UNITS_OF_MEASURE,LOWER_LIMIT,UPPER_LIMIT,SERVICE_ALLOCATION,REMARKS) values (508,7,'14.0 - 14.3','GHz',14,14.3,'RADIONAVIGATION   
K202 K200','Radionavigation');
Insert into CCK.FREQUENCY_BAND (FREQUENCY_BAND_ID,BAND_DEFINITION_ID,FREQUENCY_BAND_NAME,UNITS_OF_MEASURE,LOWER_LIMIT,UPPER_LIMIT,SERVICE_ALLOCATION,REMARKS) values (509,7,'14.0 - 14.3','GHz',14,14.3,'Mobile satellite (Earth-space)    
K1201 K200','Mobile satellite uplink');
Insert into CCK.FREQUENCY_BAND (FREQUENCY_BAND_ID,BAND_DEFINITION_ID,FREQUENCY_BAND_NAME,UNITS_OF_MEASURE,LOWER_LIMIT,UPPER_LIMIT,SERVICE_ALLOCATION,REMARKS) values (510,7,'14.3 - 14.5','GHz',14.3,14.5,'FIXED ','Point-point infrastructure links    
(Channel plan ITU-R F 746)');
Insert into CCK.FREQUENCY_BAND (FREQUENCY_BAND_ID,BAND_DEFINITION_ID,FREQUENCY_BAND_NAME,UNITS_OF_MEASURE,LOWER_LIMIT,UPPER_LIMIT,SERVICE_ALLOCATION,REMARKS) values (511,7,'14.3 - 14.5','GHz',14.3,14.5,'FIXED-SATELLITE    
 (Earth-space)   
K199, K193 K175 K200 K201','Satellite uplinks    
(Gateway uplink)');
Insert into CCK.FREQUENCY_BAND (FREQUENCY_BAND_ID,BAND_DEFINITION_ID,FREQUENCY_BAND_NAME,UNITS_OF_MEASURE,LOWER_LIMIT,UPPER_LIMIT,SERVICE_ALLOCATION,REMARKS) values (512,7,'14.3 - 14.5','GHz',14.3,14.5,'Mobile satellite    
K205 K200','Mobile satellite');
Insert into CCK.FREQUENCY_BAND (FREQUENCY_BAND_ID,BAND_DEFINITION_ID,FREQUENCY_BAND_NAME,UNITS_OF_MEASURE,LOWER_LIMIT,UPPER_LIMIT,SERVICE_ALLOCATION,REMARKS) values (513,7,'15.35 - 15.4','GHz',15.35,15.4,'EARTH EXPLORATION SATELLITE (passive)   
K204','All emissions prohibited');
Insert into CCK.FREQUENCY_BAND (FREQUENCY_BAND_ID,BAND_DEFINITION_ID,FREQUENCY_BAND_NAME,UNITS_OF_MEASURE,LOWER_LIMIT,UPPER_LIMIT,SERVICE_ALLOCATION,REMARKS) values (515,7,'15.35 - 15.4','GHz',15.35,15.4,'RADIO ASTRONOMY   
K204','All emissions prohibited');
Insert into CCK.FREQUENCY_BAND (FREQUENCY_BAND_ID,BAND_DEFINITION_ID,FREQUENCY_BAND_NAME,UNITS_OF_MEASURE,LOWER_LIMIT,UPPER_LIMIT,SERVICE_ALLOCATION,REMARKS) values (516,7,'15.4 - 15.43','GHz',15.4,15.43,'AERONAUTICAL RADIONAVIGATION    
K205','Aeronautical radionavigation');
Insert into CCK.FREQUENCY_BAND (FREQUENCY_BAND_ID,BAND_DEFINITION_ID,FREQUENCY_BAND_NAME,UNITS_OF_MEASURE,LOWER_LIMIT,UPPER_LIMIT,SERVICE_ALLOCATION,REMARKS) values (517,7,'15.43-15.63','GHz',15.43,15.63,'AERONAUTICAL RADIONAVIGATION    
K206','Aeronautical radionavigation');
Insert into CCK.FREQUENCY_BAND (FREQUENCY_BAND_ID,BAND_DEFINITION_ID,FREQUENCY_BAND_NAME,UNITS_OF_MEASURE,LOWER_LIMIT,UPPER_LIMIT,SERVICE_ALLOCATION,REMARKS) values (518,7,'15.43-15.63','GHz',15.43,15.63,'FIXED SATELLITE (Earth-space)    
K207 K206','Fixed satellite');
Insert into CCK.FREQUENCY_BAND (FREQUENCY_BAND_ID,BAND_DEFINITION_ID,FREQUENCY_BAND_NAME,UNITS_OF_MEASURE,LOWER_LIMIT,UPPER_LIMIT,SERVICE_ALLOCATION,REMARKS) values (519,7,'15.63-15.7','GHz',15.63,15.7,'AERONAUTICAL RADIONAVIGATION    
K205','Aeronautical radionavigation');
Insert into CCK.FREQUENCY_BAND (FREQUENCY_BAND_ID,BAND_DEFINITION_ID,FREQUENCY_BAND_NAME,UNITS_OF_MEASURE,LOWER_LIMIT,UPPER_LIMIT,SERVICE_ALLOCATION,REMARKS) values (520,7,'15.7-17.3 ','GHz',15.7,17.3,'RADIOLOCATION ','Radiolocation');
Insert into CCK.FREQUENCY_BAND (FREQUENCY_BAND_ID,BAND_DEFINITION_ID,FREQUENCY_BAND_NAME,UNITS_OF_MEASURE,LOWER_LIMIT,UPPER_LIMIT,SERVICE_ALLOCATION,REMARKS) values (521,7,'17.7-18.1','GHz',17.7,18.1,'FIXED','Point-point infrastructure links    
(Channel plan ITU-R F.595)');
Insert into CCK.FREQUENCY_BAND (FREQUENCY_BAND_ID,BAND_DEFINITION_ID,FREQUENCY_BAND_NAME,UNITS_OF_MEASURE,LOWER_LIMIT,UPPER_LIMIT,SERVICE_ALLOCATION,REMARKS) values (522,7,'17.7-18.1','GHz',17.7,18.1,'FIXED SATELLITE    
(Earth -  space) K211   
(space - Earth) K193, ','Feeder link plans for broadcasting satellite (Appendix 30A)');
Insert into CCK.FREQUENCY_BAND (FREQUENCY_BAND_ID,BAND_DEFINITION_ID,FREQUENCY_BAND_NAME,UNITS_OF_MEASURE,LOWER_LIMIT,UPPER_LIMIT,SERVICE_ALLOCATION,REMARKS) values (523,7,'17.7-18.1','GHz',17.7,18.1,'MOBILE','Mobile');
Insert into CCK.FREQUENCY_BAND (FREQUENCY_BAND_ID,BAND_DEFINITION_ID,FREQUENCY_BAND_NAME,UNITS_OF_MEASURE,LOWER_LIMIT,UPPER_LIMIT,SERVICE_ALLOCATION,REMARKS) values (524,7,'18.1-18.4','GHz',18.1,18.4,'FIXED    
K213','Point-point links    
(Channel plan as per ITU-R F.595)');
Insert into CCK.FREQUENCY_BAND (FREQUENCY_BAND_ID,BAND_DEFINITION_ID,FREQUENCY_BAND_NAME,UNITS_OF_MEASURE,LOWER_LIMIT,UPPER_LIMIT,SERVICE_ALLOCATION,REMARKS) values (525,7,'18.1-18.4','GHz',18.1,18.4,'MOBILE    
K213','Mobile');
Insert into CCK.FREQUENCY_BAND (FREQUENCY_BAND_ID,BAND_DEFINITION_ID,FREQUENCY_BAND_NAME,UNITS_OF_MEASURE,LOWER_LIMIT,UPPER_LIMIT,SERVICE_ALLOCATION,REMARKS) values (526,7,'18.1-18.4','GHz',18.1,18.4,'FIXED SATELLITE (space-Earth)    
K193, K212, K213','BSS feeder links');
Insert into CCK.FREQUENCY_BAND (FREQUENCY_BAND_ID,BAND_DEFINITION_ID,FREQUENCY_BAND_NAME,UNITS_OF_MEASURE,LOWER_LIMIT,UPPER_LIMIT,SERVICE_ALLOCATION,REMARKS) values (527,7,'18.4-18.6','GHz',18.4,18.6,'FIXED ','Point-point links    
(Channel plan as per ITU-R F.595)');
Insert into CCK.FREQUENCY_BAND (FREQUENCY_BAND_ID,BAND_DEFINITION_ID,FREQUENCY_BAND_NAME,UNITS_OF_MEASURE,LOWER_LIMIT,UPPER_LIMIT,SERVICE_ALLOCATION,REMARKS) values (528,7,'18.4-18.6','GHz',18.4,18.6,'FIXED SATELLITE (space-Earth)    
K193','Fixed satellite    
Gateway downlink');
Insert into CCK.FREQUENCY_BAND (FREQUENCY_BAND_ID,BAND_DEFINITION_ID,FREQUENCY_BAND_NAME,UNITS_OF_MEASURE,LOWER_LIMIT,UPPER_LIMIT,SERVICE_ALLOCATION,REMARKS) values (529,7,'18.4-18.6','GHz',18.4,18.6,'MOBILE','Mobile ');
Insert into CCK.FREQUENCY_BAND (FREQUENCY_BAND_ID,BAND_DEFINITION_ID,FREQUENCY_BAND_NAME,UNITS_OF_MEASURE,LOWER_LIMIT,UPPER_LIMIT,SERVICE_ALLOCATION,REMARKS) values (530,7,'18.6-18.8','GHz',18.6,18.8,'FIXED SATELLITE    
K214, K215','Fixed satellite');
Insert into CCK.FREQUENCY_BAND (FREQUENCY_BAND_ID,BAND_DEFINITION_ID,FREQUENCY_BAND_NAME,UNITS_OF_MEASURE,LOWER_LIMIT,UPPER_LIMIT,SERVICE_ALLOCATION,REMARKS) values (531,7,'18.6-18.8','GHz',18.6,18.8,'EARTH EXPLORATION SATELLITE (passive) ','Earth exploration satellite');
Insert into CCK.FREQUENCY_BAND (FREQUENCY_BAND_ID,BAND_DEFINITION_ID,FREQUENCY_BAND_NAME,UNITS_OF_MEASURE,LOWER_LIMIT,UPPER_LIMIT,SERVICE_ALLOCATION,REMARKS) values (532,7,'18.8-19.7','GHz',18.8,19.7,'FIXED SATELLITE    
K216 K217 K218  K219  K220','Fixed satellite    
Gateway downlink');
Insert into CCK.FREQUENCY_BAND (FREQUENCY_BAND_ID,BAND_DEFINITION_ID,FREQUENCY_BAND_NAME,UNITS_OF_MEASURE,LOWER_LIMIT,UPPER_LIMIT,SERVICE_ALLOCATION,REMARKS) values (533,7,'18.8-19.7','GHz',18.8,19.7,'MOBILE ','Mobile ');
Insert into CCK.FREQUENCY_BAND (FREQUENCY_BAND_ID,BAND_DEFINITION_ID,FREQUENCY_BAND_NAME,UNITS_OF_MEASURE,LOWER_LIMIT,UPPER_LIMIT,SERVICE_ALLOCATION,REMARKS) values (534,7,'19.7-20.1','GHz',19.7,20.1,'FIXED SATELLITE (space-Earth)    
K193 K210','Fixed satellite    
User downlink');
Insert into CCK.FREQUENCY_BAND (FREQUENCY_BAND_ID,BAND_DEFINITION_ID,FREQUENCY_BAND_NAME,UNITS_OF_MEASURE,LOWER_LIMIT,UPPER_LIMIT,SERVICE_ALLOCATION,REMARKS) values (535,7,'20.1-21.2','GHz',20.1,21.2,'FIXED SATELLITE (space-Earth)    
K193 K221 K222  K223 K224  K210','Fixed satellite');
Insert into CCK.FREQUENCY_BAND (FREQUENCY_BAND_ID,BAND_DEFINITION_ID,FREQUENCY_BAND_NAME,UNITS_OF_MEASURE,LOWER_LIMIT,UPPER_LIMIT,SERVICE_ALLOCATION,REMARKS) values (536,7,'20.1-21.2','GHz',20.1,21.2,'MOBILE SATELLITE (space-Earth)    
K221  K222 K223  K224  ','Mobile satellite');
Insert into CCK.FREQUENCY_BAND (FREQUENCY_BAND_ID,BAND_DEFINITION_ID,FREQUENCY_BAND_NAME,UNITS_OF_MEASURE,LOWER_LIMIT,UPPER_LIMIT,SERVICE_ALLOCATION,REMARKS) values (537,7,'21.2-21.4','GHz',21.2,21.4,'FIXED ','Point-point links-simplex    
(Channel plan ITU-R F.637)');
Insert into CCK.FREQUENCY_BAND (FREQUENCY_BAND_ID,BAND_DEFINITION_ID,FREQUENCY_BAND_NAME,UNITS_OF_MEASURE,LOWER_LIMIT,UPPER_LIMIT,SERVICE_ALLOCATION,REMARKS) values (538,7,'21.2-21.4','GHz',21.2,21.4,'MOBILE ','Mobile');
Insert into CCK.FREQUENCY_BAND (FREQUENCY_BAND_ID,BAND_DEFINITION_ID,FREQUENCY_BAND_NAME,UNITS_OF_MEASURE,LOWER_LIMIT,UPPER_LIMIT,SERVICE_ALLOCATION,REMARKS) values (539,7,'21.4-22.0','GHz',21.4,22,'FIXED ','Point-point links    
(Channel plan ITU-R F.637)');
Insert into CCK.FREQUENCY_BAND (FREQUENCY_BAND_ID,BAND_DEFINITION_ID,FREQUENCY_BAND_NAME,UNITS_OF_MEASURE,LOWER_LIMIT,UPPER_LIMIT,SERVICE_ALLOCATION,REMARKS) values (540,7,'21.4-22.0','GHz',21.4,22,'MOBILE ','Mobile');
Insert into CCK.FREQUENCY_BAND (FREQUENCY_BAND_ID,BAND_DEFINITION_ID,FREQUENCY_BAND_NAME,UNITS_OF_MEASURE,LOWER_LIMIT,UPPER_LIMIT,SERVICE_ALLOCATION,REMARKS) values (541,7,'21.4-22.0','GHz',21.4,22,'BROADCASTING SATELLITE    
K225','High definition TV');
Insert into CCK.FREQUENCY_BAND (FREQUENCY_BAND_ID,BAND_DEFINITION_ID,FREQUENCY_BAND_NAME,UNITS_OF_MEASURE,LOWER_LIMIT,UPPER_LIMIT,SERVICE_ALLOCATION,REMARKS) values (542,7,'22.0-22.21','GHz',22,22.21,'FIXED ','Point-point links    
(Channel plan ITU-R F.637)');
Insert into CCK.FREQUENCY_BAND (FREQUENCY_BAND_ID,BAND_DEFINITION_ID,FREQUENCY_BAND_NAME,UNITS_OF_MEASURE,LOWER_LIMIT,UPPER_LIMIT,SERVICE_ALLOCATION,REMARKS) values (543,7,'22.0-22.21','GHz',22,22.21,'MOBILE ','Mobile ');
Insert into CCK.FREQUENCY_BAND (FREQUENCY_BAND_ID,BAND_DEFINITION_ID,FREQUENCY_BAND_NAME,UNITS_OF_MEASURE,LOWER_LIMIT,UPPER_LIMIT,SERVICE_ALLOCATION,REMARKS) values (544,7,'22.21-22.5','GHz',22.21,22.5,'FIXED    
K226','Point-point links    
(Channel plan ITU-R F.637)');
Insert into CCK.FREQUENCY_BAND (FREQUENCY_BAND_ID,BAND_DEFINITION_ID,FREQUENCY_BAND_NAME,UNITS_OF_MEASURE,LOWER_LIMIT,UPPER_LIMIT,SERVICE_ALLOCATION,REMARKS) values (545,7,'22.21-22.5','GHz',22.21,22.5,'MOBILE    
K226','Mobile ');
Insert into CCK.FREQUENCY_BAND (FREQUENCY_BAND_ID,BAND_DEFINITION_ID,FREQUENCY_BAND_NAME,UNITS_OF_MEASURE,LOWER_LIMIT,UPPER_LIMIT,SERVICE_ALLOCATION,REMARKS) values (547,7,'22.5-23.6','GHz',22.5,23.6,'MOBILE ','Mobile');
Insert into CCK.FREQUENCY_BAND (FREQUENCY_BAND_ID,BAND_DEFINITION_ID,FREQUENCY_BAND_NAME,UNITS_OF_MEASURE,LOWER_LIMIT,UPPER_LIMIT,SERVICE_ALLOCATION,REMARKS) values (548,7,'23.6-24','GHz',23.6,24,'EARTH EXPLORATION SATELLITE (passive)    
K227','All emissions prohibited');
Insert into CCK.FREQUENCY_BAND (FREQUENCY_BAND_ID,BAND_DEFINITION_ID,FREQUENCY_BAND_NAME,UNITS_OF_MEASURE,LOWER_LIMIT,UPPER_LIMIT,SERVICE_ALLOCATION,REMARKS) values (549,7,'23.6-24','GHz',23.6,24,'RADIO ASTRONOMY    
K227','All emissions prohibited');
Insert into CCK.FREQUENCY_BAND (FREQUENCY_BAND_ID,BAND_DEFINITION_ID,FREQUENCY_BAND_NAME,UNITS_OF_MEASURE,LOWER_LIMIT,UPPER_LIMIT,SERVICE_ALLOCATION,REMARKS) values (550,7,'23.6-24','GHz',23.6,24,'SPACE RESEARCH (passive)    
K227','All emissions prohibited');
Insert into CCK.FREQUENCY_BAND (FREQUENCY_BAND_ID,BAND_DEFINITION_ID,FREQUENCY_BAND_NAME,UNITS_OF_MEASURE,LOWER_LIMIT,UPPER_LIMIT,SERVICE_ALLOCATION,REMARKS) values (551,7,'24 - 24.05','GHz',24,24.05,'AMATEUR   
K52','Amateur   
User licence required');
Insert into CCK.FREQUENCY_BAND (FREQUENCY_BAND_ID,BAND_DEFINITION_ID,FREQUENCY_BAND_NAME,UNITS_OF_MEASURE,LOWER_LIMIT,UPPER_LIMIT,SERVICE_ALLOCATION,REMARKS) values (552,7,'24.45 - 24.75','GHz',24.45,24.75,'FIXED ','Fixed Wireless Access    
(Channel plan ITU-R F.748)');
Insert into CCK.FREQUENCY_BAND (FREQUENCY_BAND_ID,BAND_DEFINITION_ID,FREQUENCY_BAND_NAME,UNITS_OF_MEASURE,LOWER_LIMIT,UPPER_LIMIT,SERVICE_ALLOCATION,REMARKS) values (554,7,'25.25- 25.5','GHz',25.25,25.5,'FIXED ','Fixed links    
(Channel plan ITU-R F.748)');
Insert into CCK.FREQUENCY_BAND (FREQUENCY_BAND_ID,BAND_DEFINITION_ID,FREQUENCY_BAND_NAME,UNITS_OF_MEASURE,LOWER_LIMIT,UPPER_LIMIT,SERVICE_ALLOCATION,REMARKS) values (555,7,'25.25- 25.5','GHz',25.25,25.5,'INTER-SATELLITE    
K228','Space Research and earth exploration applications');
Insert into CCK.FREQUENCY_BAND (FREQUENCY_BAND_ID,BAND_DEFINITION_ID,FREQUENCY_BAND_NAME,UNITS_OF_MEASURE,LOWER_LIMIT,UPPER_LIMIT,SERVICE_ALLOCATION,REMARKS) values (556,7,'25.25- 25.5','GHz',25.25,25.5,'MOBILE ','Mobile');
Insert into CCK.FREQUENCY_BAND (FREQUENCY_BAND_ID,BAND_DEFINITION_ID,FREQUENCY_BAND_NAME,UNITS_OF_MEASURE,LOWER_LIMIT,UPPER_LIMIT,SERVICE_ALLOCATION,REMARKS) values (557,7,'25.5 - 27.0','GHz',25.5,27,'FIXED ','Fixed Wireless Access    
Fixed links   
(Channel plan ITU-R F.748)');
Insert into CCK.FREQUENCY_BAND (FREQUENCY_BAND_ID,BAND_DEFINITION_ID,FREQUENCY_BAND_NAME,UNITS_OF_MEASURE,LOWER_LIMIT,UPPER_LIMIT,SERVICE_ALLOCATION,REMARKS) values (558,7,'25.5 - 27.0','GHz',25.5,27,'EARTH EXPLORATION SATELLITE (space-Earth)    
K229, K230','Earth exploration satellite');
Insert into CCK.FREQUENCY_BAND (FREQUENCY_BAND_ID,BAND_DEFINITION_ID,FREQUENCY_BAND_NAME,UNITS_OF_MEASURE,LOWER_LIMIT,UPPER_LIMIT,SERVICE_ALLOCATION,REMARKS) values (560,7,'25.5 - 27.0','GHz',25.5,27,'MOBILE','Mobile');
Insert into CCK.FREQUENCY_BAND (FREQUENCY_BAND_ID,BAND_DEFINITION_ID,FREQUENCY_BAND_NAME,UNITS_OF_MEASURE,LOWER_LIMIT,UPPER_LIMIT,SERVICE_ALLOCATION,REMARKS) values (561,7,'27.0 - 27.5','GHz',27,27.5,'FIXED ','Point-point links    
(Channel plan ITU-R F.748)');
Insert into CCK.FREQUENCY_BAND (FREQUENCY_BAND_ID,BAND_DEFINITION_ID,FREQUENCY_BAND_NAME,UNITS_OF_MEASURE,LOWER_LIMIT,UPPER_LIMIT,SERVICE_ALLOCATION,REMARKS) values (562,7,'27.0 - 27.5','GHz',27,27.5,'INTER-SATELLITE    
K228','Space Research and earth exploration applications');
Insert into CCK.FREQUENCY_BAND (FREQUENCY_BAND_ID,BAND_DEFINITION_ID,FREQUENCY_BAND_NAME,UNITS_OF_MEASURE,LOWER_LIMIT,UPPER_LIMIT,SERVICE_ALLOCATION,REMARKS) values (563,7,'27.0 - 27.5','GHz',27,27.5,'MOBILE ','Mobile');
Insert into CCK.FREQUENCY_BAND (FREQUENCY_BAND_ID,BAND_DEFINITION_ID,FREQUENCY_BAND_NAME,UNITS_OF_MEASURE,LOWER_LIMIT,UPPER_LIMIT,SERVICE_ALLOCATION,REMARKS) values (564,7,'27.5 - 29.5 ','GHz',27.5,29.5,'FIXED    
K231, K232','Point to point links    
FWA (broadband)   
(Channel plan ITU-R F.748)');
Insert into CCK.FREQUENCY_BAND (FREQUENCY_BAND_ID,BAND_DEFINITION_ID,FREQUENCY_BAND_NAME,UNITS_OF_MEASURE,LOWER_LIMIT,UPPER_LIMIT,SERVICE_ALLOCATION,REMARKS) values (565,7,'27.5 - 29.5 ','GHz',27.5,29.5,'FIXED SATELLITE (Earth - space)   
K231, K232, K193, K216, K233, K220, K218, K234, K235 K210','Fixed satellite   
Gateway Uplink');
Insert into CCK.FREQUENCY_BAND (FREQUENCY_BAND_ID,BAND_DEFINITION_ID,FREQUENCY_BAND_NAME,UNITS_OF_MEASURE,LOWER_LIMIT,UPPER_LIMIT,SERVICE_ALLOCATION,REMARKS) values (566,7,'27.5 - 29.5 ','GHz',27.5,29.5,'MOBILE   
K231, K232','Mobile ');
Insert into CCK.FREQUENCY_BAND (FREQUENCY_BAND_ID,BAND_DEFINITION_ID,FREQUENCY_BAND_NAME,UNITS_OF_MEASURE,LOWER_LIMIT,UPPER_LIMIT,SERVICE_ALLOCATION,REMARKS) values (567,7,'29.5-29.9','GHz',29.5,29.9,'FIXED SATELLITE (Earth-space)    
K231 K210','Fixed satellite    
User uplink');
Insert into CCK.FREQUENCY_BAND (FREQUENCY_BAND_ID,BAND_DEFINITION_ID,FREQUENCY_BAND_NAME,UNITS_OF_MEASURE,LOWER_LIMIT,UPPER_LIMIT,SERVICE_ALLOCATION,REMARKS) values (568,7,'29.9-31.0','GHz',29.9,31,'FIXED SATELLITE (Earth-space)    
K193  K233 K221 K222 K231  K232  K210','Fixed satellite');
Insert into CCK.FREQUENCY_BAND (FREQUENCY_BAND_ID,BAND_DEFINITION_ID,FREQUENCY_BAND_NAME,UNITS_OF_MEASURE,LOWER_LIMIT,UPPER_LIMIT,SERVICE_ALLOCATION,REMARKS) values (569,8,'31.0-31.3','GHz',31,31.3,'FIXED    
K51','Fixed    
(Channel plan ITU-R F.746)   
HAPS');
Insert into CCK.FREQUENCY_BAND (FREQUENCY_BAND_ID,BAND_DEFINITION_ID,FREQUENCY_BAND_NAME,UNITS_OF_MEASURE,LOWER_LIMIT,UPPER_LIMIT,SERVICE_ALLOCATION,REMARKS) values (570,8,'31.0-31.3','GHz',31,31.3,'MOBILE    
K51','Mobile');
Insert into CCK.FREQUENCY_BAND (FREQUENCY_BAND_ID,BAND_DEFINITION_ID,FREQUENCY_BAND_NAME,UNITS_OF_MEASURE,LOWER_LIMIT,UPPER_LIMIT,SERVICE_ALLOCATION,REMARKS) values (571,8,'31.3-31.5','GHz',31.3,31.5,'EARTH EXPLORATION SATELLITE (passive)    
K236','All emissions prohibited');
Insert into CCK.FREQUENCY_BAND (FREQUENCY_BAND_ID,BAND_DEFINITION_ID,FREQUENCY_BAND_NAME,UNITS_OF_MEASURE,LOWER_LIMIT,UPPER_LIMIT,SERVICE_ALLOCATION,REMARKS) values (572,8,'31.3-31.5','GHz',31.3,31.5,'RADIO ASTRONOMY    
K236','All emissions prohibited');
Insert into CCK.FREQUENCY_BAND (FREQUENCY_BAND_ID,BAND_DEFINITION_ID,FREQUENCY_BAND_NAME,UNITS_OF_MEASURE,LOWER_LIMIT,UPPER_LIMIT,SERVICE_ALLOCATION,REMARKS) values (573,8,'31.3-31.5','GHz',31.3,31.5,'SPACE RESEARCH (passive)    
K236','All emissions prohibited');
Insert into CCK.FREQUENCY_BAND (FREQUENCY_BAND_ID,BAND_DEFINITION_ID,FREQUENCY_BAND_NAME,UNITS_OF_MEASURE,LOWER_LIMIT,UPPER_LIMIT,SERVICE_ALLOCATION,REMARKS) values (574,8,'31.5-31.8','GHz',31.5,31.8,'EARTH EXPLORATION SATELLITE (passive) ','Earth exploration satellite');
Insert into CCK.FREQUENCY_BAND (FREQUENCY_BAND_ID,BAND_DEFINITION_ID,FREQUENCY_BAND_NAME,UNITS_OF_MEASURE,LOWER_LIMIT,UPPER_LIMIT,SERVICE_ALLOCATION,REMARKS) values (575,8,'31.5-31.8','GHz',31.5,31.8,'RADIO ASTRONOMY ','Radio astronomy ');
Insert into CCK.FREQUENCY_BAND (FREQUENCY_BAND_ID,BAND_DEFINITION_ID,FREQUENCY_BAND_NAME,UNITS_OF_MEASURE,LOWER_LIMIT,UPPER_LIMIT,SERVICE_ALLOCATION,REMARKS) values (576,8,'31.5-31.8','GHz',31.5,31.8,'SPACE RESEARCH (passive) ','Space research');
Insert into CCK.FREQUENCY_BAND (FREQUENCY_BAND_ID,BAND_DEFINITION_ID,FREQUENCY_BAND_NAME,UNITS_OF_MEASURE,LOWER_LIMIT,UPPER_LIMIT,SERVICE_ALLOCATION,REMARKS) values (577,8,'31.8 - 32','GHz',31.8,32,'FIXED    
K237, K238','Fixed links    
(Channel plan ITU-R F.1520)');
Insert into CCK.FREQUENCY_BAND (FREQUENCY_BAND_ID,BAND_DEFINITION_ID,FREQUENCY_BAND_NAME,UNITS_OF_MEASURE,LOWER_LIMIT,UPPER_LIMIT,SERVICE_ALLOCATION,REMARKS) values (578,8,'32 - 33','GHz',32,33,'FIXED    
K237, K238','Fixed    
(Channel plan ITU-R F.1520)');
Insert into CCK.FREQUENCY_BAND (FREQUENCY_BAND_ID,BAND_DEFINITION_ID,FREQUENCY_BAND_NAME,UNITS_OF_MEASURE,LOWER_LIMIT,UPPER_LIMIT,SERVICE_ALLOCATION,REMARKS) values (579,8,'32 - 33','GHz',32,33,'INTER-SATELLITE    
K237, K239','Inter-satellite links');
Insert into CCK.FREQUENCY_BAND (FREQUENCY_BAND_ID,BAND_DEFINITION_ID,FREQUENCY_BAND_NAME,UNITS_OF_MEASURE,LOWER_LIMIT,UPPER_LIMIT,SERVICE_ALLOCATION,REMARKS) values (580,8,'32 - 33','GHz',32,33,'RADIONAVIGATION    
K237, K239','Radionavigation');
Insert into CCK.FREQUENCY_BAND (FREQUENCY_BAND_ID,BAND_DEFINITION_ID,FREQUENCY_BAND_NAME,UNITS_OF_MEASURE,LOWER_LIMIT,UPPER_LIMIT,SERVICE_ALLOCATION,REMARKS) values (581,8,'33 - 33.4','GHz',33,33.4,'FIXED    
K237, K238','Fixed    
(Channel plan ITU-R F.1520)');
Insert into CCK.FREQUENCY_BAND (FREQUENCY_BAND_ID,BAND_DEFINITION_ID,FREQUENCY_BAND_NAME,UNITS_OF_MEASURE,LOWER_LIMIT,UPPER_LIMIT,SERVICE_ALLOCATION,REMARKS) values (582,8,'33 - 33.4','GHz',33,33.4,'RADIONAVIGATION    
K237','Radionavigation');
Insert into CCK.FREQUENCY_BAND (FREQUENCY_BAND_ID,BAND_DEFINITION_ID,FREQUENCY_BAND_NAME,UNITS_OF_MEASURE,LOWER_LIMIT,UPPER_LIMIT,SERVICE_ALLOCATION,REMARKS) values (583,8,'33.4 - 35.2','GHz',33.4,35.2,'RADIOLOCATION ','Radiolocation');
Insert into CCK.FREQUENCY_BAND (FREQUENCY_BAND_ID,BAND_DEFINITION_ID,FREQUENCY_BAND_NAME,UNITS_OF_MEASURE,LOWER_LIMIT,UPPER_LIMIT,SERVICE_ALLOCATION,REMARKS) values (584,8,'33.4 - 35.2','GHz',33.4,35.2,'SPACE RESEARCH (deep space) (Earth - space)','Space reasearch');
Insert into CCK.FREQUENCY_BAND (FREQUENCY_BAND_ID,BAND_DEFINITION_ID,FREQUENCY_BAND_NAME,UNITS_OF_MEASURE,LOWER_LIMIT,UPPER_LIMIT,SERVICE_ALLOCATION,REMARKS) values (585,8,'35.2-35.5','GHz',35.2,35.5,'METEOROLOGICAL AIDS ','Meteorological aids');
Insert into CCK.FREQUENCY_BAND (FREQUENCY_BAND_ID,BAND_DEFINITION_ID,FREQUENCY_BAND_NAME,UNITS_OF_MEASURE,LOWER_LIMIT,UPPER_LIMIT,SERVICE_ALLOCATION,REMARKS) values (586,8,'35.5-36','GHz',35.5,36,'METEOROLOGICAL AIDS    
K240','Meteorological aids');
Insert into CCK.FREQUENCY_BAND (FREQUENCY_BAND_ID,BAND_DEFINITION_ID,FREQUENCY_BAND_NAME,UNITS_OF_MEASURE,LOWER_LIMIT,UPPER_LIMIT,SERVICE_ALLOCATION,REMARKS) values (587,8,'35.5-36','GHz',35.5,36,'RADIOLOCATION    
K240','Radiolocation ');
Insert into CCK.FREQUENCY_BAND (FREQUENCY_BAND_ID,BAND_DEFINITION_ID,FREQUENCY_BAND_NAME,UNITS_OF_MEASURE,LOWER_LIMIT,UPPER_LIMIT,SERVICE_ALLOCATION,REMARKS) values (588,8,'35.5-36','GHz',35.5,36,'EARTH EXPLORATION SATELLITE (active)    
K240','Earth exploration satellite');
Insert into CCK.FREQUENCY_BAND (FREQUENCY_BAND_ID,BAND_DEFINITION_ID,FREQUENCY_BAND_NAME,UNITS_OF_MEASURE,LOWER_LIMIT,UPPER_LIMIT,SERVICE_ALLOCATION,REMARKS) values (589,8,'36-37.5','GHz',36,37.5,'FIXED    
K51, K237 ','Fixed    
(Channel plan ITU-R F.749)');
Insert into CCK.FREQUENCY_BAND (FREQUENCY_BAND_ID,BAND_DEFINITION_ID,FREQUENCY_BAND_NAME,UNITS_OF_MEASURE,LOWER_LIMIT,UPPER_LIMIT,SERVICE_ALLOCATION,REMARKS) values (590,8,'36-37.5','GHz',36,37.5,'MOBILE    
K51, K237','Mobile');
Insert into CCK.FREQUENCY_BAND (FREQUENCY_BAND_ID,BAND_DEFINITION_ID,FREQUENCY_BAND_NAME,UNITS_OF_MEASURE,LOWER_LIMIT,UPPER_LIMIT,SERVICE_ALLOCATION,REMARKS) values (592,8,'37.5-39.5','GHz',37.5,39.5,'MOBILE    
K237','Mobile');
Insert into CCK.FREQUENCY_BAND (FREQUENCY_BAND_ID,BAND_DEFINITION_ID,FREQUENCY_BAND_NAME,UNITS_OF_MEASURE,LOWER_LIMIT,UPPER_LIMIT,SERVICE_ALLOCATION,REMARKS) values (593,8,'37.5-39.5','GHz',37.5,39.5,'FIXED SATELLITE    
K237','Fixed satellite');
Insert into CCK.FREQUENCY_BAND (FREQUENCY_BAND_ID,BAND_DEFINITION_ID,FREQUENCY_BAND_NAME,UNITS_OF_MEASURE,LOWER_LIMIT,UPPER_LIMIT,SERVICE_ALLOCATION,REMARKS) values (594,8,'39.5-40.5','GHz',39.5,40.5,'FIXED    
K237','Fixed    
(Channel plan ITU-R F.749)');
Insert into CCK.FREQUENCY_BAND (FREQUENCY_BAND_ID,BAND_DEFINITION_ID,FREQUENCY_BAND_NAME,UNITS_OF_MEASURE,LOWER_LIMIT,UPPER_LIMIT,SERVICE_ALLOCATION,REMARKS) values (595,8,'39.5-40.5','GHz',39.5,40.5,'FIXED SATELLITE    
(space-Earth)   
K237, K210','Fixed satellite');
Insert into CCK.FREQUENCY_BAND (FREQUENCY_BAND_ID,BAND_DEFINITION_ID,FREQUENCY_BAND_NAME,UNITS_OF_MEASURE,LOWER_LIMIT,UPPER_LIMIT,SERVICE_ALLOCATION,REMARKS) values (596,8,'39.5-40.5','GHz',39.5,40.5,'MOBILE-SATELLITE    
(space-Earth)   
K237 ','Mobile satellite');
Insert into CCK.FREQUENCY_BAND (FREQUENCY_BAND_ID,BAND_DEFINITION_ID,FREQUENCY_BAND_NAME,UNITS_OF_MEASURE,LOWER_LIMIT,UPPER_LIMIT,SERVICE_ALLOCATION,REMARKS) values (597,8,'40.5-42.5','GHz',40.5,42.5,'FIXED    
K237 ','Fixed    
Fixed Wireless Access (broadband)');
Insert into CCK.FREQUENCY_BAND (FREQUENCY_BAND_ID,BAND_DEFINITION_ID,FREQUENCY_BAND_NAME,UNITS_OF_MEASURE,LOWER_LIMIT,UPPER_LIMIT,SERVICE_ALLOCATION,REMARKS) values (598,8,'40.5-42.5','GHz',40.5,42.5,'BROADCASTING    
K237','Broadcasting');
Insert into CCK.FREQUENCY_BAND (FREQUENCY_BAND_ID,BAND_DEFINITION_ID,FREQUENCY_BAND_NAME,UNITS_OF_MEASURE,LOWER_LIMIT,UPPER_LIMIT,SERVICE_ALLOCATION,REMARKS) values (599,8,'42.5 - 43.5','GHz',42.5,43.5,'FIXED   
K51  K237','Fixed   
FWA (broadband)');
Insert into CCK.FREQUENCY_BAND (FREQUENCY_BAND_ID,BAND_DEFINITION_ID,FREQUENCY_BAND_NAME,UNITS_OF_MEASURE,LOWER_LIMIT,UPPER_LIMIT,SERVICE_ALLOCATION,REMARKS) values (600,8,'42.5 - 43.5','GHz',42.5,43.5,'FIXED SATELLITE (Earth-space)    
K237, K51 K243 K241 K242','Fixed satellite');
Insert into CCK.FREQUENCY_BAND (FREQUENCY_BAND_ID,BAND_DEFINITION_ID,FREQUENCY_BAND_NAME,UNITS_OF_MEASURE,LOWER_LIMIT,UPPER_LIMIT,SERVICE_ALLOCATION,REMARKS) values (601,8,'42.5 - 43.5','GHz',42.5,43.5,'MOBILE   
K237  K51','Mobile');
Insert into CCK.FREQUENCY_BAND (FREQUENCY_BAND_ID,BAND_DEFINITION_ID,FREQUENCY_BAND_NAME,UNITS_OF_MEASURE,LOWER_LIMIT,UPPER_LIMIT,SERVICE_ALLOCATION,REMARKS) values (602,8,'43.5-47','GHz',43.5,47,'MOBILE    
K244, K245','Mobile');
Insert into CCK.FREQUENCY_BAND (FREQUENCY_BAND_ID,BAND_DEFINITION_ID,FREQUENCY_BAND_NAME,UNITS_OF_MEASURE,LOWER_LIMIT,UPPER_LIMIT,SERVICE_ALLOCATION,REMARKS) values (603,8,'43.5-47','GHz',43.5,47,'MOBILE SATELLITE    
K244','Mobile satellite');
Insert into CCK.FREQUENCY_BAND (FREQUENCY_BAND_ID,BAND_DEFINITION_ID,FREQUENCY_BAND_NAME,UNITS_OF_MEASURE,LOWER_LIMIT,UPPER_LIMIT,SERVICE_ALLOCATION,REMARKS) values (604,8,'43.5-47','GHz',43.5,47,'RADIONAVIGATION    
K244','Radionavigation');
Insert into CCK.FREQUENCY_BAND (FREQUENCY_BAND_ID,BAND_DEFINITION_ID,FREQUENCY_BAND_NAME,UNITS_OF_MEASURE,LOWER_LIMIT,UPPER_LIMIT,SERVICE_ALLOCATION,REMARKS) values (606,8,'47-47.2','GHz',47,47.2,'AMATEUR SATELLITE','Amateur satellite ');
Insert into CCK.FREQUENCY_BAND (FREQUENCY_BAND_ID,BAND_DEFINITION_ID,FREQUENCY_BAND_NAME,UNITS_OF_MEASURE,LOWER_LIMIT,UPPER_LIMIT,SERVICE_ALLOCATION,REMARKS) values (607,8,'47.2 - 50.2','GHz',47.2,50.2,'FIXED    
K51, K248, K249','Fixed    
HAPs');
Insert into CCK.FREQUENCY_BAND (FREQUENCY_BAND_ID,BAND_DEFINITION_ID,FREQUENCY_BAND_NAME,UNITS_OF_MEASURE,LOWER_LIMIT,UPPER_LIMIT,SERVICE_ALLOCATION,REMARKS) values (608,8,'47.2 - 50.2','GHz',47.2,50.2,'MOBILE    
K51, K248, K249','Mobile ');
Insert into CCK.FREQUENCY_BAND (FREQUENCY_BAND_ID,BAND_DEFINITION_ID,FREQUENCY_BAND_NAME,UNITS_OF_MEASURE,LOWER_LIMIT,UPPER_LIMIT,SERVICE_ALLOCATION,REMARKS) values (609,8,'50.4 - 51.4','GHz',50.4,51.4,'FIXED ','Fixed ');
Insert into CCK.FREQUENCY_BAND (FREQUENCY_BAND_ID,BAND_DEFINITION_ID,FREQUENCY_BAND_NAME,UNITS_OF_MEASURE,LOWER_LIMIT,UPPER_LIMIT,SERVICE_ALLOCATION,REMARKS) values (610,8,'47.2 - 50.2','GHz',47.2,50.2,'FIXED SATELLITE (Earth-space) (space-Earth) K51 K2343 K248  K249 K210 K246  K247','Fixed satellite');
Insert into CCK.FREQUENCY_BAND (FREQUENCY_BAND_ID,BAND_DEFINITION_ID,FREQUENCY_BAND_NAME,UNITS_OF_MEASURE,LOWER_LIMIT,UPPER_LIMIT,SERVICE_ALLOCATION,REMARKS) values (611,8,'50.2 - 50.4','GHz',50.2,50.4,'EARTH EXPLORATION SATELLITE (passive)    
K250','Earth exploration satellite');
Insert into CCK.FREQUENCY_BAND (FREQUENCY_BAND_ID,BAND_DEFINITION_ID,FREQUENCY_BAND_NAME,UNITS_OF_MEASURE,LOWER_LIMIT,UPPER_LIMIT,SERVICE_ALLOCATION,REMARKS) values (612,8,'50.2 - 50.4','GHz',50.2,50.4,'SPACE RESEARCH (passive)    
K250','Space research ');
Insert into CCK.FREQUENCY_BAND (FREQUENCY_BAND_ID,BAND_DEFINITION_ID,FREQUENCY_BAND_NAME,UNITS_OF_MEASURE,LOWER_LIMIT,UPPER_LIMIT,SERVICE_ALLOCATION,REMARKS) values (613,8,'50.4 - 51.4','GHz',50.4,51.4,'FIXED SATELLITE    
(Earth-space)','Fixed satellite');
Insert into CCK.FREQUENCY_BAND (FREQUENCY_BAND_ID,BAND_DEFINITION_ID,FREQUENCY_BAND_NAME,UNITS_OF_MEASURE,LOWER_LIMIT,UPPER_LIMIT,SERVICE_ALLOCATION,REMARKS) values (614,8,'50.4 - 51.4','GHz',50.4,51.4,'MOBILE ','Mobile');
Insert into CCK.FREQUENCY_BAND (FREQUENCY_BAND_ID,BAND_DEFINITION_ID,FREQUENCY_BAND_NAME,UNITS_OF_MEASURE,LOWER_LIMIT,UPPER_LIMIT,SERVICE_ALLOCATION,REMARKS) values (615,8,'51.4 - 52.6','GHz',51.4,52.6,'FIXED    
K237, K251','Fixed    
(Channel plan ITU-R F.1496)');
Insert into CCK.FREQUENCY_BAND (FREQUENCY_BAND_ID,BAND_DEFINITION_ID,FREQUENCY_BAND_NAME,UNITS_OF_MEASURE,LOWER_LIMIT,UPPER_LIMIT,SERVICE_ALLOCATION,REMARKS) values (616,8,'51.4 - 52.6','GHz',51.4,52.6,'MOBILE    
K237, K251','Mobile ');
Insert into CCK.FREQUENCY_BAND (FREQUENCY_BAND_ID,BAND_DEFINITION_ID,FREQUENCY_BAND_NAME,UNITS_OF_MEASURE,LOWER_LIMIT,UPPER_LIMIT,SERVICE_ALLOCATION,REMARKS) values (617,8,'52.6-54.25','GHz',52.6,54.25,'SPACE RESEARCH (passive)    
K250, K251','All emissions prohibited ');
Insert into CCK.FREQUENCY_BAND (FREQUENCY_BAND_ID,BAND_DEFINITION_ID,FREQUENCY_BAND_NAME,UNITS_OF_MEASURE,LOWER_LIMIT,UPPER_LIMIT,SERVICE_ALLOCATION,REMARKS) values (618,8,'54.25-55.78','GHz',54.25,55.78,'SPACE RESEARCH (passive) ','    
Space research ');
Insert into CCK.FREQUENCY_BAND (FREQUENCY_BAND_ID,BAND_DEFINITION_ID,FREQUENCY_BAND_NAME,UNITS_OF_MEASURE,LOWER_LIMIT,UPPER_LIMIT,SERVICE_ALLOCATION,REMARKS) values (619,8,'54.25-55.78','GHz',54.25,55.78,'INTER-SATELLITE    
K252','    
Inter-satellite links ');
Insert into CCK.FREQUENCY_BAND (FREQUENCY_BAND_ID,BAND_DEFINITION_ID,FREQUENCY_BAND_NAME,UNITS_OF_MEASURE,LOWER_LIMIT,UPPER_LIMIT,SERVICE_ALLOCATION,REMARKS) values (620,8,'55.78-58.2','GHz',55.78,58.2,'EARTH EXPLORATION SATELLITE (passive)    
K237','Earth exploration satellite');
Insert into CCK.FREQUENCY_BAND (FREQUENCY_BAND_ID,BAND_DEFINITION_ID,FREQUENCY_BAND_NAME,UNITS_OF_MEASURE,LOWER_LIMIT,UPPER_LIMIT,SERVICE_ALLOCATION,REMARKS) values (621,8,'55.78-58.2','GHz',55.78,58.2,'FIXED    
K237 K255','Fixed    
(Channel plan ITU-R F.1497)');
Insert into CCK.FREQUENCY_BAND (FREQUENCY_BAND_ID,BAND_DEFINITION_ID,FREQUENCY_BAND_NAME,UNITS_OF_MEASURE,LOWER_LIMIT,UPPER_LIMIT,SERVICE_ALLOCATION,REMARKS) values (622,8,'55.78-58.2','GHz',55.78,58.2,'MOBILE    
K237 K253','Mobile');
Insert into CCK.FREQUENCY_BAND (FREQUENCY_BAND_ID,BAND_DEFINITION_ID,FREQUENCY_BAND_NAME,UNITS_OF_MEASURE,LOWER_LIMIT,UPPER_LIMIT,SERVICE_ALLOCATION,REMARKS) values (623,8,'55.78-58.2','GHz',55.78,58.2,'SPACE RESEARCH (passive)    
K237','Space research');
Insert into CCK.FREQUENCY_BAND (FREQUENCY_BAND_ID,BAND_DEFINITION_ID,FREQUENCY_BAND_NAME,UNITS_OF_MEASURE,LOWER_LIMIT,UPPER_LIMIT,SERVICE_ALLOCATION,REMARKS) values (624,8,'58.2 - 59','GHz',58.2,59,'EARTH EXPLORATION SATELLITE (passive)   
K237  K251','Earth exploration satellite');
Insert into CCK.FREQUENCY_BAND (FREQUENCY_BAND_ID,BAND_DEFINITION_ID,FREQUENCY_BAND_NAME,UNITS_OF_MEASURE,LOWER_LIMIT,UPPER_LIMIT,SERVICE_ALLOCATION,REMARKS) values (625,8,'58.2 - 59','GHz',58.2,59,'FIXED    
K237  K251','Fixed    
(Channel plan ITU-R F.1497)');
Insert into CCK.FREQUENCY_BAND (FREQUENCY_BAND_ID,BAND_DEFINITION_ID,FREQUENCY_BAND_NAME,UNITS_OF_MEASURE,LOWER_LIMIT,UPPER_LIMIT,SERVICE_ALLOCATION,REMARKS) values (626,8,'58.2 - 59','GHz',58.2,59,'MOBILE   
K237 K251','Mobile');
Insert into CCK.FREQUENCY_BAND (FREQUENCY_BAND_ID,BAND_DEFINITION_ID,FREQUENCY_BAND_NAME,UNITS_OF_MEASURE,LOWER_LIMIT,UPPER_LIMIT,SERVICE_ALLOCATION,REMARKS) values (627,8,'58.2 - 59','GHz',58.2,59,'SPACE RESEARCH (passive)   
K237  K251','Space Research');
Insert into CCK.FREQUENCY_BAND (FREQUENCY_BAND_ID,BAND_DEFINITION_ID,FREQUENCY_BAND_NAME,UNITS_OF_MEASURE,LOWER_LIMIT,UPPER_LIMIT,SERVICE_ALLOCATION,REMARKS) values (628,8,'59 - 59.3 ','GHz',59,59.3,'EARTH EXPLORATION SATELLITE (passive)','Earth exploration satellite');
Insert into CCK.FREQUENCY_BAND (FREQUENCY_BAND_ID,BAND_DEFINITION_ID,FREQUENCY_BAND_NAME,UNITS_OF_MEASURE,LOWER_LIMIT,UPPER_LIMIT,SERVICE_ALLOCATION,REMARKS) values (629,8,'59 - 59.3 ','GHz',59,59.3,'FIXED ','Fixed ');
Insert into CCK.FREQUENCY_BAND (FREQUENCY_BAND_ID,BAND_DEFINITION_ID,FREQUENCY_BAND_NAME,UNITS_OF_MEASURE,LOWER_LIMIT,UPPER_LIMIT,SERVICE_ALLOCATION,REMARKS) values (630,8,'59 - 59.3 ','GHz',59,59.3,'RADIOLOCATION    
K256','Radiolocation');
Insert into CCK.FREQUENCY_BAND (FREQUENCY_BAND_ID,BAND_DEFINITION_ID,FREQUENCY_BAND_NAME,UNITS_OF_MEASURE,LOWER_LIMIT,UPPER_LIMIT,SERVICE_ALLOCATION,REMARKS) values (631,8,'59 - 59.3 ','GHz',59,59.3,'SPACE RESEARCH (passive) ','Space Research');
Insert into CCK.FREQUENCY_BAND (FREQUENCY_BAND_ID,BAND_DEFINITION_ID,FREQUENCY_BAND_NAME,UNITS_OF_MEASURE,LOWER_LIMIT,UPPER_LIMIT,SERVICE_ALLOCATION,REMARKS) values (632,8,'59 - 59.3 ','GHz',59,59.3,'INTER SATELLITE    
K252','Inter-satellite links');
Insert into CCK.FREQUENCY_BAND (FREQUENCY_BAND_ID,BAND_DEFINITION_ID,FREQUENCY_BAND_NAME,UNITS_OF_MEASURE,LOWER_LIMIT,UPPER_LIMIT,SERVICE_ALLOCATION,REMARKS) values (633,8,'59.3-66','GHz',59.3,66,'INTER SATELLITE    
K237 K39, K251','Inter-satellite links');
Insert into CCK.FREQUENCY_BAND (FREQUENCY_BAND_ID,BAND_DEFINITION_ID,FREQUENCY_BAND_NAME,UNITS_OF_MEASURE,LOWER_LIMIT,UPPER_LIMIT,SERVICE_ALLOCATION,REMARKS) values (634,8,'59.3-66','GHz',59.3,66,'FIXED    
K237 K40, K251','Fixed ');
Insert into CCK.FREQUENCY_BAND (FREQUENCY_BAND_ID,BAND_DEFINITION_ID,FREQUENCY_BAND_NAME,UNITS_OF_MEASURE,LOWER_LIMIT,UPPER_LIMIT,SERVICE_ALLOCATION,REMARKS) values (635,8,'59.3-66','GHz',59.3,66,'MOBILE    
K237 K251 K40 K253','Mobile');
Insert into CCK.FREQUENCY_BAND (FREQUENCY_BAND_ID,BAND_DEFINITION_ID,FREQUENCY_BAND_NAME,UNITS_OF_MEASURE,LOWER_LIMIT,UPPER_LIMIT,SERVICE_ALLOCATION,REMARKS) values (636,8,'    
66 - 71','GHz',66,71,'INTER SATELLITE    
K244','Inter-satellite links');
Insert into CCK.FREQUENCY_BAND (FREQUENCY_BAND_ID,BAND_DEFINITION_ID,FREQUENCY_BAND_NAME,UNITS_OF_MEASURE,LOWER_LIMIT,UPPER_LIMIT,SERVICE_ALLOCATION,REMARKS) values (637,8,'   
66 - 71','GHz',66,71,'MOBILE SATELLITE   
K244','Mobile satellite');
Insert into CCK.FREQUENCY_BAND (FREQUENCY_BAND_ID,BAND_DEFINITION_ID,FREQUENCY_BAND_NAME,UNITS_OF_MEASURE,LOWER_LIMIT,UPPER_LIMIT,SERVICE_ALLOCATION,REMARKS) values (638,8,'   
66 - 71','GHz',66,71,'MOBILE   
K244 K245 K241','Mobile');
Insert into CCK.FREQUENCY_BAND (FREQUENCY_BAND_ID,BAND_DEFINITION_ID,FREQUENCY_BAND_NAME,UNITS_OF_MEASURE,LOWER_LIMIT,UPPER_LIMIT,SERVICE_ALLOCATION,REMARKS) values (639,8,'   
66 - 71','GHz',66,71,'RADIONAVIGATION   
K265','Radionavigation');
Insert into CCK.FREQUENCY_BAND (FREQUENCY_BAND_ID,BAND_DEFINITION_ID,FREQUENCY_BAND_NAME,UNITS_OF_MEASURE,LOWER_LIMIT,UPPER_LIMIT,SERVICE_ALLOCATION,REMARKS) values (640,8,'   
66 - 71','GHz',66,71,'RADIONAVIGATION SATELLITE   
K244','Radionavigation satellite');
Insert into CCK.FREQUENCY_BAND (FREQUENCY_BAND_ID,BAND_DEFINITION_ID,FREQUENCY_BAND_NAME,UNITS_OF_MEASURE,LOWER_LIMIT,UPPER_LIMIT,SERVICE_ALLOCATION,REMARKS) values (641,8,'71 - 74','GHz',71,74,'FIXED ','Fixed');
Insert into CCK.FREQUENCY_BAND (FREQUENCY_BAND_ID,BAND_DEFINITION_ID,FREQUENCY_BAND_NAME,UNITS_OF_MEASURE,LOWER_LIMIT,UPPER_LIMIT,SERVICE_ALLOCATION,REMARKS) values (642,8,'71 - 74','GHz',71,74,'MOBILE ','Mobile');
Insert into CCK.FREQUENCY_BAND (FREQUENCY_BAND_ID,BAND_DEFINITION_ID,FREQUENCY_BAND_NAME,UNITS_OF_MEASURE,LOWER_LIMIT,UPPER_LIMIT,SERVICE_ALLOCATION,REMARKS) values (643,8,'74-76','GHz',74,76,'FIXED    
K257','Fixed');
Insert into CCK.FREQUENCY_BAND (FREQUENCY_BAND_ID,BAND_DEFINITION_ID,FREQUENCY_BAND_NAME,UNITS_OF_MEASURE,LOWER_LIMIT,UPPER_LIMIT,SERVICE_ALLOCATION,REMARKS) values (644,8,'74-76','GHz',74,76,'FIXED SATELLITE (space-Earth)    
K257','Fixed satellite');
Insert into CCK.FREQUENCY_BAND (FREQUENCY_BAND_ID,BAND_DEFINITION_ID,FREQUENCY_BAND_NAME,UNITS_OF_MEASURE,LOWER_LIMIT,UPPER_LIMIT,SERVICE_ALLOCATION,REMARKS) values (645,8,'74-76','GHz',74,76,'MOBILE    
K257','Mobile ');
Insert into CCK.FREQUENCY_BAND (FREQUENCY_BAND_ID,BAND_DEFINITION_ID,FREQUENCY_BAND_NAME,UNITS_OF_MEASURE,LOWER_LIMIT,UPPER_LIMIT,SERVICE_ALLOCATION,REMARKS) values (774,8,'240-241','GHz',240,241,'RADIOLOCATION ','Radiolocation');
Insert into CCK.FREQUENCY_BAND (FREQUENCY_BAND_ID,BAND_DEFINITION_ID,FREQUENCY_BAND_NAME,UNITS_OF_MEASURE,LOWER_LIMIT,UPPER_LIMIT,SERVICE_ALLOCATION,REMARKS) values (775,8,'241-248','GHz',241,248,'RADIO ASTRONOMY    
K51','Radio Astronomy');
Insert into CCK.FREQUENCY_BAND (FREQUENCY_BAND_ID,BAND_DEFINITION_ID,FREQUENCY_BAND_NAME,UNITS_OF_MEASURE,LOWER_LIMIT,UPPER_LIMIT,SERVICE_ALLOCATION,REMARKS) values (776,8,'241-248','GHz',241,248,'RADIOLOCATION    
K51','Radiolocation');
Insert into CCK.FREQUENCY_BAND (FREQUENCY_BAND_ID,BAND_DEFINITION_ID,FREQUENCY_BAND_NAME,UNITS_OF_MEASURE,LOWER_LIMIT,UPPER_LIMIT,SERVICE_ALLOCATION,REMARKS) values (777,8,'241-248','GHz',241,248,'Amateur    
K51','Amateur');
Insert into CCK.FREQUENCY_BAND (FREQUENCY_BAND_ID,BAND_DEFINITION_ID,FREQUENCY_BAND_NAME,UNITS_OF_MEASURE,LOWER_LIMIT,UPPER_LIMIT,SERVICE_ALLOCATION,REMARKS) values (778,8,'248-250','GHz',248,250,'AMATEUR    
K51','Amateur');
Insert into CCK.FREQUENCY_BAND (FREQUENCY_BAND_ID,BAND_DEFINITION_ID,FREQUENCY_BAND_NAME,UNITS_OF_MEASURE,LOWER_LIMIT,UPPER_LIMIT,SERVICE_ALLOCATION,REMARKS) values (779,8,'248-250','GHz',248,250,'AMATEUR SATELLITE    
K51','Amateur satellite');
Insert into CCK.FREQUENCY_BAND (FREQUENCY_BAND_ID,BAND_DEFINITION_ID,FREQUENCY_BAND_NAME,UNITS_OF_MEASURE,LOWER_LIMIT,UPPER_LIMIT,SERVICE_ALLOCATION,REMARKS) values (780,8,'248-250','GHz',248,250,'Radio Astronomy    
K51','Radio Astronomy');
Insert into CCK.FREQUENCY_BAND (FREQUENCY_BAND_ID,BAND_DEFINITION_ID,FREQUENCY_BAND_NAME,UNITS_OF_MEASURE,LOWER_LIMIT,UPPER_LIMIT,SERVICE_ALLOCATION,REMARKS) values (781,8,'250-252','GHz',250,252,'EARTH EXPLORATION SATELLITE (passive)    
K250, K268','All emissions prohibited');
Insert into CCK.FREQUENCY_BAND (FREQUENCY_BAND_ID,BAND_DEFINITION_ID,FREQUENCY_BAND_NAME,UNITS_OF_MEASURE,LOWER_LIMIT,UPPER_LIMIT,SERVICE_ALLOCATION,REMARKS) values (782,8,'250-252','GHz',250,252,'RADIO ASTRONOMY    
K250, K268','All emissions prohibited');
Insert into CCK.FREQUENCY_BAND (FREQUENCY_BAND_ID,BAND_DEFINITION_ID,FREQUENCY_BAND_NAME,UNITS_OF_MEASURE,LOWER_LIMIT,UPPER_LIMIT,SERVICE_ALLOCATION,REMARKS) values (783,8,'250-252','GHz',250,252,'SPACE RESEARCH (passive)    
K250, K268','All emissions prohibited');
Insert into CCK.FREQUENCY_BAND (FREQUENCY_BAND_ID,BAND_DEFINITION_ID,FREQUENCY_BAND_NAME,UNITS_OF_MEASURE,LOWER_LIMIT,UPPER_LIMIT,SERVICE_ALLOCATION,REMARKS) values (784,8,'252-265','GHz',252,265,'FIXED    
K51 K244','Fixed');
Insert into CCK.FREQUENCY_BAND (FREQUENCY_BAND_ID,BAND_DEFINITION_ID,FREQUENCY_BAND_NAME,UNITS_OF_MEASURE,LOWER_LIMIT,UPPER_LIMIT,SERVICE_ALLOCATION,REMARKS) values (785,8,'252-265','GHz',252,265,'MOBILE    
K51 K244','Mobile');
Insert into CCK.FREQUENCY_BAND (FREQUENCY_BAND_ID,BAND_DEFINITION_ID,FREQUENCY_BAND_NAME,UNITS_OF_MEASURE,LOWER_LIMIT,UPPER_LIMIT,SERVICE_ALLOCATION,REMARKS) values (786,8,'252-265','GHz',252,265,'MOBILE SATELLITE    
(Earth-space)   
K51  K265','Mobile satellite');
Insert into CCK.FREQUENCY_BAND (FREQUENCY_BAND_ID,BAND_DEFINITION_ID,FREQUENCY_BAND_NAME,UNITS_OF_MEASURE,LOWER_LIMIT,UPPER_LIMIT,SERVICE_ALLOCATION,REMARKS) values (787,8,'252-265','GHz',252,265,'RADIO ASTRONOMY    
K51  K244','Radio Astronomy');
Insert into CCK.FREQUENCY_BAND (FREQUENCY_BAND_ID,BAND_DEFINITION_ID,FREQUENCY_BAND_NAME,UNITS_OF_MEASURE,LOWER_LIMIT,UPPER_LIMIT,SERVICE_ALLOCATION,REMARKS) values (789,8,'252-265','GHz',252,265,'RADIONAVIGATION SATELLITE    
K51  K244','Radionavigation satellite');
Insert into CCK.FREQUENCY_BAND (FREQUENCY_BAND_ID,BAND_DEFINITION_ID,FREQUENCY_BAND_NAME,UNITS_OF_MEASURE,LOWER_LIMIT,UPPER_LIMIT,SERVICE_ALLOCATION,REMARKS) values (790,8,'265-275','GHz',265,275,'FIXED    
K51  K268','Fixed');
Insert into CCK.FREQUENCY_BAND (FREQUENCY_BAND_ID,BAND_DEFINITION_ID,FREQUENCY_BAND_NAME,UNITS_OF_MEASURE,LOWER_LIMIT,UPPER_LIMIT,SERVICE_ALLOCATION,REMARKS) values (791,8,'265-275','GHz',265,275,'FIXED SATELLITE (Earth-space)    
K51  K268','Fixed satellite');
Insert into CCK.FREQUENCY_BAND (FREQUENCY_BAND_ID,BAND_DEFINITION_ID,FREQUENCY_BAND_NAME,UNITS_OF_MEASURE,LOWER_LIMIT,UPPER_LIMIT,SERVICE_ALLOCATION,REMARKS) values (792,8,'265-275','GHz',265,275,'RADIO ASTRONOMY    
K51  K268','Radio Astronomy');
Insert into CCK.FREQUENCY_BAND (FREQUENCY_BAND_ID,BAND_DEFINITION_ID,FREQUENCY_BAND_NAME,UNITS_OF_MEASURE,LOWER_LIMIT,UPPER_LIMIT,SERVICE_ALLOCATION,REMARKS) values (793,4,'5480 -  5680','KHz',5480,5680,'AERONAUTICAL MOBILE (R)& (OR)   
K27, K31','Aeronautical mobile');
Insert into CCK.FREQUENCY_BAND (FREQUENCY_BAND_ID,BAND_DEFINITION_ID,FREQUENCY_BAND_NAME,UNITS_OF_MEASURE,LOWER_LIMIT,UPPER_LIMIT,SERVICE_ALLOCATION,REMARKS) values (794,5,'30000- 31000 ','KHz',30000,31000,'MOBILE    
K59','mobile');
Insert into CCK.FREQUENCY_BAND (FREQUENCY_BAND_ID,BAND_DEFINITION_ID,FREQUENCY_BAND_NAME,UNITS_OF_MEASURE,LOWER_LIMIT,UPPER_LIMIT,SERVICE_ALLOCATION,REMARKS) values (795,5,'35.6 - 37.25 ','MHz',35.6,37.25,'MOBILE','Mobile');
Insert into CCK.FREQUENCY_BAND (FREQUENCY_BAND_ID,BAND_DEFINITION_ID,FREQUENCY_BAND_NAME,UNITS_OF_MEASURE,LOWER_LIMIT,UPPER_LIMIT,SERVICE_ALLOCATION,REMARKS) values (796,5,'38.25 - 40  ','MHz',38.25,40,'FIXED   
K59','Fixed');
Insert into CCK.FREQUENCY_BAND (FREQUENCY_BAND_ID,BAND_DEFINITION_ID,FREQUENCY_BAND_NAME,UNITS_OF_MEASURE,LOWER_LIMIT,UPPER_LIMIT,SERVICE_ALLOCATION,REMARKS) values (797,5,'40.98 - 47 ','MHz',40.98,47,'MOBILE   
K59','Land Mobile   
Low power cordless telephony');
Insert into CCK.FREQUENCY_BAND (FREQUENCY_BAND_ID,BAND_DEFINITION_ID,FREQUENCY_BAND_NAME,UNITS_OF_MEASURE,LOWER_LIMIT,UPPER_LIMIT,SERVICE_ALLOCATION,REMARKS) values (798,5,'76.7 -  77.1 ','MHz',76.7,77.1,'MOBILE ','Land Mobile');
Insert into CCK.FREQUENCY_BAND (FREQUENCY_BAND_ID,BAND_DEFINITION_ID,FREQUENCY_BAND_NAME,UNITS_OF_MEASURE,LOWER_LIMIT,UPPER_LIMIT,SERVICE_ALLOCATION,REMARKS) values (799,7,'9 200 - 9300','MHz',9200,9300,'RADIOLOCATION   
K184','Radiolocation');
Insert into CCK.FREQUENCY_BAND (FREQUENCY_BAND_ID,BAND_DEFINITION_ID,FREQUENCY_BAND_NAME,UNITS_OF_MEASURE,LOWER_LIMIT,UPPER_LIMIT,SERVICE_ALLOCATION,REMARKS) values (800,2,'90 - 110 ','KHz',90,110,'Fixed   
K10','Fixed');
Insert into CCK.FREQUENCY_BAND (FREQUENCY_BAND_ID,BAND_DEFINITION_ID,FREQUENCY_BAND_NAME,UNITS_OF_MEASURE,LOWER_LIMIT,UPPER_LIMIT,SERVICE_ALLOCATION,REMARKS) values (801,2,'129 - 130','KHz',129,130,'RADIONAVIGATION K5','Radionavigation');
Insert into CCK.FREQUENCY_BAND (FREQUENCY_BAND_ID,BAND_DEFINITION_ID,FREQUENCY_BAND_NAME,UNITS_OF_MEASURE,LOWER_LIMIT,UPPER_LIMIT,SERVICE_ALLOCATION,REMARKS) values (802,3,'1850 - 2000 ','KHz',1850,2000,'MOBILE except aeronautical mobile   
  K22 K23','Mobile');
Insert into CCK.FREQUENCY_BAND (FREQUENCY_BAND_ID,BAND_DEFINITION_ID,FREQUENCY_BAND_NAME,UNITS_OF_MEASURE,LOWER_LIMIT,UPPER_LIMIT,SERVICE_ALLOCATION,REMARKS) values (803,3,'2498 -  2502    ','KHz',2498,2502,'STANDARD FREQUENCY & TIME SIGNAL (2500 KHz)   
K26','Standard frequency and time signal reception');
Insert into CCK.FREQUENCY_BAND (FREQUENCY_BAND_ID,BAND_DEFINITION_ID,FREQUENCY_BAND_NAME,UNITS_OF_MEASURE,LOWER_LIMIT,UPPER_LIMIT,SERVICE_ALLOCATION,REMARKS) values (804,4,'4063 -  4438','KHz',4063,4438,'MARITIME MOBILE   
  K21, K24, K28, K34 K35 K36','Maritime mobile');
Insert into CCK.FREQUENCY_BAND (FREQUENCY_BAND_ID,BAND_DEFINITION_ID,FREQUENCY_BAND_NAME,UNITS_OF_MEASURE,LOWER_LIMIT,UPPER_LIMIT,SERVICE_ALLOCATION,REMARKS) values (805,4,'7000 - 7100','KHz',7000,7100,'FIXED    
K42','Fixed    
(Band 7000-7050 MHz)');
Insert into CCK.FREQUENCY_BAND (FREQUENCY_BAND_ID,BAND_DEFINITION_ID,FREQUENCY_BAND_NAME,UNITS_OF_MEASURE,LOWER_LIMIT,UPPER_LIMIT,SERVICE_ALLOCATION,REMARKS) values (806,4,'9 900 -  9 995','KHz',9900,9995,'FIXED ','Fixed to be used only within national boundaries ');
Insert into CCK.FREQUENCY_BAND (FREQUENCY_BAND_ID,BAND_DEFINITION_ID,FREQUENCY_BAND_NAME,UNITS_OF_MEASURE,LOWER_LIMIT,UPPER_LIMIT,SERVICE_ALLOCATION,REMARKS) values (807,4,'13 360 - 13 570   ','KHz',13360,13570,'FIXED    
  K51, K53','Fixed ');
Insert into CCK.FREQUENCY_BAND (FREQUENCY_BAND_ID,BAND_DEFINITION_ID,FREQUENCY_BAND_NAME,UNITS_OF_MEASURE,LOWER_LIMIT,UPPER_LIMIT,SERVICE_ALLOCATION,REMARKS) values (808,4,'15 100 - 15 800  ','KHz',15100,15800,'BROADCASTING    
  K37  K49  K30','Short wave sound broadcasting');
Insert into CCK.FREQUENCY_BAND (FREQUENCY_BAND_ID,BAND_DEFINITION_ID,FREQUENCY_BAND_NAME,UNITS_OF_MEASURE,LOWER_LIMIT,UPPER_LIMIT,SERVICE_ALLOCATION,REMARKS) values (809,4,'19 800 - 19 990','KHz',19800,19990,'FIXED ','Fixed');
Insert into CCK.FREQUENCY_BAND (FREQUENCY_BAND_ID,BAND_DEFINITION_ID,FREQUENCY_BAND_NAME,UNITS_OF_MEASURE,LOWER_LIMIT,UPPER_LIMIT,SERVICE_ALLOCATION,REMARKS) values (810,4,'22 000 -  22 855','KHz',22000,22855,'MARITIME MOBILE   
K36','Maritime mobile');
Insert into CCK.FREQUENCY_BAND (FREQUENCY_BAND_ID,BAND_DEFINITION_ID,FREQUENCY_BAND_NAME,UNITS_OF_MEASURE,LOWER_LIMIT,UPPER_LIMIT,SERVICE_ALLOCATION,REMARKS) values (811,4,'25 210 - 25 550','KHz',25210,25550,'MOBILE','Mobile');
Insert into CCK.FREQUENCY_BAND (FREQUENCY_BAND_ID,BAND_DEFINITION_ID,FREQUENCY_BAND_NAME,UNITS_OF_MEASURE,LOWER_LIMIT,UPPER_LIMIT,SERVICE_ALLOCATION,REMARKS) values (812,4,' 27500 - 28 000','KHz',27500,28000,'FIXED ','Fixed');
Insert into CCK.FREQUENCY_BAND (FREQUENCY_BAND_ID,BAND_DEFINITION_ID,FREQUENCY_BAND_NAME,UNITS_OF_MEASURE,LOWER_LIMIT,UPPER_LIMIT,SERVICE_ALLOCATION,REMARKS) values (813,5,'32.65-35.6 ','MHz',32.65,35.6,'FIXED    
K59','Fixed');
Insert into CCK.FREQUENCY_BAND (FREQUENCY_BAND_ID,BAND_DEFINITION_ID,FREQUENCY_BAND_NAME,UNITS_OF_MEASURE,LOWER_LIMIT,UPPER_LIMIT,SERVICE_ALLOCATION,REMARKS) values (814,5,'40 - 40.98  ','MHz',40,40.98,'MOBILE   
K51, K59','Mobile   
ISM');
Insert into CCK.FREQUENCY_BAND (FREQUENCY_BAND_ID,BAND_DEFINITION_ID,FREQUENCY_BAND_NAME,UNITS_OF_MEASURE,LOWER_LIMIT,UPPER_LIMIT,SERVICE_ALLOCATION,REMARKS) values (815,5,'144- 146 ','MHz',144,146,'AMATEUR ','Amateur (2 meter band)    
User licence required');
Insert into CCK.FREQUENCY_BAND (FREQUENCY_BAND_ID,BAND_DEFINITION_ID,FREQUENCY_BAND_NAME,UNITS_OF_MEASURE,LOWER_LIMIT,UPPER_LIMIT,SERVICE_ALLOCATION,REMARKS) values (816,5,'153.1- 154.5 ','MHz',153.1,154.5,'FIXED ','Fixed');
Insert into CCK.FREQUENCY_BAND (FREQUENCY_BAND_ID,BAND_DEFINITION_ID,FREQUENCY_BAND_NAME,UNITS_OF_MEASURE,LOWER_LIMIT,UPPER_LIMIT,SERVICE_ALLOCATION,REMARKS) values (817,5,'156.7625 - 156.8375 ','MHz',156.7625,156.8375,'MARITIME MOBILE DISTRESS AND CALLING    
  K81, K84, K85','Maritime mobile international distress, safety & calling frequencies');
Insert into CCK.FREQUENCY_BAND (FREQUENCY_BAND_ID,BAND_DEFINITION_ID,FREQUENCY_BAND_NAME,UNITS_OF_MEASURE,LOWER_LIMIT,UPPER_LIMIT,SERVICE_ALLOCATION,REMARKS) values (818,6,'380 - 387 ','MHz',380,387,'FIXED    
K88','Fixed links    
Fixed Wireless Access');
Insert into CCK.FREQUENCY_BAND (FREQUENCY_BAND_ID,BAND_DEFINITION_ID,FREQUENCY_BAND_NAME,UNITS_OF_MEASURE,LOWER_LIMIT,UPPER_LIMIT,SERVICE_ALLOCATION,REMARKS) values (819,6,'430-450 ','MHz',430,450,'FIXED    
K95','Fixed');
Insert into CCK.FREQUENCY_BAND (FREQUENCY_BAND_ID,BAND_DEFINITION_ID,FREQUENCY_BAND_NAME,UNITS_OF_MEASURE,LOWER_LIMIT,UPPER_LIMIT,SERVICE_ALLOCATION,REMARKS) values (820,6,'470 - 806 ','MHz',470,806,'BROADCASTING    
  K60 K62 K99 K100,     
    
    
 ','UHF analogue Television broadcasting    
(Bands IV & V)   
Channels 36-62    
    
 ');
Insert into CCK.FREQUENCY_BAND (FREQUENCY_BAND_ID,BAND_DEFINITION_ID,FREQUENCY_BAND_NAME,UNITS_OF_MEASURE,LOWER_LIMIT,UPPER_LIMIT,SERVICE_ALLOCATION,REMARKS) values (821,6,'1660.5- 1668.4','MHz',1660.5,1668.4,'SPACE RESEARCH (passive)    
K131','Emissions prohibited');
Insert into CCK.FREQUENCY_BAND (FREQUENCY_BAND_ID,BAND_DEFINITION_ID,FREQUENCY_BAND_NAME,UNITS_OF_MEASURE,LOWER_LIMIT,UPPER_LIMIT,SERVICE_ALLOCATION,REMARKS) values (822,6,'1920-1980 ','MHz',1920,1980,'FIXED    
K136  K138','Fixed Links (New fixed links prohibited) ');
Insert into CCK.FREQUENCY_BAND (FREQUENCY_BAND_ID,BAND_DEFINITION_ID,FREQUENCY_BAND_NAME,UNITS_OF_MEASURE,LOWER_LIMIT,UPPER_LIMIT,SERVICE_ALLOCATION,REMARKS) values (823,6,'2 670 - 2 690','MHz',2670,2690,'MOBILE    
K137','Mobile    
IMT systems');
Insert into CCK.FREQUENCY_BAND (FREQUENCY_BAND_ID,BAND_DEFINITION_ID,FREQUENCY_BAND_NAME,UNITS_OF_MEASURE,LOWER_LIMIT,UPPER_LIMIT,SERVICE_ALLOCATION,REMARKS) values (824,7,'5 150 - 5 250','MHz',5150,5250,'AERONAUTICAL RADIONAVIGATION    
K160','Aeronautical Radionavigation');
Insert into CCK.FREQUENCY_BAND (FREQUENCY_BAND_ID,BAND_DEFINITION_ID,FREQUENCY_BAND_NAME,UNITS_OF_MEASURE,LOWER_LIMIT,UPPER_LIMIT,SERVICE_ALLOCATION,REMARKS) values (825,7,'7 750- 7900','MHz',7750,7900,'MOBILE ','Mobile');
Insert into CCK.FREQUENCY_BAND (FREQUENCY_BAND_ID,BAND_DEFINITION_ID,FREQUENCY_BAND_NAME,UNITS_OF_MEASURE,LOWER_LIMIT,UPPER_LIMIT,SERVICE_ALLOCATION,REMARKS) values (826,7,'7 450 - 7550','MHz',7450,7550,'METEOROLOGICAL-SATELLITE (space - Earth)    
K178','Meteorological satellite');
Insert into CCK.FREQUENCY_BAND (FREQUENCY_BAND_ID,BAND_DEFINITION_ID,FREQUENCY_BAND_NAME,UNITS_OF_MEASURE,LOWER_LIMIT,UPPER_LIMIT,SERVICE_ALLOCATION,REMARKS) values (827,7,'8 850 - 9000','MHz',8850,9000,'RADIOLOCATION ','Radiolocation');
Insert into CCK.FREQUENCY_BAND (FREQUENCY_BAND_ID,BAND_DEFINITION_ID,FREQUENCY_BAND_NAME,UNITS_OF_MEASURE,LOWER_LIMIT,UPPER_LIMIT,SERVICE_ALLOCATION,REMARKS) values (828,7,'10 600 - 10 680 ','MHz',10600,10680,'MOBILE    
K189','Mobile-simplex');
Insert into CCK.FREQUENCY_BAND (FREQUENCY_BAND_ID,BAND_DEFINITION_ID,FREQUENCY_BAND_NAME,UNITS_OF_MEASURE,LOWER_LIMIT,UPPER_LIMIT,SERVICE_ALLOCATION,REMARKS) values (830,7,'17.3-17.7','GHz',17.3,17.7,'FIXED SATELLITE (Earth-Space)    
(space-Earth)   
K211 K209 K210    
 ','Feeder link plans for broadcasting satellite (Appendix 30A)');
Insert into CCK.FREQUENCY_BAND (FREQUENCY_BAND_ID,BAND_DEFINITION_ID,FREQUENCY_BAND_NAME,UNITS_OF_MEASURE,LOWER_LIMIT,UPPER_LIMIT,SERVICE_ALLOCATION,REMARKS) values (831,7,'24.45 - 24.75','GHz',24.45,24.75,'INTER-SATELLITE ','Inter-satellite links');
Insert into CCK.FREQUENCY_BAND (FREQUENCY_BAND_ID,BAND_DEFINITION_ID,FREQUENCY_BAND_NAME,UNITS_OF_MEASURE,LOWER_LIMIT,UPPER_LIMIT,SERVICE_ALLOCATION,REMARKS) values (832,8,'31.5-31.8','GHz',31.5,31.8,'Fixed    
K51','Fixed ');
Insert into CCK.FREQUENCY_BAND (FREQUENCY_BAND_ID,BAND_DEFINITION_ID,FREQUENCY_BAND_NAME,UNITS_OF_MEASURE,LOWER_LIMIT,UPPER_LIMIT,SERVICE_ALLOCATION,REMARKS) values (833,8,'35.5-36','GHz',35.5,36,'SPACE RESEARCH (active)    
K240','Space research (active)');
Insert into CCK.FREQUENCY_BAND (FREQUENCY_BAND_ID,BAND_DEFINITION_ID,FREQUENCY_BAND_NAME,UNITS_OF_MEASURE,LOWER_LIMIT,UPPER_LIMIT,SERVICE_ALLOCATION,REMARKS) values (834,8,'42.5 - 43.5','GHz',42.5,43.5,'RADIO ASTRONOMY   
K237  K241','Radio Astronomy');
Insert into CCK.FREQUENCY_BAND (FREQUENCY_BAND_ID,BAND_DEFINITION_ID,FREQUENCY_BAND_NAME,UNITS_OF_MEASURE,LOWER_LIMIT,UPPER_LIMIT,SERVICE_ALLOCATION,REMARKS) values (835,8,'54.25-55.78','GHz',54.25,55.78,'EARTH EXPLORATION SATELLITE (passive) ','Earth exploration satellite ');
Insert into CCK.FREQUENCY_BAND (FREQUENCY_BAND_ID,BAND_DEFINITION_ID,FREQUENCY_BAND_NAME,UNITS_OF_MEASURE,LOWER_LIMIT,UPPER_LIMIT,SERVICE_ALLOCATION,REMARKS) values (836,8,'71 - 74','GHz',71,74,'FIXED SATELLITE (space - Earth) ','Fixed satellite');
Insert into CCK.FREQUENCY_BAND (FREQUENCY_BAND_ID,BAND_DEFINITION_ID,FREQUENCY_BAND_NAME,UNITS_OF_MEASURE,LOWER_LIMIT,UPPER_LIMIT,SERVICE_ALLOCATION,REMARKS) values (838,8,'116-119.98','GHz',116,119.98,'EARTH EXPLORATION SATELLITE (passive) ','Earth exploration satellite');
Insert into CCK.FREQUENCY_BAND (FREQUENCY_BAND_ID,BAND_DEFINITION_ID,FREQUENCY_BAND_NAME,UNITS_OF_MEASURE,LOWER_LIMIT,UPPER_LIMIT,SERVICE_ALLOCATION,REMARKS) values (839,8,'141-148.5','GHz',141,148.5,'MOBILE    
K51','Mobile');
Insert into CCK.FREQUENCY_BAND (FREQUENCY_BAND_ID,BAND_DEFINITION_ID,FREQUENCY_BAND_NAME,UNITS_OF_MEASURE,LOWER_LIMIT,UPPER_LIMIT,SERVICE_ALLOCATION,REMARKS) values (840,8,'151.5-155.5','GHz',151.5,155.5,'RADIO ASTRONOMY    
K51','Radio Astronomy');
Insert into CCK.FREQUENCY_BAND (FREQUENCY_BAND_ID,BAND_DEFINITION_ID,FREQUENCY_BAND_NAME,UNITS_OF_MEASURE,LOWER_LIMIT,UPPER_LIMIT,SERVICE_ALLOCATION,REMARKS) values (841,8,'167-174.5','GHz',167,174.5,'FIXED SATELLITE (space-Earth)    
K51','Fixed satellite');
Insert into CCK.FREQUENCY_BAND (FREQUENCY_BAND_ID,BAND_DEFINITION_ID,FREQUENCY_BAND_NAME,UNITS_OF_MEASURE,LOWER_LIMIT,UPPER_LIMIT,SERVICE_ALLOCATION,REMARKS) values (842,8,'191.8-200','GHz',191.8,200,'MOBILE    
K51  K253  K244','Mobile');
Insert into CCK.FREQUENCY_BAND (FREQUENCY_BAND_ID,BAND_DEFINITION_ID,FREQUENCY_BAND_NAME,UNITS_OF_MEASURE,LOWER_LIMIT,UPPER_LIMIT,SERVICE_ALLOCATION,REMARKS) values (843,3,'505 - 526.5 ','KHz',505,526.5,'AERONAUTICAL RADIONAVIGATION ','Aeronautical radionavigation    
(510-526.5 KHz)');
Insert into CCK.FREQUENCY_BAND (FREQUENCY_BAND_ID,BAND_DEFINITION_ID,FREQUENCY_BAND_NAME,UNITS_OF_MEASURE,LOWER_LIMIT,UPPER_LIMIT,SERVICE_ALLOCATION,REMARKS) values (844,3,'2650 - 2850 ','KHz',2650,2850,'FIXED   
K22, K23','Fixed');
Insert into CCK.FREQUENCY_BAND (FREQUENCY_BAND_ID,BAND_DEFINITION_ID,FREQUENCY_BAND_NAME,UNITS_OF_MEASURE,LOWER_LIMIT,UPPER_LIMIT,SERVICE_ALLOCATION,REMARKS) values (846,4,'24 890 - 24990 ','KHz',24890,24990,'AMATEUR    
 ','Amateur (12 meter band)    
User licence required ');
Insert into CCK.FREQUENCY_BAND (FREQUENCY_BAND_ID,BAND_DEFINITION_ID,FREQUENCY_BAND_NAME,UNITS_OF_MEASURE,LOWER_LIMIT,UPPER_LIMIT,SERVICE_ALLOCATION,REMARKS) values (847,5,'37.25 - 38.25   ','MHz',37.25,38.25,'FIXED   
K58, K59','Fixed');
Insert into CCK.FREQUENCY_BAND (FREQUENCY_BAND_ID,BAND_DEFINITION_ID,FREQUENCY_BAND_NAME,UNITS_OF_MEASURE,LOWER_LIMIT,UPPER_LIMIT,SERVICE_ALLOCATION,REMARKS) values (848,5,'164.4 - 165.9 ','MHz',164.4,165.9,'FIXED ','Fixed links');
Insert into CCK.FREQUENCY_BAND (FREQUENCY_BAND_ID,BAND_DEFINITION_ID,FREQUENCY_BAND_NAME,UNITS_OF_MEASURE,LOWER_LIMIT,UPPER_LIMIT,SERVICE_ALLOCATION,REMARKS) values (849,5,'173.6 -  174','MHz',173.6,174,'MOBILE ','Public safety');
Insert into CCK.FREQUENCY_BAND (FREQUENCY_BAND_ID,BAND_DEFINITION_ID,FREQUENCY_BAND_NAME,UNITS_OF_MEASURE,LOWER_LIMIT,UPPER_LIMIT,SERVICE_ALLOCATION,REMARKS) values (850,6,'387 - 390 ','MHz',387,390,'FIXED    
MOBILE   
K88','Public safety & emergency network');
Insert into CCK.FREQUENCY_BAND (FREQUENCY_BAND_ID,BAND_DEFINITION_ID,FREQUENCY_BAND_NAME,UNITS_OF_MEASURE,LOWER_LIMIT,UPPER_LIMIT,SERVICE_ALLOCATION,REMARKS) values (851,6,'455 -  460 ','MHz',455,460,'FIXED   
  K98','Fixed Wireless Access   
Onsite paging');
Insert into CCK.FREQUENCY_BAND (FREQUENCY_BAND_ID,BAND_DEFINITION_ID,FREQUENCY_BAND_NAME,UNITS_OF_MEASURE,LOWER_LIMIT,UPPER_LIMIT,SERVICE_ALLOCATION,REMARKS) values (852,6,'1525- 1530 ','MHz',1525,1530,'FIXED    
K116','Fixed: point-point    
Channel plan ITU-R F.1242  ');
Insert into CCK.FREQUENCY_BAND (FREQUENCY_BAND_ID,BAND_DEFINITION_ID,FREQUENCY_BAND_NAME,UNITS_OF_MEASURE,LOWER_LIMIT,UPPER_LIMIT,SERVICE_ALLOCATION,REMARKS) values (853,6,'1631.5 - 1636.5 ','MHz',1631.5,1636.5,'MARITIME MOBILE-SATELLITE    
K119 K120  K140 K118','Maritime mobile');
Insert into CCK.FREQUENCY_BAND (FREQUENCY_BAND_ID,BAND_DEFINITION_ID,FREQUENCY_BAND_NAME,UNITS_OF_MEASURE,LOWER_LIMIT,UPPER_LIMIT,SERVICE_ALLOCATION,REMARKS) values (854,6,'1700- 1710','MHz',1700,1710,'METEOROLOGICAL SATELLITE','Meteorological satellite downlink ');
Insert into CCK.FREQUENCY_BAND (FREQUENCY_BAND_ID,BAND_DEFINITION_ID,FREQUENCY_BAND_NAME,UNITS_OF_MEASURE,LOWER_LIMIT,UPPER_LIMIT,SERVICE_ALLOCATION,REMARKS) values (855,7,'7 550 - 7750','MHz',7550,7750,'FIXED ','Fixed links    
(Channel plan ITU-R F. 385)');
Insert into CCK.FREQUENCY_BAND (FREQUENCY_BAND_ID,BAND_DEFINITION_ID,FREQUENCY_BAND_NAME,UNITS_OF_MEASURE,LOWER_LIMIT,UPPER_LIMIT,SERVICE_ALLOCATION,REMARKS) values (856,7,'8 750 - 8850','MHz',8750,8850,'AERONAUTICAL- RADIONAVIGATION    
K182','Navigational aids');
Insert into CCK.FREQUENCY_BAND (FREQUENCY_BAND_ID,BAND_DEFINITION_ID,FREQUENCY_BAND_NAME,UNITS_OF_MEASURE,LOWER_LIMIT,UPPER_LIMIT,SERVICE_ALLOCATION,REMARKS) values (857,7,'13.75 - 14.0','GHz',13.75,14,'RADIOLOCATION   
K198','Radiolocation');
Insert into CCK.FREQUENCY_BAND (FREQUENCY_BAND_ID,BAND_DEFINITION_ID,FREQUENCY_BAND_NAME,UNITS_OF_MEASURE,LOWER_LIMIT,UPPER_LIMIT,SERVICE_ALLOCATION,REMARKS) values (858,7,'15.7-17.3 ','GHz',15.7,17.3,'MOBILE    
K208','Mobile ');
Insert into CCK.FREQUENCY_BAND (FREQUENCY_BAND_ID,BAND_DEFINITION_ID,FREQUENCY_BAND_NAME,UNITS_OF_MEASURE,LOWER_LIMIT,UPPER_LIMIT,SERVICE_ALLOCATION,REMARKS) values (859,7,'18.6-18.8','GHz',18.6,18.8,'FIXED    
K214','Point-point links    
(Channel plan as per ITU-R F.595)');
Insert into CCK.FREQUENCY_BAND (FREQUENCY_BAND_ID,BAND_DEFINITION_ID,FREQUENCY_BAND_NAME,UNITS_OF_MEASURE,LOWER_LIMIT,UPPER_LIMIT,SERVICE_ALLOCATION,REMARKS) values (860,7,'24.05 - 24.25','GHz',24.05,24.25,'RADIOLOCATION   
K52','Radiolocation   
ISM');
Insert into CCK.FREQUENCY_BAND (FREQUENCY_BAND_ID,BAND_DEFINITION_ID,FREQUENCY_BAND_NAME,UNITS_OF_MEASURE,LOWER_LIMIT,UPPER_LIMIT,SERVICE_ALLOCATION,REMARKS) values (861,8,'35.2-35.5','GHz',35.2,35.5,'RADIOLOCATION ','Radiolocation');
Insert into CCK.FREQUENCY_BAND (FREQUENCY_BAND_ID,BAND_DEFINITION_ID,FREQUENCY_BAND_NAME,UNITS_OF_MEASURE,LOWER_LIMIT,UPPER_LIMIT,SERVICE_ALLOCATION,REMARKS) values (862,8,'40.5-42.5','GHz',40.5,42.5,'FIXED SATELLITE (space-Earth)    
K237  K241','Fixed satellite');
Insert into CCK.FREQUENCY_BAND (FREQUENCY_BAND_ID,BAND_DEFINITION_ID,FREQUENCY_BAND_NAME,UNITS_OF_MEASURE,LOWER_LIMIT,UPPER_LIMIT,SERVICE_ALLOCATION,REMARKS) values (863,8,'52.6-54.25','GHz',52.6,54.25,'EARTH EXPLORATION SATELLITE (passive)    
K250, K251','All emissions prohibited ');
Insert into CCK.FREQUENCY_BAND (FREQUENCY_BAND_ID,BAND_DEFINITION_ID,FREQUENCY_BAND_NAME,UNITS_OF_MEASURE,LOWER_LIMIT,UPPER_LIMIT,SERVICE_ALLOCATION,REMARKS) values (864,8,'71 - 74','GHz',71,74,'MOBILE SATELLITE (space - Earth) ','Mobile satellite');
Insert into CCK.FREQUENCY_BAND (FREQUENCY_BAND_ID,BAND_DEFINITION_ID,FREQUENCY_BAND_NAME,UNITS_OF_MEASURE,LOWER_LIMIT,UPPER_LIMIT,SERVICE_ALLOCATION,REMARKS) values (865,8,'94-94.1','GHz',94,94.1,'SPACE RESEARCH (active)    
K260  K261','Space research');
Insert into CCK.FREQUENCY_BAND (FREQUENCY_BAND_ID,BAND_DEFINITION_ID,FREQUENCY_BAND_NAME,UNITS_OF_MEASURE,LOWER_LIMIT,UPPER_LIMIT,SERVICE_ALLOCATION,REMARKS) values (866,8,'105-109.5','GHz',105,109.5,'RADIO ASTRONOMY    
K51','Radio astronomy');
Insert into CCK.FREQUENCY_BAND (FREQUENCY_BAND_ID,BAND_DEFINITION_ID,FREQUENCY_BAND_NAME,UNITS_OF_MEASURE,LOWER_LIMIT,UPPER_LIMIT,SERVICE_ALLOCATION,REMARKS) values (867,8,'119.98-122.25','GHz',119.98,122.25,'INTER-SATELLITE    
K263','Inter-satellite links');
Insert into CCK.FREQUENCY_BAND (FREQUENCY_BAND_ID,BAND_DEFINITION_ID,FREQUENCY_BAND_NAME,UNITS_OF_MEASURE,LOWER_LIMIT,UPPER_LIMIT,SERVICE_ALLOCATION,REMARKS) values (868,8,'141-148.5','GHz',141,148.5,'RADIO ASTRONOMY    
K51','Radio Astronomy');
Insert into CCK.FREQUENCY_BAND (FREQUENCY_BAND_ID,BAND_DEFINITION_ID,FREQUENCY_BAND_NAME,UNITS_OF_MEASURE,LOWER_LIMIT,UPPER_LIMIT,SERVICE_ALLOCATION,REMARKS) values (869,8,'158.5-164','GHz',158.5,164,'FIXED ','Fixed ');
Insert into CCK.FREQUENCY_BAND (FREQUENCY_BAND_ID,BAND_DEFINITION_ID,FREQUENCY_BAND_NAME,UNITS_OF_MEASURE,LOWER_LIMIT,UPPER_LIMIT,SERVICE_ALLOCATION,REMARKS) values (870,8,'167-174.5','GHz',167,174.5,'INTER-SATELLITE    
K51','Inter-satellite links');
Insert into CCK.FREQUENCY_BAND (FREQUENCY_BAND_ID,BAND_DEFINITION_ID,FREQUENCY_BAND_NAME,UNITS_OF_MEASURE,LOWER_LIMIT,UPPER_LIMIT,SERVICE_ALLOCATION,REMARKS) values (871,8,'191.8-200','GHz',191.8,200,'INTERSATELLITE    
K51 K244','Inter-satellite links');
Insert into CCK.FREQUENCY_BAND (FREQUENCY_BAND_ID,BAND_DEFINITION_ID,FREQUENCY_BAND_NAME,UNITS_OF_MEASURE,LOWER_LIMIT,UPPER_LIMIT,SERVICE_ALLOCATION,REMARKS) values (872,1,'14 - 19.95 ','KHz',14,19.95,'MARITIME MOBILE    K4','Coast radiotelegraphy');
Insert into CCK.FREQUENCY_BAND (FREQUENCY_BAND_ID,BAND_DEFINITION_ID,FREQUENCY_BAND_NAME,UNITS_OF_MEASURE,LOWER_LIMIT,UPPER_LIMIT,SERVICE_ALLOCATION,REMARKS) values (873,2,'117.6 - 126','KHz',117.6,126,'RADIONAVIGATION   
  K5','Radionavigation');
Insert into CCK.FREQUENCY_BAND (FREQUENCY_BAND_ID,BAND_DEFINITION_ID,FREQUENCY_BAND_NAME,UNITS_OF_MEASURE,LOWER_LIMIT,UPPER_LIMIT,SERVICE_ALLOCATION,REMARKS) values (874,3,'315 - 325','KHz',315,325,'Maritime radionavigation (radiobeacons)   
 K13','   
Maritime Radiabeacons');
Insert into CCK.FREQUENCY_BAND (FREQUENCY_BAND_ID,BAND_DEFINITION_ID,FREQUENCY_BAND_NAME,UNITS_OF_MEASURE,LOWER_LIMIT,UPPER_LIMIT,SERVICE_ALLOCATION,REMARKS) values (875,3,'2045 - 2160     ','KHz',2045,2160,'LAND MOBILE    
  K22','Land Mobile');
Insert into CCK.FREQUENCY_BAND (FREQUENCY_BAND_ID,BAND_DEFINITION_ID,FREQUENCY_BAND_NAME,UNITS_OF_MEASURE,LOWER_LIMIT,UPPER_LIMIT,SERVICE_ALLOCATION,REMARKS) values (876,4,'3200 -  3400   ','KHz',3200,3400,'BROADCASTING   
K29, K32','Sound broadcasting in tropical zone');
Insert into CCK.FREQUENCY_BAND (FREQUENCY_BAND_ID,BAND_DEFINITION_ID,FREQUENCY_BAND_NAME,UNITS_OF_MEASURE,LOWER_LIMIT,UPPER_LIMIT,SERVICE_ALLOCATION,REMARKS) values (877,4,'5730 - 5900 ','KHz',5730,5900,'LAND MOBILE ','Land mobile');
Insert into CCK.FREQUENCY_BAND (FREQUENCY_BAND_ID,BAND_DEFINITION_ID,FREQUENCY_BAND_NAME,UNITS_OF_MEASURE,LOWER_LIMIT,UPPER_LIMIT,SERVICE_ALLOCATION,REMARKS) values (878,4,'5900 -  6200','KHz',5900,6200,'BROADCASTING   
  K37, K38, K30','Short wave sound broadcasting');
Insert into CCK.FREQUENCY_BAND (FREQUENCY_BAND_ID,BAND_DEFINITION_ID,FREQUENCY_BAND_NAME,UNITS_OF_MEASURE,LOWER_LIMIT,UPPER_LIMIT,SERVICE_ALLOCATION,REMARKS) values (879,4,'10 150 -  11 175','KHz',10150,11175,'FIXED ','Fixed');
Insert into CCK.FREQUENCY_BAND (FREQUENCY_BAND_ID,BAND_DEFINITION_ID,FREQUENCY_BAND_NAME,UNITS_OF_MEASURE,LOWER_LIMIT,UPPER_LIMIT,SERVICE_ALLOCATION,REMARKS) values (880,4,'14 000 - 14 350   ','KHz',14000,14350,'AMATEUR    
 ','Amateur (20 meter band)');
Insert into CCK.FREQUENCY_BAND (FREQUENCY_BAND_ID,BAND_DEFINITION_ID,FREQUENCY_BAND_NAME,UNITS_OF_MEASURE,LOWER_LIMIT,UPPER_LIMIT,SERVICE_ALLOCATION,REMARKS) values (881,4,'19 020 - 19 680 ','KHz',19020,19680,'FIXED ','Fixed ');
Insert into CCK.FREQUENCY_BAND (FREQUENCY_BAND_ID,BAND_DEFINITION_ID,FREQUENCY_BAND_NAME,UNITS_OF_MEASURE,LOWER_LIMIT,UPPER_LIMIT,SERVICE_ALLOCATION,REMARKS) values (882,4,'23 350- 24890','KHz',23350,24890,'MOBILE    
K57','Mobile');
Insert into CCK.FREQUENCY_BAND (FREQUENCY_BAND_ID,BAND_DEFINITION_ID,FREQUENCY_BAND_NAME,UNITS_OF_MEASURE,LOWER_LIMIT,UPPER_LIMIT,SERVICE_ALLOCATION,REMARKS) values (883,4,'26 175 - 27 500','KHz',26175,27500,'MOBILE   
K52, K53','Onsite  private paging   
Citizen band radio  
Low power devices  
ISM');
Insert into CCK.FREQUENCY_BAND (FREQUENCY_BAND_ID,BAND_DEFINITION_ID,FREQUENCY_BAND_NAME,UNITS_OF_MEASURE,LOWER_LIMIT,UPPER_LIMIT,SERVICE_ALLOCATION,REMARKS) values (884,5,'117.925 - 131 ','MHz',117.925,131,'AERONAUTICAL- MOBILE (R)     
  K27, K68, K70 K71','Aeronautical Mobile');
Insert into CCK.FREQUENCY_BAND (FREQUENCY_BAND_ID,BAND_DEFINITION_ID,FREQUENCY_BAND_NAME,UNITS_OF_MEASURE,LOWER_LIMIT,UPPER_LIMIT,SERVICE_ALLOCATION,REMARKS) values (885,5,'154.5 - 155.2 ','MHz',154.5,155.2,'MOBILE ','Government use');
Insert into CCK.FREQUENCY_BAND (FREQUENCY_BAND_ID,BAND_DEFINITION_ID,FREQUENCY_BAND_NAME,UNITS_OF_MEASURE,LOWER_LIMIT,UPPER_LIMIT,SERVICE_ALLOCATION,REMARKS) values (553,7,'24.75- 25.25','GHz',24.75,25.25,'FIXED','Fixed wireless access    
Fixed links   
(Channel plan ITU-R F.748)');
Insert into CCK.FREQUENCY_BAND (FREQUENCY_BAND_ID,BAND_DEFINITION_ID,FREQUENCY_BAND_NAME,UNITS_OF_MEASURE,LOWER_LIMIT,UPPER_LIMIT,SERVICE_ALLOCATION,REMARKS) values (559,7,'25.5 - 27.0','GHz',25.5,27,'INTER-SATELLITE    
K228','Space Research and earth exploration applications');
Insert into CCK.FREQUENCY_BAND (FREQUENCY_BAND_ID,BAND_DEFINITION_ID,FREQUENCY_BAND_NAME,UNITS_OF_MEASURE,LOWER_LIMIT,UPPER_LIMIT,SERVICE_ALLOCATION,REMARKS) values (591,8,'37.5-39.5','GHz',37.5,39.5,'FIXED    
K237','Fixed, Fixed Wireless Access (Channel plan for Fixed:ITU-R F.749)');
Insert into CCK.FREQUENCY_BAND (FREQUENCY_BAND_ID,BAND_DEFINITION_ID,FREQUENCY_BAND_NAME,UNITS_OF_MEASURE,LOWER_LIMIT,UPPER_LIMIT,SERVICE_ALLOCATION,REMARKS) values (605,8,'47-47.2','GHz',47,47.2,'AMATEUR','Amateur    
User licence required');
Insert into CCK.FREQUENCY_BAND (FREQUENCY_BAND_ID,BAND_DEFINITION_ID,FREQUENCY_BAND_NAME,UNITS_OF_MEASURE,LOWER_LIMIT,UPPER_LIMIT,SERVICE_ALLOCATION,REMARKS) values (788,8,'252-265','GHz',252,265,'RADIONAVIGATION    
K51  K244','Radionavigation');
Insert into CCK.FREQUENCY_BAND (FREQUENCY_BAND_ID,BAND_DEFINITION_ID,FREQUENCY_BAND_NAME,UNITS_OF_MEASURE,LOWER_LIMIT,UPPER_LIMIT,SERVICE_ALLOCATION,REMARKS) values (829,7,'12.75 - 13.25 ','GHz',12.75,13.25,'FIXED-SATELLITE (Earth-space)    
K154','National allotment for FSS uplink');
Insert into CCK.FREQUENCY_BAND (FREQUENCY_BAND_ID,BAND_DEFINITION_ID,FREQUENCY_BAND_NAME,UNITS_OF_MEASURE,LOWER_LIMIT,UPPER_LIMIT,SERVICE_ALLOCATION,REMARKS) values (837,8,'100-102','GHz',100,102,'EARTH EXPLORATION SATELLITE (passive)    
K250','All emissions prohibited');
Insert into CCK.FREQUENCY_BAND (FREQUENCY_BAND_ID,BAND_DEFINITION_ID,FREQUENCY_BAND_NAME,UNITS_OF_MEASURE,LOWER_LIMIT,UPPER_LIMIT,SERVICE_ALLOCATION,REMARKS) values (845,4,'3950 -  4000','KHz',3950,4000,'BROADCASTING ','Sound broadcasting in tropical zone');
Insert into CCK.FREQUENCY_BAND (FREQUENCY_BAND_ID,BAND_DEFINITION_ID,FREQUENCY_BAND_NAME,UNITS_OF_MEASURE,LOWER_LIMIT,UPPER_LIMIT,SERVICE_ALLOCATION,REMARKS) values (172,4,'10 005 -  10 100','KHz',10005,10100,'AERONAUTICAL MOBILE(R)   
  K27','Aeronautical mobile');
Insert into CCK.FREQUENCY_BAND (FREQUENCY_BAND_ID,BAND_DEFINITION_ID,FREQUENCY_BAND_NAME,UNITS_OF_MEASURE,LOWER_LIMIT,UPPER_LIMIT,SERVICE_ALLOCATION,REMARKS) values (219,4,' 27500 - 28 000','KHz',27500,28000,'MOBILE ','Onsite low power paging');
Insert into CCK.FREQUENCY_BAND (FREQUENCY_BAND_ID,BAND_DEFINITION_ID,FREQUENCY_BAND_NAME,UNITS_OF_MEASURE,LOWER_LIMIT,UPPER_LIMIT,SERVICE_ALLOCATION,REMARKS) values (230,5,'40.98 - 47 ','MHz',40.98,47,'FIXED   
K59','Fixed');
Insert into CCK.FREQUENCY_BAND (FREQUENCY_BAND_ID,BAND_DEFINITION_ID,FREQUENCY_BAND_NAME,UNITS_OF_MEASURE,LOWER_LIMIT,UPPER_LIMIT,SERVICE_ALLOCATION,REMARKS) values (275,5,'156.8375 - 157.425 ','MHz',156.8375,157.425,'MOBILE    
  K86','Maritime mobile');
Insert into CCK.FREQUENCY_BAND (FREQUENCY_BAND_ID,BAND_DEFINITION_ID,FREQUENCY_BAND_NAME,UNITS_OF_MEASURE,LOWER_LIMIT,UPPER_LIMIT,SERVICE_ALLOCATION,REMARKS) values (304,6,'397 - 399.9 ','MHz',397,399.9,'FIXED   
 MOBILE  
K88','Public safety and emergency network');
Insert into CCK.FREQUENCY_BAND (FREQUENCY_BAND_ID,BAND_DEFINITION_ID,FREQUENCY_BAND_NAME,UNITS_OF_MEASURE,LOWER_LIMIT,UPPER_LIMIT,SERVICE_ALLOCATION,REMARKS) values (1,5,'162.025 - 162.4 ','MHz',162.025,162.4,'MOBILE    
  K82 K87','Maritime mobile    
The bands 161.9625-161.9875 and 162.0125-161.0375 MHz are also allocated to mobile-satellite service for AIS');
Insert into CCK.FREQUENCY_BAND (FREQUENCY_BAND_ID,BAND_DEFINITION_ID,FREQUENCY_BAND_NAME,UNITS_OF_MEASURE,LOWER_LIMIT,UPPER_LIMIT,SERVICE_ALLOCATION,REMARKS) values (8,7,'7 075 - 7250 ','MHz',7075,7250,'FIXED    
  K171 K176','Point-to - point fixed links    
(Channel plan ITU-R F. 385)');
Insert into CCK.FREQUENCY_BAND (FREQUENCY_BAND_ID,BAND_DEFINITION_ID,FREQUENCY_BAND_NAME,UNITS_OF_MEASURE,LOWER_LIMIT,UPPER_LIMIT,SERVICE_ALLOCATION,REMARKS) values (50,5,'30000- 31000 ','KHz',30000,31000,'FIXED    
K59','Fixed');
Insert into CCK.FREQUENCY_BAND (FREQUENCY_BAND_ID,BAND_DEFINITION_ID,FREQUENCY_BAND_NAME,UNITS_OF_MEASURE,LOWER_LIMIT,UPPER_LIMIT,SERVICE_ALLOCATION,REMARKS) values (54,8,'275-1000','GHz',275,1000,'(Not Allocated)    
K270','Measurements for radio astronomy and experimentation');
Insert into CCK.FREQUENCY_BAND (FREQUENCY_BAND_ID,BAND_DEFINITION_ID,FREQUENCY_BAND_NAME,UNITS_OF_MEASURE,LOWER_LIMIT,UPPER_LIMIT,SERVICE_ALLOCATION,REMARKS) values (65,2,'84 - 86 ','KHz',84,86,'RADIONAVIGATION    
K3, K5','radionavigation');
Insert into CCK.FREQUENCY_BAND (FREQUENCY_BAND_ID,BAND_DEFINITION_ID,FREQUENCY_BAND_NAME,UNITS_OF_MEASURE,LOWER_LIMIT,UPPER_LIMIT,SERVICE_ALLOCATION,REMARKS) values (119,3,'2300 -  2498','KHz',2300,2498,'BROADCASTING   
  K29','Sound broadcasting in tropical zone');
Insert into CCK.FREQUENCY_BAND (FREQUENCY_BAND_ID,BAND_DEFINITION_ID,FREQUENCY_BAND_NAME,UNITS_OF_MEASURE,LOWER_LIMIT,UPPER_LIMIT,SERVICE_ALLOCATION,REMARKS) values (693,8,'116-119.98','GHz',116,119.98,'INTER SATELLITE    
K263','Inter-satellite links');
Insert into CCK.FREQUENCY_BAND (FREQUENCY_BAND_ID,BAND_DEFINITION_ID,FREQUENCY_BAND_NAME,UNITS_OF_MEASURE,LOWER_LIMIT,UPPER_LIMIT,SERVICE_ALLOCATION,REMARKS) values (702,8,'123-130','GHz',123,130,'RADIONAVIGATION    
K51  K244','Radionavigation');
Insert into CCK.FREQUENCY_BAND (FREQUENCY_BAND_ID,BAND_DEFINITION_ID,FREQUENCY_BAND_NAME,UNITS_OF_MEASURE,LOWER_LIMIT,UPPER_LIMIT,SERVICE_ALLOCATION,REMARKS) values (748,8,'209-217','GHz',209,217,'FIXED    
K51','Fixed');
Insert into CCK.FREQUENCY_BAND (FREQUENCY_BAND_ID,BAND_DEFINITION_ID,FREQUENCY_BAND_NAME,UNITS_OF_MEASURE,LOWER_LIMIT,UPPER_LIMIT,SERVICE_ALLOCATION,REMARKS) values (754,8,'217-226','GHz',217,226,'RADIO ASTRONOMY    
K51','Radio Astronomy');
Insert into CCK.FREQUENCY_BAND (FREQUENCY_BAND_ID,BAND_DEFINITION_ID,FREQUENCY_BAND_NAME,UNITS_OF_MEASURE,LOWER_LIMIT,UPPER_LIMIT,SERVICE_ALLOCATION,REMARKS) values (328,6,'1164 - 1215','MHz',1164,1215,'AERONAUTICAL RADIONAVIGATION   
  K105 K106','Aeronautical radionavigation,');
Insert into CCK.FREQUENCY_BAND (FREQUENCY_BAND_ID,BAND_DEFINITION_ID,FREQUENCY_BAND_NAME,UNITS_OF_MEASURE,LOWER_LIMIT,UPPER_LIMIT,SERVICE_ALLOCATION,REMARKS) values (336,6,'1427 - 1429','MHz',1427,1429,'FIXED ','Point to point infrastructure links. Channel plan ITU-R F.1242    
Rural point-multi point telephony   
Channel plan ITU-R F.701');
Insert into CCK.FREQUENCY_BAND (FREQUENCY_BAND_ID,BAND_DEFINITION_ID,FREQUENCY_BAND_NAME,UNITS_OF_MEASURE,LOWER_LIMIT,UPPER_LIMIT,SERVICE_ALLOCATION,REMARKS) values (360,6,'1631.5 - 1636.5 ','MHz',1631.5,1636.5,'LAND MOBILE-SATELLITE    
K120  K140  K118','Mobile satellite');
Insert into CCK.FREQUENCY_BAND (FREQUENCY_BAND_ID,BAND_DEFINITION_ID,FREQUENCY_BAND_NAME,UNITS_OF_MEASURE,LOWER_LIMIT,UPPER_LIMIT,SERVICE_ALLOCATION,REMARKS) values (369,6,'1668.4 - 1670','MHz',1668.4,1670,'FIXED   
K134','Fixed');
Insert into CCK.FREQUENCY_BAND (FREQUENCY_BAND_ID,BAND_DEFINITION_ID,FREQUENCY_BAND_NAME,UNITS_OF_MEASURE,LOWER_LIMIT,UPPER_LIMIT,SERVICE_ALLOCATION,REMARKS) values (373,6,'1670- 1675','MHz',1670,1675,'MOBILE     
MOBILE SATELLITE (Earth-space)    
K132 K134 ','Mobile    
Mobile satellite');
Insert into CCK.FREQUENCY_BAND (FREQUENCY_BAND_ID,BAND_DEFINITION_ID,FREQUENCY_BAND_NAME,UNITS_OF_MEASURE,LOWER_LIMIT,UPPER_LIMIT,SERVICE_ALLOCATION,REMARKS) values (400,6,'2 500 - 2670 ','MHz',2500,2670,'FIXED ','Point-to-point infrastructure    
Links   
(Government  use)   
Channel Plan ITU-R F.1243');
Insert into CCK.FREQUENCY_BAND (FREQUENCY_BAND_ID,BAND_DEFINITION_ID,FREQUENCY_BAND_NAME,UNITS_OF_MEASURE,LOWER_LIMIT,UPPER_LIMIT,SERVICE_ALLOCATION,REMARKS) values (412,7,'3 300 - 3 400','MHz',3300,3400,'MOBILE   
K152','Mobile   
TV broadcast mobile links prohibited');
Insert into CCK.FREQUENCY_BAND (FREQUENCY_BAND_ID,BAND_DEFINITION_ID,FREQUENCY_BAND_NAME,UNITS_OF_MEASURE,LOWER_LIMIT,UPPER_LIMIT,SERVICE_ALLOCATION,REMARKS) values (418,7,'4 500 - 4800','MHz',4500,4800,'FIXED ','Point-to-point infrastructure links. Channel plan ITU-R F.1099');
Insert into CCK.FREQUENCY_BAND (FREQUENCY_BAND_ID,BAND_DEFINITION_ID,FREQUENCY_BAND_NAME,UNITS_OF_MEASURE,LOWER_LIMIT,UPPER_LIMIT,SERVICE_ALLOCATION,REMARKS) values (458,7,'7 550 - 7750','MHz',7550,7750,'FIXED-SATELLITE (space -Earth) ','Fixed satellite');
Insert into CCK.FREQUENCY_BAND (FREQUENCY_BAND_ID,BAND_DEFINITION_ID,FREQUENCY_BAND_NAME,UNITS_OF_MEASURE,LOWER_LIMIT,UPPER_LIMIT,SERVICE_ALLOCATION,REMARKS) values (461,7,'7 900 - 8175','MHz',7900,8175,'FIXED ','Point-point infrastructure links    
(Channel plan ITU-R F. 386)');
Insert into CCK.FREQUENCY_BAND (FREQUENCY_BAND_ID,BAND_DEFINITION_ID,FREQUENCY_BAND_NAME,UNITS_OF_MEASURE,LOWER_LIMIT,UPPER_LIMIT,SERVICE_ALLOCATION,REMARKS) values (498,7,'11.7 - 12.5','GHz',11.7,12.5,'FIXED    
K194, K195 K196','Point-point links    
(Channel plan ITU-R F.746)');
Insert into CCK.FREQUENCY_BAND (FREQUENCY_BAND_ID,BAND_DEFINITION_ID,FREQUENCY_BAND_NAME,UNITS_OF_MEASURE,LOWER_LIMIT,UPPER_LIMIT,SERVICE_ALLOCATION,REMARKS) values (507,7,'14.0 - 14.3','GHz',14,14.3,'FIXED-SATELLITE (Earth-space)    
K193 K199 K175 K200 K201','Satellite uplinks    
(User uplink)');
Insert into CCK.FREQUENCY_BAND (FREQUENCY_BAND_ID,BAND_DEFINITION_ID,FREQUENCY_BAND_NAME,UNITS_OF_MEASURE,LOWER_LIMIT,UPPER_LIMIT,SERVICE_ALLOCATION,REMARKS) values (514,7,'15.35 - 15.4','GHz',15.35,15.4,'SPACE RESEARCH (passive)   
K204','All emissions prohibited');
Insert into CCK.FREQUENCY_BAND (FREQUENCY_BAND_ID,BAND_DEFINITION_ID,FREQUENCY_BAND_NAME,UNITS_OF_MEASURE,LOWER_LIMIT,UPPER_LIMIT,SERVICE_ALLOCATION,REMARKS) values (546,7,'22.5-23.6','GHz',22.5,23.6,'FIXED ','Point-point links    
(Channel plan ITU-R F.637)');
COMMIT;



--------------------------------------------------------
--  File created - Monday-March-26-2012   
--------------------------------------------------------
REM INSERTING into CCK.STATION_CLASS
SET DEFINE OFF;
Insert into CCK.STATION_CLASS (STATION_CLASS_ID,STATION_CLASS_NAME) values ('AL','Aeronautical radionavigation land Station');
Insert into CCK.STATION_CLASS (STATION_CLASS_ID,STATION_CLASS_NAME) values ('AM','Aeronautical radionavigation mobile station');
Insert into CCK.STATION_CLASS (STATION_CLASS_ID,STATION_CLASS_NAME) values ('AT','Amateur station');
Insert into CCK.STATION_CLASS (STATION_CLASS_ID,STATION_CLASS_NAME) values ('BC','Broadcasting station, sound');
Insert into CCK.STATION_CLASS (STATION_CLASS_ID,STATION_CLASS_NAME) values ('BT','Broadcasting station , television');
Insert into CCK.STATION_CLASS (STATION_CLASS_ID,STATION_CLASS_NAME) values ('EA','space station in the amateur-satellite service');
Insert into CCK.STATION_CLASS (STATION_CLASS_ID,STATION_CLASS_NAME) values ('EC','space station in the fixed-satellite service');
Insert into CCK.STATION_CLASS (STATION_CLASS_ID,STATION_CLASS_NAME) values ('FA','Aeronautical station');
Insert into CCK.STATION_CLASS (STATION_CLASS_ID,STATION_CLASS_NAME) values ('FB','Base station');
Insert into CCK.STATION_CLASS (STATION_CLASS_ID,STATION_CLASS_NAME) values ('FC','Coast station');
Insert into CCK.STATION_CLASS (STATION_CLASS_ID,STATION_CLASS_NAME) values ('FP','Port station');
Insert into CCK.STATION_CLASS (STATION_CLASS_ID,STATION_CLASS_NAME) values ('FX','Fixed station');
Insert into CCK.STATION_CLASS (STATION_CLASS_ID,STATION_CLASS_NAME) values ('MA','Aircraft station');
Insert into CCK.STATION_CLASS (STATION_CLASS_ID,STATION_CLASS_NAME) values ('ML','Land mobile station');
Insert into CCK.STATION_CLASS (STATION_CLASS_ID,STATION_CLASS_NAME) values ('MS','Ship station');
Insert into CCK.STATION_CLASS (STATION_CLASS_ID,STATION_CLASS_NAME) values ('XX','Other (if different from above)');
Insert into CCK.STATION_CLASS (STATION_CLASS_ID,STATION_CLASS_NAME) values ('TA','Space operation earth station in the amateur - satellite service	');







SELECT * FROM CHARGE_TYPE;
--------------------------------------------------------
--  File created - Tuesday-April-17-2012   
--------------------------------------------------------
REM INSERTING into CCK.CHARGE_TYPE
SET DEFINE OFF;
Insert into CCK.CHARGE_TYPE (CHARGE_TYPE_ID,CHARGE_TYPE_NAME,UNIT_GROUP,ONE_TIME_FEE,PER_LICENSE,PER_STATION,PER_FREQUENCY,HAS_FIXED_CHARGE,RENEWAL_PERIOD) values (1,'Annual, Per Station, Per Frequency',1,'0','1','1','1','0',1);



--------------------------------------------------------
--  File created - Monday-April-16-2012   
--------------------------------------------------------
REM INSERTING into CCK.STATION_CHARGE
SET DEFINE OFF;
Insert into CCK.STATION_CHARGE (STATION_CHARGE_ID,LICENSE_ID,STATION_CLASS_ID,STATION_CHARGE_NAME,AMOUNT,FUNCTNAME) values (2,12,'ML','Mobile MF/HF',5610,null);
Insert into CCK.STATION_CHARGE (STATION_CHARGE_ID,LICENSE_ID,STATION_CLASS_ID,STATION_CHARGE_NAME,AMOUNT,FUNCTNAME) values (3,12,'ML','Portable MF/HF',5610,null);
Insert into CCK.STATION_CHARGE (STATION_CHARGE_ID,LICENSE_ID,STATION_CLASS_ID,STATION_CHARGE_NAME,AMOUNT,FUNCTNAME) values (4,12,'FB','Base VHF/UHF',5000,null);
Insert into CCK.STATION_CHARGE (STATION_CHARGE_ID,LICENSE_ID,STATION_CLASS_ID,STATION_CHARGE_NAME,AMOUNT,FUNCTNAME) values (5,12,'FB','Base MF/HF',18700,null);
Insert into CCK.STATION_CHARGE (STATION_CHARGE_ID,LICENSE_ID,STATION_CLASS_ID,STATION_CHARGE_NAME,AMOUNT,FUNCTNAME) values (6,12,'ML','Mobile VHF/UHF',2900,null);
Insert into CCK.STATION_CHARGE (STATION_CHARGE_ID,LICENSE_ID,STATION_CLASS_ID,STATION_CHARGE_NAME,AMOUNT,FUNCTNAME) values (1,12,'ML','Portable VHF/UHF',2900,null);
UPDATE CCK.STATION_CHARGE SET CHARGE_TYPE_ID = 1 WHERE CCK.STATION_CHARGE.STATION_CHARGE_ID BETWEEN 1 AND 6;
COMMIT;


Insert into CCK.STATION_CHARGE (STATION_CHARGE_ID,LICENSE_ID,STATION_CLASS_ID,STATION_CHARGE_NAME,AMOUNT,FUNCTNAME) values (8,8,'MA','Aircraft Station',4800,null);
Insert into CCK.STATION_CHARGE (STATION_CHARGE_ID,LICENSE_ID,STATION_CLASS_ID,STATION_CHARGE_NAME,AMOUNT,FUNCTNAME) values (10,9,'MS','Dhow/Cannoe Station',1000,null);
Insert into CCK.STATION_CHARGE (STATION_CHARGE_ID,LICENSE_ID,STATION_CLASS_ID,STATION_CHARGE_NAME,AMOUNT,FUNCTNAME) values (11,9,'MS','Ship Station',5000,null);
Insert into CCK.STATION_CHARGE (STATION_CHARGE_ID,LICENSE_ID,STATION_CLASS_ID,STATION_CHARGE_NAME,AMOUNT,FUNCTNAME) values (12,14,'FC','Port VHF/UHF',2900,null);
Insert into CCK.STATION_CHARGE (STATION_CHARGE_ID,LICENSE_ID,STATION_CLASS_ID,STATION_CHARGE_NAME,AMOUNT,FUNCTNAME) values (13,14,'FC','Port MF/HF',5610,null);
Insert into CCK.STATION_CHARGE (STATION_CHARGE_ID,LICENSE_ID,STATION_CLASS_ID,STATION_CHARGE_NAME,AMOUNT,FUNCTNAME) values (14,7,'AT','FULL AMATEUR',2000,null);
Insert into CCK.STATION_CHARGE (STATION_CHARGE_ID,LICENSE_ID,STATION_CLASS_ID,STATION_CHARGE_NAME,AMOUNT,FUNCTNAME) values (15,7,'AT','TEMPORARY AMATEUR',2000,null);
Insert into CCK.STATION_CHARGE (STATION_CHARGE_ID,LICENSE_ID,STATION_CLASS_ID,STATION_CHARGE_NAME,AMOUNT,FUNCTNAME) values (16,7,'AT','NOVICE AMATEUR',200,null);
Insert into CCK.STATION_CHARGE (STATION_CHARGE_ID,LICENSE_ID,STATION_CLASS_ID,STATION_CHARGE_NAME,AMOUNT,FUNCTNAME) values (18,6,'AT','Citizen Band Radio',2000,null);
Insert into CCK.STATION_CHARGE (STATION_CHARGE_ID,LICENSE_ID,STATION_CLASS_ID,STATION_CHARGE_NAME,AMOUNT,FUNCTNAME) values (19,15,'FB','Private Paging Base Station',25000,null);
Insert into CCK.STATION_CHARGE (STATION_CHARGE_ID,LICENSE_ID,STATION_CLASS_ID,STATION_CHARGE_NAME,AMOUNT,FUNCTNAME) values (20,16,'FB','Public Paging Base Station',140000,null);


-----
Insert into CCK.STATION_CHARGE (STATION_CHARGE_ID,LICENSE_ID,STATION_CLASS_ID,STATION_CHARGE_NAME,AMOUNT,FUNCTNAME) values (21,17,'AT','RADIO STATION',0,null);
--Insert into CCK.STATION_CHARGE (STATION_CHARGE_ID,LICENSE_ID,STATION_CLASS_ID,STATION_CHARGE_NAME,AMOUNT,FUNCTNAME) values (22,27,'XX','VSAT Earth Station',10000,'vsat');
Insert into CCK.STATION_CHARGE (STATION_CHARGE_ID,LICENSE_ID,STATION_CLASS_ID,STATION_CHARGE_NAME,AMOUNT,FUNCTNAME) values (23,20,'XX','Alarm Units',1250,'alarms');

Insert into CCK.STATION_CHARGE (STATION_CHARGE_ID,LICENSE_ID,STATION_CLASS_ID,STATION_CHARGE_NAME,AMOUNT,FUNCTNAME) values (25,21,'FX','Link - Point To Point',10000,'point2point');
Insert into CCK.STATION_CHARGE (STATION_CHARGE_ID,LICENSE_ID,STATION_CLASS_ID,STATION_CHARGE_NAME,AMOUNT,FUNCTNAME) values (27,22,'FX','Cellular Transmitter',10000,'cellular');
Insert into CCK.STATION_CHARGE (STATION_CHARGE_ID,LICENSE_ID,STATION_CLASS_ID,STATION_CHARGE_NAME,AMOUNT,FUNCTNAME) values (28,23,'FX','Trunked Radio Transmitter',10000,'trunkedradionetwork');

Insert into CCK.STATION_CHARGE (STATION_CHARGE_ID,LICENSE_ID,STATION_CLASS_ID,STATION_CHARGE_NAME,AMOUNT,FUNCTNAME) values (30,18,'BC','Free To Air Radio Transmitter',10000,'radiobroadcasting');
Insert into CCK.STATION_CHARGE (STATION_CHARGE_ID,LICENSE_ID,STATION_CLASS_ID,STATION_CHARGE_NAME,AMOUNT,FUNCTNAME) values (31,19,'BT','Free To Air TV Transmitter',10000,'tvbroadcasting');

Insert into CCK.STATION_CHARGE (STATION_CHARGE_ID,LICENSE_ID,STATION_CLASS_ID,STATION_CHARGE_NAME,AMOUNT,FUNCTNAME) values (34,25,'FX','Multipoint Transmitter',10000,'point2multipoint');
Insert into CCK.STATION_CHARGE (STATION_CHARGE_ID,LICENSE_ID,STATION_CLASS_ID,STATION_CHARGE_NAME,AMOUNT,FUNCTNAME) values (36,24,'FX','Fixed Wireless Transmitter',10000,'fixedwireless');
Insert into CCK.STATION_CHARGE (STATION_CHARGE_ID,LICENSE_ID,STATION_CLASS_ID,STATION_CHARGE_NAME,AMOUNT,FUNCTNAME) values (38,13,'FX','Aeronautical Station',4800,null);
Insert into CCK.STATION_CHARGE (STATION_CHARGE_ID,LICENSE_ID,STATION_CLASS_ID,STATION_CHARGE_NAME,AMOUNT,FUNCTNAME) values (39,7,'XX','VSAT Earth Station',10000,'vsat');
Insert into CCK.STATION_CHARGE (STATION_CHARGE_ID,LICENSE_ID,STATION_CLASS_ID,STATION_CHARGE_NAME,AMOUNT,FUNCTNAME) values (40,27,'FX','Single Channel Link',10000,'singlechannel');
COMMIT;

--NATURE OF SERVICE

--------------------------------------------------------
--  File created - Monday-April-16-2012   
--------------------------------------------------------
REM INSERTING into CCK.SERVICE_NATURE
SET DEFINE OFF;
Insert into CCK.SERVICE_NATURE (SERVICE_NATURE_ID,SERVICE_NATURE_NAME) values ('CO','Station open to official correspondence exclusively');
Insert into CCK.SERVICE_NATURE (SERVICE_NATURE_ID,SERVICE_NATURE_NAME) values ('CP','Station open to public correspondence');
Insert into CCK.SERVICE_NATURE (SERVICE_NATURE_ID,SERVICE_NATURE_NAME) values ('CR','Station open to limited public correspondence.');
Insert into CCK.SERVICE_NATURE (SERVICE_NATURE_ID,SERVICE_NATURE_NAME) values ('CV','Station open exclusively to correspondence of a private agency');
Insert into CCK.SERVICE_NATURE (SERVICE_NATURE_ID,SERVICE_NATURE_NAME) values ('FS','Land station established solely fir the safety of life');
Insert into CCK.SERVICE_NATURE (SERVICE_NATURE_ID,SERVICE_NATURE_NAME) values ('MX','fixed station used for transmission of meteorological information');
Insert into CCK.SERVICE_NATURE (SERVICE_NATURE_ID,SERVICE_NATURE_NAME) values ('OT','Station open exclusively to operational traffic of the service concerned');
Insert into CCK.SERVICE_NATURE (SERVICE_NATURE_ID,SERVICE_NATURE_NAME) values ('PX','Fixed station used for press transmission');
Insert into CCK.SERVICE_NATURE (SERVICE_NATURE_ID,SERVICE_NATURE_NAME) values ('RC','Non-directional radio beacon');
Insert into CCK.SERVICE_NATURE (SERVICE_NATURE_ID,SERVICE_NATURE_NAME) values ('RG','Radio direction finding station');
Insert into CCK.SERVICE_NATURE (SERVICE_NATURE_ID,SERVICE_NATURE_NAME) values ('RT','Revolving radio beacon');
Insert into CCK.SERVICE_NATURE (SERVICE_NATURE_ID,SERVICE_NATURE_NAME) values ('ZZ','Other (if different from above)');
commit;



--------------------------------------------------------
--  File created - Monday-April-30-2012   
--------------------------------------------------------
REM INSERTING into CCK.ENTITY_TYPES
SET DEFINE OFF;
Insert into CCK.ENTITY_TYPES (ENTITY_TYPE_ID,ENTITY_TYPE_NAME,ENTITY_ROLE) values (0,'root','root');
Insert into CCK.ENTITY_TYPES (ENTITY_TYPE_ID,ENTITY_TYPE_NAME,ENTITY_ROLE) values (4,'Communications Licensing Committee','Communications Licensing Committee');
Insert into CCK.ENTITY_TYPES (ENTITY_TYPE_ID,ENTITY_TYPE_NAME,ENTITY_ROLE) values (1,'LCS Licensing Clerk','LCS Licensing Clerk');
Insert into CCK.ENTITY_TYPES (ENTITY_TYPE_ID,ENTITY_TYPE_NAME,ENTITY_ROLE) values (2,'Licensing Officer','Licensing Officer');
Insert into CCK.ENTITY_TYPES (ENTITY_TYPE_ID,ENTITY_TYPE_NAME,ENTITY_ROLE) values (3,'Manager Telecom Licensing','Manager Telecom Licensing');
Insert into CCK.ENTITY_TYPES (ENTITY_TYPE_ID,ENTITY_TYPE_NAME,ENTITY_ROLE) values (5,'Assistant Director licensing ','Assistant Director licensing ');
Insert into CCK.ENTITY_TYPES (ENTITY_TYPE_ID,ENTITY_TYPE_NAME,ENTITY_ROLE) values (7,'Board','Board');
Insert into CCK.ENTITY_TYPES (ENTITY_TYPE_ID,ENTITY_TYPE_NAME,ENTITY_ROLE) values (6,'Director Licensing','Director Licensing');
Insert into CCK.ENTITY_TYPES (ENTITY_TYPE_ID,ENTITY_TYPE_NAME,ENTITY_ROLE) values (8,'Legal Affairs','Legal Affairs');
Insert into CCK.ENTITY_TYPES (ENTITY_TYPE_ID,ENTITY_TYPE_NAME,ENTITY_ROLE) values (9,'Director General','Director General');
Insert into CCK.ENTITY_TYPES (ENTITY_TYPE_ID,ENTITY_TYPE_NAME,ENTITY_ROLE) values (10,'Finance And Accounting','Finance And Accounting');
Insert into CCK.ENTITY_TYPES (ENTITY_TYPE_ID,ENTITY_TYPE_NAME,ENTITY_ROLE) values (11,'Compliance Officer','Compliance Officer');
Insert into CCK.ENTITY_TYPES (ENTITY_TYPE_ID,ENTITY_TYPE_NAME,ENTITY_ROLE) values (12,'Manager New Technologies','Manager New Technologies');
Insert into CCK.ENTITY_TYPES (ENTITY_TYPE_ID,ENTITY_TYPE_NAME,ENTITY_ROLE) values (14,'Officer II Compliance','Officer II Compliance');
Insert into CCK.ENTITY_TYPES (ENTITY_TYPE_ID,ENTITY_TYPE_NAME,ENTITY_ROLE) values (15,'Front Office Assistant','Front Office Assistant');
Insert into CCK.ENTITY_TYPES (ENTITY_TYPE_ID,ENTITY_TYPE_NAME,ENTITY_ROLE) values (16,'Office Assistant','Office Assistant');
Insert into CCK.ENTITY_TYPES (ENTITY_TYPE_ID,ENTITY_TYPE_NAME,ENTITY_ROLE) values (17,'Manager Numbering','Manager Numbering');
Insert into CCK.ENTITY_TYPES (ENTITY_TYPE_ID,ENTITY_TYPE_NAME,ENTITY_ROLE) values (18,'Assistant Officer Telcom Licensing','Assistant Officer Telcom Licensing');
Insert into CCK.ENTITY_TYPES (ENTITY_TYPE_ID,ENTITY_TYPE_NAME,ENTITY_ROLE) values (19,'Manager Postal licensing','Manager Postal licensing');
Insert into CCK.ENTITY_TYPES (ENTITY_TYPE_ID,ENTITY_TYPE_NAME,ENTITY_ROLE) values (20,'Management Trainee','Management Trainee');
Insert into CCK.ENTITY_TYPES (ENTITY_TYPE_ID,ENTITY_TYPE_NAME,ENTITY_ROLE) values (21,'Assistant Engineer New Technolgies','Assistant Engineer New Technolgies');
Insert into CCK.ENTITY_TYPES (ENTITY_TYPE_ID,ENTITY_TYPE_NAME,ENTITY_ROLE) values (22,'Secretary I','Secretary I');
Insert into CCK.ENTITY_TYPES (ENTITY_TYPE_ID,ENTITY_TYPE_NAME,ENTITY_ROLE) values (23,'Officer Numbering','Officer Numbering');
Insert into CCK.ENTITY_TYPES (ENTITY_TYPE_ID,ENTITY_TYPE_NAME,ENTITY_ROLE) values (24,'Assistant Engineer Compliance','Assistant Engineer Compliance');
Insert into CCK.ENTITY_TYPES (ENTITY_TYPE_ID,ENTITY_TYPE_NAME,ENTITY_ROLE) values (25,'Assistant Officer Postal Licensing','Assistant Officer Postal Licensing');
Insert into CCK.ENTITY_TYPES (ENTITY_TYPE_ID,ENTITY_TYPE_NAME,ENTITY_ROLE) values (26,'Assistant Officer','Assistant Officer');
Insert into CCK.ENTITY_TYPES (ENTITY_TYPE_ID,ENTITY_TYPE_NAME,ENTITY_ROLE) values (27,'Postal Licensing Assistant','Postal Licensing Assistant');
Insert into CCK.ENTITY_TYPES (ENTITY_TYPE_ID,ENTITY_TYPE_NAME,ENTITY_ROLE) values (28,'Manager Compliance','Manager Compliance');
Insert into CCK.ENTITY_TYPES (ENTITY_TYPE_ID,ENTITY_TYPE_NAME,ENTITY_ROLE) values (29,'FL/Asst. I/II','FL/Asst. I/II');
Insert into CCK.ENTITY_TYPES (ENTITY_TYPE_ID,ENTITY_TYPE_NAME,ENTITY_ROLE) values (30,'Frequency Licensing Officer','Frequency Licensing Officer');
Insert into CCK.ENTITY_TYPES (ENTITY_TYPE_ID,ENTITY_TYPE_NAME,ENTITY_ROLE) values (31,'Director Frequency Spectrum Management','Director Frequency Spectrum Management');
Insert into CCK.ENTITY_TYPES (ENTITY_TYPE_ID,ENTITY_TYPE_NAME,ENTITY_ROLE) values (32,'Secretary FSM','Secretary FSM');
Insert into CCK.ENTITY_TYPES (ENTITY_TYPE_ID,ENTITY_TYPE_NAME,ENTITY_ROLE) values (33,'Director Frequency Planning','Director Frequency Planning');
Insert into CCK.ENTITY_TYPES (ENTITY_TYPE_ID,ENTITY_TYPE_NAME,ENTITY_ROLE) values (34,'Broadcast Planning Officer','Broadcast Planning Officer');
Insert into CCK.ENTITY_TYPES (ENTITY_TYPE_ID,ENTITY_TYPE_NAME,ENTITY_ROLE) values (35,'Frequency Planning','Frequency Planning');
Insert into CCK.ENTITY_TYPES (ENTITY_TYPE_ID,ENTITY_TYPE_NAME,ENTITY_ROLE) values (100,'FMI','FMI');
Insert into CCK.ENTITY_TYPES (ENTITY_TYPE_ID,ENTITY_TYPE_NAME,ENTITY_ROLE) values (101,'CTMA','CTMA');
commit;

--------------------------------------------------------
--  File created - Monday-April-30-2012   
--------------------------------------------------------
REM INSERTING into CCK.ENTITYS
SET DEFINE OFF;
Insert into CCK.ENTITYS (ENTITY_ID,ORG_ID,ENTITY_NAME,USER_NAME,SUPER_USER,ENTITY_LEADER,DATE_ENROLED,FUNCTION_ROLE,IS_ACTIVE,ENTITY_PASSWORD,FIRST_PASSWORD) values (1002,0,'Board User','board','0','0',to_timestamp('21-OCT-10 03.42.23.349337000 PM','DD-MON-RR HH.MI.SS.FF AM'),'info,board','1','enter','enter');
Insert into CCK.ENTITYS (ENTITY_ID,ORG_ID,ENTITY_NAME,USER_NAME,SUPER_USER,ENTITY_LEADER,DATE_ENROLED,FUNCTION_ROLE,IS_ACTIVE,ENTITY_PASSWORD,FIRST_PASSWORD) values (211,0,'Silas Maina','smaina','0','0',to_timestamp('21-OCT-10 04.15.59.472209000 PM','DD-MON-RR HH.MI.SS.FF AM'),'info,ctma','1','enter','enter');
Insert into CCK.ENTITYS (ENTITY_ID,ORG_ID,ENTITY_NAME,USER_NAME,SUPER_USER,ENTITY_LEADER,DATE_ENROLED,FUNCTION_ROLE,IS_ACTIVE,ENTITY_PASSWORD,FIRST_PASSWORD) values (0,0,'root','root','1','0',to_timestamp('21-OCT-10 03.42.23.349337000 PM','DD-MON-RR HH.MI.SS.FF AM'),'info,','1','enter','enter');
Insert into CCK.ENTITYS (ENTITY_ID,ORG_ID,ENTITY_NAME,USER_NAME,SUPER_USER,ENTITY_LEADER,DATE_ENROLED,FUNCTION_ROLE,IS_ACTIVE,ENTITY_PASSWORD,FIRST_PASSWORD) values (3,0,'Joseph Rotich','rotich','0','0',to_timestamp('21-OCT-10 03.42.23.349337000 PM','DD-MON-RR HH.MI.SS.FF AM'),'info,receiving','1','enter','enter');
Insert into CCK.ENTITYS (ENTITY_ID,ORG_ID,ENTITY_NAME,USER_NAME,SUPER_USER,ENTITY_LEADER,DATE_ENROLED,FUNCTION_ROLE,IS_ACTIVE,ENTITY_PASSWORD,FIRST_PASSWORD) values (6,0,'Stella Ndemo','ndemo','0','0',to_timestamp('21-OCT-10 03.42.23.349337000 PM','DD-MON-RR HH.MI.SS.FF AM'),'info,checking','1','enter','enter');
Insert into CCK.ENTITYS (ENTITY_ID,ORG_ID,ENTITY_NAME,USER_NAME,SUPER_USER,ENTITY_LEADER,DATE_ENROLED,FUNCTION_ROLE,IS_ACTIVE,ENTITY_PASSWORD,FIRST_PASSWORD) values (101,0,'Jolly Sogomo','sogomo','0','0',to_timestamp('21-OCT-10 03.42.23.349337000 PM','DD-MON-RR HH.MI.SS.FF AM'),'info,checking,postcompliance,receiving,postal','1','enter','enter');
Insert into CCK.ENTITYS (ENTITY_ID,ORG_ID,ENTITY_NAME,USER_NAME,SUPER_USER,ENTITY_LEADER,DATE_ENROLED,FUNCTION_ROLE,IS_ACTIVE,ENTITY_PASSWORD,FIRST_PASSWORD) values (2,0,'Karen Kilel','kilel','0','0',to_timestamp('21-OCT-10 03.42.23.349337000 PM','DD-MON-RR HH.MI.SS.FF AM'),'info,receiving','1','enter','enter');
Insert into CCK.ENTITYS (ENTITY_ID,ORG_ID,ENTITY_NAME,USER_NAME,SUPER_USER,ENTITY_LEADER,DATE_ENROLED,FUNCTION_ROLE,IS_ACTIVE,ENTITY_PASSWORD,FIRST_PASSWORD) values (9,0,'Bernard nderitu','bnderitu','0','0',to_timestamp('21-OCT-10 03.42.23.349337000 PM','DD-MON-RR HH.MI.SS.FF AM'),'info,complianceeng,compliance','1','enter','enter');
Insert into CCK.ENTITYS (ENTITY_ID,ORG_ID,ENTITY_NAME,USER_NAME,SUPER_USER,ENTITY_LEADER,DATE_ENROLED,FUNCTION_ROLE,IS_ACTIVE,ENTITY_PASSWORD,FIRST_PASSWORD) values (12,0,'Kamau Maria','kamau','0','0',to_timestamp('21-OCT-10 03.42.23.349337000 PM','DD-MON-RR HH.MI.SS.FF AM'),'info,LCS','1','enter','enter');
Insert into CCK.ENTITYS (ENTITY_ID,ORG_ID,ENTITY_NAME,USER_NAME,SUPER_USER,ENTITY_LEADER,DATE_ENROLED,FUNCTION_ROLE,IS_ACTIVE,ENTITY_PASSWORD,FIRST_PASSWORD) values (13,0,'Karungu Permius','karungu','0','0',to_timestamp('21-OCT-10 03.42.23.349337000 PM','DD-MON-RR HH.MI.SS.FF AM'),'info,receiving,checking,mgrtelcom','1','enter','enter');
Insert into CCK.ENTITYS (ENTITY_ID,ORG_ID,ENTITY_NAME,USER_NAME,SUPER_USER,ENTITY_LEADER,DATE_ENROLED,FUNCTION_ROLE,IS_ACTIVE,ENTITY_PASSWORD,FIRST_PASSWORD) values (14,0,'Kemei Christopher','kemei','0','0',to_timestamp('21-OCT-10 03.42.23.349337000 PM','DD-MON-RR HH.MI.SS.FF AM'),'info,adlc,adlicensing','1','enter','enter');
Insert into CCK.ENTITYS (ENTITY_ID,ORG_ID,ENTITY_NAME,USER_NAME,SUPER_USER,ENTITY_LEADER,DATE_ENROLED,FUNCTION_ROLE,IS_ACTIVE,ENTITY_PASSWORD,FIRST_PASSWORD) values (15,0,'Khamali Derrick','khamali','0','0',to_timestamp('21-OCT-10 03.42.23.349337000 PM','DD-MON-RR HH.MI.SS.FF AM'),'info,complianceeng,compliance','1','enter','enter');
Insert into CCK.ENTITYS (ENTITY_ID,ORG_ID,ENTITY_NAME,USER_NAME,SUPER_USER,ENTITY_LEADER,DATE_ENROLED,FUNCTION_ROLE,IS_ACTIVE,ENTITY_PASSWORD,FIRST_PASSWORD) values (102,0,'Hillary Tarus','tarus','0','0',to_timestamp('21-OCT-10 03.42.23.349337000 PM','DD-MON-RR HH.MI.SS.FF AM'),'info,LCS','1','enter','enter');
Insert into CCK.ENTITYS (ENTITY_ID,ORG_ID,ENTITY_NAME,USER_NAME,SUPER_USER,ENTITY_LEADER,DATE_ENROLED,FUNCTION_ROLE,IS_ACTIVE,ENTITY_PASSWORD,FIRST_PASSWORD) values (17,0,'imisdewcis','imisdewcis','0','0',to_timestamp('21-OCT-10 03.42.23.349337000 PM','DD-MON-RR HH.MI.SS.FF AM'),'info,legal,complianceeng,compliance,checking,typeapproval,receiving,numbering,mgrtelcom,adlicensing,dlicensing,gazettement,board,dlcslicensing,adlicensing,adlccpl,secretary,officernumbering,mgrcpl,ctma,dg,dgrole,certification,environmental','1','enter','enter');
Insert into CCK.ENTITYS (ENTITY_ID,ORG_ID,ENTITY_NAME,USER_NAME,SUPER_USER,ENTITY_LEADER,DATE_ENROLED,FUNCTION_ROLE,IS_ACTIVE,ENTITY_PASSWORD,FIRST_PASSWORD) values (41,0,'James Mangi
','mangi','0','0',to_timestamp('21-OCT-10 03.42.23.349337000 PM','DD-MON-RR HH.MI.SS.FF AM'),'info,dlccpl,dgcpl,adlicensing,numbering,typeapproval,checking,typeapproval,receiving','1','enter','enter');
Insert into CCK.ENTITYS (ENTITY_ID,ORG_ID,ENTITY_NAME,USER_NAME,SUPER_USER,ENTITY_LEADER,DATE_ENROLED,FUNCTION_ROLE,IS_ACTIVE,ENTITY_PASSWORD,FIRST_PASSWORD) values (4,0,'Mohamed Haji','haji','0','0',to_timestamp('21-OCT-10 03.42.23.349337000 PM','DD-MON-RR HH.MI.SS.FF AM'),'info,typeapproval,adnumsta,mgrstan,environmental,numbering,officernumbering','1','enter','enter');
Insert into CCK.ENTITYS (ENTITY_ID,ORG_ID,ENTITY_NAME,USER_NAME,SUPER_USER,ENTITY_LEADER,DATE_ENROLED,FUNCTION_ROLE,IS_ACTIVE,ENTITY_PASSWORD,FIRST_PASSWORD) values (42,0,'Martin Ngesa
','ngesa','0','0',to_timestamp('21-OCT-10 03.42.23.349337000 PM','DD-MON-RR HH.MI.SS.FF AM'),'info,postal,checking,postcompliance,receiving,complianceeng,compliance','1','enter','enter');
Insert into CCK.ENTITYS (ENTITY_ID,ORG_ID,ENTITY_NAME,USER_NAME,SUPER_USER,ENTITY_LEADER,DATE_ENROLED,FUNCTION_ROLE,IS_ACTIVE,ENTITY_PASSWORD,FIRST_PASSWORD) values (43,0,'Njeri Mwangi','NjeriM','0','0',to_timestamp('21-OCT-10 03.42.23.349337000 PM','DD-MON-RR HH.MI.SS.FF AM'),'info,typeapproval','1','enter','enter');
Insert into CCK.ENTITYS (ENTITY_ID,ORG_ID,ENTITY_NAME,USER_NAME,SUPER_USER,ENTITY_LEADER,DATE_ENROLED,FUNCTION_ROLE,IS_ACTIVE,ENTITY_PASSWORD,FIRST_PASSWORD) values (44,0,'Mwende Njiraini
','njiraini','0','0',to_timestamp('21-OCT-10 03.42.23.349337000 PM','DD-MON-RR HH.MI.SS.FF AM'),'info,LCS','1','enter','enter');
Insert into CCK.ENTITYS (ENTITY_ID,ORG_ID,ENTITY_NAME,USER_NAME,SUPER_USER,ENTITY_LEADER,DATE_ENROLED,FUNCTION_ROLE,IS_ACTIVE,ENTITY_PASSWORD,FIRST_PASSWORD) values (45,0,'Margaret Njonjo','njonjo','0','0',to_timestamp('21-OCT-10 03.42.23.349337000 PM','DD-MON-RR HH.MI.SS.FF AM'),'info,secretary','1','enter','enter');
Insert into CCK.ENTITYS (ENTITY_ID,ORG_ID,ENTITY_NAME,USER_NAME,SUPER_USER,ENTITY_LEADER,DATE_ENROLED,FUNCTION_ROLE,IS_ACTIVE,ENTITY_PASSWORD,FIRST_PASSWORD) values (61,0,'Peter  Nyongesa','nyongesa','0','0',to_timestamp('21-OCT-10 03.42.23.349337000 PM','DD-MON-RR HH.MI.SS.FF AM'),'info,info,typeapproval,numbering,officernumbering,adnumsta','1','enter','enter');
Insert into CCK.ENTITYS (ENTITY_ID,ORG_ID,ENTITY_NAME,USER_NAME,SUPER_USER,ENTITY_LEADER,DATE_ENROLED,FUNCTION_ROLE,IS_ACTIVE,ENTITY_PASSWORD,FIRST_PASSWORD) values (81,0,'Ochola Otieno','ajohola','0','0',to_timestamp('21-OCT-10 03.42.23.349337000 PM','DD-MON-RR HH.MI.SS.FF AM'),'info,dlc,dlicensing','1','enter','enter');
Insert into CCK.ENTITYS (ENTITY_ID,ORG_ID,ENTITY_NAME,USER_NAME,SUPER_USER,ENTITY_LEADER,DATE_ENROLED,FUNCTION_ROLE,IS_ACTIVE,ENTITY_PASSWORD,FIRST_PASSWORD) values (82,0,'Chrispine Ogongo
','ogongo','0','0',to_timestamp('21-OCT-10 03.42.23.349337000 PM','DD-MON-RR HH.MI.SS.FF AM'),'info,complianceeng,compliance','1','enter','enter');
Insert into CCK.ENTITYS (ENTITY_ID,ORG_ID,ENTITY_NAME,USER_NAME,SUPER_USER,ENTITY_LEADER,DATE_ENROLED,FUNCTION_ROLE,IS_ACTIVE,ENTITY_PASSWORD,FIRST_PASSWORD) values (83,0,'Samwel Okech
','okech','0','0',to_timestamp('21-OCT-10 03.42.23.349337000 PM','DD-MON-RR HH.MI.SS.FF AM'),'info,receiving,checking','1','enter','enter');
Insert into CCK.ENTITYS (ENTITY_ID,ORG_ID,ENTITY_NAME,USER_NAME,SUPER_USER,ENTITY_LEADER,DATE_ENROLED,FUNCTION_ROLE,IS_ACTIVE,ENTITY_PASSWORD,FIRST_PASSWORD) values (121,0,'Geoffrey Tolle
','tolle','0','0',to_timestamp('21-OCT-10 03.42.23.349337000 PM','DD-MON-RR HH.MI.SS.FF AM'),'info,checking,postcompliance,receiving,postal','1','enter','enter');
Insert into CCK.ENTITYS (ENTITY_ID,ORG_ID,ENTITY_NAME,USER_NAME,SUPER_USER,ENTITY_LEADER,DATE_ENROLED,FUNCTION_ROLE,IS_ACTIVE,ENTITY_PASSWORD,FIRST_PASSWORD) values (122,0,'Victor Maina','vmaina','0','0',to_timestamp('21-OCT-10 03.42.23.349337000 PM','DD-MON-RR HH.MI.SS.FF AM'),'info,typeapproval,numbering,officernumbering','1','enter','enter');
Insert into CCK.ENTITYS (ENTITY_ID,ORG_ID,ENTITY_NAME,USER_NAME,SUPER_USER,ENTITY_LEADER,DATE_ENROLED,FUNCTION_ROLE,IS_ACTIVE,ENTITY_PASSWORD,FIRST_PASSWORD) values (123,0,'Daniel Waturu','waturu','0','0',to_timestamp('21-OCT-10 03.42.23.349337000 PM','DD-MON-RR HH.MI.SS.FF AM'),'info,mgrcpl,compliance,complianceeng,adlccpl','1','enter','enter');
Insert into CCK.ENTITYS (ENTITY_ID,ORG_ID,ENTITY_NAME,USER_NAME,SUPER_USER,ENTITY_LEADER,DATE_ENROLED,FUNCTION_ROLE,IS_ACTIVE,ENTITY_PASSWORD,FIRST_PASSWORD) values (153,0,'Frankline Makokha','makokha','0','0',to_timestamp('21-OCT-10 03.42.23.349337000 PM','DD-MON-RR HH.MI.SS.FF AM'),'info,typeapproval,numbering','1','enter','enter');
Insert into CCK.ENTITYS (ENTITY_ID,ORG_ID,ENTITY_NAME,USER_NAME,SUPER_USER,ENTITY_LEADER,DATE_ENROLED,FUNCTION_ROLE,IS_ACTIVE,ENTITY_PASSWORD,FIRST_PASSWORD) values (124,0,'Titus Cheptoo','cheptoo','0','0',to_timestamp('21-OCT-10 03.42.23.349337000 PM','DD-MON-RR HH.MI.SS.FF AM'),'info,equiptracking,mgrmonitoring,file','1','enter','enter');
Insert into CCK.ENTITYS (ENTITY_ID,ORG_ID,ENTITY_NAME,USER_NAME,SUPER_USER,ENTITY_LEADER,DATE_ENROLED,FUNCTION_ROLE,IS_ACTIVE,ENTITY_PASSWORD,FIRST_PASSWORD) values (125,0,'Sammy Mwichuri','mwichuri','0','0',to_timestamp('21-OCT-10 03.42.23.349337000 PM','DD-MON-RR HH.MI.SS.FF AM'),'info,monitoring','1','enter','enter');
Insert into CCK.ENTITYS (ENTITY_ID,ORG_ID,ENTITY_NAME,USER_NAME,SUPER_USER,ENTITY_LEADER,DATE_ENROLED,FUNCTION_ROLE,IS_ACTIVE,ENTITY_PASSWORD,FIRST_PASSWORD) values (126,0,'Stanley Kibe','kibe','0','0',to_timestamp('21-OCT-10 03.42.23.349337000 PM','DD-MON-RR HH.MI.SS.FF AM'),'info,application,licensing,monitoring,mgrmonitoring,admonitoring,adlicensing,fsmdirector','1','enter','enter');
Insert into CCK.ENTITYS (ENTITY_ID,ORG_ID,ENTITY_NAME,USER_NAME,SUPER_USER,ENTITY_LEADER,DATE_ENROLED,FUNCTION_ROLE,IS_ACTIVE,ENTITY_PASSWORD,FIRST_PASSWORD) values (127,0,'Tom Olwero','olwero','0','0',to_timestamp('21-OCT-10 03.42.23.349337000 PM','DD-MON-RR HH.MI.SS.FF AM'),'info,adlicensing,mgrlicensing','1','enter','enter');
Insert into CCK.ENTITYS (ENTITY_ID,ORG_ID,ENTITY_NAME,USER_NAME,SUPER_USER,ENTITY_LEADER,DATE_ENROLED,FUNCTION_ROLE,IS_ACTIVE,ENTITY_PASSWORD,FIRST_PASSWORD) values (128,0,'Walter Kiptum Rono','kiptum','0','0',to_timestamp('21-OCT-10 03.42.23.349337000 PM','DD-MON-RR HH.MI.SS.FF AM'),'info,licensing','1','enter','enter');
Insert into CCK.ENTITYS (ENTITY_ID,ORG_ID,ENTITY_NAME,USER_NAME,SUPER_USER,ENTITY_LEADER,DATE_ENROLED,FUNCTION_ROLE,IS_ACTIVE,ENTITY_PASSWORD,FIRST_PASSWORD) values (129,0,'Aggrey Agola','agola','0','0',to_timestamp('21-OCT-10 03.42.23.349337000 PM','DD-MON-RR HH.MI.SS.FF AM'),'info,monitoring','1','enter','enter');
Insert into CCK.ENTITYS (ENTITY_ID,ORG_ID,ENTITY_NAME,USER_NAME,SUPER_USER,ENTITY_LEADER,DATE_ENROLED,FUNCTION_ROLE,IS_ACTIVE,ENTITY_PASSWORD,FIRST_PASSWORD) values (130,0,'Alex Kamau','akamau','0','0',to_timestamp('21-OCT-10 03.42.23.349337000 PM','DD-MON-RR HH.MI.SS.FF AM'),'info,dataentry','1','enter','enter');
Insert into CCK.ENTITYS (ENTITY_ID,ORG_ID,ENTITY_NAME,USER_NAME,SUPER_USER,ENTITY_LEADER,DATE_ENROLED,FUNCTION_ROLE,IS_ACTIVE,ENTITY_PASSWORD,FIRST_PASSWORD) values (131,0,'Anne Amran','amran','0','0',to_timestamp('21-OCT-10 03.42.23.349337000 PM','DD-MON-RR HH.MI.SS.FF AM'),'info,secretary,application','1','enter','enter');
Insert into CCK.ENTITYS (ENTITY_ID,ORG_ID,ENTITY_NAME,USER_NAME,SUPER_USER,ENTITY_LEADER,DATE_ENROLED,FUNCTION_ROLE,IS_ACTIVE,ENTITY_PASSWORD,FIRST_PASSWORD) values (132,0,'Anne Kinyanjui','kinyanjui','0','0',to_timestamp('21-OCT-10 03.42.23.349337000 PM','DD-MON-RR HH.MI.SS.FF AM'),'info,planning,file','1','enter','enter');
Insert into CCK.ENTITYS (ENTITY_ID,ORG_ID,ENTITY_NAME,USER_NAME,SUPER_USER,ENTITY_LEADER,DATE_ENROLED,FUNCTION_ROLE,IS_ACTIVE,ENTITY_PASSWORD,FIRST_PASSWORD) values (133,0,'Brian Wangila Mukhongo','wangila','0','0',to_timestamp('21-OCT-10 03.42.23.349337000 PM','DD-MON-RR HH.MI.SS.FF AM'),'info,monitoring,equiptracking','1','enter','enter');
Insert into CCK.ENTITYS (ENTITY_ID,ORG_ID,ENTITY_NAME,USER_NAME,SUPER_USER,ENTITY_LEADER,DATE_ENROLED,FUNCTION_ROLE,IS_ACTIVE,ENTITY_PASSWORD,FIRST_PASSWORD) values (134,0,'Charles Njoroge','njoroge','0','0',to_timestamp('21-OCT-10 03.42.23.349337000 PM','DD-MON-RR HH.MI.SS.FF AM'),'info,dg,dgrole,receiving,checking,mgrtelcom,numbering,typeapproval,checking,typeapproval,receiving','1','enter','enter');
Insert into CCK.ENTITYS (ENTITY_ID,ORG_ID,ENTITY_NAME,USER_NAME,SUPER_USER,ENTITY_LEADER,DATE_ENROLED,FUNCTION_ROLE,IS_ACTIVE,ENTITY_PASSWORD,FIRST_PASSWORD) values (135,0,'Charles Njoroge 2','cnjoroge','0','0',to_timestamp('21-OCT-10 03.42.23.349337000 PM','DD-MON-RR HH.MI.SS.FF AM'),'info,dg','1','enter','enter');
Insert into CCK.ENTITYS (ENTITY_ID,ORG_ID,ENTITY_NAME,USER_NAME,SUPER_USER,ENTITY_LEADER,DATE_ENROLED,FUNCTION_ROLE,IS_ACTIVE,ENTITY_PASSWORD,FIRST_PASSWORD) values (136,0,'Gababo Wako','gababo','0','0',to_timestamp('21-OCT-10 03.42.23.349337000 PM','DD-MON-RR HH.MI.SS.FF AM'),'info,planning,mgrplanning','1','enter','enter');
Insert into CCK.ENTITYS (ENTITY_ID,ORG_ID,ENTITY_NAME,USER_NAME,SUPER_USER,ENTITY_LEADER,DATE_ENROLED,FUNCTION_ROLE,IS_ACTIVE,ENTITY_PASSWORD,FIRST_PASSWORD) values (137,0,'Gilbert Mugeni','mugeni','0','0',to_timestamp('21-OCT-10 03.42.23.349337000 PM','DD-MON-RR HH.MI.SS.FF AM'),'info,planning,file','1','enter','enter');
Insert into CCK.ENTITYS (ENTITY_ID,ORG_ID,ENTITY_NAME,USER_NAME,SUPER_USER,ENTITY_LEADER,DATE_ENROLED,FUNCTION_ROLE,IS_ACTIVE,ENTITY_PASSWORD,FIRST_PASSWORD) values (138,0,'Godffrey Odipo','odipo','0','0',to_timestamp('21-OCT-10 03.42.23.349337000 PM','DD-MON-RR HH.MI.SS.FF AM'),'info,planning','1','enter','enter');
Insert into CCK.ENTITYS (ENTITY_ID,ORG_ID,ENTITY_NAME,USER_NAME,SUPER_USER,ENTITY_LEADER,DATE_ENROLED,FUNCTION_ROLE,IS_ACTIVE,ENTITY_PASSWORD,FIRST_PASSWORD) values (139,0,'Jonathan Mwilu','mwilu','0','0',to_timestamp('21-OCT-10 03.42.23.349337000 PM','DD-MON-RR HH.MI.SS.FF AM'),'info,records','1','enter','enter');
Insert into CCK.ENTITYS (ENTITY_ID,ORG_ID,ENTITY_NAME,USER_NAME,SUPER_USER,ENTITY_LEADER,DATE_ENROLED,FUNCTION_ROLE,IS_ACTIVE,ENTITY_PASSWORD,FIRST_PASSWORD) values (140,0,'Leo Boruett','lkboruett','0','0',to_timestamp('21-OCT-10 03.42.23.349337000 PM','DD-MON-RR HH.MI.SS.FF AM'),'info,adplanning,mgrplanning','1','enter','enter');
Insert into CCK.ENTITYS (ENTITY_ID,ORG_ID,ENTITY_NAME,USER_NAME,SUPER_USER,ENTITY_LEADER,DATE_ENROLED,FUNCTION_ROLE,IS_ACTIVE,ENTITY_PASSWORD,FIRST_PASSWORD) values (141,0,'Lucy Kungu','kungu','0','0',to_timestamp('21-OCT-10 03.42.23.349337000 PM','DD-MON-RR HH.MI.SS.FF AM'),'info,dataentry','1','enter','enter');
Insert into CCK.ENTITYS (ENTITY_ID,ORG_ID,ENTITY_NAME,USER_NAME,SUPER_USER,ENTITY_LEADER,DATE_ENROLED,FUNCTION_ROLE,IS_ACTIVE,ENTITY_PASSWORD,FIRST_PASSWORD) values (142,0,'Lucy Njagi','njagi','0','0',to_timestamp('21-OCT-10 03.42.23.349337000 PM','DD-MON-RR HH.MI.SS.FF AM'),'info,secretary,application','1','enter','enter');
Insert into CCK.ENTITYS (ENTITY_ID,ORG_ID,ENTITY_NAME,USER_NAME,SUPER_USER,ENTITY_LEADER,DATE_ENROLED,FUNCTION_ROLE,IS_ACTIVE,ENTITY_PASSWORD,FIRST_PASSWORD) values (143,0,'Martin Ikumilu','ikumilu','0','0',to_timestamp('21-OCT-10 03.42.23.349337000 PM','DD-MON-RR HH.MI.SS.FF AM'),'info,application,licensing,file','1','enter','enter');
Insert into CCK.ENTITYS (ENTITY_ID,ORG_ID,ENTITY_NAME,USER_NAME,SUPER_USER,ENTITY_LEADER,DATE_ENROLED,FUNCTION_ROLE,IS_ACTIVE,ENTITY_PASSWORD,FIRST_PASSWORD) values (144,0,'Michael Katundu','katundu','0','0',to_timestamp('21-OCT-10 03.42.23.349337000 PM','DD-MON-RR HH.MI.SS.FF AM'),'info,itdirector','1','enter','enter');
Insert into CCK.ENTITYS (ENTITY_ID,ORG_ID,ENTITY_NAME,USER_NAME,SUPER_USER,ENTITY_LEADER,DATE_ENROLED,FUNCTION_ROLE,IS_ACTIVE,ENTITY_PASSWORD,FIRST_PASSWORD) values (145,0,'Nelson Wasilwa','wasilwa','0','0',to_timestamp('21-OCT-10 03.42.23.349337000 PM','DD-MON-RR HH.MI.SS.FF AM'),'info,monitoring,equiptracking','1','enter','enter');
Insert into CCK.ENTITYS (ENTITY_ID,ORG_ID,ENTITY_NAME,USER_NAME,SUPER_USER,ENTITY_LEADER,DATE_ENROLED,FUNCTION_ROLE,IS_ACTIVE,ENTITY_PASSWORD,FIRST_PASSWORD) values (146,0,'Njuguna Kamunge','kamunge','0','0',to_timestamp('21-OCT-10 03.42.23.349337000 PM','DD-MON-RR HH.MI.SS.FF AM'),'info,monitoring','1','enter','enter');
Insert into CCK.ENTITYS (ENTITY_ID,ORG_ID,ENTITY_NAME,USER_NAME,SUPER_USER,ENTITY_LEADER,DATE_ENROLED,FUNCTION_ROLE,IS_ACTIVE,ENTITY_PASSWORD,FIRST_PASSWORD) values (147,0,'Omungu Etiko','etiko','0','0',to_timestamp('21-OCT-10 03.42.23.349337000 PM','DD-MON-RR HH.MI.SS.FF AM'),'info,application,licensing,file','1','enter','enter');
Insert into CCK.ENTITYS (ENTITY_ID,ORG_ID,ENTITY_NAME,USER_NAME,SUPER_USER,ENTITY_LEADER,DATE_ENROLED,FUNCTION_ROLE,IS_ACTIVE,ENTITY_PASSWORD,FIRST_PASSWORD) values (148,0,'Peter Njoroge','ngige','0','0',to_timestamp('21-OCT-10 03.42.23.349337000 PM','DD-MON-RR HH.MI.SS.FF AM'),'info,application,planning','1','enter','enter');
Insert into CCK.ENTITYS (ENTITY_ID,ORG_ID,ENTITY_NAME,USER_NAME,SUPER_USER,ENTITY_LEADER,DATE_ENROLED,FUNCTION_ROLE,IS_ACTIVE,ENTITY_PASSWORD,FIRST_PASSWORD) values (155,0,'Imisadmin','imisadmin','0','0',to_timestamp('21-OCT-10 03.42.23.349337000 PM','DD-MON-RR HH.MI.SS.FF AM'),'info,planning,file','1','enter','enter');
Insert into CCK.ENTITYS (ENTITY_ID,ORG_ID,ENTITY_NAME,USER_NAME,SUPER_USER,ENTITY_LEADER,DATE_ENROLED,FUNCTION_ROLE,IS_ACTIVE,ENTITY_PASSWORD,FIRST_PASSWORD) values (160,0,'Dummy ImisAdmin','dummy','0','0',to_timestamp('21-OCT-10 03.42.23.349337000 PM','DD-MON-RR HH.MI.SS.FF AM'),'info,imisadmin,application,licensing,planning,monitoring,mgrmonitoring,fsmdirector,admonitoring,dg','1','enter','enter');
Insert into CCK.ENTITYS (ENTITY_ID,ORG_ID,ENTITY_NAME,USER_NAME,SUPER_USER,ENTITY_LEADER,DATE_ENROLED,FUNCTION_ROLE,IS_ACTIVE,ENTITY_PASSWORD,FIRST_PASSWORD) values (21,0,'Isabelle Kandagor','kandagor','0','0',to_timestamp('21-OCT-10 03.42.23.349337000 PM','DD-MON-RR HH.MI.SS.FF AM'),'info,licensing,broadcasting,file','1','enter','enter');
Insert into CCK.ENTITYS (ENTITY_ID,ORG_ID,ENTITY_NAME,USER_NAME,SUPER_USER,ENTITY_LEADER,DATE_ENROLED,FUNCTION_ROLE,IS_ACTIVE,ENTITY_PASSWORD,FIRST_PASSWORD) values (161,0,'Maria Kamau','maria','0','0',to_timestamp('21-OCT-10 03.42.23.349337000 PM','DD-MON-RR HH.MI.SS.FF AM'),'info,secretary','1','enter','enter');
Insert into CCK.ENTITYS (ENTITY_ID,ORG_ID,ENTITY_NAME,USER_NAME,SUPER_USER,ENTITY_LEADER,DATE_ENROLED,FUNCTION_ROLE,IS_ACTIVE,ENTITY_PASSWORD,FIRST_PASSWORD) values (1001,0,'Legal User','legal','0','0',to_timestamp('21-OCT-10 03.42.23.349337000 PM','DD-MON-RR HH.MI.SS.FF AM'),'info,legal','1','enter','enter');
Insert into CCK.ENTITYS (ENTITY_ID,ORG_ID,ENTITY_NAME,USER_NAME,SUPER_USER,ENTITY_LEADER,DATE_ENROLED,FUNCTION_ROLE,IS_ACTIVE,ENTITY_PASSWORD,FIRST_PASSWORD) values (200,0,'MATANO NDARO','ndaro','0','0',to_timestamp('21-OCT-10 03.42.23.349337000 PM','DD-MON-RR HH.MI.SS.FF AM'),'info,ctma','1','enter','enter');
Insert into CCK.ENTITYS (ENTITY_ID,ORG_ID,ENTITY_NAME,USER_NAME,SUPER_USER,ENTITY_LEADER,DATE_ENROLED,FUNCTION_ROLE,IS_ACTIVE,ENTITY_PASSWORD,FIRST_PASSWORD) values (201,0,'ELIZABETH OBUONG','obuong','0','0',to_timestamp('21-OCT-10 03.42.23.349337000 PM','DD-MON-RR HH.MI.SS.FF AM'),'info,ctma','1','enter','enter');
Insert into CCK.ENTITYS (ENTITY_ID,ORG_ID,ENTITY_NAME,USER_NAME,SUPER_USER,ENTITY_LEADER,DATE_ENROLED,FUNCTION_ROLE,IS_ACTIVE,ENTITY_PASSWORD,FIRST_PASSWORD) values (202,0,'SUSAN MOCHACHE','smochache','0','0',to_timestamp('21-OCT-10 03.42.23.349337000 PM','DD-MON-RR HH.MI.SS.FF AM'),'info,ctma','1','enter','enter');
Insert into CCK.ENTITYS (ENTITY_ID,ORG_ID,ENTITY_NAME,USER_NAME,SUPER_USER,ENTITY_LEADER,DATE_ENROLED,FUNCTION_ROLE,IS_ACTIVE,ENTITY_PASSWORD,FIRST_PASSWORD) values (203,0,'JOEL IMITIRA','imitira','0','0',to_timestamp('21-OCT-10 03.42.23.349337000 PM','DD-MON-RR HH.MI.SS.FF AM'),'info,ctma','1','enter','enter');
Insert into CCK.ENTITYS (ENTITY_ID,ORG_ID,ENTITY_NAME,USER_NAME,SUPER_USER,ENTITY_LEADER,DATE_ENROLED,FUNCTION_ROLE,IS_ACTIVE,ENTITY_PASSWORD,FIRST_PASSWORD) values (204,0,'RICHARD TONUI','tonui','0','0',to_timestamp('21-OCT-10 03.42.23.349337000 PM','DD-MON-RR HH.MI.SS.FF AM'),'info,ctma','1','enter','enter');
Insert into CCK.ENTITYS (ENTITY_ID,ORG_ID,ENTITY_NAME,USER_NAME,SUPER_USER,ENTITY_LEADER,DATE_ENROLED,FUNCTION_ROLE,IS_ACTIVE,ENTITY_PASSWORD,FIRST_PASSWORD) values (205,0,'JAMES NJERU','njeru','0','0',to_timestamp('21-OCT-10 03.42.23.349337000 PM','DD-MON-RR HH.MI.SS.FF AM'),'info,ctma','1','enter','enter');
Insert into CCK.ENTITYS (ENTITY_ID,ORG_ID,ENTITY_NAME,USER_NAME,SUPER_USER,ENTITY_LEADER,DATE_ENROLED,FUNCTION_ROLE,IS_ACTIVE,ENTITY_PASSWORD,FIRST_PASSWORD) values (206,0,'PAUL KIAGE','kiage','0','0',to_timestamp('21-OCT-10 03.42.23.349337000 PM','DD-MON-RR HH.MI.SS.FF AM'),'info,ctma','1','enter','enter');
Insert into CCK.ENTITYS (ENTITY_ID,ORG_ID,ENTITY_NAME,USER_NAME,SUPER_USER,ENTITY_LEADER,DATE_ENROLED,FUNCTION_ROLE,IS_ACTIVE,ENTITY_PASSWORD,FIRST_PASSWORD) values (207,0,'GODFFREY MUHATIA','muhatia','0','0',to_timestamp('21-OCT-10 03.42.23.349337000 PM','DD-MON-RR HH.MI.SS.FF AM'),'info,ctma','1','enter','enter');
Insert into CCK.ENTITYS (ENTITY_ID,ORG_ID,ENTITY_NAME,USER_NAME,SUPER_USER,ENTITY_LEADER,DATE_ENROLED,FUNCTION_ROLE,IS_ACTIVE,ENTITY_PASSWORD,FIRST_PASSWORD) values (208,0,'VERONICA KIMANI','kimani','0','0',to_timestamp('21-OCT-10 03.42.23.349337000 PM','DD-MON-RR HH.MI.SS.FF AM'),'info,ctma','1','enter','enter');
Insert into CCK.ENTITYS (ENTITY_ID,ORG_ID,ENTITY_NAME,USER_NAME,SUPER_USER,ENTITY_LEADER,DATE_ENROLED,FUNCTION_ROLE,IS_ACTIVE,ENTITY_PASSWORD,FIRST_PASSWORD) values (209,0,'ANDATI SAMWEL','andati','0','0',to_timestamp('21-OCT-10 03.42.23.349337000 PM','DD-MON-RR HH.MI.SS.FF AM'),'info,ctma','1','enter','enter');
Insert into CCK.ENTITYS (ENTITY_ID,ORG_ID,ENTITY_NAME,USER_NAME,SUPER_USER,ENTITY_LEADER,DATE_ENROLED,FUNCTION_ROLE,IS_ACTIVE,ENTITY_PASSWORD,FIRST_PASSWORD) values (210,0,'LUKAS MUSEMBI','musembi','0','0',to_timestamp('21-OCT-10 03.42.23.349337000 PM','DD-MON-RR HH.MI.SS.FF AM'),'info,ctma','1','enter','enter');

commit;




--------------------------------------------------------
--  File created - Wednesday-April-25-2012   
---------------------------------------------------------
----ALL WORKFLOWS #################
--a.###FREQUENCY LICENSING
REM INSERTING into CCK.WORKFLOWS
SET DEFINE OFF;
Insert into CCK.WORKFLOWS (WORKFLOW_ID,WORKFLOW_NAME,TABLE_NAME,TABLE_LINK_FIELD,TABLE_LINK_ID,SOURCE_ENTITY_ID) values (1,'LAND MOBILE APPLICATION WORKFLOW','LICENSE','LICENSE_ID',12,2);
Insert into CCK.WORKFLOWS (WORKFLOW_ID,WORKFLOW_NAME,TABLE_NAME,TABLE_LINK_FIELD,TABLE_LINK_ID,SOURCE_ENTITY_ID) values (2,'AIRCRAFT RADIO STATION APPLICATION WORKFLOW','LICENSE','LICENSE_ID',8,2);
Insert into CCK.WORKFLOWS (WORKFLOW_ID,WORKFLOW_NAME,TABLE_NAME,TABLE_LINK_FIELD,TABLE_LINK_ID,SOURCE_ENTITY_ID) values (3,'ALARM SERVICE APPLICATION WORKFLOW','LICENSE','LICENSE_ID',20,2);
COMMIT;
--B. ##FREQUENCY PLANNING
Insert into CCK.WORKFLOWS (WORKFLOW_ID,WORKFLOW_NAME,TABLE_NAME,TABLE_LINK_FIELD,TABLE_LINK_ID,SOURCE_ENTITY_ID) values (11,'CELLULAR NETWORK APPLICATION WORKFLOW','LICENSE','LICENSE_ID',22,2);
Insert into CCK.WORKFLOWS (WORKFLOW_ID,WORKFLOW_NAME,TABLE_NAME,TABLE_LINK_FIELD,TABLE_LINK_ID,SOURCE_ENTITY_ID) values (12,'POINT TO POINT LINK APPLICATION WORKFLOW','LICENSE','LICENSE_ID',21,2);
Insert into CCK.WORKFLOWS (WORKFLOW_ID,WORKFLOW_NAME,TABLE_NAME,TABLE_LINK_FIELD,TABLE_LINK_ID,SOURCE_ENTITY_ID) values (13,'POINT TO MULTIPOINT APPLICATION WORKFLOW','LICENSE','LICENSE_ID',25,2);
Insert into CCK.WORKFLOWS (WORKFLOW_ID,WORKFLOW_NAME,TABLE_NAME,TABLE_LINK_FIELD,TABLE_LINK_ID,SOURCE_ENTITY_ID) values (14,'FIXED WIRELESS APPLICATION WORKFLOW','LICENSE','LICENSE_ID',24,2);
COMMIT;


--#################################FREQUENY LICENSING #################
--1.############LAND MOBILE
--receiving, application, checking, clc, freq reservation, notification, initial fee, tech detais, freq assgn, license generation
--------------------------------------------------------
--  File created - Wednesday-April-25-2012   
--------------------------------------------------------
REM INSERTING into CCK.WORKFLOW_PHASES
SET DEFINE OFF;
Insert into CCK.WORKFLOW_PHASES (WORKFLOW_PHASE_ID,WORKFLOW_ID,ENTITY_TYPE_ID,APPROVAL_ENTITY_ID,APPROVAL_LEVEL,RETURN_LEVEL,ESCALATION_HOURS,REQUIRED_APPROVALS,NOTICE,ADVICE,PHASE_NARRATIVE,IS_UTILITY,IS_DONE,PAYMENT_TYPE_ID) values (1,1,null,4,1,1,3,1,'0','0','Receiving','0','0',1);
Insert into CCK.WORKFLOW_PHASES (WORKFLOW_PHASE_ID,WORKFLOW_ID,ENTITY_TYPE_ID,APPROVAL_ENTITY_ID,APPROVAL_LEVEL,RETURN_LEVEL,ESCALATION_HOURS,REQUIRED_APPROVALS,NOTICE,ADVICE,PHASE_NARRATIVE,IS_UTILITY,IS_DONE,PAYMENT_TYPE_ID) values (2,1,null,4,2,1,3,1,'0','0','Application Fee Payment','0','0',2);
Insert into CCK.WORKFLOW_PHASES (WORKFLOW_PHASE_ID,WORKFLOW_ID,ENTITY_TYPE_ID,APPROVAL_ENTITY_ID,APPROVAL_LEVEL,RETURN_LEVEL,ESCALATION_HOURS,REQUIRED_APPROVALS,NOTICE,ADVICE,PHASE_NARRATIVE,IS_UTILITY,IS_DONE,PAYMENT_TYPE_ID) values (3,1,null,4,3,2,3,1,'0','0','Checking','0','0',1);
Insert into CCK.WORKFLOW_PHASES (WORKFLOW_PHASE_ID,WORKFLOW_ID,ENTITY_TYPE_ID,APPROVAL_ENTITY_ID,APPROVAL_LEVEL,RETURN_LEVEL,ESCALATION_HOURS,REQUIRED_APPROVALS,NOTICE,ADVICE,PHASE_NARRATIVE,IS_UTILITY,IS_DONE,PAYMENT_TYPE_ID) values (4,1,null,4,4,3,3,1,'0','0','CLC','0','0',1);
Insert into CCK.WORKFLOW_PHASES (WORKFLOW_PHASE_ID,WORKFLOW_ID,ENTITY_TYPE_ID,APPROVAL_ENTITY_ID,APPROVAL_LEVEL,RETURN_LEVEL,ESCALATION_HOURS,REQUIRED_APPROVALS,NOTICE,ADVICE,PHASE_NARRATIVE,IS_UTILITY,IS_DONE,PAYMENT_TYPE_ID) values (5,1,null,4,5,4,3,1,'0','0','Frequency Reservation','0','0',1);
Insert into CCK.WORKFLOW_PHASES (WORKFLOW_PHASE_ID,WORKFLOW_ID,ENTITY_TYPE_ID,APPROVAL_ENTITY_ID,APPROVAL_LEVEL,RETURN_LEVEL,ESCALATION_HOURS,REQUIRED_APPROVALS,NOTICE,ADVICE,PHASE_NARRATIVE,IS_UTILITY,IS_DONE,PAYMENT_TYPE_ID) values (6,1,null,4,6,5,3,1,'0','0','Notification','0','0',1);
Insert into CCK.WORKFLOW_PHASES (WORKFLOW_PHASE_ID,WORKFLOW_ID,ENTITY_TYPE_ID,APPROVAL_ENTITY_ID,APPROVAL_LEVEL,RETURN_LEVEL,ESCALATION_HOURS,REQUIRED_APPROVALS,NOTICE,ADVICE,PHASE_NARRATIVE,IS_UTILITY,IS_DONE,PAYMENT_TYPE_ID) values (7,1,null,4,7,6,3,1,'0','0','Initial Fee Payment','0','0',3);
Insert into CCK.WORKFLOW_PHASES (WORKFLOW_PHASE_ID,WORKFLOW_ID,ENTITY_TYPE_ID,APPROVAL_ENTITY_ID,APPROVAL_LEVEL,RETURN_LEVEL,ESCALATION_HOURS,REQUIRED_APPROVALS,NOTICE,ADVICE,PHASE_NARRATIVE,IS_UTILITY,IS_DONE,PAYMENT_TYPE_ID) values (8,1,null,4,8,7,3,1,'0','0','Technical Details','0','0',1);
Insert into CCK.WORKFLOW_PHASES (WORKFLOW_PHASE_ID,WORKFLOW_ID,ENTITY_TYPE_ID,APPROVAL_ENTITY_ID,APPROVAL_LEVEL,RETURN_LEVEL,ESCALATION_HOURS,REQUIRED_APPROVALS,NOTICE,ADVICE,PHASE_NARRATIVE,IS_UTILITY,IS_DONE,PAYMENT_TYPE_ID) values (9,1,null,4,9,8,3,1,'0','0','Frequency Assignment','0','0',1);
Insert into CCK.WORKFLOW_PHASES (WORKFLOW_PHASE_ID,WORKFLOW_ID,ENTITY_TYPE_ID,APPROVAL_ENTITY_ID,APPROVAL_LEVEL,RETURN_LEVEL,ESCALATION_HOURS,REQUIRED_APPROVALS,NOTICE,ADVICE,PHASE_NARRATIVE,IS_UTILITY,IS_DONE,PAYMENT_TYPE_ID) values (10,1,null,4,10,9,3,1,'0','0','License Generation','0','0',1);
COMMIT;

--RECEVING CHECKLISTS
--------------------------------------------------------
--  File created - Wednesday-April-25-2012   
--------------------------------------------------------
REM INSERTING into CCK.CHECKLISTS
SET DEFINE OFF;
Insert into CCK.CHECKLISTS (WORKFLOW_PHASE_ID,CHECKLIST_NUMBER,REQUIREMENT,IS_ACTIVE,IS_MANDATORY,CLIENT_INDUSTRY_ID,CLIENT_CATEGORY_ID) values (1,1,'Application should be complete in English.','1','1',1,1);
Insert into CCK.CHECKLISTS (WORKFLOW_PHASE_ID,CHECKLIST_NUMBER,REQUIREMENT,IS_ACTIVE,IS_MANDATORY,CLIENT_INDUSTRY_ID,CLIENT_CATEGORY_ID) values (1,2,'A letter stating the purposes for which the network is required. This letter and application form must be signed by the entity¿s authorising Officer.','1','1',1,1);
Insert into CCK.CHECKLISTS (WORKFLOW_PHASE_ID,CHECKLIST_NUMBER,REQUIREMENT,IS_ACTIVE,IS_MANDATORY,CLIENT_INDUSTRY_ID,CLIENT_CATEGORY_ID) values (1,3,'A brief description of the proposed network with a diagram showing locations for the Radio stations and aerial distances between them.','1','1',1,1);
Insert into CCK.CHECKLISTS (WORKFLOW_PHASE_ID,CHECKLIST_NUMBER,REQUIREMENT,IS_ACTIVE,IS_MANDATORY,CLIENT_INDUSTRY_ID,CLIENT_CATEGORY_ID) values (1,4,'Copy of Certificate of Incorporation/Registration Certificate.','1','1',1,1);
Insert into CCK.CHECKLISTS (WORKFLOW_PHASE_ID,CHECKLIST_NUMBER,REQUIREMENT,IS_ACTIVE,IS_MANDATORY,CLIENT_INDUSTRY_ID,CLIENT_CATEGORY_ID) values (1,5,'Copy of Valid business licence / Certificate.','1','1',1,1);
Insert into CCK.CHECKLISTS (WORKFLOW_PHASE_ID,CHECKLIST_NUMBER,REQUIREMENT,IS_ACTIVE,IS_MANDATORY,CLIENT_INDUSTRY_ID,CLIENT_CATEGORY_ID) values (1,6,'Copy of Valid log books for the vehicles to be fitted with mobiles.','1','1',1,1);
Insert into CCK.CHECKLISTS (WORKFLOW_PHASE_ID,CHECKLIST_NUMBER,REQUIREMENT,IS_ACTIVE,IS_MANDATORY,CLIENT_INDUSTRY_ID,CLIENT_CATEGORY_ID) values (1,7,'Copy of Documents for the works being carried out in case of construction companies.','1','1',1,1);
Insert into CCK.CHECKLISTS (WORKFLOW_PHASE_ID,CHECKLIST_NUMBER,REQUIREMENT,IS_ACTIVE,IS_MANDATORY,CLIENT_INDUSTRY_ID,CLIENT_CATEGORY_ID) values (1,8,'Company letter head submitted','1','1',1,1);
Insert into CCK.CHECKLISTS (WORKFLOW_PHASE_ID,CHECKLIST_NUMBER,REQUIREMENT,IS_ACTIVE,IS_MANDATORY,CLIENT_INDUSTRY_ID,CLIENT_CATEGORY_ID) values (1,9,'Copy of P.I.N. Certificates.','1','1',1,1);
Insert into CCK.CHECKLISTS (WORKFLOW_PHASE_ID,CHECKLIST_NUMBER,REQUIREMENT,IS_ACTIVE,IS_MANDATORY,CLIENT_INDUSTRY_ID,CLIENT_CATEGORY_ID) values (1,10,'Copy of Tax Compliance Certificate.','1','1',1,1);
Insert into CCK.CHECKLISTS (WORKFLOW_PHASE_ID,CHECKLIST_NUMBER,REQUIREMENT,IS_ACTIVE,IS_MANDATORY,CLIENT_INDUSTRY_ID,CLIENT_CATEGORY_ID) values (1,11,'Copy of V.A.T. Certificate.','1','1',1,1);
Insert into CCK.CHECKLISTS (WORKFLOW_PHASE_ID,CHECKLIST_NUMBER,REQUIREMENT,IS_ACTIVE,IS_MANDATORY,CLIENT_INDUSTRY_ID,CLIENT_CATEGORY_ID) values (1,12,'Copy of Working Permit for the Foreign Directors (if the Directors are not Kenyan Citizens And  are residing in the country).','1','1',1,1);
commit;

--CHECKING
Insert into CCK.CHECKLISTS (WORKFLOW_PHASE_ID,CHECKLIST_NUMBER,REQUIREMENT,IS_ACTIVE,IS_MANDATORY,CLIENT_INDUSTRY_ID,CLIENT_CATEGORY_ID) values (3,1,'Confirm that all checklists at receiving were complied with.','1','1',1,1);
Insert into CCK.CHECKLISTS (WORKFLOW_PHASE_ID,CHECKLIST_NUMBER,REQUIREMENT,IS_ACTIVE,IS_MANDATORY,CLIENT_INDUSTRY_ID,CLIENT_CATEGORY_ID) values (3,2,'Confirm that all the necessary documents were submitted and that they are authentic.','1','1',1,1);
Insert into CCK.CHECKLISTS (WORKFLOW_PHASE_ID,CHECKLIST_NUMBER,REQUIREMENT,IS_ACTIVE,IS_MANDATORY,CLIENT_INDUSTRY_ID,CLIENT_CATEGORY_ID) values (3,3,'Confirm Payment of a non-refundable application fee of KSh 1,000.00.','1','1',1,1);
COMMIT;

--NOTIFICATION
Insert into CCK.CHECKLISTS (WORKFLOW_PHASE_ID,CHECKLIST_NUMBER,REQUIREMENT,IS_ACTIVE,IS_MANDATORY,CLIENT_INDUSTRY_ID,CLIENT_CATEGORY_ID) values (6,1,'Confirm that the offer letter is ok. <a href=http://172.100.3.30:9090/fsm/index.jsp?view=20:0>Click here</a>','1','1',1,1);
Insert into CCK.CHECKLISTS (WORKFLOW_PHASE_ID,CHECKLIST_NUMBER,REQUIREMENT,IS_ACTIVE,IS_MANDATORY,CLIENT_INDUSTRY_ID,CLIENT_CATEGORY_ID) values (6,2,'Confirm that the offer email has been sent <a href=http://172.100.3.30:9090/fsm/index.jsp?view=2:0>Click here</a>.','1','1',1,1);
Insert into CCK.CHECKLISTS (WORKFLOW_PHASE_ID,CHECKLIST_NUMBER,REQUIREMENT,IS_ACTIVE,IS_MANDATORY,CLIENT_INDUSTRY_ID,CLIENT_CATEGORY_ID) values (6,3,'Send Offer Email<a href=http://172.100.3.30:9090/fsm/index.jsp?view=20:0>Click here</a>.','1','1',1,1);
COMMIT;

--2.#####ALARM SERVICE
----receiving, application, checking, clc, freq reservation, notification, initial fee, tech detais, freq assgn, license generation
--------------------------------------------------------
--  File created - Wednesday-April-25-2012   
--------------------------------------------------------
REM INSERTING into CCK.WORKFLOW_PHASES
SET DEFINE OFF;
Insert into CCK.WORKFLOW_PHASES (WORKFLOW_PHASE_ID,WORKFLOW_ID,ENTITY_TYPE_ID,APPROVAL_ENTITY_ID,APPROVAL_LEVEL,RETURN_LEVEL,ESCALATION_HOURS,REQUIRED_APPROVALS,NOTICE,ADVICE,PHASE_NARRATIVE,IS_UTILITY,IS_DONE,PAYMENT_TYPE_ID) values (11,3,null,4,1,1,3,1,'0','0','Receiving','0','0',1);
Insert into CCK.WORKFLOW_PHASES (WORKFLOW_PHASE_ID,WORKFLOW_ID,ENTITY_TYPE_ID,APPROVAL_ENTITY_ID,APPROVAL_LEVEL,RETURN_LEVEL,ESCALATION_HOURS,REQUIRED_APPROVALS,NOTICE,ADVICE,PHASE_NARRATIVE,IS_UTILITY,IS_DONE,PAYMENT_TYPE_ID) values (12,3,null,4,2,1,3,1,'0','0','Application Fee Payment','0','0',2);
Insert into CCK.WORKFLOW_PHASES (WORKFLOW_PHASE_ID,WORKFLOW_ID,ENTITY_TYPE_ID,APPROVAL_ENTITY_ID,APPROVAL_LEVEL,RETURN_LEVEL,ESCALATION_HOURS,REQUIRED_APPROVALS,NOTICE,ADVICE,PHASE_NARRATIVE,IS_UTILITY,IS_DONE,PAYMENT_TYPE_ID) values (13,3,null,4,3,2,3,1,'0','0','Checking','0','0',1);
Insert into CCK.WORKFLOW_PHASES (WORKFLOW_PHASE_ID,WORKFLOW_ID,ENTITY_TYPE_ID,APPROVAL_ENTITY_ID,APPROVAL_LEVEL,RETURN_LEVEL,ESCALATION_HOURS,REQUIRED_APPROVALS,NOTICE,ADVICE,PHASE_NARRATIVE,IS_UTILITY,IS_DONE,PAYMENT_TYPE_ID) values (14,3,null,4,4,3,3,1,'0','0','CLC','0','0',1);
Insert into CCK.WORKFLOW_PHASES (WORKFLOW_PHASE_ID,WORKFLOW_ID,ENTITY_TYPE_ID,APPROVAL_ENTITY_ID,APPROVAL_LEVEL,RETURN_LEVEL,ESCALATION_HOURS,REQUIRED_APPROVALS,NOTICE,ADVICE,PHASE_NARRATIVE,IS_UTILITY,IS_DONE,PAYMENT_TYPE_ID) values (15,3,null,4,5,4,3,1,'0','0','Frequency Reservation','0','0',1);
Insert into CCK.WORKFLOW_PHASES (WORKFLOW_PHASE_ID,WORKFLOW_ID,ENTITY_TYPE_ID,APPROVAL_ENTITY_ID,APPROVAL_LEVEL,RETURN_LEVEL,ESCALATION_HOURS,REQUIRED_APPROVALS,NOTICE,ADVICE,PHASE_NARRATIVE,IS_UTILITY,IS_DONE,PAYMENT_TYPE_ID) values (16,3,null,4,6,5,3,1,'0','0','Notification','0','0',1);
Insert into CCK.WORKFLOW_PHASES (WORKFLOW_PHASE_ID,WORKFLOW_ID,ENTITY_TYPE_ID,APPROVAL_ENTITY_ID,APPROVAL_LEVEL,RETURN_LEVEL,ESCALATION_HOURS,REQUIRED_APPROVALS,NOTICE,ADVICE,PHASE_NARRATIVE,IS_UTILITY,IS_DONE,PAYMENT_TYPE_ID) values (17,3,null,4,7,6,3,1,'0','0','Initial Fee Payment','0','0',3);
Insert into CCK.WORKFLOW_PHASES (WORKFLOW_PHASE_ID,WORKFLOW_ID,ENTITY_TYPE_ID,APPROVAL_ENTITY_ID,APPROVAL_LEVEL,RETURN_LEVEL,ESCALATION_HOURS,REQUIRED_APPROVALS,NOTICE,ADVICE,PHASE_NARRATIVE,IS_UTILITY,IS_DONE,PAYMENT_TYPE_ID) values (18,3,null,4,8,7,3,1,'0','0','Technical Details','0','0',1);
Insert into CCK.WORKFLOW_PHASES (WORKFLOW_PHASE_ID,WORKFLOW_ID,ENTITY_TYPE_ID,APPROVAL_ENTITY_ID,APPROVAL_LEVEL,RETURN_LEVEL,ESCALATION_HOURS,REQUIRED_APPROVALS,NOTICE,ADVICE,PHASE_NARRATIVE,IS_UTILITY,IS_DONE,PAYMENT_TYPE_ID) values (19,3,null,4,9,8,3,1,'0','0','Frequency Assignment','0','0',1);
Insert into CCK.WORKFLOW_PHASES (WORKFLOW_PHASE_ID,WORKFLOW_ID,ENTITY_TYPE_ID,APPROVAL_ENTITY_ID,APPROVAL_LEVEL,RETURN_LEVEL,ESCALATION_HOURS,REQUIRED_APPROVALS,NOTICE,ADVICE,PHASE_NARRATIVE,IS_UTILITY,IS_DONE,PAYMENT_TYPE_ID) values (20,3,null,4,10,9,3,1,'0','0','License Generation','0','0',1);
COMMIT;

--RECEVING CHECKLISTS
Insert into CCK.CHECKLISTS (WORKFLOW_PHASE_ID,CHECKLIST_NUMBER,REQUIREMENT,IS_ACTIVE,IS_MANDATORY,CLIENT_INDUSTRY_ID,CLIENT_CATEGORY_ID) values (11,1,'Has the client obtained Clearance from the Police / Governement Authority','1','1',1,1);
Insert into CCK.CHECKLISTS (WORKFLOW_PHASE_ID,CHECKLIST_NUMBER,REQUIREMENT,IS_ACTIVE,IS_MANDATORY,CLIENT_INDUSTRY_ID,CLIENT_CATEGORY_ID) values (11,2,'Copy of Certificate of Incorporation/Registration Certificate.','1','1',1,1);
Insert into CCK.CHECKLISTS (WORKFLOW_PHASE_ID,CHECKLIST_NUMBER,REQUIREMENT,IS_ACTIVE,IS_MANDATORY,CLIENT_INDUSTRY_ID,CLIENT_CATEGORY_ID) values (11,3,'Copy of Valid business licence / Certificate.','1','1',1,1);
Insert into CCK.CHECKLISTS (WORKFLOW_PHASE_ID,CHECKLIST_NUMBER,REQUIREMENT,IS_ACTIVE,IS_MANDATORY,CLIENT_INDUSTRY_ID,CLIENT_CATEGORY_ID) values (11,4,'Copy of Valid log books for the vehicles to be fitted with mobiles.','1','1',1,1);
Insert into CCK.CHECKLISTS (WORKFLOW_PHASE_ID,CHECKLIST_NUMBER,REQUIREMENT,IS_ACTIVE,IS_MANDATORY,CLIENT_INDUSTRY_ID,CLIENT_CATEGORY_ID) values (11,5,'Copy of Documents for the works being carried out in case of construction companies.','1','1',1,1);
Insert into CCK.CHECKLISTS (WORKFLOW_PHASE_ID,CHECKLIST_NUMBER,REQUIREMENT,IS_ACTIVE,IS_MANDATORY,CLIENT_INDUSTRY_ID,CLIENT_CATEGORY_ID) values (11,6,'Company letter head submitted','1','1',1,1);
Insert into CCK.CHECKLISTS (WORKFLOW_PHASE_ID,CHECKLIST_NUMBER,REQUIREMENT,IS_ACTIVE,IS_MANDATORY,CLIENT_INDUSTRY_ID,CLIENT_CATEGORY_ID) values (11,7,'Copy of P.I.N. Certificates.','1','1',1,1);
Insert into CCK.CHECKLISTS (WORKFLOW_PHASE_ID,CHECKLIST_NUMBER,REQUIREMENT,IS_ACTIVE,IS_MANDATORY,CLIENT_INDUSTRY_ID,CLIENT_CATEGORY_ID) values (11,8,'Copy of Tax Compliance Certificate.','1','1',1,1);
Insert into CCK.CHECKLISTS (WORKFLOW_PHASE_ID,CHECKLIST_NUMBER,REQUIREMENT,IS_ACTIVE,IS_MANDATORY,CLIENT_INDUSTRY_ID,CLIENT_CATEGORY_ID) values (11,9,'Copy of V.A.T. Certificate.','1','1',1,1);
Insert into CCK.CHECKLISTS (WORKFLOW_PHASE_ID,CHECKLIST_NUMBER,REQUIREMENT,IS_ACTIVE,IS_MANDATORY,CLIENT_INDUSTRY_ID,CLIENT_CATEGORY_ID) values (11,10,'Copy of Working Permit for the Foreign Directors (if the Directors are not Kenyan Citizens And  are residing in the country).','1','1',1,1);
COMMIT;

--CHECKING
Insert into CCK.CHECKLISTS (WORKFLOW_PHASE_ID,CHECKLIST_NUMBER,REQUIREMENT,IS_ACTIVE,IS_MANDATORY,CLIENT_INDUSTRY_ID,CLIENT_CATEGORY_ID) values (13,1,'Confirm that all checklists at receiving were complied with.','1','1',1,1);
Insert into CCK.CHECKLISTS (WORKFLOW_PHASE_ID,CHECKLIST_NUMBER,REQUIREMENT,IS_ACTIVE,IS_MANDATORY,CLIENT_INDUSTRY_ID,CLIENT_CATEGORY_ID) values (13,2,'Confirm that all the necessary documents were submitted and that they are authentic.','1','1',1,1);
Insert into CCK.CHECKLISTS (WORKFLOW_PHASE_ID,CHECKLIST_NUMBER,REQUIREMENT,IS_ACTIVE,IS_MANDATORY,CLIENT_INDUSTRY_ID,CLIENT_CATEGORY_ID) values (13,3,'Confirm Payment of a non-refundable application fee of KSh 1,000.00.','1','1',1,1);
COMMIT;

--NOTIFICATION
Insert into CCK.CHECKLISTS (WORKFLOW_PHASE_ID,CHECKLIST_NUMBER,REQUIREMENT,IS_ACTIVE,IS_MANDATORY,CLIENT_INDUSTRY_ID,CLIENT_CATEGORY_ID) values (16,1,'Confirm that the offer letter is ok. <a href=http://172.100.3.30:9090/fsm/index.jsp?view=20:0>Click here</a>','1','1',1,1);
Insert into CCK.CHECKLISTS (WORKFLOW_PHASE_ID,CHECKLIST_NUMBER,REQUIREMENT,IS_ACTIVE,IS_MANDATORY,CLIENT_INDUSTRY_ID,CLIENT_CATEGORY_ID) values (16,2,'Confirm that the offer email has been sent <a href=http://172.100.3.30:9090/fsm/index.jsp?view=2:0>Click here</a>.','1','1',1,1);
Insert into CCK.CHECKLISTS (WORKFLOW_PHASE_ID,CHECKLIST_NUMBER,REQUIREMENT,IS_ACTIVE,IS_MANDATORY,CLIENT_INDUSTRY_ID,CLIENT_CATEGORY_ID) values (16,3,'Send Offer Email<a href=http://172.100.3.30:9090/fsm/index.jsp?view=20:0>Click here</a>.','1','1',1,1);
COMMIT;


--3.#################AIRCRAFT RADIO
	--receiving, application fee, checking, frequency/band, notification, initial fee, tech details, freq/band assign, license generation
--------------------------------------------------------
--  File created - Wednesday-April-25-2012   
--------------------------------------------------------
REM INSERTING into CCK.WORKFLOW_PHASES
SET DEFINE OFF;
Insert into CCK.WORKFLOW_PHASES (WORKFLOW_PHASE_ID,WORKFLOW_ID,ENTITY_TYPE_ID,APPROVAL_ENTITY_ID,APPROVAL_LEVEL,RETURN_LEVEL,ESCALATION_HOURS,REQUIRED_APPROVALS,NOTICE,ADVICE,PHASE_NARRATIVE,IS_UTILITY,IS_DONE,PAYMENT_TYPE_ID) values (21,2,null,4,1,1,3,1,'0','0','Receiving','0','0',1);
Insert into CCK.WORKFLOW_PHASES (WORKFLOW_PHASE_ID,WORKFLOW_ID,ENTITY_TYPE_ID,APPROVAL_ENTITY_ID,APPROVAL_LEVEL,RETURN_LEVEL,ESCALATION_HOURS,REQUIRED_APPROVALS,NOTICE,ADVICE,PHASE_NARRATIVE,IS_UTILITY,IS_DONE,PAYMENT_TYPE_ID) values (22,2,null,4,2,1,3,1,'0','0','Application Fee Payment','0','0',2);
Insert into CCK.WORKFLOW_PHASES (WORKFLOW_PHASE_ID,WORKFLOW_ID,ENTITY_TYPE_ID,APPROVAL_ENTITY_ID,APPROVAL_LEVEL,RETURN_LEVEL,ESCALATION_HOURS,REQUIRED_APPROVALS,NOTICE,ADVICE,PHASE_NARRATIVE,IS_UTILITY,IS_DONE,PAYMENT_TYPE_ID) values (23,2,null,4,3,2,3,1,'0','0','Checking','0','0',1);
--NO CLC
Insert into CCK.WORKFLOW_PHASES (WORKFLOW_PHASE_ID,WORKFLOW_ID,ENTITY_TYPE_ID,APPROVAL_ENTITY_ID,APPROVAL_LEVEL,RETURN_LEVEL,ESCALATION_HOURS,REQUIRED_APPROVALS,NOTICE,ADVICE,PHASE_NARRATIVE,IS_UTILITY,IS_DONE,PAYMENT_TYPE_ID) values (24,2,null,4,4,4,3,1,'0','0','Frequency Reservation','0','0',1);
Insert into CCK.WORKFLOW_PHASES (WORKFLOW_PHASE_ID,WORKFLOW_ID,ENTITY_TYPE_ID,APPROVAL_ENTITY_ID,APPROVAL_LEVEL,RETURN_LEVEL,ESCALATION_HOURS,REQUIRED_APPROVALS,NOTICE,ADVICE,PHASE_NARRATIVE,IS_UTILITY,IS_DONE,PAYMENT_TYPE_ID) values (26,2,null,4,5,5,3,1,'0','0','Notification','0','0',1);
Insert into CCK.WORKFLOW_PHASES (WORKFLOW_PHASE_ID,WORKFLOW_ID,ENTITY_TYPE_ID,APPROVAL_ENTITY_ID,APPROVAL_LEVEL,RETURN_LEVEL,ESCALATION_HOURS,REQUIRED_APPROVALS,NOTICE,ADVICE,PHASE_NARRATIVE,IS_UTILITY,IS_DONE,PAYMENT_TYPE_ID) values (27,2,null,4,6,6,3,1,'0','0','Initial Fee Payment','0','0',3);
Insert into CCK.WORKFLOW_PHASES (WORKFLOW_PHASE_ID,WORKFLOW_ID,ENTITY_TYPE_ID,APPROVAL_ENTITY_ID,APPROVAL_LEVEL,RETURN_LEVEL,ESCALATION_HOURS,REQUIRED_APPROVALS,NOTICE,ADVICE,PHASE_NARRATIVE,IS_UTILITY,IS_DONE,PAYMENT_TYPE_ID) values (28,2,null,4,7,7,3,1,'0','0','Technical Details','0','0',1);
Insert into CCK.WORKFLOW_PHASES (WORKFLOW_PHASE_ID,WORKFLOW_ID,ENTITY_TYPE_ID,APPROVAL_ENTITY_ID,APPROVAL_LEVEL,RETURN_LEVEL,ESCALATION_HOURS,REQUIRED_APPROVALS,NOTICE,ADVICE,PHASE_NARRATIVE,IS_UTILITY,IS_DONE,PAYMENT_TYPE_ID) values (29,2,null,4,8,8,3,1,'0','0','Frequency Assignment','0','0',1);
Insert into CCK.WORKFLOW_PHASES (WORKFLOW_PHASE_ID,WORKFLOW_ID,ENTITY_TYPE_ID,APPROVAL_ENTITY_ID,APPROVAL_LEVEL,RETURN_LEVEL,ESCALATION_HOURS,REQUIRED_APPROVALS,NOTICE,ADVICE,PHASE_NARRATIVE,IS_UTILITY,IS_DONE,PAYMENT_TYPE_ID) values (30,2,null,4,9,9,3,1,'0','0','License Generation','0','0',1);
COMMIT;


--RECEVING
REM INSERTING into CCK.CHECKLISTS
SET DEFINE OFF;
Insert into CCK.CHECKLISTS (WORKFLOW_PHASE_ID,CHECKLIST_NUMBER,REQUIREMENT,IS_ACTIVE,IS_MANDATORY) values (21,1,'Application should be complete in English.','1','1');
Insert into CCK.CHECKLISTS (WORKFLOW_PHASE_ID,CHECKLIST_NUMBER,REQUIREMENT,IS_ACTIVE,IS_MANDATORY) values (21,2,'Copy of Inspection Report from KCAA.','1','1');
Insert into CCK.CHECKLISTS (WORKFLOW_PHASE_ID,CHECKLIST_NUMBER,REQUIREMENT,IS_ACTIVE,IS_MANDATORY) values (21,3,'Photostat copy of Survey Report from KCAA.','1','1');
Insert into CCK.CHECKLISTS (WORKFLOW_PHASE_ID,CHECKLIST_NUMBER,REQUIREMENT,IS_ACTIVE,IS_MANDATORY) values (21,4,'Copy of Certificate of Airworthiness (C of A) of the Aircraft.','1','1');
Insert into CCK.CHECKLISTS (WORKFLOW_PHASE_ID,CHECKLIST_NUMBER,REQUIREMENT,IS_ACTIVE,IS_MANDATORY) values (21,5,'Copy of Certificate of Registration (C of R) of the Aircraft.','1','1');
Insert into CCK.CHECKLISTS (WORKFLOW_PHASE_ID,CHECKLIST_NUMBER,REQUIREMENT,IS_ACTIVE,IS_MANDATORY) values (21,6,'Copy of Certificate of Incorporation/Registration Certificate.','1','1');
Insert into CCK.CHECKLISTS (WORKFLOW_PHASE_ID,CHECKLIST_NUMBER,REQUIREMENT,IS_ACTIVE,IS_MANDATORY) values (21,7,'Copy of Valid business licence / Certificate.','1','1');
Insert into CCK.CHECKLISTS (WORKFLOW_PHASE_ID,CHECKLIST_NUMBER,REQUIREMENT,IS_ACTIVE,IS_MANDATORY) values (21,8,'Copy of Ownership documents of the Aircrafts.','1','1');
Insert into CCK.CHECKLISTS (WORKFLOW_PHASE_ID,CHECKLIST_NUMBER,REQUIREMENT,IS_ACTIVE,IS_MANDATORY) values (21,9,'Copy of P.I.N. Certificates.','1','1');
Insert into CCK.CHECKLISTS (WORKFLOW_PHASE_ID,CHECKLIST_NUMBER,REQUIREMENT,IS_ACTIVE,IS_MANDATORY) values (21,10,'Copy of Tax Compliance Certificate.','1','1');
Insert into CCK.CHECKLISTS (WORKFLOW_PHASE_ID,CHECKLIST_NUMBER,REQUIREMENT,IS_ACTIVE,IS_MANDATORY) values (21,11,'Copy of V.A.T. Certificate.','1','1');
Insert into CCK.CHECKLISTS (WORKFLOW_PHASE_ID,CHECKLIST_NUMBER,REQUIREMENT,IS_ACTIVE,IS_MANDATORY) values (21,12,'Copy of Working Permit for the Foreign Directors (if the Directors are not Kenyan Citizens And  are residing in the country.','1','1');
COMMIT;

--CHECKING
Insert into CCK.CHECKLISTS (WORKFLOW_PHASE_ID,CHECKLIST_NUMBER,REQUIREMENT,IS_ACTIVE,IS_MANDATORY) values (23,1,'Application should be complete in English.','1','1');
Insert into CCK.CHECKLISTS (WORKFLOW_PHASE_ID,CHECKLIST_NUMBER,REQUIREMENT,IS_ACTIVE,IS_MANDATORY) values (23,2,'Copy of Inspection Report from KCAA.','1','1');
Insert into CCK.CHECKLISTS (WORKFLOW_PHASE_ID,CHECKLIST_NUMBER,REQUIREMENT,IS_ACTIVE,IS_MANDATORY) values (23,3,'Photostat copy of Survey Report from KCAA.','1','1');
Insert into CCK.CHECKLISTS (WORKFLOW_PHASE_ID,CHECKLIST_NUMBER,REQUIREMENT,IS_ACTIVE,IS_MANDATORY) values (23,4,'Copy of Certificate of Airworthiness (C of A) of the Aircraft.','1','1');
Insert into CCK.CHECKLISTS (WORKFLOW_PHASE_ID,CHECKLIST_NUMBER,REQUIREMENT,IS_ACTIVE,IS_MANDATORY) values (23,5,'Copy of Certificate of Registration (C of R) of the Aircraft.','1','1');
Insert into CCK.CHECKLISTS (WORKFLOW_PHASE_ID,CHECKLIST_NUMBER,REQUIREMENT,IS_ACTIVE,IS_MANDATORY) values (23,6,'Copy of Certificate of Incorporation/Registration Certificate.','1','1');
Insert into CCK.CHECKLISTS (WORKFLOW_PHASE_ID,CHECKLIST_NUMBER,REQUIREMENT,IS_ACTIVE,IS_MANDATORY) values (23,7,'Copy of Valid business licence / Certificate.','1','1');
Insert into CCK.CHECKLISTS (WORKFLOW_PHASE_ID,CHECKLIST_NUMBER,REQUIREMENT,IS_ACTIVE,IS_MANDATORY) values (23,8,'Copy of Ownership documents of the Aircrafts.','1','1');
Insert into CCK.CHECKLISTS (WORKFLOW_PHASE_ID,CHECKLIST_NUMBER,REQUIREMENT,IS_ACTIVE,IS_MANDATORY) values (23,9,'Copy of P.I.N. Certificates.','1','1');
Insert into CCK.CHECKLISTS (WORKFLOW_PHASE_ID,CHECKLIST_NUMBER,REQUIREMENT,IS_ACTIVE,IS_MANDATORY) values (23,10,'Copy of Tax Compliance Certificate.','1','1');
Insert into CCK.CHECKLISTS (WORKFLOW_PHASE_ID,CHECKLIST_NUMBER,REQUIREMENT,IS_ACTIVE,IS_MANDATORY) values (23,11,'Copy of V.A.T. Certificate.','1','1');
Insert into CCK.CHECKLISTS (WORKFLOW_PHASE_ID,CHECKLIST_NUMBER,REQUIREMENT,IS_ACTIVE,IS_MANDATORY) values (23,12,'Copy of Working Permit for the Foreign Directors (if the Directors are not Kenyan Citizens And  are residing in the country.','1','1');
COMMIT;

--NOTIFICATION
Insert into CCK.CHECKLISTS (WORKFLOW_PHASE_ID,CHECKLIST_NUMBER,REQUIREMENT,IS_ACTIVE,IS_MANDATORY,CLIENT_INDUSTRY_ID,CLIENT_CATEGORY_ID) values (26,1,'Confirm that the offer letter is ok. <a href=http://172.100.3.30:9090/fsm/index.jsp?view=20:0>Click here</a>','1','1',1,1);
Insert into CCK.CHECKLISTS (WORKFLOW_PHASE_ID,CHECKLIST_NUMBER,REQUIREMENT,IS_ACTIVE,IS_MANDATORY,CLIENT_INDUSTRY_ID,CLIENT_CATEGORY_ID) values (26,2,'Confirm that the offer email has been sent <a href=http://172.100.3.30:9090/fsm/index.jsp?view=2:0>Click here</a>.','1','1',1,1);
Insert into CCK.CHECKLISTS (WORKFLOW_PHASE_ID,CHECKLIST_NUMBER,REQUIREMENT,IS_ACTIVE,IS_MANDATORY,CLIENT_INDUSTRY_ID,CLIENT_CATEGORY_ID) values (26,3,'Send Offer Email<a href=http://172.100.3.30:9090/fsm/index.jsp?view=20:0>Click here</a>.','1','1',1,1);

COMMIT;

--#################################FREQUENCY PLANNING
--1.############CELLULAR NETWORK 
REM INSERTING into CCK.WORKFLOW_PHASES
SET DEFINE OFF;
Insert into CCK.WORKFLOW_PHASES (WORKFLOW_PHASE_ID,WORKFLOW_ID,ENTITY_TYPE_ID,APPROVAL_ENTITY_ID,APPROVAL_LEVEL,RETURN_LEVEL,ESCALATION_HOURS,REQUIRED_APPROVALS,NOTICE,ADVICE,PHASE_NARRATIVE,IS_UTILITY,IS_DONE,PAYMENT_TYPE_ID) values (101,11,null,4,1,1,3,1,'0','0','Receiving','0','0',1);
Insert into CCK.WORKFLOW_PHASES (WORKFLOW_PHASE_ID,WORKFLOW_ID,ENTITY_TYPE_ID,APPROVAL_ENTITY_ID,APPROVAL_LEVEL,RETURN_LEVEL,ESCALATION_HOURS,REQUIRED_APPROVALS,NOTICE,ADVICE,PHASE_NARRATIVE,IS_UTILITY,IS_DONE,PAYMENT_TYPE_ID) values (102,11,null,4,2,1,3,1,'0','0','Application Fee Payment','0','0',2);
Insert into CCK.WORKFLOW_PHASES (WORKFLOW_PHASE_ID,WORKFLOW_ID,ENTITY_TYPE_ID,APPROVAL_ENTITY_ID,APPROVAL_LEVEL,RETURN_LEVEL,ESCALATION_HOURS,REQUIRED_APPROVALS,NOTICE,ADVICE,PHASE_NARRATIVE,IS_UTILITY,IS_DONE,PAYMENT_TYPE_ID) values (103,11,null,4,3,2,3,1,'0','0','Checking','0','0',1);
--NO CLC
Insert into CCK.WORKFLOW_PHASES (WORKFLOW_PHASE_ID,WORKFLOW_ID,ENTITY_TYPE_ID,APPROVAL_ENTITY_ID,APPROVAL_LEVEL,RETURN_LEVEL,ESCALATION_HOURS,REQUIRED_APPROVALS,NOTICE,ADVICE,PHASE_NARRATIVE,IS_UTILITY,IS_DONE,PAYMENT_TYPE_ID) values (105,11,null,4,4,4,3,1,'0','0','Frequency Reservation','0','0',1);
Insert into CCK.WORKFLOW_PHASES (WORKFLOW_PHASE_ID,WORKFLOW_ID,ENTITY_TYPE_ID,APPROVAL_ENTITY_ID,APPROVAL_LEVEL,RETURN_LEVEL,ESCALATION_HOURS,REQUIRED_APPROVALS,NOTICE,ADVICE,PHASE_NARRATIVE,IS_UTILITY,IS_DONE,PAYMENT_TYPE_ID) values (106,11,null,4,5,5,3,1,'0','0','Notification','0','0',1);
Insert into CCK.WORKFLOW_PHASES (WORKFLOW_PHASE_ID,WORKFLOW_ID,ENTITY_TYPE_ID,APPROVAL_ENTITY_ID,APPROVAL_LEVEL,RETURN_LEVEL,ESCALATION_HOURS,REQUIRED_APPROVALS,NOTICE,ADVICE,PHASE_NARRATIVE,IS_UTILITY,IS_DONE,PAYMENT_TYPE_ID) values (107,11,null,4,6,6,3,1,'0','0','Initial Fee Payment','0','0',3);	
--NO TECHNICAL DETAILS
Insert into CCK.WORKFLOW_PHASES (WORKFLOW_PHASE_ID,WORKFLOW_ID,ENTITY_TYPE_ID,APPROVAL_ENTITY_ID,APPROVAL_LEVEL,RETURN_LEVEL,ESCALATION_HOURS,REQUIRED_APPROVALS,NOTICE,ADVICE,PHASE_NARRATIVE,IS_UTILITY,IS_DONE,PAYMENT_TYPE_ID) values (109,11,null,4,8,8,3,1,'0','0','Frequency Assignment','0','0',1);
Insert into CCK.WORKFLOW_PHASES (WORKFLOW_PHASE_ID,WORKFLOW_ID,ENTITY_TYPE_ID,APPROVAL_ENTITY_ID,APPROVAL_LEVEL,RETURN_LEVEL,ESCALATION_HOURS,REQUIRED_APPROVALS,NOTICE,ADVICE,PHASE_NARRATIVE,IS_UTILITY,IS_DONE,PAYMENT_TYPE_ID) values (110,11,null,4,9,9,3,1,'0','0','License Generation','0','0',1);
COMMIT;

--CHECKLISTS
--RECEVING
REM INSERTING into CCK.CHECKLISTS
SET DEFINE OFF;
Insert into CCK.CHECKLISTS (WORKFLOW_PHASE_ID,CHECKLIST_NUMBER,REQUIREMENT,IS_ACTIVE,IS_MANDATORY,CLIENT_INDUSTRY_ID,CLIENT_CATEGORY_ID) values (101,1,'Application should be complete in English.','1','1',1,1);
Insert into CCK.CHECKLISTS (WORKFLOW_PHASE_ID,CHECKLIST_NUMBER,REQUIREMENT,IS_ACTIVE,IS_MANDATORY,CLIENT_INDUSTRY_ID,CLIENT_CATEGORY_ID) values (101,2,'A letter stating the purposes for which the network is required. This letter and application form must be signed by the entity¿s authorising Officer.','1','1',1,1);
Insert into CCK.CHECKLISTS (WORKFLOW_PHASE_ID,CHECKLIST_NUMBER,REQUIREMENT,IS_ACTIVE,IS_MANDATORY,CLIENT_INDUSTRY_ID,CLIENT_CATEGORY_ID) values (101,3,'A brief description of the proposed network with a diagram showing locations for the Radio stations and aerial distances between them.','1','1',1,1);
Insert into CCK.CHECKLISTS (WORKFLOW_PHASE_ID,CHECKLIST_NUMBER,REQUIREMENT,IS_ACTIVE,IS_MANDATORY,CLIENT_INDUSTRY_ID,CLIENT_CATEGORY_ID) values (101,4,'Copy of Certificate of Incorporation/Registration Certificate.','1','1',1,1);
Insert into CCK.CHECKLISTS (WORKFLOW_PHASE_ID,CHECKLIST_NUMBER,REQUIREMENT,IS_ACTIVE,IS_MANDATORY,CLIENT_INDUSTRY_ID,CLIENT_CATEGORY_ID) values (101,5,'Copy of Valid business licence / Certificate.','1','1',1,1);
Insert into CCK.CHECKLISTS (WORKFLOW_PHASE_ID,CHECKLIST_NUMBER,REQUIREMENT,IS_ACTIVE,IS_MANDATORY,CLIENT_INDUSTRY_ID,CLIENT_CATEGORY_ID) values (101,6,'Copy of Valid log books for the vehicles to be fitted with mobiles.','1','1',1,1);
Insert into CCK.CHECKLISTS (WORKFLOW_PHASE_ID,CHECKLIST_NUMBER,REQUIREMENT,IS_ACTIVE,IS_MANDATORY,CLIENT_INDUSTRY_ID,CLIENT_CATEGORY_ID) values (101,7,'Copy of Documents for the works being carried out in case of construction companies.','1','1',1,1);
Insert into CCK.CHECKLISTS (WORKFLOW_PHASE_ID,CHECKLIST_NUMBER,REQUIREMENT,IS_ACTIVE,IS_MANDATORY,CLIENT_INDUSTRY_ID,CLIENT_CATEGORY_ID) values (101,8,'Company letter head submitted','1','1',1,1);
Insert into CCK.CHECKLISTS (WORKFLOW_PHASE_ID,CHECKLIST_NUMBER,REQUIREMENT,IS_ACTIVE,IS_MANDATORY,CLIENT_INDUSTRY_ID,CLIENT_CATEGORY_ID) values (101,9,'Copy of P.I.N. Certificates.','1','1',1,1);
Insert into CCK.CHECKLISTS (WORKFLOW_PHASE_ID,CHECKLIST_NUMBER,REQUIREMENT,IS_ACTIVE,IS_MANDATORY,CLIENT_INDUSTRY_ID,CLIENT_CATEGORY_ID) values (101,10,'Copy of Tax Compliance Certificate.','1','1',1,1);
Insert into CCK.CHECKLISTS (WORKFLOW_PHASE_ID,CHECKLIST_NUMBER,REQUIREMENT,IS_ACTIVE,IS_MANDATORY,CLIENT_INDUSTRY_ID,CLIENT_CATEGORY_ID) values (101,11,'Copy of V.A.T. Certificate.','1','1',1,1);
Insert into CCK.CHECKLISTS (WORKFLOW_PHASE_ID,CHECKLIST_NUMBER,REQUIREMENT,IS_ACTIVE,IS_MANDATORY,CLIENT_INDUSTRY_ID,CLIENT_CATEGORY_ID) values (101,12,'Copy of Working Permit for the Foreign Directors (if the Directors are not Kenyan Citizens And  are residing in the country).','1','1',1,1);
commit;

--NOTIFICATION
Insert into CCK.CHECKLISTS (WORKFLOW_PHASE_ID,CHECKLIST_NUMBER,REQUIREMENT,IS_ACTIVE,IS_MANDATORY,CLIENT_INDUSTRY_ID,CLIENT_CATEGORY_ID) values (106,1,'Confirm that the offer letter is ok. <a href=http://172.100.3.30:9090/fsm/index.jsp?view=20:0>Click here</a>','1','1',1,1);
Insert into CCK.CHECKLISTS (WORKFLOW_PHASE_ID,CHECKLIST_NUMBER,REQUIREMENT,IS_ACTIVE,IS_MANDATORY,CLIENT_INDUSTRY_ID,CLIENT_CATEGORY_ID) values (106,2,'Confirm that the offer email has been sent <a href=http://172.100.3.30:9090/fsm/index.jsp?view=2:0>Click here</a>.','1','1',1,1);
COMMIT;





--2.############TERRESTRIAL POINT TO POINT
REM INSERTING into CCK.WORKFLOW_PHASES
SET DEFINE OFF;
Insert into CCK.WORKFLOW_PHASES (WORKFLOW_PHASE_ID,WORKFLOW_ID,ENTITY_TYPE_ID,APPROVAL_ENTITY_ID,APPROVAL_LEVEL,RETURN_LEVEL,ESCALATION_HOURS,REQUIRED_APPROVALS,NOTICE,ADVICE,PHASE_NARRATIVE,IS_UTILITY,IS_DONE,PAYMENT_TYPE_ID) values (111,12,null,4,1,1,3,1,'0','0','Receiving','0','0',1);
Insert into CCK.WORKFLOW_PHASES (WORKFLOW_PHASE_ID,WORKFLOW_ID,ENTITY_TYPE_ID,APPROVAL_ENTITY_ID,APPROVAL_LEVEL,RETURN_LEVEL,ESCALATION_HOURS,REQUIRED_APPROVALS,NOTICE,ADVICE,PHASE_NARRATIVE,IS_UTILITY,IS_DONE,PAYMENT_TYPE_ID) values (112,12,null,4,2,1,3,1,'0','0','Application Fee Payment','0','0',2);
Insert into CCK.WORKFLOW_PHASES (WORKFLOW_PHASE_ID,WORKFLOW_ID,ENTITY_TYPE_ID,APPROVAL_ENTITY_ID,APPROVAL_LEVEL,RETURN_LEVEL,ESCALATION_HOURS,REQUIRED_APPROVALS,NOTICE,ADVICE,PHASE_NARRATIVE,IS_UTILITY,IS_DONE,PAYMENT_TYPE_ID) values (113,12,null,4,3,2,3,1,'0','0','Checking','0','0',1);
--NO CLC
Insert into CCK.WORKFLOW_PHASES (WORKFLOW_PHASE_ID,WORKFLOW_ID,ENTITY_TYPE_ID,APPROVAL_ENTITY_ID,APPROVAL_LEVEL,RETURN_LEVEL,ESCALATION_HOURS,REQUIRED_APPROVALS,NOTICE,ADVICE,PHASE_NARRATIVE,IS_UTILITY,IS_DONE,PAYMENT_TYPE_ID) values (115,12,null,4,4,4,3,1,'0','0','Frequency Reservation','0','0',1);
Insert into CCK.WORKFLOW_PHASES (WORKFLOW_PHASE_ID,WORKFLOW_ID,ENTITY_TYPE_ID,APPROVAL_ENTITY_ID,APPROVAL_LEVEL,RETURN_LEVEL,ESCALATION_HOURS,REQUIRED_APPROVALS,NOTICE,ADVICE,PHASE_NARRATIVE,IS_UTILITY,IS_DONE,PAYMENT_TYPE_ID) values (116,12,null,4,5,5,3,1,'0','0','Notification','0','0',1);
Insert into CCK.WORKFLOW_PHASES (WORKFLOW_PHASE_ID,WORKFLOW_ID,ENTITY_TYPE_ID,APPROVAL_ENTITY_ID,APPROVAL_LEVEL,RETURN_LEVEL,ESCALATION_HOURS,REQUIRED_APPROVALS,NOTICE,ADVICE,PHASE_NARRATIVE,IS_UTILITY,IS_DONE,PAYMENT_TYPE_ID) values (117,12,null,4,6,6,3,1,'0','0','Initial Fee Payment','0','0',3);	
--NO TECHNICAL DETAILS
Insert into CCK.WORKFLOW_PHASES (WORKFLOW_PHASE_ID,WORKFLOW_ID,ENTITY_TYPE_ID,APPROVAL_ENTITY_ID,APPROVAL_LEVEL,RETURN_LEVEL,ESCALATION_HOURS,REQUIRED_APPROVALS,NOTICE,ADVICE,PHASE_NARRATIVE,IS_UTILITY,IS_DONE,PAYMENT_TYPE_ID) values (119,12,null,4,8,8,3,1,'0','0','Frequency Assignment','0','0',1);
Insert into CCK.WORKFLOW_PHASES (WORKFLOW_PHASE_ID,WORKFLOW_ID,ENTITY_TYPE_ID,APPROVAL_ENTITY_ID,APPROVAL_LEVEL,RETURN_LEVEL,ESCALATION_HOURS,REQUIRED_APPROVALS,NOTICE,ADVICE,PHASE_NARRATIVE,IS_UTILITY,IS_DONE,PAYMENT_TYPE_ID) values (120,12,null,4,9,9,3,1,'0','0','License Generation','0','0',1);
COMMIT;

--RECEVING
REM INSERTING into CCK.CHECKLISTS
SET DEFINE OFF;
Insert into CCK.CHECKLISTS (WORKFLOW_PHASE_ID,CHECKLIST_NUMBER,REQUIREMENT,IS_ACTIVE,IS_MANDATORY,CLIENT_INDUSTRY_ID,CLIENT_CATEGORY_ID) values (111,1,'Application should be complete in English.','1','1',1,1);
Insert into CCK.CHECKLISTS (WORKFLOW_PHASE_ID,CHECKLIST_NUMBER,REQUIREMENT,IS_ACTIVE,IS_MANDATORY,CLIENT_INDUSTRY_ID,CLIENT_CATEGORY_ID) values (111,2,'A letter stating the purposes for which the network is required. This letter and application form must be signed by the entity¿s authorising Officer.','1','1',1,1);
Insert into CCK.CHECKLISTS (WORKFLOW_PHASE_ID,CHECKLIST_NUMBER,REQUIREMENT,IS_ACTIVE,IS_MANDATORY,CLIENT_INDUSTRY_ID,CLIENT_CATEGORY_ID) values (111,3,'A brief description of the proposed network with a diagram showing locations for the Radio stations and aerial distances between them.','1','1',1,1);
Insert into CCK.CHECKLISTS (WORKFLOW_PHASE_ID,CHECKLIST_NUMBER,REQUIREMENT,IS_ACTIVE,IS_MANDATORY,CLIENT_INDUSTRY_ID,CLIENT_CATEGORY_ID) values (111,4,'Copy of Certificate of Incorporation/Registration Certificate.','1','1',1,1);
Insert into CCK.CHECKLISTS (WORKFLOW_PHASE_ID,CHECKLIST_NUMBER,REQUIREMENT,IS_ACTIVE,IS_MANDATORY,CLIENT_INDUSTRY_ID,CLIENT_CATEGORY_ID) values (111,5,'Copy of Valid business licence / Certificate.','1','1',1,1);
Insert into CCK.CHECKLISTS (WORKFLOW_PHASE_ID,CHECKLIST_NUMBER,REQUIREMENT,IS_ACTIVE,IS_MANDATORY,CLIENT_INDUSTRY_ID,CLIENT_CATEGORY_ID) values (111,6,'Copy of Valid log books for the vehicles to be fitted with mobiles.','1','1',1,1);
Insert into CCK.CHECKLISTS (WORKFLOW_PHASE_ID,CHECKLIST_NUMBER,REQUIREMENT,IS_ACTIVE,IS_MANDATORY,CLIENT_INDUSTRY_ID,CLIENT_CATEGORY_ID) values (111,7,'Copy of Documents for the works being carried out in case of construction companies.','1','1',1,1);
Insert into CCK.CHECKLISTS (WORKFLOW_PHASE_ID,CHECKLIST_NUMBER,REQUIREMENT,IS_ACTIVE,IS_MANDATORY,CLIENT_INDUSTRY_ID,CLIENT_CATEGORY_ID) values (111,8,'Company letter head submitted','1','1',1,1);
Insert into CCK.CHECKLISTS (WORKFLOW_PHASE_ID,CHECKLIST_NUMBER,REQUIREMENT,IS_ACTIVE,IS_MANDATORY,CLIENT_INDUSTRY_ID,CLIENT_CATEGORY_ID) values (111,9,'Copy of P.I.N. Certificates.','1','1',1,1);
Insert into CCK.CHECKLISTS (WORKFLOW_PHASE_ID,CHECKLIST_NUMBER,REQUIREMENT,IS_ACTIVE,IS_MANDATORY,CLIENT_INDUSTRY_ID,CLIENT_CATEGORY_ID) values (111,10,'Copy of Tax Compliance Certificate.','1','1',1,1);
Insert into CCK.CHECKLISTS (WORKFLOW_PHASE_ID,CHECKLIST_NUMBER,REQUIREMENT,IS_ACTIVE,IS_MANDATORY,CLIENT_INDUSTRY_ID,CLIENT_CATEGORY_ID) values (111,11,'Copy of V.A.T. Certificate.','1','1',1,1);
Insert into CCK.CHECKLISTS (WORKFLOW_PHASE_ID,CHECKLIST_NUMBER,REQUIREMENT,IS_ACTIVE,IS_MANDATORY,CLIENT_INDUSTRY_ID,CLIENT_CATEGORY_ID) values (111,12,'Copy of Working Permit for the Foreign Directors (if the Directors are not Kenyan Citizens And  are residing in the country).','1','1',1,1);
commit;

--NOTIFICATION
Insert into CCK.CHECKLISTS (WORKFLOW_PHASE_ID,CHECKLIST_NUMBER,REQUIREMENT,IS_ACTIVE,IS_MANDATORY,CLIENT_INDUSTRY_ID,CLIENT_CATEGORY_ID) values (116,1,'Confirm that the offer letter is ok. <a href=http://172.100.3.30:9090/fsm/index.jsp?view=20:0>Click here</a>','1','1',1,1);
Insert into CCK.CHECKLISTS (WORKFLOW_PHASE_ID,CHECKLIST_NUMBER,REQUIREMENT,IS_ACTIVE,IS_MANDATORY,CLIENT_INDUSTRY_ID,CLIENT_CATEGORY_ID) values (116,2,'Confirm that the offer email has been sent <a href=http://172.100.3.30:9090/fsm/index.jsp?view=2:0>Click here</a>.','1','1',1,1);
COMMIT;


--3.############POINT TO MULTIPOINT
REM INSERTING into CCK.WORKFLOW_PHASES
SET DEFINE OFF;
Insert into CCK.WORKFLOW_PHASES (WORKFLOW_PHASE_ID,WORKFLOW_ID,ENTITY_TYPE_ID,APPROVAL_ENTITY_ID,APPROVAL_LEVEL,RETURN_LEVEL,ESCALATION_HOURS,REQUIRED_APPROVALS,NOTICE,ADVICE,PHASE_NARRATIVE,IS_UTILITY,IS_DONE,PAYMENT_TYPE_ID) values (121,13,null,4,1,1,3,1,'0','0','Receiving','0','0',1);
Insert into CCK.WORKFLOW_PHASES (WORKFLOW_PHASE_ID,WORKFLOW_ID,ENTITY_TYPE_ID,APPROVAL_ENTITY_ID,APPROVAL_LEVEL,RETURN_LEVEL,ESCALATION_HOURS,REQUIRED_APPROVALS,NOTICE,ADVICE,PHASE_NARRATIVE,IS_UTILITY,IS_DONE,PAYMENT_TYPE_ID) values (122,13,null,4,2,1,3,1,'0','0','Application Fee Payment','0','0',2);
Insert into CCK.WORKFLOW_PHASES (WORKFLOW_PHASE_ID,WORKFLOW_ID,ENTITY_TYPE_ID,APPROVAL_ENTITY_ID,APPROVAL_LEVEL,RETURN_LEVEL,ESCALATION_HOURS,REQUIRED_APPROVALS,NOTICE,ADVICE,PHASE_NARRATIVE,IS_UTILITY,IS_DONE,PAYMENT_TYPE_ID) values (123,13,null,4,3,2,3,1,'0','0','Checking','0','0',1);
--NO CLC
Insert into CCK.WORKFLOW_PHASES (WORKFLOW_PHASE_ID,WORKFLOW_ID,ENTITY_TYPE_ID,APPROVAL_ENTITY_ID,APPROVAL_LEVEL,RETURN_LEVEL,ESCALATION_HOURS,REQUIRED_APPROVALS,NOTICE,ADVICE,PHASE_NARRATIVE,IS_UTILITY,IS_DONE,PAYMENT_TYPE_ID) values (125,13,null,4,4,4,3,1,'0','0','Frequency Reservation','0','0',1);
Insert into CCK.WORKFLOW_PHASES (WORKFLOW_PHASE_ID,WORKFLOW_ID,ENTITY_TYPE_ID,APPROVAL_ENTITY_ID,APPROVAL_LEVEL,RETURN_LEVEL,ESCALATION_HOURS,REQUIRED_APPROVALS,NOTICE,ADVICE,PHASE_NARRATIVE,IS_UTILITY,IS_DONE,PAYMENT_TYPE_ID) values (126,13,null,4,5,5,3,1,'0','0','Notification','0','0',1);
Insert into CCK.WORKFLOW_PHASES (WORKFLOW_PHASE_ID,WORKFLOW_ID,ENTITY_TYPE_ID,APPROVAL_ENTITY_ID,APPROVAL_LEVEL,RETURN_LEVEL,ESCALATION_HOURS,REQUIRED_APPROVALS,NOTICE,ADVICE,PHASE_NARRATIVE,IS_UTILITY,IS_DONE,PAYMENT_TYPE_ID) values (127,13,null,4,6,6,3,1,'0','0','Initial Fee Payment','0','0',3);	
--NO TECHNICAL DETAILS
Insert into CCK.WORKFLOW_PHASES (WORKFLOW_PHASE_ID,WORKFLOW_ID,ENTITY_TYPE_ID,APPROVAL_ENTITY_ID,APPROVAL_LEVEL,RETURN_LEVEL,ESCALATION_HOURS,REQUIRED_APPROVALS,NOTICE,ADVICE,PHASE_NARRATIVE,IS_UTILITY,IS_DONE,PAYMENT_TYPE_ID) values (129,13,null,4,8,8,3,1,'0','0','Frequency Assignment','0','0',1);
Insert into CCK.WORKFLOW_PHASES (WORKFLOW_PHASE_ID,WORKFLOW_ID,ENTITY_TYPE_ID,APPROVAL_ENTITY_ID,APPROVAL_LEVEL,RETURN_LEVEL,ESCALATION_HOURS,REQUIRED_APPROVALS,NOTICE,ADVICE,PHASE_NARRATIVE,IS_UTILITY,IS_DONE,PAYMENT_TYPE_ID) values (130,13,null,4,9,9,3,1,'0','0','License Generation','0','0',1);
COMMIT;


--4.############FIXED WIRELESS ACCESS NETWORK
REM INSERTING into CCK.WORKFLOW_PHASES
SET DEFINE OFF;
Insert into CCK.WORKFLOW_PHASES (WORKFLOW_PHASE_ID,WORKFLOW_ID,ENTITY_TYPE_ID,APPROVAL_ENTITY_ID,APPROVAL_LEVEL,RETURN_LEVEL,ESCALATION_HOURS,REQUIRED_APPROVALS,NOTICE,ADVICE,PHASE_NARRATIVE,IS_UTILITY,IS_DONE,PAYMENT_TYPE_ID) values (131,14,null,4,1,1,3,1,'0','0','Receiving','0','0',1);
Insert into CCK.WORKFLOW_PHASES (WORKFLOW_PHASE_ID,WORKFLOW_ID,ENTITY_TYPE_ID,APPROVAL_ENTITY_ID,APPROVAL_LEVEL,RETURN_LEVEL,ESCALATION_HOURS,REQUIRED_APPROVALS,NOTICE,ADVICE,PHASE_NARRATIVE,IS_UTILITY,IS_DONE,PAYMENT_TYPE_ID) values (132,14,null,4,2,1,3,1,'0','0','Application Fee Payment','0','0',2);
Insert into CCK.WORKFLOW_PHASES (WORKFLOW_PHASE_ID,WORKFLOW_ID,ENTITY_TYPE_ID,APPROVAL_ENTITY_ID,APPROVAL_LEVEL,RETURN_LEVEL,ESCALATION_HOURS,REQUIRED_APPROVALS,NOTICE,ADVICE,PHASE_NARRATIVE,IS_UTILITY,IS_DONE,PAYMENT_TYPE_ID) values (133,14,null,4,3,2,3,1,'0','0','Checking','0','0',1);
--NO CLC
Insert into CCK.WORKFLOW_PHASES (WORKFLOW_PHASE_ID,WORKFLOW_ID,ENTITY_TYPE_ID,APPROVAL_ENTITY_ID,APPROVAL_LEVEL,RETURN_LEVEL,ESCALATION_HOURS,REQUIRED_APPROVALS,NOTICE,ADVICE,PHASE_NARRATIVE,IS_UTILITY,IS_DONE,PAYMENT_TYPE_ID) values (135,14,null,4,4,4,3,1,'0','0','Frequency Reservation','0','0',1);
Insert into CCK.WORKFLOW_PHASES (WORKFLOW_PHASE_ID,WORKFLOW_ID,ENTITY_TYPE_ID,APPROVAL_ENTITY_ID,APPROVAL_LEVEL,RETURN_LEVEL,ESCALATION_HOURS,REQUIRED_APPROVALS,NOTICE,ADVICE,PHASE_NARRATIVE,IS_UTILITY,IS_DONE,PAYMENT_TYPE_ID) values (136,14,null,4,5,5,3,1,'0','0','Notification','0','0',1);
Insert into CCK.WORKFLOW_PHASES (WORKFLOW_PHASE_ID,WORKFLOW_ID,ENTITY_TYPE_ID,APPROVAL_ENTITY_ID,APPROVAL_LEVEL,RETURN_LEVEL,ESCALATION_HOURS,REQUIRED_APPROVALS,NOTICE,ADVICE,PHASE_NARRATIVE,IS_UTILITY,IS_DONE,PAYMENT_TYPE_ID) values (137,14,null,4,6,6,3,1,'0','0','Initial Fee Payment','0','0',3);	
--NO TECHNICAL DETAILS
Insert into CCK.WORKFLOW_PHASES (WORKFLOW_PHASE_ID,WORKFLOW_ID,ENTITY_TYPE_ID,APPROVAL_ENTITY_ID,APPROVAL_LEVEL,RETURN_LEVEL,ESCALATION_HOURS,REQUIRED_APPROVALS,NOTICE,ADVICE,PHASE_NARRATIVE,IS_UTILITY,IS_DONE,PAYMENT_TYPE_ID) values (139,14,null,4,8,8,3,1,'0','0','Frequency Assignment','0','0',1);
Insert into CCK.WORKFLOW_PHASES (WORKFLOW_PHASE_ID,WORKFLOW_ID,ENTITY_TYPE_ID,APPROVAL_ENTITY_ID,APPROVAL_LEVEL,RETURN_LEVEL,ESCALATION_HOURS,REQUIRED_APPROVALS,NOTICE,ADVICE,PHASE_NARRATIVE,IS_UTILITY,IS_DONE,PAYMENT_TYPE_ID) values (140,14,null,4,9,9,3,1,'0','0','License Generation','0','0',1);
COMMIT;





