

INSERT INTO forms (form_id, org_id, form_name, form_number, version, completed, is_active, form_header, form_footer, details, table_name, default_values, default_sub_values) VALUES (5, 0, 'Application for Postgraduate Admission', 'AFPA', '1', '0', '0', '
<img src="resources/images/babcock.png" alt="No  image">
	
	
	
	<style type="text/css">
	<!--
		@page { margin: 0.79in }
		P { margin-bottom: 0.08in }
	-->
	</style>


<p style="margin-bottom: 0in; border-top: none; border-bottom: 1.50pt solid #000000; border-left: none; border-right: none; padding-top: 0in; padding-bottom: 0.01in; padding-left: 0in; padding-right: 0in">
<font face="Comic Sans MS"><font size="4"><span lang="en-GB"><b>BABCOCK</b></span></font></font><font face="Comic Sans MS"><font size="4"><span lang="en-GB"><b>
</b></span></font></font><font face="Comic Sans MS"><font size="4"><span lang="en-GB"><b>UNIVERSITY</b></span></font></font><font face="Comic Sans MS"><font style="font-size: 13pt" size="3"><span lang="en-GB"><b>
</b></span></font></font>
</p>

', NULL, NULL, NULL, NULL, NULL);
INSERT INTO forms (form_id, org_id, form_name, form_number, version, completed, is_active, form_header, form_footer, details, table_name, default_values, default_sub_values) VALUES (9, 0, 'Recommendation Form 2', 'RF2', '1', '0', '0', '

	<img src="resources/images/babcock.png" alt="No  image">
	
	
	<style type="text/css">
	<!--
		@page { margin: 0.79in }
		P { margin-bottom: 0.08in }
	-->
	</style>


<p style="margin-bottom: 0in" align="center"><font face="Comic Sans MS"><font size="4"><span lang="en-GB"><b>BABCOCK</b></span></font></font><font face="Comic Sans MS"><font size="4"><span lang="en-GB"><b>
</b></span></font></font><font face="Comic Sans MS"><font size="4"><span lang="en-GB"><b>UNIVERSITY</b></span></font></font><font face="Comic Sans MS"><font style="font-size: 13pt" size="3"><span lang="en-GB"><b>
 </b></span></font></font>
</p>
<p style="margin-bottom: 0in" align="center"><font size="2">		 </font><font face="Comic Sans MS"><font size="4"><span lang="en-GB"><b>Recommendation</b></span></font></font><font face="Comic Sans MS"><font size="4"><span lang="en-GB"><b>
</b></span></font></font><font face="Comic Sans MS"><font size="4"><span lang="en-GB"><b>Form</b></span></font></font><font face="Comic Sans MS"><font size="4"><span lang="en-GB"><b>
</b></span></font></font><font face="Comic Sans MS"><font size="4"><span lang="en-GB"><b>2</b></span></font></font></p>

', NULL, NULL, NULL, NULL, NULL);
INSERT INTO forms (form_id, org_id, form_name, form_number, version, completed, is_active, form_header, form_footer, details, table_name, default_values, default_sub_values) VALUES (10, 0, 'Recommendation Form 3', 'RF3', '1', '0', '0', '

	<img src="resources/images/babcock.png" alt="No  image">
	
	
	<style type="text/css">
	<!--
		@page { margin: 0.79in }
		P { margin-bottom: 0.08in }
	-->
	</style>


<p style="margin-bottom: 0in" align="center"><font face="Comic Sans MS"><font size="4"><span lang="en-GB"><b>BABCOCK</b></span></font></font><font face="Comic Sans MS"><font size="4"><span lang="en-GB"><b>
</b></span></font></font><font face="Comic Sans MS"><font size="4"><span lang="en-GB"><b>UNIVERSITY</b></span></font></font><font face="Comic Sans MS"><font style="font-size: 13pt" size="3"><span lang="en-GB"><b>
 </b></span></font></font>
</p>
<p style="margin-bottom: 0in" align="center"><font size="2">		 </font><font face="Comic Sans MS"><font size="4"><span lang="en-GB"><b>Recommendation</b></span></font></font><font face="Comic Sans MS"><font size="4"><span lang="en-GB"><b>
</b></span></font></font><font face="Comic Sans MS"><font size="4"><span lang="en-GB"><b>Form</b></span></font></font><font face="Comic Sans MS"><font size="4"><span lang="en-GB"><b>
</b></span></font></font><font face="Comic Sans MS"><font size="4"><span lang="en-GB"><b>3</b></span></font></font></p>

', NULL, NULL, NULL, NULL, NULL);
INSERT INTO forms (form_id, org_id, form_name, form_number, version, completed, is_active, form_header, form_footer, details, table_name, default_values, default_sub_values) VALUES (7, 0, 'TRANSCRIPT LABEL', 'TL', '1', '0', '0', '	
	
	<img src="resources/images/babcock.png" alt="No  image">
	<style type="text/css">
	<!--
		@page { margin: 0.79in }
		P { margin-bottom: 0.08in }
	-->
	</style>


<p style="margin-left: 0.75in; margin-bottom: 0in; page-break-before: always" align="center">
<font size="5"><b>TRANSCRIPT LABEL</b></font></p>
<p style="margin-left: 0.75in; margin-bottom: 0in" align="center"><br>
</p>
<p style="margin-left: 0.75in; margin-bottom: 0in" align="center"><font size="4"><b>SCHOOL
OF POSTGRADUATE STUDIES, BABCOCK UNIVERSITY</b></font></p>
<p style="margin-left: 0.75in; margin-bottom: 0in" align="center"><font size="4"><b>ILISHAN
REMO, OGUN STATE, NIGERIA</b></font></p><p style="margin-left: 0.75in; margin-bottom: 0in" align="left"><font size="4"><b><font size="4">To Registrar:<br><br>Please attach this label to the official transcript of my academic record and forward to:-<br>The Secretary,<br>School of Postgraduate Studies,<br>Babcock University,<br>Ilishan Remo, Ogun State, <br>Nigeria<br>West Africa</font></b></font></p><p style="margin-left: 0.75in; margin-bottom: 0in" align="left"><font size="4"><b><font size="4">Thank you.</font><br></b></font></p><p style="margin-left: 0.75in; margin-bottom: 0in" align="center"><br></p>

', NULL, NULL, NULL, NULL, NULL);
INSERT INTO forms (form_id, org_id, form_name, form_number, version, completed, is_active, form_header, form_footer, details, table_name, default_values, default_sub_values) VALUES (8, 0, 'Recommendation Form 1', 'RF1', '1', '0', '0', '
<img src="resources/images/babcock.png" alt="No  image">
	
	
	
	<style type="text/css">
	<!--
		@page { margin: 0.79in }
		P { margin-bottom: 0.08in }
	-->
	</style>


<p style="margin-bottom: 0in" align="center"><font face="Comic Sans MS"><font size="4"><span lang="en-GB"><b>BABCOCK</b></span></font></font><font face="Comic Sans MS"><font size="4"><span lang="en-GB"><b>
</b></span></font></font><font face="Comic Sans MS"><font size="4"><span lang="en-GB"><b>UNIVERSITY</b></span></font></font><font face="Comic Sans MS"><font style="font-size: 13pt" size="3"><span lang="en-GB"><b>
 </b></span></font></font>
</p>
<p style="margin-bottom: 0in" align="center"><font size="2">		 </font><font face="Comic Sans MS"><font size="4"><span lang="en-GB"><b>Recommendation</b></span></font></font><font face="Comic Sans MS"><font size="4"><span lang="en-GB"><b>
</b></span></font></font><font face="Comic Sans MS"><font size="4"><span lang="en-GB"><b>Form</b></span></font></font><font face="Comic Sans MS"><font size="4"><span lang="en-GB"><b>
</b></span></font></font><font face="Comic Sans MS"><font size="4"><span lang="en-GB"><b>1</b></span></font></font></p>

', NULL, NULL, NULL, NULL, NULL);
INSERT INTO forms (form_id, org_id, form_name, form_number, version, completed, is_active, form_header, form_footer, details, table_name, default_values, default_sub_values) VALUES (6, 0, 'STATEMENT OF PURPOSE ', 'SOP', '1', '0', '0', '

	
	<img src="resources/images/babcock.png" alt="No  image">
	
	<style type="text/css">
	<!--
		@page { margin: 0.79in }
		P { margin-bottom: 0.08in }
	-->
	</style>


<p style="margin-bottom: 0in" align="center" lang="en-GB"><font face="Comic Sans MS"><font size="4"><b>BABCOCK
UNIVERSITY</b></font></font></p>
<p style="margin-bottom: 0in" align="center"><font size="2">					  </font><font face="Comic Sans MS"><font size="4"><span lang="en-GB"><b>SCHOOL</b></span></font></font><font face="Comic Sans MS"><font size="4"><span lang="en-GB"><b>
</b></span></font></font><font face="Comic Sans MS"><font size="4"><span lang="en-GB"><b>OF</b></span></font></font><font face="Comic Sans MS"><font size="4"><span lang="en-GB"><b>
</b></span></font></font><font face="Comic Sans MS"><font size="4"><span lang="en-GB"><b>POSTGRADUATE</b></span></font></font><font face="Comic Sans MS"><font size="4"><span lang="en-GB"><b>
</b></span></font></font><font face="Comic Sans MS"><font size="4"><span lang="en-GB"><b>STUDIES</b></span></font></font></p>

', NULL, NULL, NULL, NULL, NULL);


--
-- Name: forms_form_id_seq; Type: SEQUENCE SET; Schema: public; Owner: root
--

SELECT pg_catalog.setval('forms_form_id_seq', 10, true);




INSERT INTO fields (field_id, org_id, form_id, question, field_lookup, field_type, field_class, field_bold, field_italics, field_order, share_line, field_size, label_position, manditory, show, details, tab, field_name, field_fnct) VALUES (301, 0, 5, 'Area of specialization:', 'select majorid, major_title from majors where is_active = true;', 'SELECT', NULL, '0', '0', 20, NULL, 25, 'L', '0', '1', NULL, NULL, NULL, NULL);
INSERT INTO fields (field_id, org_id, form_id, question, field_lookup, field_type, field_class, field_bold, field_italics, field_order, share_line, field_size, label_position, manditory, show, details, tab, field_name, field_fnct) VALUES (300, 0, 5, 'Programme:', 'select degreeid,degreename from degrees where degreelevelid!=''UND'';', 'SELECT', NULL, '0', '0', 10, NULL, 25, 'L', '0', '1', NULL, NULL, NULL, NULL);
INSERT INTO fields (field_id, org_id, form_id, question, field_lookup, field_type, field_class, field_bold, field_italics, field_order, share_line, field_size, label_position, manditory, show, details, tab, field_name, field_fnct) VALUES (304, 0, 5, 'Personal Information', NULL, 'TITLE', NULL, '0', '0', 50, NULL, 25, 'L', '0', '1', NULL, NULL, NULL, NULL);
INSERT INTO fields (field_id, org_id, form_id, question, field_lookup, field_type, field_class, field_bold, field_italics, field_order, share_line, field_size, label_position, manditory, show, details, tab, field_name, field_fnct) VALUES (305, 0, 5, 'Legal Name:', NULL, 'TITLE', NULL, '0', '0', 60, NULL, 25, 'L', '0', '1', NULL, NULL, NULL, NULL);
INSERT INTO fields (field_id, org_id, form_id, question, field_lookup, field_type, field_class, field_bold, field_italics, field_order, share_line, field_size, label_position, manditory, show, details, tab, field_name, field_fnct) VALUES (306, 0, 5, 'Surname', NULL, 'TEXTFIELD', NULL, '0', '0', 70, 70, 25, 'L', '0', '1', NULL, NULL, NULL, NULL);
INSERT INTO fields (field_id, org_id, form_id, question, field_lookup, field_type, field_class, field_bold, field_italics, field_order, share_line, field_size, label_position, manditory, show, details, tab, field_name, field_fnct) VALUES (307, 0, 5, 'Middle', NULL, 'TEXTFIELD', NULL, '0', '0', 80, 70, 25, 'L', '0', '1', NULL, NULL, NULL, NULL);
INSERT INTO fields (field_id, org_id, form_id, question, field_lookup, field_type, field_class, field_bold, field_italics, field_order, share_line, field_size, label_position, manditory, show, details, tab, field_name, field_fnct) VALUES (308, 0, 5, 'Middle', NULL, 'TEXTFIELD', NULL, '0', '0', 90, 70, 25, 'L', '0', '1', NULL, NULL, NULL, NULL);
INSERT INTO fields (field_id, org_id, form_id, question, field_lookup, field_type, field_class, field_bold, field_italics, field_order, share_line, field_size, label_position, manditory, show, details, tab, field_name, field_fnct) VALUES (310, 0, 5, 'Permanent Mailing Address:', NULL, 'TITLE', NULL, '0', '0', 110, NULL, 25, 'L', '0', '1', NULL, NULL, NULL, NULL);
INSERT INTO fields (field_id, org_id, form_id, question, field_lookup, field_type, field_class, field_bold, field_italics, field_order, share_line, field_size, label_position, manditory, show, details, tab, field_name, field_fnct) VALUES (313, 0, 5, 'State', 'select stateid, statename from states;', 'SELECT', NULL, '0', '0', 140, 130, 25, 'L', '0', '1', NULL, NULL, NULL, NULL);
INSERT INTO fields (field_id, org_id, form_id, question, field_lookup, field_type, field_class, field_bold, field_italics, field_order, share_line, field_size, label_position, manditory, show, details, tab, field_name, field_fnct) VALUES (314, 0, 5, 'City', NULL, 'TEXTFIELD', NULL, '0', '0', 150, 130, 25, 'L', '0', '1', NULL, NULL, NULL, NULL);
INSERT INTO fields (field_id, org_id, form_id, question, field_lookup, field_type, field_class, field_bold, field_italics, field_order, share_line, field_size, label_position, manditory, show, details, tab, field_name, field_fnct) VALUES (312, 0, 5, 'Country', 'SELECT sys_country_id,sys_country_name FROM sys_countrys;', 'SELECT', NULL, '0', '0', 130, 130, 25, 'L', '0', '1', NULL, NULL, NULL, NULL);
INSERT INTO fields (field_id, org_id, form_id, question, field_lookup, field_type, field_class, field_bold, field_italics, field_order, share_line, field_size, label_position, manditory, show, details, tab, field_name, field_fnct) VALUES (315, 0, 5, 'Correspondence Mailing Address:', NULL, 'TITLE', NULL, '0', '0', 160, NULL, 25, 'L', '0', '1', NULL, NULL, NULL, NULL);
INSERT INTO fields (field_id, org_id, form_id, question, field_lookup, field_type, field_class, field_bold, field_italics, field_order, share_line, field_size, label_position, manditory, show, details, tab, field_name, field_fnct) VALUES (318, 0, 5, 'State:', 'select stateid, statename from states;', 'SELECT', NULL, '0', '0', 190, 180, 25, 'L', '0', '1', NULL, NULL, NULL, NULL);
INSERT INTO fields (field_id, org_id, form_id, question, field_lookup, field_type, field_class, field_bold, field_italics, field_order, share_line, field_size, label_position, manditory, show, details, tab, field_name, field_fnct) VALUES (319, 0, 5, 'City:', NULL, 'TEXTFIELD', NULL, '0', '0', 200, 180, 25, 'L', '0', '1', NULL, NULL, NULL, NULL);
INSERT INTO fields (field_id, org_id, form_id, question, field_lookup, field_type, field_class, field_bold, field_italics, field_order, share_line, field_size, label_position, manditory, show, details, tab, field_name, field_fnct) VALUES (317, 0, 5, 'Country:', 'SELECT sys_country_id,sys_country_name FROM sys_countrys;;', 'SELECT', NULL, '0', '0', 180, 180, 25, 'L', '0', '1', NULL, NULL, NULL, NULL);
INSERT INTO fields (field_id, org_id, form_id, question, field_lookup, field_type, field_class, field_bold, field_italics, field_order, share_line, field_size, label_position, manditory, show, details, tab, field_name, field_fnct) VALUES (324, 0, 5, 'Place of Birth: Country', 'SELECT sys_country_id,sys_country_name FROM sys_countrys;', 'SELECT', NULL, '0', '0', 250, 250, 25, 'L', '0', '1', NULL, NULL, NULL, NULL);
INSERT INTO fields (field_id, org_id, form_id, question, field_lookup, field_type, field_class, field_bold, field_italics, field_order, share_line, field_size, label_position, manditory, show, details, tab, field_name, field_fnct) VALUES (325, 0, 5, 'State:', 'select stateid, statename from states;', 'SELECT', NULL, '0', '0', 260, 250, 25, 'L', '0', '1', NULL, NULL, NULL, NULL);
INSERT INTO fields (field_id, org_id, form_id, question, field_lookup, field_type, field_class, field_bold, field_italics, field_order, share_line, field_size, label_position, manditory, show, details, tab, field_name, field_fnct) VALUES (326, 0, 5, 'City:', NULL, 'TEXTFIELD', NULL, '0', '0', 270, 250, 25, 'L', '0', '1', NULL, NULL, NULL, NULL);
INSERT INTO fields (field_id, org_id, form_id, question, field_lookup, field_type, field_class, field_bold, field_italics, field_order, share_line, field_size, label_position, manditory, show, details, tab, field_name, field_fnct) VALUES (330, 0, 5, 'Religious Affiliation ', 'Christian#Muslin#Hindu#Other', 'LIST', NULL, '0', '0', 310, 310, 25, 'L', '0', '1', NULL, NULL, NULL, NULL);
INSERT INTO fields (field_id, org_id, form_id, question, field_lookup, field_type, field_class, field_bold, field_italics, field_order, share_line, field_size, label_position, manditory, show, details, tab, field_name, field_fnct) VALUES (331, 0, 5, 'Denomination', 'SELECT denominationid, denominationname from denominations;', 'SELECT', NULL, '0', '0', 320, 310, 25, 'L', '0', '1', NULL, NULL, NULL, NULL);
INSERT INTO fields (field_id, org_id, form_id, question, field_lookup, field_type, field_class, field_bold, field_italics, field_order, share_line, field_size, label_position, manditory, show, details, tab, field_name, field_fnct) VALUES (328, 0, 5, 'Gender', 'Male#Female', 'LIST', NULL, '0', '0', 290, 280, 25, 'L', '0', '1', NULL, NULL, NULL, NULL);
INSERT INTO fields (field_id, org_id, form_id, question, field_lookup, field_type, field_class, field_bold, field_italics, field_order, share_line, field_size, label_position, manditory, show, details, tab, field_name, field_fnct) VALUES (329, 0, 5, 'Marital Status:', 'Married#Single#Widowed', 'LIST', NULL, '0', '0', 300, NULL, 25, 'L', '0', '1', NULL, NULL, NULL, NULL);
INSERT INTO fields (field_id, org_id, form_id, question, field_lookup, field_type, field_class, field_bold, field_italics, field_order, share_line, field_size, label_position, manditory, show, details, tab, field_name, field_fnct) VALUES (332, 0, 5, 'Educational History:', NULL, 'TITLE', NULL, '0', '0', 330, NULL, 25, 'L', '0', '1', NULL, NULL, NULL, NULL);
INSERT INTO fields (field_id, org_id, form_id, question, field_lookup, field_type, field_class, field_bold, field_italics, field_order, share_line, field_size, label_position, manditory, show, details, tab, field_name, field_fnct) VALUES (303, 0, 5, 'NO:', NULL, 'TEXTFIELD', NULL, '0', '0', 40, 30, 33, 'L', '0', '1', NULL, NULL, NULL, NULL);
INSERT INTO fields (field_id, org_id, form_id, question, field_lookup, field_type, field_class, field_bold, field_italics, field_order, share_line, field_size, label_position, manditory, show, details, tab, field_name, field_fnct) VALUES (309, 0, 5, 'Other Name(s) that may appear on your academic records:', NULL, 'TEXTFIELD', NULL, '0', '0', 100, NULL, 60, 'L', '0', '1', NULL, NULL, NULL, NULL);
INSERT INTO fields (field_id, org_id, form_id, question, field_lookup, field_type, field_class, field_bold, field_italics, field_order, share_line, field_size, label_position, manditory, show, details, tab, field_name, field_fnct) VALUES (302, 0, 5, 'Bank draft details:  Bank:', NULL, 'TEXTFIELD', NULL, '0', '0', 30, 30, 40, 'L', '0', '1', NULL, NULL, NULL, NULL);
INSERT INTO fields (field_id, org_id, form_id, question, field_lookup, field_type, field_class, field_bold, field_italics, field_order, share_line, field_size, label_position, manditory, show, details, tab, field_name, field_fnct) VALUES (316, 0, 5, 'P. O. Box or Street Address', NULL, 'TEXTFIELD', NULL, '0', '0', 170, NULL, 74, 'L', '0', '1', NULL, NULL, NULL, NULL);
INSERT INTO fields (field_id, org_id, form_id, question, field_lookup, field_type, field_class, field_bold, field_italics, field_order, share_line, field_size, label_position, manditory, show, details, tab, field_name, field_fnct) VALUES (311, 0, 5, 'P. O. Box or Street Address', NULL, 'TEXTFIELD', NULL, '0', '0', 120, NULL, 74, 'L', '0', '1', NULL, NULL, NULL, NULL);
INSERT INTO fields (field_id, org_id, form_id, question, field_lookup, field_type, field_class, field_bold, field_italics, field_order, share_line, field_size, label_position, manditory, show, details, tab, field_name, field_fnct) VALUES (321, 0, 5, 'Mobile Phone No.', NULL, 'TEXTFIELD', NULL, '0', '0', 220, 220, 30, 'L', '0', '1', NULL, NULL, NULL, NULL);
INSERT INTO fields (field_id, org_id, form_id, question, field_lookup, field_type, field_class, field_bold, field_italics, field_order, share_line, field_size, label_position, manditory, show, details, tab, field_name, field_fnct) VALUES (322, 0, 5, ' E-mail Address', NULL, 'TEXTFIELD', NULL, '0', '0', 230, 220, 40, 'L', '0', '1', NULL, NULL, NULL, NULL);
INSERT INTO fields (field_id, org_id, form_id, question, field_lookup, field_type, field_class, field_bold, field_italics, field_order, share_line, field_size, label_position, manditory, show, details, tab, field_name, field_fnct) VALUES (323, 0, 5, 'Date of Birth: ', NULL, 'DATE', NULL, '0', '0', 240, 240, 81, 'L', '0', '1', NULL, NULL, NULL, NULL);
INSERT INTO fields (field_id, org_id, form_id, question, field_lookup, field_type, field_class, field_bold, field_italics, field_order, share_line, field_size, label_position, manditory, show, details, tab, field_name, field_fnct) VALUES (327, 0, 5, 'Primary Language:', NULL, 'TEXTFIELD', NULL, '0', '0', 280, 280, 33, 'L', '0', '1', NULL, NULL, NULL, NULL);
INSERT INTO fields (field_id, org_id, form_id, question, field_lookup, field_type, field_class, field_bold, field_italics, field_order, share_line, field_size, label_position, manditory, show, details, tab, field_name, field_fnct) VALUES (333, 0, 5, 'List below every college and university you have attended or are currently attending.  Omitting a prior college or university from this list may result in denial of admission.  Contact the Registrars office at each of these institutions and have your official transcripts sent directly to:  The Secretary, School of Postgraduate Studies, Babcock University, P.M.B. 21244, Ikeja, Lagos, Nigeria', NULL, 'TABLE', NULL, '0', '0', 340, NULL, 25, 'L', '0', '1', NULL, NULL, NULL, NULL);
INSERT INTO fields (field_id, org_id, form_id, question, field_lookup, field_type, field_class, field_bold, field_italics, field_order, share_line, field_size, label_position, manditory, show, details, tab, field_name, field_fnct) VALUES (334, 0, 5, 'Work Experience:', NULL, 'TITLE', NULL, '0', '0', 350, NULL, 25, 'L', '0', '1', NULL, NULL, NULL, NULL);
INSERT INTO fields (field_id, org_id, form_id, question, field_lookup, field_type, field_class, field_bold, field_italics, field_order, share_line, field_size, label_position, manditory, show, details, tab, field_name, field_fnct) VALUES (335, 0, 5, 'List of appointments in the past five years. (In reverse chronological order)  ', NULL, 'TABLE', NULL, '0', '0', 360, NULL, 25, 'L', '0', '1', NULL, NULL, NULL, NULL);
INSERT INTO fields (field_id, org_id, form_id, question, field_lookup, field_type, field_class, field_bold, field_italics, field_order, share_line, field_size, label_position, manditory, show, details, tab, field_name, field_fnct) VALUES (336, 0, 5, 'Use a separate page for additional information', NULL, 'TITLE', NULL, '0', '0', 370, NULL, 25, 'L', '0', '1', NULL, NULL, NULL, NULL);
INSERT INTO fields (field_id, org_id, form_id, question, field_lookup, field_type, field_class, field_bold, field_italics, field_order, share_line, field_size, label_position, manditory, show, details, tab, field_name, field_fnct) VALUES (337, 0, 5, 'List all your professional credentials and licenses if applicable:', NULL, 'TABLE', NULL, '0', '0', 380, NULL, 25, 'L', '0', '1', NULL, NULL, NULL, NULL);
INSERT INTO fields (field_id, org_id, form_id, question, field_lookup, field_type, field_class, field_bold, field_italics, field_order, share_line, field_size, label_position, manditory, show, details, tab, field_name, field_fnct) VALUES (338, 0, 5, 'In case of emergency, the University may contact:', NULL, 'TITLE', NULL, '0', '0', 390, NULL, 25, 'L', '0', '1', NULL, NULL, NULL, NULL);
INSERT INTO fields (field_id, org_id, form_id, question, field_lookup, field_type, field_class, field_bold, field_italics, field_order, share_line, field_size, label_position, manditory, show, details, tab, field_name, field_fnct) VALUES (339, 0, 5, 'Surname', NULL, 'TEXTFIELD', NULL, '0', '0', 400, 400, 25, 'L', '0', '1', NULL, NULL, NULL, NULL);
INSERT INTO fields (field_id, org_id, form_id, question, field_lookup, field_type, field_class, field_bold, field_italics, field_order, share_line, field_size, label_position, manditory, show, details, tab, field_name, field_fnct) VALUES (340, 0, 5, 'First', NULL, 'TEXTFIELD', NULL, '0', '0', 410, 400, 25, 'L', '0', '1', NULL, NULL, NULL, NULL);
INSERT INTO fields (field_id, org_id, form_id, question, field_lookup, field_type, field_class, field_bold, field_italics, field_order, share_line, field_size, label_position, manditory, show, details, tab, field_name, field_fnct) VALUES (341, 0, 5, 'Middle', NULL, 'TEXTFIELD', NULL, '0', '0', 420, 400, 25, 'L', '0', '1', NULL, NULL, NULL, NULL);
INSERT INTO fields (field_id, org_id, form_id, question, field_lookup, field_type, field_class, field_bold, field_italics, field_order, share_line, field_size, label_position, manditory, show, details, tab, field_name, field_fnct) VALUES (342, 0, 5, 'P. O. Box or Street Address ', NULL, 'TEXTFIELD', NULL, '0', '0', 430, 400, 25, 'L', '0', '1', NULL, NULL, NULL, NULL);
INSERT INTO fields (field_id, org_id, form_id, question, field_lookup, field_type, field_class, field_bold, field_italics, field_order, share_line, field_size, label_position, manditory, show, details, tab, field_name, field_fnct) VALUES (343, 0, 5, 'Country', 'SELECT sys_country_id,sys_country_name FROM sys_countrys;', 'SELECT', NULL, '0', '0', 440, 440, 25, 'L', '0', '1', NULL, NULL, NULL, NULL);
INSERT INTO fields (field_id, org_id, form_id, question, field_lookup, field_type, field_class, field_bold, field_italics, field_order, share_line, field_size, label_position, manditory, show, details, tab, field_name, field_fnct) VALUES (344, 0, 5, 'State', 'select stateid, statename from states;', 'SELECT', NULL, '0', '0', 450, 440, 25, 'L', '0', '1', NULL, NULL, NULL, NULL);
INSERT INTO fields (field_id, org_id, form_id, question, field_lookup, field_type, field_class, field_bold, field_italics, field_order, share_line, field_size, label_position, manditory, show, details, tab, field_name, field_fnct) VALUES (345, 0, 5, 'City', NULL, 'TEXTFIELD', NULL, '0', '0', 460, 440, 25, 'L', '0', '1', NULL, NULL, NULL, NULL);
INSERT INTO fields (field_id, org_id, form_id, question, field_lookup, field_type, field_class, field_bold, field_italics, field_order, share_line, field_size, label_position, manditory, show, details, tab, field_name, field_fnct) VALUES (604, 0, 10, '(This Section to be completed by applicant)', NULL, 'TITLE', NULL, '0', '0', 10, NULL, 25, 'L', '0', '1', NULL, NULL, NULL, NULL);
INSERT INTO fields (field_id, org_id, form_id, question, field_lookup, field_type, field_class, field_bold, field_italics, field_order, share_line, field_size, label_position, manditory, show, details, tab, field_name, field_fnct) VALUES (348, 0, 5, 'ADDITIONAL INFORMATION', NULL, 'TITLE', NULL, '0', '0', 490, NULL, 25, 'L', '0', '1', NULL, NULL, NULL, NULL);
INSERT INTO fields (field_id, org_id, form_id, question, field_lookup, field_type, field_class, field_bold, field_italics, field_order, share_line, field_size, label_position, manditory, show, details, tab, field_name, field_fnct) VALUES (349, 0, 5, 'Preferred Module/Enrollment Session:', 'Regular Session: September 1  April 30# Summer Session: May 1- July 31#Elongated (Part Time)', 'LIST', NULL, '0', '0', 500, NULL, 25, 'L', '0', '1', NULL, NULL, NULL, NULL);
INSERT INTO fields (field_id, org_id, form_id, question, field_lookup, field_type, field_class, field_bold, field_italics, field_order, share_line, field_size, label_position, manditory, show, details, tab, field_name, field_fnct) VALUES (350, 0, 5, 'Name three persons to whom reference may be made (at least one of these should be one of your teachers at the undergraduate level.', NULL, 'TITLE', NULL, '0', '0', 510, NULL, 25, 'L', '0', '1', NULL, NULL, NULL, NULL);
INSERT INTO fields (field_id, org_id, form_id, question, field_lookup, field_type, field_class, field_bold, field_italics, field_order, share_line, field_size, label_position, manditory, show, details, tab, field_name, field_fnct) VALUES (351, 0, 5, 'i) Name', NULL, 'TEXTFIELD', NULL, '0', '0', 520, 520, 25, 'L', '0', '1', NULL, NULL, NULL, NULL);
INSERT INTO fields (field_id, org_id, form_id, question, field_lookup, field_type, field_class, field_bold, field_italics, field_order, share_line, field_size, label_position, manditory, show, details, tab, field_name, field_fnct) VALUES (354, 0, 5, 'ii) Name ', NULL, 'TEXTFIELD', NULL, '0', '0', 550, 550, 25, 'L', '0', '1', NULL, NULL, NULL, NULL);
INSERT INTO fields (field_id, org_id, form_id, question, field_lookup, field_type, field_class, field_bold, field_italics, field_order, share_line, field_size, label_position, manditory, show, details, tab, field_name, field_fnct) VALUES (355, 0, 5, 'Position/Rank', NULL, 'TEXTFIELD', NULL, '0', '0', 560, 550, 25, 'L', '0', '1', NULL, NULL, NULL, NULL);
INSERT INTO fields (field_id, org_id, form_id, question, field_lookup, field_type, field_class, field_bold, field_italics, field_order, share_line, field_size, label_position, manditory, show, details, tab, field_name, field_fnct) VALUES (357, 0, 5, 'iii) Name', NULL, 'TEXTFIELD', NULL, '0', '0', 580, 580, 25, 'L', '0', '1', NULL, NULL, NULL, NULL);
INSERT INTO fields (field_id, org_id, form_id, question, field_lookup, field_type, field_class, field_bold, field_italics, field_order, share_line, field_size, label_position, manditory, show, details, tab, field_name, field_fnct) VALUES (358, 0, 5, 'Positionn/Rank', NULL, 'TEXTFIELD', NULL, '0', '0', 590, 580, 25, 'L', '0', '1', NULL, NULL, NULL, NULL);
INSERT INTO fields (field_id, org_id, form_id, question, field_lookup, field_type, field_class, field_bold, field_italics, field_order, share_line, field_size, label_position, manditory, show, details, tab, field_name, field_fnct) VALUES (352, 0, 5, 'Position/Rank', NULL, 'TEXTFIELD', NULL, '0', '0', 530, 520, 25, 'L', '0', '1', NULL, NULL, NULL, NULL);
INSERT INTO fields (field_id, org_id, form_id, question, field_lookup, field_type, field_class, field_bold, field_italics, field_order, share_line, field_size, label_position, manditory, show, details, tab, field_name, field_fnct) VALUES (360, 0, 5, 'Ask your referees to complete the enclosed Confidential Forms and return directly by hand or courier services to the Secretary,  School of Postgraduate Studies, Babcock University, Ilishan Remo, Nigeria not later than the closing date.', NULL, 'TITLE', NULL, '0', '0', 610, NULL, 25, 'L', '0', '1', NULL, NULL, NULL, NULL);
INSERT INTO fields (field_id, org_id, form_id, question, field_lookup, field_type, field_class, field_bold, field_italics, field_order, share_line, field_size, label_position, manditory, show, details, tab, field_name, field_fnct) VALUES (605, 0, 10, 'Surname:', NULL, 'TEXTFIELD', NULL, '0', '0', 20, 20, 20, 'L', '0', '1', NULL, NULL, NULL, NULL);
INSERT INTO fields (field_id, org_id, form_id, question, field_lookup, field_type, field_class, field_bold, field_italics, field_order, share_line, field_size, label_position, manditory, show, details, tab, field_name, field_fnct) VALUES (364, 0, 5, 'ATTESTATION', NULL, 'TITLE', NULL, '0', '0', 650, NULL, 25, 'L', '0', '1', NULL, NULL, NULL, NULL);
INSERT INTO fields (field_id, org_id, form_id, question, field_lookup, field_type, field_class, field_bold, field_italics, field_order, share_line, field_size, label_position, manditory, show, details, tab, field_name, field_fnct) VALUES (365, 0, 5, 'I attest that the above information is true and accurate knowing fully well that false declaration and misrepresentation of facts can lead to disqualification of my admission at any point in time in the course of my studentship.', NULL, 'TITLE', NULL, '0', '0', 660, NULL, 25, 'L', '0', '1', NULL, NULL, NULL, NULL);
INSERT INTO fields (field_id, org_id, form_id, question, field_lookup, field_type, field_class, field_bold, field_italics, field_order, share_line, field_size, label_position, manditory, show, details, tab, field_name, field_fnct) VALUES (370, 0, 6, 'SURNAME', NULL, 'TEXTFIELD', NULL, '0', '0', 10, 10, 25, 'L', '0', '1', NULL, NULL, NULL, NULL);
INSERT INTO fields (field_id, org_id, form_id, question, field_lookup, field_type, field_class, field_bold, field_italics, field_order, share_line, field_size, label_position, manditory, show, details, tab, field_name, field_fnct) VALUES (371, 0, 6, 'FIRST', NULL, 'TEXTFIELD', NULL, '0', '0', 20, 10, 25, 'L', '0', '1', NULL, NULL, NULL, NULL);
INSERT INTO fields (field_id, org_id, form_id, question, field_lookup, field_type, field_class, field_bold, field_italics, field_order, share_line, field_size, label_position, manditory, show, details, tab, field_name, field_fnct) VALUES (372, 0, 6, 'MIDDLE', NULL, 'TEXTFIELD', NULL, '0', '0', 30, 10, 25, 'L', '0', '1', NULL, NULL, NULL, NULL);
INSERT INTO fields (field_id, org_id, form_id, question, field_lookup, field_type, field_class, field_bold, field_italics, field_order, share_line, field_size, label_position, manditory, show, details, tab, field_name, field_fnct) VALUES (374, 0, 7, 'Application Form No', NULL, 'TEXTFIELD', NULL, '0', '0', 10, NULL, 25, 'L', '0', '1', NULL, NULL, NULL, NULL);
INSERT INTO fields (field_id, org_id, form_id, question, field_lookup, field_type, field_class, field_bold, field_italics, field_order, share_line, field_size, label_position, manditory, show, details, tab, field_name, field_fnct) VALUES (380, 0, 7, 'NOTE:	(a) Please complete the Transcript Label and ask your university to send the Label along with your Transcript.', NULL, 'TITLE', NULL, '0', '0', 70, NULL, 25, 'L', '0', '1', NULL, NULL, NULL, NULL);
INSERT INTO fields (field_id, org_id, form_id, question, field_lookup, field_type, field_class, field_bold, field_italics, field_order, share_line, field_size, label_position, manditory, show, details, tab, field_name, field_fnct) VALUES (381, 0, 7, '(b)  If you are a graduate of Babcock University and you are proposing to pursue the Masters or Ph.D. programme, you should enclose photocopy of the notification of your Bachelors Degree Result with this application form.', NULL, 'TITLE', NULL, '0', '0', 80, NULL, 25, 'L', '0', '1', NULL, NULL, NULL, NULL);
INSERT INTO fields (field_id, org_id, form_id, question, field_lookup, field_type, field_class, field_bold, field_italics, field_order, share_line, field_size, label_position, manditory, show, details, tab, field_name, field_fnct) VALUES (377, 0, 7, 'Department to which  Admission is sought:', 'SELECT departmentid,departmentname FROM departments;', 'SELECT', NULL, '0', '0', 40, NULL, 25, 'L', '0', '1', NULL, NULL, NULL, NULL);
INSERT INTO fields (field_id, org_id, form_id, question, field_lookup, field_type, field_class, field_bold, field_italics, field_order, share_line, field_size, label_position, manditory, show, details, tab, field_name, field_fnct) VALUES (378, 0, 7, 'School:', 'SELECT schoolid,schoolname FROM schools;', 'SELECT', NULL, '0', '0', 50, NULL, 25, 'L', '0', '1', NULL, NULL, NULL, NULL);
INSERT INTO fields (field_id, org_id, form_id, question, field_lookup, field_type, field_class, field_bold, field_italics, field_order, share_line, field_size, label_position, manditory, show, details, tab, field_name, field_fnct) VALUES (379, 0, 7, 'Applying fir Session Commencing:', 'Regular Session: September 1  April 30#Summer Session: May 1- July 31#Elongated (Part Time)', 'LIST', NULL, '0', '0', 60, NULL, 25, 'L', '0', '1', NULL, NULL, NULL, NULL);
INSERT INTO fields (field_id, org_id, form_id, question, field_lookup, field_type, field_class, field_bold, field_italics, field_order, share_line, field_size, label_position, manditory, show, details, tab, field_name, field_fnct) VALUES (382, 0, 8, '(This Section to be completed by applicant)', NULL, 'TITLE', NULL, '0', '0', 10, NULL, 25, 'L', '0', '1', NULL, NULL, NULL, NULL);
INSERT INTO fields (field_id, org_id, form_id, question, field_lookup, field_type, field_class, field_bold, field_italics, field_order, share_line, field_size, label_position, manditory, show, details, tab, field_name, field_fnct) VALUES (383, 0, 8, 'Surname:', NULL, 'TEXTFIELD', NULL, '0', '0', 20, 20, 20, 'L', '0', '1', NULL, NULL, NULL, NULL);
INSERT INTO fields (field_id, org_id, form_id, question, field_lookup, field_type, field_class, field_bold, field_italics, field_order, share_line, field_size, label_position, manditory, show, details, tab, field_name, field_fnct) VALUES (389, 0, 8, 'NOTE TO REFEREE:  The Admissions Committee seeks students who have the capacity to succeed academically and professionally and who show promise of commitment to serving mankind.  Your frank appraisal will assist the Admissions Committee in evaluating the applicants qualifications.  Please return this completed form as soon as possible to this address:  The Secretary, School of Postgraduate Studies, Babcock University, P.M.B. 21244, Ikeja, Lagos, Nigeria.', NULL, 'TITLE', NULL, '0', '0', 80, NULL, 25, 'L', '0', '1', NULL, NULL, NULL, NULL);
INSERT INTO fields (field_id, org_id, form_id, question, field_lookup, field_type, field_class, field_bold, field_italics, field_order, share_line, field_size, label_position, manditory, show, details, tab, field_name, field_fnct) VALUES (347, 0, 5, 'Mobile Phone No.', NULL, 'TEXTFIELD', NULL, '0', '0', 480, 470, 24, 'L', '0', '1', NULL, NULL, NULL, NULL);
INSERT INTO fields (field_id, org_id, form_id, question, field_lookup, field_type, field_class, field_bold, field_italics, field_order, share_line, field_size, label_position, manditory, show, details, tab, field_name, field_fnct) VALUES (356, 0, 5, 'Address ', NULL, 'TEXTFIELD', NULL, '0', '0', 570, 550, 20, 'L', '0', '1', NULL, NULL, NULL, NULL);
INSERT INTO fields (field_id, org_id, form_id, question, field_lookup, field_type, field_class, field_bold, field_italics, field_order, share_line, field_size, label_position, manditory, show, details, tab, field_name, field_fnct) VALUES (361, 0, 5, 'Have you ever been dismissed from a school?  If so, explain.', NULL, 'TEXTFIELD', NULL, '0', '0', 620, NULL, 57, 'L', '0', '1', NULL, NULL, NULL, NULL);
INSERT INTO fields (field_id, org_id, form_id, question, field_lookup, field_type, field_class, field_bold, field_italics, field_order, share_line, field_size, label_position, manditory, show, details, tab, field_name, field_fnct) VALUES (353, 0, 5, 'Address:', NULL, 'TEXTFIELD', NULL, '0', '0', 540, 520, 20, 'L', '0', '1', NULL, NULL, NULL, NULL);
INSERT INTO fields (field_id, org_id, form_id, question, field_lookup, field_type, field_class, field_bold, field_italics, field_order, share_line, field_size, label_position, manditory, show, details, tab, field_name, field_fnct) VALUES (359, 0, 5, 'Address', NULL, 'TEXTFIELD', NULL, '0', '0', 600, 580, 19, 'L', '0', '1', NULL, NULL, NULL, NULL);
INSERT INTO fields (field_id, org_id, form_id, question, field_lookup, field_type, field_class, field_bold, field_italics, field_order, share_line, field_size, label_position, manditory, show, details, tab, field_name, field_fnct) VALUES (366, 0, 5, 'Name', NULL, 'TEXTFIELD', NULL, '0', '0', 670, 670, 50, 'L', '0', '1', NULL, NULL, NULL, NULL);
INSERT INTO fields (field_id, org_id, form_id, question, field_lookup, field_type, field_class, field_bold, field_italics, field_order, share_line, field_size, label_position, manditory, show, details, tab, field_name, field_fnct) VALUES (362, 0, 5, 'Have you ever been convicted of a crime? If so, explain.', NULL, 'TEXTFIELD', NULL, '0', '0', 630, NULL, 59, 'L', '0', '1', NULL, NULL, NULL, NULL);
INSERT INTO fields (field_id, org_id, form_id, question, field_lookup, field_type, field_class, field_bold, field_italics, field_order, share_line, field_size, label_position, manditory, show, details, tab, field_name, field_fnct) VALUES (367, 0, 5, 'Signature', NULL, 'TEXTFIELD', NULL, '0', '0', 680, 670, 28, 'L', '0', '1', NULL, NULL, NULL, NULL);
INSERT INTO fields (field_id, org_id, form_id, question, field_lookup, field_type, field_class, field_bold, field_italics, field_order, share_line, field_size, label_position, manditory, show, details, tab, field_name, field_fnct) VALUES (368, 0, 5, 'Phone Number', NULL, 'TEXTFIELD', NULL, '0', '0', 690, 690, 42, 'L', '0', '1', NULL, NULL, NULL, NULL);
INSERT INTO fields (field_id, org_id, form_id, question, field_lookup, field_type, field_class, field_bold, field_italics, field_order, share_line, field_size, label_position, manditory, show, details, tab, field_name, field_fnct) VALUES (369, 0, 5, 'Date', NULL, 'DATE', NULL, '0', '0', 700, 690, 35, 'L', '0', '1', NULL, NULL, NULL, NULL);
INSERT INTO fields (field_id, org_id, form_id, question, field_lookup, field_type, field_class, field_bold, field_italics, field_order, share_line, field_size, label_position, manditory, show, details, tab, field_name, field_fnct) VALUES (386, 0, 8, 'Please indicate programme for which applying', 'SELECT majorid,majorname FROM majors;', 'SELECT', NULL, '0', '0', 50, NULL, 25, 'L', '0', '1', NULL, NULL, NULL, NULL);
INSERT INTO fields (field_id, org_id, form_id, question, field_lookup, field_type, field_class, field_bold, field_italics, field_order, share_line, field_size, label_position, manditory, show, details, tab, field_name, field_fnct) VALUES (384, 0, 8, 'First Name', NULL, 'TEXTFIELD', NULL, '0', '0', 30, 20, 20, 'L', '0', '1', NULL, NULL, NULL, NULL);
INSERT INTO fields (field_id, org_id, form_id, question, field_lookup, field_type, field_class, field_bold, field_italics, field_order, share_line, field_size, label_position, manditory, show, details, tab, field_name, field_fnct) VALUES (385, 0, 8, 'Last Name', NULL, 'TEXTFIELD', NULL, '0', '0', 40, 20, 20, 'L', '0', '1', NULL, NULL, NULL, NULL);
INSERT INTO fields (field_id, org_id, form_id, question, field_lookup, field_type, field_class, field_bold, field_italics, field_order, share_line, field_size, label_position, manditory, show, details, tab, field_name, field_fnct) VALUES (387, 0, 8, 'Signature:', NULL, 'TEXTFIELD', NULL, '0', '0', 60, 60, 35, 'L', '0', '1', NULL, NULL, NULL, NULL);
INSERT INTO fields (field_id, org_id, form_id, question, field_lookup, field_type, field_class, field_bold, field_italics, field_order, share_line, field_size, label_position, manditory, show, details, tab, field_name, field_fnct) VALUES (375, 0, 7, 'Surname:', NULL, 'TEXTFIELD', NULL, '0', '0', 20, NULL, 30, 'L', '0', '1', NULL, NULL, NULL, NULL);
INSERT INTO fields (field_id, org_id, form_id, question, field_lookup, field_type, field_class, field_bold, field_italics, field_order, share_line, field_size, label_position, manditory, show, details, tab, field_name, field_fnct) VALUES (388, 0, 8, 'Date:', NULL, 'DATE', NULL, '0', '0', 70, 60, 34, 'L', '0', '1', NULL, NULL, NULL, NULL);
INSERT INTO fields (field_id, org_id, form_id, question, field_lookup, field_type, field_class, field_bold, field_italics, field_order, share_line, field_size, label_position, manditory, show, details, tab, field_name, field_fnct) VALUES (376, 0, 7, 'Other Names', NULL, 'TEXTFIELD', NULL, '0', '0', 30, NULL, 28, 'L', '0', '1', NULL, NULL, NULL, NULL);
INSERT INTO fields (field_id, org_id, form_id, question, field_lookup, field_type, field_class, field_bold, field_italics, field_order, share_line, field_size, label_position, manditory, show, details, tab, field_name, field_fnct) VALUES (395, 0, 8, 'Rate the applicants qualifications:', NULL, 'TITLE', NULL, '0', '0', 140, NULL, 25, 'L', '0', '1', NULL, NULL, NULL, NULL);
INSERT INTO fields (field_id, org_id, form_id, question, field_lookup, field_type, field_class, field_bold, field_italics, field_order, share_line, field_size, label_position, manditory, show, details, tab, field_name, field_fnct) VALUES (396, 0, 8, 'Intellectual ability', ' Outstanding (Upper 10%)  #  Excellent(Upper 25%)	#  Good (Upper (50%) #  Below Average (Lower 50%)#No Basis for  judgment
', 'LIST', NULL, '0', '0', 150, NULL, 25, 'L', '0', '1', NULL, NULL, NULL, NULL);
INSERT INTO fields (field_id, org_id, form_id, question, field_lookup, field_type, field_class, field_bold, field_italics, field_order, share_line, field_size, label_position, manditory, show, details, tab, field_name, field_fnct) VALUES (397, 0, 8, 'Commitment to service', ' Outstanding (Upper 10%)  #  Excellent(Upper 25%)	#  Good (Upper (50%) #  Below Average (Lower 50%)#No Basis for  judgment', 'LIST', NULL, '0', '0', 160, NULL, 25, 'L', '0', '1', NULL, NULL, NULL, NULL);
INSERT INTO fields (field_id, org_id, form_id, question, field_lookup, field_type, field_class, field_bold, field_italics, field_order, share_line, field_size, label_position, manditory, show, details, tab, field_name, field_fnct) VALUES (398, 0, 8, ' Integrity', 'Outstanding (Upper 10%)  #  Excellent(Upper 25%)	#  Good (Upper (50%) #  Below Average (Lower 50%)#No Basis for  judgment', 'LIST', NULL, '0', '0', 170, NULL, 25, 'L', '0', '1', NULL, NULL, NULL, NULL);
INSERT INTO fields (field_id, org_id, form_id, question, field_lookup, field_type, field_class, field_bold, field_italics, field_order, share_line, field_size, label_position, manditory, show, details, tab, field_name, field_fnct) VALUES (399, 0, 8, 'Cooperation', 'Outstanding (Upper 10%)  #  Excellent(Upper 25%)	#  Good (Upper (50%) #  Below Average (Lower 50%)#No Basis for  judgment', 'LIST', NULL, '0', '0', 180, NULL, 25, 'L', '0', '1', NULL, NULL, NULL, NULL);
INSERT INTO fields (field_id, org_id, form_id, question, field_lookup, field_type, field_class, field_bold, field_italics, field_order, share_line, field_size, label_position, manditory, show, details, tab, field_name, field_fnct) VALUES (400, 0, 8, 'Cooperation', 'Outstanding (Upper 10%)  #  Excellent(Upper 25%)	#  Good (Upper (50%) #  Below Average (Lower 50%)#No Basis for  judgment', 'LIST', NULL, '0', '0', 190, NULL, 25, 'L', '0', '1', NULL, NULL, NULL, NULL);
INSERT INTO fields (field_id, org_id, form_id, question, field_lookup, field_type, field_class, field_bold, field_italics, field_order, share_line, field_size, label_position, manditory, show, details, tab, field_name, field_fnct) VALUES (401, 0, 8, 'Maturity', 'Outstanding (Upper 10%)  #  Excellent(Upper 25%)	#  Good (Upper (50%) #  Below Average (Lower 50%)#No Basis for  judgment', 'LIST', NULL, '0', '0', 200, NULL, 25, 'L', '0', '1', NULL, NULL, NULL, NULL);
INSERT INTO fields (field_id, org_id, form_id, question, field_lookup, field_type, field_class, field_bold, field_italics, field_order, share_line, field_size, label_position, manditory, show, details, tab, field_name, field_fnct) VALUES (402, 0, 8, 'Self Motivation', 'Outstanding (Upper 10%)  #  Excellent(Upper 25%)	#  Good (Upper (50%) #  Below Average (Lower 50%)#No Basis for  judgment', 'LIST', NULL, '0', '0', 210, NULL, 25, 'L', '0', '1', NULL, NULL, NULL, NULL);
INSERT INTO fields (field_id, org_id, form_id, question, field_lookup, field_type, field_class, field_bold, field_italics, field_order, share_line, field_size, label_position, manditory, show, details, tab, field_name, field_fnct) VALUES (403, 0, 8, 'Interpersonal Relationship', 'Outstanding (Upper 10%)  #  Excellent(Upper 25%)	#  Good (Upper (50%) #  Below Average (Lower 50%)#No Basis for  judgment', 'LIST', NULL, '0', '0', 220, NULL, 25, 'L', '0', '1', NULL, NULL, NULL, NULL);
INSERT INTO fields (field_id, org_id, form_id, question, field_lookup, field_type, field_class, field_bold, field_italics, field_order, share_line, field_size, label_position, manditory, show, details, tab, field_name, field_fnct) VALUES (404, 0, 8, 'Emotional Stability', 'Outstanding (Upper 10%)  #  Excellent(Upper 25%)	#  Good (Upper (50%) #  Below Average (Lower 50%)#No Basis for  judgment', 'LIST', NULL, '0', '0', 230, NULL, 25, 'L', '0', '1', NULL, NULL, NULL, NULL);
INSERT INTO fields (field_id, org_id, form_id, question, field_lookup, field_type, field_class, field_bold, field_italics, field_order, share_line, field_size, label_position, manditory, show, details, tab, field_name, field_fnct) VALUES (405, 0, 8, 'Personality', 'Outstanding (Upper 10%)  #  Excellent(Upper 25%)	#  Good (Upper (50%) #  Below Average (Lower 50%)#No Basis for  judgment', 'LIST', NULL, '0', '0', 240, NULL, 25, 'L', '0', '1', NULL, NULL, NULL, NULL);
INSERT INTO fields (field_id, org_id, form_id, question, field_lookup, field_type, field_class, field_bold, field_italics, field_order, share_line, field_size, label_position, manditory, show, details, tab, field_name, field_fnct) VALUES (406, 0, 8, 'Oral Language/Knowledge of English Language', 'Outstanding (Upper 10%)  #  Excellent(Upper 25%)	#  Good (Upper (50%) #  Below Average (Lower 50%)#No Basis for  judgment', 'LIST', NULL, '0', '0', 250, NULL, 25, 'L', '0', '1', NULL, NULL, NULL, NULL);
INSERT INTO fields (field_id, org_id, form_id, question, field_lookup, field_type, field_class, field_bold, field_italics, field_order, share_line, field_size, label_position, manditory, show, details, tab, field_name, field_fnct) VALUES (407, 0, 8, 'Please Provide the overall recommendation.', NULL, 'TITLE', NULL, '0', '0', 260, NULL, 25, 'L', '0', '1', NULL, NULL, NULL, NULL);
INSERT INTO fields (field_id, org_id, form_id, question, field_lookup, field_type, field_class, field_bold, field_italics, field_order, share_line, field_size, label_position, manditory, show, details, tab, field_name, field_fnct) VALUES (408, 0, 8, 'Academic Recommedation', 'Highly Recommended#Recommended#Lowly Recommended#Not Recommended', 'LIST', NULL, '0', '0', 270, NULL, 25, 'L', '0', '1', NULL, NULL, NULL, NULL);
INSERT INTO fields (field_id, org_id, form_id, question, field_lookup, field_type, field_class, field_bold, field_italics, field_order, share_line, field_size, label_position, manditory, show, details, tab, field_name, field_fnct) VALUES (409, 0, 8, 'Non Academic Qualification', 'Highly Recommended#Recommended#Lowly Recommended#Not Recommended', 'LIST', NULL, '0', '0', 280, NULL, 25, 'L', '0', '1', NULL, NULL, NULL, NULL);
INSERT INTO fields (field_id, org_id, form_id, question, field_lookup, field_type, field_class, field_bold, field_italics, field_order, share_line, field_size, label_position, manditory, show, details, tab, field_name, field_fnct) VALUES (410, 0, 8, 'Referees Information:', NULL, 'TITLE', NULL, '0', '0', 290, NULL, 25, 'L', '0', '1', NULL, NULL, NULL, NULL);
INSERT INTO fields (field_id, org_id, form_id, question, field_lookup, field_type, field_class, field_bold, field_italics, field_order, share_line, field_size, label_position, manditory, show, details, tab, field_name, field_fnct) VALUES (606, 0, 10, 'NOTE TO REFEREE:  The Admissions Committee seeks students who have the capacity to succeed academically and professionally and who show promise of commitment to serving mankind.  Your frank appraisal will assist the Admissions Committee in evaluating the applicants qualifications.  Please return this completed form as soon as possible to this address:  The Secretary, School of Postgraduate Studies, Babcock University, P.M.B. 21244, Ikeja, Lagos, Nigeria.', NULL, 'TITLE', NULL, '0', '0', 80, NULL, 25, 'L', '0', '1', NULL, NULL, NULL, NULL);
INSERT INTO fields (field_id, org_id, form_id, question, field_lookup, field_type, field_class, field_bold, field_italics, field_order, share_line, field_size, label_position, manditory, show, details, tab, field_name, field_fnct) VALUES (607, 0, 10, 'Please indicate programme for which applying', 'SELECT majorid,majorname FROM majors;', 'SELECT', NULL, '0', '0', 50, NULL, 25, 'L', '0', '1', NULL, NULL, NULL, NULL);
INSERT INTO fields (field_id, org_id, form_id, question, field_lookup, field_type, field_class, field_bold, field_italics, field_order, share_line, field_size, label_position, manditory, show, details, tab, field_name, field_fnct) VALUES (608, 0, 10, 'First Name', NULL, 'TEXTFIELD', NULL, '0', '0', 30, 20, 20, 'L', '0', '1', NULL, NULL, NULL, NULL);
INSERT INTO fields (field_id, org_id, form_id, question, field_lookup, field_type, field_class, field_bold, field_italics, field_order, share_line, field_size, label_position, manditory, show, details, tab, field_name, field_fnct) VALUES (609, 0, 10, 'Last Name', NULL, 'TEXTFIELD', NULL, '0', '0', 40, 20, 20, 'L', '0', '1', NULL, NULL, NULL, NULL);
INSERT INTO fields (field_id, org_id, form_id, question, field_lookup, field_type, field_class, field_bold, field_italics, field_order, share_line, field_size, label_position, manditory, show, details, tab, field_name, field_fnct) VALUES (610, 0, 10, 'Signature:', NULL, 'TEXTFIELD', NULL, '0', '0', 60, 60, 35, 'L', '0', '1', NULL, NULL, NULL, NULL);
INSERT INTO fields (field_id, org_id, form_id, question, field_lookup, field_type, field_class, field_bold, field_italics, field_order, share_line, field_size, label_position, manditory, show, details, tab, field_name, field_fnct) VALUES (611, 0, 10, 'Date:', NULL, 'DATE', NULL, '0', '0', 70, 60, 34, 'L', '0', '1', NULL, NULL, NULL, NULL);
INSERT INTO fields (field_id, org_id, form_id, question, field_lookup, field_type, field_class, field_bold, field_italics, field_order, share_line, field_size, label_position, manditory, show, details, tab, field_name, field_fnct) VALUES (392, 0, 8, '3)  Please describe any personal, physical or emotional characteristics that you believe may be important to the applicants success.', NULL, 'TEXTFIELD', NULL, '0', '0', 110, NULL, 24, 'L', '0', '1', NULL, NULL, NULL, NULL);
INSERT INTO fields (field_id, org_id, form_id, question, field_lookup, field_type, field_class, field_bold, field_italics, field_order, share_line, field_size, label_position, manditory, show, details, tab, field_name, field_fnct) VALUES (612, 0, 10, 'Rate the applicants qualifications:', NULL, 'TITLE', NULL, '0', '0', 140, NULL, 25, 'L', '0', '1', NULL, NULL, NULL, NULL);
INSERT INTO fields (field_id, org_id, form_id, question, field_lookup, field_type, field_class, field_bold, field_italics, field_order, share_line, field_size, label_position, manditory, show, details, tab, field_name, field_fnct) VALUES (613, 0, 10, 'Intellectual ability', ' Outstanding (Upper 10%)  #  Excellent(Upper 25%)	#  Good (Upper (50%) #  Below Average (Lower 50%)#No Basis for  judgment
', 'LIST', NULL, '0', '0', 150, NULL, 25, 'L', '0', '1', NULL, NULL, NULL, NULL);
INSERT INTO fields (field_id, org_id, form_id, question, field_lookup, field_type, field_class, field_bold, field_italics, field_order, share_line, field_size, label_position, manditory, show, details, tab, field_name, field_fnct) VALUES (614, 0, 10, 'Commitment to service', ' Outstanding (Upper 10%)  #  Excellent(Upper 25%)	#  Good (Upper (50%) #  Below Average (Lower 50%)#No Basis for  judgment', 'LIST', NULL, '0', '0', 160, NULL, 25, 'L', '0', '1', NULL, NULL, NULL, NULL);
INSERT INTO fields (field_id, org_id, form_id, question, field_lookup, field_type, field_class, field_bold, field_italics, field_order, share_line, field_size, label_position, manditory, show, details, tab, field_name, field_fnct) VALUES (615, 0, 10, ' Integrity', 'Outstanding (Upper 10%)  #  Excellent(Upper 25%)	#  Good (Upper (50%) #  Below Average (Lower 50%)#No Basis for  judgment', 'LIST', NULL, '0', '0', 170, NULL, 25, 'L', '0', '1', NULL, NULL, NULL, NULL);
INSERT INTO fields (field_id, org_id, form_id, question, field_lookup, field_type, field_class, field_bold, field_italics, field_order, share_line, field_size, label_position, manditory, show, details, tab, field_name, field_fnct) VALUES (616, 0, 10, 'Cooperation', 'Outstanding (Upper 10%)  #  Excellent(Upper 25%)	#  Good (Upper (50%) #  Below Average (Lower 50%)#No Basis for  judgment', 'LIST', NULL, '0', '0', 180, NULL, 25, 'L', '0', '1', NULL, NULL, NULL, NULL);
INSERT INTO fields (field_id, org_id, form_id, question, field_lookup, field_type, field_class, field_bold, field_italics, field_order, share_line, field_size, label_position, manditory, show, details, tab, field_name, field_fnct) VALUES (617, 0, 10, 'Cooperation', 'Outstanding (Upper 10%)  #  Excellent(Upper 25%)	#  Good (Upper (50%) #  Below Average (Lower 50%)#No Basis for  judgment', 'LIST', NULL, '0', '0', 190, NULL, 25, 'L', '0', '1', NULL, NULL, NULL, NULL);
INSERT INTO fields (field_id, org_id, form_id, question, field_lookup, field_type, field_class, field_bold, field_italics, field_order, share_line, field_size, label_position, manditory, show, details, tab, field_name, field_fnct) VALUES (390, 0, 8, '1)  In what relationship and for how long have you known the applicant?', NULL, 'TEXTFIELD', NULL, '0', '0', 90, NULL, 53, 'L', '0', '1', NULL, NULL, NULL, NULL);
INSERT INTO fields (field_id, org_id, form_id, question, field_lookup, field_type, field_class, field_bold, field_italics, field_order, share_line, field_size, label_position, manditory, show, details, tab, field_name, field_fnct) VALUES (394, 0, 8, '5)  Please note any additional or special information that may assist the admissions committee in evaluating this applicant.', NULL, 'TEXTFIELD', NULL, '0', '0', 130, NULL, 28, 'L', '0', '1', NULL, NULL, NULL, NULL);
INSERT INTO fields (field_id, org_id, form_id, question, field_lookup, field_type, field_class, field_bold, field_italics, field_order, share_line, field_size, label_position, manditory, show, details, tab, field_name, field_fnct) VALUES (391, 0, 8, '2)  To what degree does the applicants grades reflect his/her academic potential?', NULL, 'TEXTFIELD', NULL, '0', '0', 100, NULL, 49, 'L', '0', '1', NULL, NULL, NULL, NULL);
INSERT INTO fields (field_id, org_id, form_id, question, field_lookup, field_type, field_class, field_bold, field_italics, field_order, share_line, field_size, label_position, manditory, show, details, tab, field_name, field_fnct) VALUES (393, 0, 8, '4)  Describe the degree to which the applicant would be supportive of the Christian lifestyle and distinctive mission of Babcock University Building people for leadership through quality Christian education, transforming lives, impacting society for positive change through the pervading influence of our graduates in service to humanity', NULL, 'TEXTFIELD', NULL, '0', '0', 120, NULL, 52, 'L', '0', '1', NULL, NULL, NULL, NULL);
INSERT INTO fields (field_id, org_id, form_id, question, field_lookup, field_type, field_class, field_bold, field_italics, field_order, share_line, field_size, label_position, manditory, show, details, tab, field_name, field_fnct) VALUES (411, 0, 8, 'Name', NULL, 'TEXTFIELD', NULL, '0', '0', 300, NULL, 50, 'L', '0', '1', NULL, NULL, NULL, NULL);
INSERT INTO fields (field_id, org_id, form_id, question, field_lookup, field_type, field_class, field_bold, field_italics, field_order, share_line, field_size, label_position, manditory, show, details, tab, field_name, field_fnct) VALUES (413, 0, 8, 'Telephone:', NULL, 'TEXTFIELD', NULL, '0', '0', 320, NULL, 48, 'L', '0', '1', NULL, NULL, NULL, NULL);
INSERT INTO fields (field_id, org_id, form_id, question, field_lookup, field_type, field_class, field_bold, field_italics, field_order, share_line, field_size, label_position, manditory, show, details, tab, field_name, field_fnct) VALUES (412, 0, 8, 'Address', NULL, 'TEXTFIELD', NULL, '0', '0', 310, NULL, 49, 'L', '0', '1', NULL, NULL, NULL, NULL);
INSERT INTO fields (field_id, org_id, form_id, question, field_lookup, field_type, field_class, field_bold, field_italics, field_order, share_line, field_size, label_position, manditory, show, details, tab, field_name, field_fnct) VALUES (414, 0, 8, 'Position/Title', NULL, 'TEXTFIELD', NULL, '0', '0', 330, NULL, 46, 'L', '0', '1', NULL, NULL, NULL, NULL);
INSERT INTO fields (field_id, org_id, form_id, question, field_lookup, field_type, field_class, field_bold, field_italics, field_order, share_line, field_size, label_position, manditory, show, details, tab, field_name, field_fnct) VALUES (415, 0, 8, 'Signature', NULL, 'TEXTFIELD', NULL, '0', '0', 340, NULL, 48, 'L', '0', '1', NULL, NULL, NULL, NULL);
INSERT INTO fields (field_id, org_id, form_id, question, field_lookup, field_type, field_class, field_bold, field_italics, field_order, share_line, field_size, label_position, manditory, show, details, tab, field_name, field_fnct) VALUES (416, 0, 8, 'Date', NULL, 'DATE', NULL, '0', '0', 350, NULL, 51, 'L', '0', '1', NULL, NULL, NULL, NULL);
INSERT INTO fields (field_id, org_id, form_id, question, field_lookup, field_type, field_class, field_bold, field_italics, field_order, share_line, field_size, label_position, manditory, show, details, tab, field_name, field_fnct) VALUES (618, 0, 10, 'Maturity', 'Outstanding (Upper 10%)  #  Excellent(Upper 25%)	#  Good (Upper (50%) #  Below Average (Lower 50%)#No Basis for  judgment', 'LIST', NULL, '0', '0', 200, NULL, 25, 'L', '0', '1', NULL, NULL, NULL, NULL);
INSERT INTO fields (field_id, org_id, form_id, question, field_lookup, field_type, field_class, field_bold, field_italics, field_order, share_line, field_size, label_position, manditory, show, details, tab, field_name, field_fnct) VALUES (619, 0, 10, 'Self Motivation', 'Outstanding (Upper 10%)  #  Excellent(Upper 25%)	#  Good (Upper (50%) #  Below Average (Lower 50%)#No Basis for  judgment', 'LIST', NULL, '0', '0', 210, NULL, 25, 'L', '0', '1', NULL, NULL, NULL, NULL);
INSERT INTO fields (field_id, org_id, form_id, question, field_lookup, field_type, field_class, field_bold, field_italics, field_order, share_line, field_size, label_position, manditory, show, details, tab, field_name, field_fnct) VALUES (620, 0, 10, 'Interpersonal Relationship', 'Outstanding (Upper 10%)  #  Excellent(Upper 25%)	#  Good (Upper (50%) #  Below Average (Lower 50%)#No Basis for  judgment', 'LIST', NULL, '0', '0', 220, NULL, 25, 'L', '0', '1', NULL, NULL, NULL, NULL);
INSERT INTO fields (field_id, org_id, form_id, question, field_lookup, field_type, field_class, field_bold, field_italics, field_order, share_line, field_size, label_position, manditory, show, details, tab, field_name, field_fnct) VALUES (621, 0, 10, 'Emotional Stability', 'Outstanding (Upper 10%)  #  Excellent(Upper 25%)	#  Good (Upper (50%) #  Below Average (Lower 50%)#No Basis for  judgment', 'LIST', NULL, '0', '0', 230, NULL, 25, 'L', '0', '1', NULL, NULL, NULL, NULL);
INSERT INTO fields (field_id, org_id, form_id, question, field_lookup, field_type, field_class, field_bold, field_italics, field_order, share_line, field_size, label_position, manditory, show, details, tab, field_name, field_fnct) VALUES (622, 0, 10, 'Personality', 'Outstanding (Upper 10%)  #  Excellent(Upper 25%)	#  Good (Upper (50%) #  Below Average (Lower 50%)#No Basis for  judgment', 'LIST', NULL, '0', '0', 240, NULL, 25, 'L', '0', '1', NULL, NULL, NULL, NULL);
INSERT INTO fields (field_id, org_id, form_id, question, field_lookup, field_type, field_class, field_bold, field_italics, field_order, share_line, field_size, label_position, manditory, show, details, tab, field_name, field_fnct) VALUES (623, 0, 10, 'Oral Language/Knowledge of English Language', 'Outstanding (Upper 10%)  #  Excellent(Upper 25%)	#  Good (Upper (50%) #  Below Average (Lower 50%)#No Basis for  judgment', 'LIST', NULL, '0', '0', 250, NULL, 25, 'L', '0', '1', NULL, NULL, NULL, NULL);
INSERT INTO fields (field_id, org_id, form_id, question, field_lookup, field_type, field_class, field_bold, field_italics, field_order, share_line, field_size, label_position, manditory, show, details, tab, field_name, field_fnct) VALUES (624, 0, 10, 'Please Provide the overall recommendation.', NULL, 'TITLE', NULL, '0', '0', 260, NULL, 25, 'L', '0', '1', NULL, NULL, NULL, NULL);
INSERT INTO fields (field_id, org_id, form_id, question, field_lookup, field_type, field_class, field_bold, field_italics, field_order, share_line, field_size, label_position, manditory, show, details, tab, field_name, field_fnct) VALUES (625, 0, 10, 'Academic Recommedation', 'Highly Recommended#Recommended#Lowly Recommended#Not Recommended', 'LIST', NULL, '0', '0', 270, NULL, 25, 'L', '0', '1', NULL, NULL, NULL, NULL);
INSERT INTO fields (field_id, org_id, form_id, question, field_lookup, field_type, field_class, field_bold, field_italics, field_order, share_line, field_size, label_position, manditory, show, details, tab, field_name, field_fnct) VALUES (626, 0, 10, 'Non Academic Qualification', 'Highly Recommended#Recommended#Lowly Recommended#Not Recommended', 'LIST', NULL, '0', '0', 280, NULL, 25, 'L', '0', '1', NULL, NULL, NULL, NULL);
INSERT INTO fields (field_id, org_id, form_id, question, field_lookup, field_type, field_class, field_bold, field_italics, field_order, share_line, field_size, label_position, manditory, show, details, tab, field_name, field_fnct) VALUES (627, 0, 10, 'Referees Information:', NULL, 'TITLE', NULL, '0', '0', 290, NULL, 25, 'L', '0', '1', NULL, NULL, NULL, NULL);
INSERT INTO fields (field_id, org_id, form_id, question, field_lookup, field_type, field_class, field_bold, field_italics, field_order, share_line, field_size, label_position, manditory, show, details, tab, field_name, field_fnct) VALUES (628, 0, 10, '3)  Please describe any personal, physical or emotional characteristics that you believe may be important to the applicants success.', NULL, 'TEXTFIELD', NULL, '0', '0', 110, NULL, 24, 'L', '0', '1', NULL, NULL, NULL, NULL);
INSERT INTO fields (field_id, org_id, form_id, question, field_lookup, field_type, field_class, field_bold, field_italics, field_order, share_line, field_size, label_position, manditory, show, details, tab, field_name, field_fnct) VALUES (629, 0, 10, '1)  In what relationship and for how long have you known the applicant?', NULL, 'TEXTFIELD', NULL, '0', '0', 90, NULL, 53, 'L', '0', '1', NULL, NULL, NULL, NULL);
INSERT INTO fields (field_id, org_id, form_id, question, field_lookup, field_type, field_class, field_bold, field_italics, field_order, share_line, field_size, label_position, manditory, show, details, tab, field_name, field_fnct) VALUES (630, 0, 10, '5)  Please note any additional or special information that may assist the admissions committee in evaluating this applicant.', NULL, 'TEXTFIELD', NULL, '0', '0', 130, NULL, 28, 'L', '0', '1', NULL, NULL, NULL, NULL);
INSERT INTO fields (field_id, org_id, form_id, question, field_lookup, field_type, field_class, field_bold, field_italics, field_order, share_line, field_size, label_position, manditory, show, details, tab, field_name, field_fnct) VALUES (631, 0, 10, '2)  To what degree does the applicants grades reflect his/her academic potential?', NULL, 'TEXTFIELD', NULL, '0', '0', 100, NULL, 49, 'L', '0', '1', NULL, NULL, NULL, NULL);
INSERT INTO fields (field_id, org_id, form_id, question, field_lookup, field_type, field_class, field_bold, field_italics, field_order, share_line, field_size, label_position, manditory, show, details, tab, field_name, field_fnct) VALUES (632, 0, 10, '4)  Describe the degree to which the applicant would be supportive of the Christian lifestyle and distinctive mission of Babcock University Building people for leadership through quality Christian education, transforming lives, impacting society for positive change through the pervading influence of our graduates in service to humanity', NULL, 'TEXTFIELD', NULL, '0', '0', 120, NULL, 52, 'L', '0', '1', NULL, NULL, NULL, NULL);
INSERT INTO fields (field_id, org_id, form_id, question, field_lookup, field_type, field_class, field_bold, field_italics, field_order, share_line, field_size, label_position, manditory, show, details, tab, field_name, field_fnct) VALUES (633, 0, 10, 'Name', NULL, 'TEXTFIELD', NULL, '0', '0', 300, NULL, 50, 'L', '0', '1', NULL, NULL, NULL, NULL);
INSERT INTO fields (field_id, org_id, form_id, question, field_lookup, field_type, field_class, field_bold, field_italics, field_order, share_line, field_size, label_position, manditory, show, details, tab, field_name, field_fnct) VALUES (634, 0, 10, 'Telephone:', NULL, 'TEXTFIELD', NULL, '0', '0', 320, NULL, 48, 'L', '0', '1', NULL, NULL, NULL, NULL);
INSERT INTO fields (field_id, org_id, form_id, question, field_lookup, field_type, field_class, field_bold, field_italics, field_order, share_line, field_size, label_position, manditory, show, details, tab, field_name, field_fnct) VALUES (635, 0, 10, 'Address', NULL, 'TEXTFIELD', NULL, '0', '0', 310, NULL, 49, 'L', '0', '1', NULL, NULL, NULL, NULL);
INSERT INTO fields (field_id, org_id, form_id, question, field_lookup, field_type, field_class, field_bold, field_italics, field_order, share_line, field_size, label_position, manditory, show, details, tab, field_name, field_fnct) VALUES (636, 0, 10, 'Position/Title', NULL, 'TEXTFIELD', NULL, '0', '0', 330, NULL, 46, 'L', '0', '1', NULL, NULL, NULL, NULL);
INSERT INTO fields (field_id, org_id, form_id, question, field_lookup, field_type, field_class, field_bold, field_italics, field_order, share_line, field_size, label_position, manditory, show, details, tab, field_name, field_fnct) VALUES (637, 0, 10, 'Signature', NULL, 'TEXTFIELD', NULL, '0', '0', 340, NULL, 48, 'L', '0', '1', NULL, NULL, NULL, NULL);
INSERT INTO fields (field_id, org_id, form_id, question, field_lookup, field_type, field_class, field_bold, field_italics, field_order, share_line, field_size, label_position, manditory, show, details, tab, field_name, field_fnct) VALUES (638, 0, 10, 'Date', NULL, 'DATE', NULL, '0', '0', 350, NULL, 51, 'L', '0', '1', NULL, NULL, NULL, NULL);
INSERT INTO fields (field_id, org_id, form_id, question, field_lookup, field_type, field_class, field_bold, field_italics, field_order, share_line, field_size, label_position, manditory, show, details, tab, field_name, field_fnct) VALUES (373, 0, 6, ' (In 200 -300 words, write why you want to take a postgraduate programme in your chosen course)', NULL, 'TEXTFIELD', NULL, '0', '0', 40, NULL, 100, 'L', '0', '1', NULL, NULL, NULL, NULL);
INSERT INTO fields (field_id, org_id, form_id, question, field_lookup, field_type, field_class, field_bold, field_italics, field_order, share_line, field_size, label_position, manditory, show, details, tab, field_name, field_fnct) VALUES (320, 0, 5, 'Phone No. (include area code/intl access code where appropriate)', NULL, 'TEXTFIELD', NULL, '0', '0', 210, NULL, 55, 'L', '0', '1', NULL, NULL, NULL, NULL);
INSERT INTO fields (field_id, org_id, form_id, question, field_lookup, field_type, field_class, field_bold, field_italics, field_order, share_line, field_size, label_position, manditory, show, details, tab, field_name, field_fnct) VALUES (346, 0, 5, 'Phone No. (include area code/intl access code)', NULL, 'TEXTFIELD', NULL, '0', '0', 470, 470, 30, 'L', '0', '1', NULL, NULL, NULL, NULL);
INSERT INTO fields (field_id, org_id, form_id, question, field_lookup, field_type, field_class, field_bold, field_italics, field_order, share_line, field_size, label_position, manditory, show, details, tab, field_name, field_fnct) VALUES (363, 0, 5, 'Give any other information which you consider relevant to this application including honours and awards.', NULL, 'TEXTFIELD', NULL, '0', '0', 640, NULL, 35, 'L', '0', '1', NULL, NULL, NULL, NULL);
INSERT INTO fields (field_id, org_id, form_id, question, field_lookup, field_type, field_class, field_bold, field_italics, field_order, share_line, field_size, label_position, manditory, show, details, tab, field_name, field_fnct) VALUES (534, 0, 9, '(This Section to be completed by applicant)', NULL, 'TITLE', NULL, '0', '0', 10, NULL, 25, 'L', '0', '1', NULL, NULL, NULL, NULL);
INSERT INTO fields (field_id, org_id, form_id, question, field_lookup, field_type, field_class, field_bold, field_italics, field_order, share_line, field_size, label_position, manditory, show, details, tab, field_name, field_fnct) VALUES (535, 0, 9, 'Surname:', NULL, 'TEXTFIELD', NULL, '0', '0', 20, 20, 20, 'L', '0', '1', NULL, NULL, NULL, NULL);
INSERT INTO fields (field_id, org_id, form_id, question, field_lookup, field_type, field_class, field_bold, field_italics, field_order, share_line, field_size, label_position, manditory, show, details, tab, field_name, field_fnct) VALUES (536, 0, 9, 'NOTE TO REFEREE:  The Admissions Committee seeks students who have the capacity to succeed academically and professionally and who show promise of commitment to serving mankind.  Your frank appraisal will assist the Admissions Committee in evaluating the applicants qualifications.  Please return this completed form as soon as possible to this address:  The Secretary, School of Postgraduate Studies, Babcock University, P.M.B. 21244, Ikeja, Lagos, Nigeria.', NULL, 'TITLE', NULL, '0', '0', 80, NULL, 25, 'L', '0', '1', NULL, NULL, NULL, NULL);
INSERT INTO fields (field_id, org_id, form_id, question, field_lookup, field_type, field_class, field_bold, field_italics, field_order, share_line, field_size, label_position, manditory, show, details, tab, field_name, field_fnct) VALUES (537, 0, 9, 'Please indicate programme for which applying', 'SELECT majorid,majorname FROM majors;', 'SELECT', NULL, '0', '0', 50, NULL, 25, 'L', '0', '1', NULL, NULL, NULL, NULL);
INSERT INTO fields (field_id, org_id, form_id, question, field_lookup, field_type, field_class, field_bold, field_italics, field_order, share_line, field_size, label_position, manditory, show, details, tab, field_name, field_fnct) VALUES (538, 0, 9, 'First Name', NULL, 'TEXTFIELD', NULL, '0', '0', 30, 20, 20, 'L', '0', '1', NULL, NULL, NULL, NULL);
INSERT INTO fields (field_id, org_id, form_id, question, field_lookup, field_type, field_class, field_bold, field_italics, field_order, share_line, field_size, label_position, manditory, show, details, tab, field_name, field_fnct) VALUES (539, 0, 9, 'Last Name', NULL, 'TEXTFIELD', NULL, '0', '0', 40, 20, 20, 'L', '0', '1', NULL, NULL, NULL, NULL);
INSERT INTO fields (field_id, org_id, form_id, question, field_lookup, field_type, field_class, field_bold, field_italics, field_order, share_line, field_size, label_position, manditory, show, details, tab, field_name, field_fnct) VALUES (540, 0, 9, 'Signature:', NULL, 'TEXTFIELD', NULL, '0', '0', 60, 60, 35, 'L', '0', '1', NULL, NULL, NULL, NULL);
INSERT INTO fields (field_id, org_id, form_id, question, field_lookup, field_type, field_class, field_bold, field_italics, field_order, share_line, field_size, label_position, manditory, show, details, tab, field_name, field_fnct) VALUES (541, 0, 9, 'Date:', NULL, 'DATE', NULL, '0', '0', 70, 60, 34, 'L', '0', '1', NULL, NULL, NULL, NULL);
INSERT INTO fields (field_id, org_id, form_id, question, field_lookup, field_type, field_class, field_bold, field_italics, field_order, share_line, field_size, label_position, manditory, show, details, tab, field_name, field_fnct) VALUES (542, 0, 9, 'Rate the applicants qualifications:', NULL, 'TITLE', NULL, '0', '0', 140, NULL, 25, 'L', '0', '1', NULL, NULL, NULL, NULL);
INSERT INTO fields (field_id, org_id, form_id, question, field_lookup, field_type, field_class, field_bold, field_italics, field_order, share_line, field_size, label_position, manditory, show, details, tab, field_name, field_fnct) VALUES (543, 0, 9, 'Intellectual ability', ' Outstanding (Upper 10%)  #  Excellent(Upper 25%)	#  Good (Upper (50%) #  Below Average (Lower 50%)#No Basis for  judgment
', 'LIST', NULL, '0', '0', 150, NULL, 25, 'L', '0', '1', NULL, NULL, NULL, NULL);
INSERT INTO fields (field_id, org_id, form_id, question, field_lookup, field_type, field_class, field_bold, field_italics, field_order, share_line, field_size, label_position, manditory, show, details, tab, field_name, field_fnct) VALUES (544, 0, 9, 'Commitment to service', ' Outstanding (Upper 10%)  #  Excellent(Upper 25%)	#  Good (Upper (50%) #  Below Average (Lower 50%)#No Basis for  judgment', 'LIST', NULL, '0', '0', 160, NULL, 25, 'L', '0', '1', NULL, NULL, NULL, NULL);
INSERT INTO fields (field_id, org_id, form_id, question, field_lookup, field_type, field_class, field_bold, field_italics, field_order, share_line, field_size, label_position, manditory, show, details, tab, field_name, field_fnct) VALUES (545, 0, 9, ' Integrity', 'Outstanding (Upper 10%)  #  Excellent(Upper 25%)	#  Good (Upper (50%) #  Below Average (Lower 50%)#No Basis for  judgment', 'LIST', NULL, '0', '0', 170, NULL, 25, 'L', '0', '1', NULL, NULL, NULL, NULL);
INSERT INTO fields (field_id, org_id, form_id, question, field_lookup, field_type, field_class, field_bold, field_italics, field_order, share_line, field_size, label_position, manditory, show, details, tab, field_name, field_fnct) VALUES (546, 0, 9, 'Cooperation', 'Outstanding (Upper 10%)  #  Excellent(Upper 25%)	#  Good (Upper (50%) #  Below Average (Lower 50%)#No Basis for  judgment', 'LIST', NULL, '0', '0', 180, NULL, 25, 'L', '0', '1', NULL, NULL, NULL, NULL);
INSERT INTO fields (field_id, org_id, form_id, question, field_lookup, field_type, field_class, field_bold, field_italics, field_order, share_line, field_size, label_position, manditory, show, details, tab, field_name, field_fnct) VALUES (547, 0, 9, 'Cooperation', 'Outstanding (Upper 10%)  #  Excellent(Upper 25%)	#  Good (Upper (50%) #  Below Average (Lower 50%)#No Basis for  judgment', 'LIST', NULL, '0', '0', 190, NULL, 25, 'L', '0', '1', NULL, NULL, NULL, NULL);
INSERT INTO fields (field_id, org_id, form_id, question, field_lookup, field_type, field_class, field_bold, field_italics, field_order, share_line, field_size, label_position, manditory, show, details, tab, field_name, field_fnct) VALUES (548, 0, 9, 'Maturity', 'Outstanding (Upper 10%)  #  Excellent(Upper 25%)	#  Good (Upper (50%) #  Below Average (Lower 50%)#No Basis for  judgment', 'LIST', NULL, '0', '0', 200, NULL, 25, 'L', '0', '1', NULL, NULL, NULL, NULL);
INSERT INTO fields (field_id, org_id, form_id, question, field_lookup, field_type, field_class, field_bold, field_italics, field_order, share_line, field_size, label_position, manditory, show, details, tab, field_name, field_fnct) VALUES (549, 0, 9, 'Self Motivation', 'Outstanding (Upper 10%)  #  Excellent(Upper 25%)	#  Good (Upper (50%) #  Below Average (Lower 50%)#No Basis for  judgment', 'LIST', NULL, '0', '0', 210, NULL, 25, 'L', '0', '1', NULL, NULL, NULL, NULL);
INSERT INTO fields (field_id, org_id, form_id, question, field_lookup, field_type, field_class, field_bold, field_italics, field_order, share_line, field_size, label_position, manditory, show, details, tab, field_name, field_fnct) VALUES (550, 0, 9, 'Interpersonal Relationship', 'Outstanding (Upper 10%)  #  Excellent(Upper 25%)	#  Good (Upper (50%) #  Below Average (Lower 50%)#No Basis for  judgment', 'LIST', NULL, '0', '0', 220, NULL, 25, 'L', '0', '1', NULL, NULL, NULL, NULL);
INSERT INTO fields (field_id, org_id, form_id, question, field_lookup, field_type, field_class, field_bold, field_italics, field_order, share_line, field_size, label_position, manditory, show, details, tab, field_name, field_fnct) VALUES (551, 0, 9, 'Emotional Stability', 'Outstanding (Upper 10%)  #  Excellent(Upper 25%)	#  Good (Upper (50%) #  Below Average (Lower 50%)#No Basis for  judgment', 'LIST', NULL, '0', '0', 230, NULL, 25, 'L', '0', '1', NULL, NULL, NULL, NULL);
INSERT INTO fields (field_id, org_id, form_id, question, field_lookup, field_type, field_class, field_bold, field_italics, field_order, share_line, field_size, label_position, manditory, show, details, tab, field_name, field_fnct) VALUES (552, 0, 9, 'Personality', 'Outstanding (Upper 10%)  #  Excellent(Upper 25%)	#  Good (Upper (50%) #  Below Average (Lower 50%)#No Basis for  judgment', 'LIST', NULL, '0', '0', 240, NULL, 25, 'L', '0', '1', NULL, NULL, NULL, NULL);
INSERT INTO fields (field_id, org_id, form_id, question, field_lookup, field_type, field_class, field_bold, field_italics, field_order, share_line, field_size, label_position, manditory, show, details, tab, field_name, field_fnct) VALUES (553, 0, 9, 'Oral Language/Knowledge of English Language', 'Outstanding (Upper 10%)  #  Excellent(Upper 25%)	#  Good (Upper (50%) #  Below Average (Lower 50%)#No Basis for  judgment', 'LIST', NULL, '0', '0', 250, NULL, 25, 'L', '0', '1', NULL, NULL, NULL, NULL);
INSERT INTO fields (field_id, org_id, form_id, question, field_lookup, field_type, field_class, field_bold, field_italics, field_order, share_line, field_size, label_position, manditory, show, details, tab, field_name, field_fnct) VALUES (554, 0, 9, 'Please Provide the overall recommendation.', NULL, 'TITLE', NULL, '0', '0', 260, NULL, 25, 'L', '0', '1', NULL, NULL, NULL, NULL);
INSERT INTO fields (field_id, org_id, form_id, question, field_lookup, field_type, field_class, field_bold, field_italics, field_order, share_line, field_size, label_position, manditory, show, details, tab, field_name, field_fnct) VALUES (555, 0, 9, 'Academic Recommedation', 'Highly Recommended#Recommended#Lowly Recommended#Not Recommended', 'LIST', NULL, '0', '0', 270, NULL, 25, 'L', '0', '1', NULL, NULL, NULL, NULL);
INSERT INTO fields (field_id, org_id, form_id, question, field_lookup, field_type, field_class, field_bold, field_italics, field_order, share_line, field_size, label_position, manditory, show, details, tab, field_name, field_fnct) VALUES (556, 0, 9, 'Non Academic Qualification', 'Highly Recommended#Recommended#Lowly Recommended#Not Recommended', 'LIST', NULL, '0', '0', 280, NULL, 25, 'L', '0', '1', NULL, NULL, NULL, NULL);
INSERT INTO fields (field_id, org_id, form_id, question, field_lookup, field_type, field_class, field_bold, field_italics, field_order, share_line, field_size, label_position, manditory, show, details, tab, field_name, field_fnct) VALUES (557, 0, 9, 'Referees Information:', NULL, 'TITLE', NULL, '0', '0', 290, NULL, 25, 'L', '0', '1', NULL, NULL, NULL, NULL);
INSERT INTO fields (field_id, org_id, form_id, question, field_lookup, field_type, field_class, field_bold, field_italics, field_order, share_line, field_size, label_position, manditory, show, details, tab, field_name, field_fnct) VALUES (558, 0, 9, '3)  Please describe any personal, physical or emotional characteristics that you believe may be important to the applicants success.', NULL, 'TEXTFIELD', NULL, '0', '0', 110, NULL, 24, 'L', '0', '1', NULL, NULL, NULL, NULL);
INSERT INTO fields (field_id, org_id, form_id, question, field_lookup, field_type, field_class, field_bold, field_italics, field_order, share_line, field_size, label_position, manditory, show, details, tab, field_name, field_fnct) VALUES (559, 0, 9, '1)  In what relationship and for how long have you known the applicant?', NULL, 'TEXTFIELD', NULL, '0', '0', 90, NULL, 53, 'L', '0', '1', NULL, NULL, NULL, NULL);
INSERT INTO fields (field_id, org_id, form_id, question, field_lookup, field_type, field_class, field_bold, field_italics, field_order, share_line, field_size, label_position, manditory, show, details, tab, field_name, field_fnct) VALUES (560, 0, 9, '5)  Please note any additional or special information that may assist the admissions committee in evaluating this applicant.', NULL, 'TEXTFIELD', NULL, '0', '0', 130, NULL, 28, 'L', '0', '1', NULL, NULL, NULL, NULL);
INSERT INTO fields (field_id, org_id, form_id, question, field_lookup, field_type, field_class, field_bold, field_italics, field_order, share_line, field_size, label_position, manditory, show, details, tab, field_name, field_fnct) VALUES (561, 0, 9, '2)  To what degree does the applicants grades reflect his/her academic potential?', NULL, 'TEXTFIELD', NULL, '0', '0', 100, NULL, 49, 'L', '0', '1', NULL, NULL, NULL, NULL);
INSERT INTO fields (field_id, org_id, form_id, question, field_lookup, field_type, field_class, field_bold, field_italics, field_order, share_line, field_size, label_position, manditory, show, details, tab, field_name, field_fnct) VALUES (562, 0, 9, '4)  Describe the degree to which the applicant would be supportive of the Christian lifestyle and distinctive mission of Babcock University Building people for leadership through quality Christian education, transforming lives, impacting society for positive change through the pervading influence of our graduates in service to humanity', NULL, 'TEXTFIELD', NULL, '0', '0', 120, NULL, 52, 'L', '0', '1', NULL, NULL, NULL, NULL);
INSERT INTO fields (field_id, org_id, form_id, question, field_lookup, field_type, field_class, field_bold, field_italics, field_order, share_line, field_size, label_position, manditory, show, details, tab, field_name, field_fnct) VALUES (563, 0, 9, 'Name', NULL, 'TEXTFIELD', NULL, '0', '0', 300, NULL, 50, 'L', '0', '1', NULL, NULL, NULL, NULL);
INSERT INTO fields (field_id, org_id, form_id, question, field_lookup, field_type, field_class, field_bold, field_italics, field_order, share_line, field_size, label_position, manditory, show, details, tab, field_name, field_fnct) VALUES (564, 0, 9, 'Telephone:', NULL, 'TEXTFIELD', NULL, '0', '0', 320, NULL, 48, 'L', '0', '1', NULL, NULL, NULL, NULL);
INSERT INTO fields (field_id, org_id, form_id, question, field_lookup, field_type, field_class, field_bold, field_italics, field_order, share_line, field_size, label_position, manditory, show, details, tab, field_name, field_fnct) VALUES (565, 0, 9, 'Address', NULL, 'TEXTFIELD', NULL, '0', '0', 310, NULL, 49, 'L', '0', '1', NULL, NULL, NULL, NULL);
INSERT INTO fields (field_id, org_id, form_id, question, field_lookup, field_type, field_class, field_bold, field_italics, field_order, share_line, field_size, label_position, manditory, show, details, tab, field_name, field_fnct) VALUES (566, 0, 9, 'Position/Title', NULL, 'TEXTFIELD', NULL, '0', '0', 330, NULL, 46, 'L', '0', '1', NULL, NULL, NULL, NULL);
INSERT INTO fields (field_id, org_id, form_id, question, field_lookup, field_type, field_class, field_bold, field_italics, field_order, share_line, field_size, label_position, manditory, show, details, tab, field_name, field_fnct) VALUES (567, 0, 9, 'Signature', NULL, 'TEXTFIELD', NULL, '0', '0', 340, NULL, 48, 'L', '0', '1', NULL, NULL, NULL, NULL);
INSERT INTO fields (field_id, org_id, form_id, question, field_lookup, field_type, field_class, field_bold, field_italics, field_order, share_line, field_size, label_position, manditory, show, details, tab, field_name, field_fnct) VALUES (568, 0, 9, 'Date', NULL, 'DATE', NULL, '0', '0', 350, NULL, 51, 'L', '0', '1', NULL, NULL, NULL, NULL);



SELECT pg_catalog.setval('fields_field_id_seq', 638, true);




INSERT INTO sub_fields (sub_field_id, org_id, field_id, sub_field_order, sub_title_share, sub_field_type, sub_field_lookup, sub_field_size, sub_col_spans, manditory, show, question) VALUES (5, 0, 333, 1, NULL, 'TEXTFIELD', NULL, 10, 1, '0', '0', 'College/University');
INSERT INTO sub_fields (sub_field_id, org_id, field_id, sub_field_order, sub_title_share, sub_field_type, sub_field_lookup, sub_field_size, sub_col_spans, manditory, show, question) VALUES (6, 0, 333, 2, NULL, 'SELECT', 'SELECT sys_country_id,sys_country_name FROM sys_countrys;', 10, 1, '0', '0', 'Country');
INSERT INTO sub_fields (sub_field_id, org_id, field_id, sub_field_order, sub_title_share, sub_field_type, sub_field_lookup, sub_field_size, sub_col_spans, manditory, show, question) VALUES (8, 0, 333, 4, NULL, 'TEXTFIELD', NULL, 10, 1, '0', '0', 'City');
INSERT INTO sub_fields (sub_field_id, org_id, field_id, sub_field_order, sub_title_share, sub_field_type, sub_field_lookup, sub_field_size, sub_col_spans, manditory, show, question) VALUES (11, 0, 333, 7, NULL, 'TEXTFIELD', NULL, 10, 1, '0', '0', 'Diploma/Degree');
INSERT INTO sub_fields (sub_field_id, org_id, field_id, sub_field_order, sub_title_share, sub_field_type, sub_field_lookup, sub_field_size, sub_col_spans, manditory, show, question) VALUES (10, 0, 333, 6, NULL, 'TEXTFIELD', NULL, 10, 1, '0', '0', 'To');
INSERT INTO sub_fields (sub_field_id, org_id, field_id, sub_field_order, sub_title_share, sub_field_type, sub_field_lookup, sub_field_size, sub_col_spans, manditory, show, question) VALUES (9, 0, 333, 5, NULL, 'TEXTFIELD', NULL, 10, 1, '0', '0', 'From');
INSERT INTO sub_fields (sub_field_id, org_id, field_id, sub_field_order, sub_title_share, sub_field_type, sub_field_lookup, sub_field_size, sub_col_spans, manditory, show, question) VALUES (7, 0, 333, 3, NULL, 'SELECT', 'select stateid, statename from states;', 10, 1, '0', '0', 'State');
INSERT INTO sub_fields (sub_field_id, org_id, field_id, sub_field_order, sub_title_share, sub_field_type, sub_field_lookup, sub_field_size, sub_col_spans, manditory, show, question) VALUES (12, 0, 335, 10, NULL, 'TEXTFIELD', NULL, 15, 1, '0', '0', 'Post');
INSERT INTO sub_fields (sub_field_id, org_id, field_id, sub_field_order, sub_title_share, sub_field_type, sub_field_lookup, sub_field_size, sub_col_spans, manditory, show, question) VALUES (13, 0, 335, 20, NULL, 'TEXTFIELD', NULL, 15, 1, '0', '0', 'Employer');
INSERT INTO sub_fields (sub_field_id, org_id, field_id, sub_field_order, sub_title_share, sub_field_type, sub_field_lookup, sub_field_size, sub_col_spans, manditory, show, question) VALUES (14, 0, 335, 30, NULL, 'TEXTFIELD', NULL, 15, 1, '0', '0', 'Dates');
INSERT INTO sub_fields (sub_field_id, org_id, field_id, sub_field_order, sub_title_share, sub_field_type, sub_field_lookup, sub_field_size, sub_col_spans, manditory, show, question) VALUES (15, 0, 337, 10, NULL, 'TEXTFIELD', NULL, 30, 1, '0', '0', 'credentials');



SELECT pg_catalog.setval('sub_fields_sub_field_id_seq', 15, true);


UPDATE forms SET use_key = 1 WHERE form_id = 4;
UPDATE forms SET use_key = 1 WHERE form_id = 5;


