CREATE OR REPLACE FUNCTION insstudentname() RETURNS trigger AS $$
DECLARE
	mycnt RECORD;
	myemail VARCHAR(120);
BEGIN	
	NEW.studentname := UPPER(NEW.surname)	|| ', ' || UPPER(NEW.firstname) || ' ' || UPPER(COALESCE(NEW.othernames, ''));

	IF (NEW.emailuser is null) THEN
		myemail := lower(NEW.surname) || substring(lower(NEW.firstname) from 1 for 2);

		SELECT INTO mycnt count(studentid) as emailcount
		FROM students
		WHERE (emailuser = myemail);
	
		IF (mycnt.emailcount = 0) THEN
			NEW.emailuser := myemail;
		ELSE
			NEW.emailuser := myemail || mycnt.emailcount;
		END IF;
	END IF;

	RETURN NEW;
END;
$$ LANGUAGE plpgsql VOLATILE;

CREATE TRIGGER insstudentname
  BEFORE INSERT OR UPDATE
  ON students
  FOR EACH ROW
  EXECUTE PROCEDURE insstudentname();



DELETE FROM exam_centers;

INSERT INTO exam_centers (exam_center_id, exam_center_name, is_active) VALUES (2, 'AFRIHUB ICT Institute, Beijing International School, No 10Salim Crescent, Kawo. New Extension, Kaduna', false);
INSERT INTO exam_centers (exam_center_id, exam_center_name, is_active) VALUES (4, 'AFRIHUB Center, Federal University of Technology. Owerri', true);
INSERT INTO exam_centers (exam_center_id, exam_center_name, is_active) VALUES (6, 'AFRIHUB ICT Institute, 142, Oba Akran Ave, Ikeja', true);
INSERT INTO exam_centers (exam_center_id, exam_center_name, is_active) VALUES (7, 'AFRIHUB Center, University of Benin, Benin City', false);
INSERT INTO exam_centers (exam_center_id, exam_center_name, is_active) VALUES (8, 'AFRIHUB Center, Federal College of Education, Omoku', false);
INSERT INTO exam_centers (exam_center_id, exam_center_name, is_active) VALUES (9, 'Babcock University, Ilisan-Remo', true);
INSERT INTO exam_centers (exam_center_id, exam_center_name, is_active) VALUES (13, 'ChamsCity(Lagos)-2A Isaac John Street, Ikeja GRA', true);
INSERT INTO exam_centers (exam_center_id, exam_center_name, is_active) VALUES (14, 'ChamsCity(Abuja)-Plot 66,1st Avenue, Off Shehu Shagari Road, Abuja', true);
INSERT INTO exam_centers (exam_center_id, exam_center_name, is_active) VALUES (1, 'AFRIHUB Institute, AP Plaza, Adetokunbo Ademola Cresent, Wuse II, Abuja', false);
INSERT INTO exam_centers (exam_center_id, exam_center_name, is_active) VALUES (15, 'ChamsCity(PortHarcourt)- 83 Stadium Road, PortHarcourt', false);
INSERT INTO exam_centers (exam_center_id, exam_center_name, is_active) VALUES (5, 'AFRIHUB Center, University of Calabar, Calabar', true);
INSERT INTO exam_centers (exam_center_id, exam_center_name, is_active) VALUES (3, 'AFRIHUB Center, University of Nigeria, Enugu Campus, Enugu', true);

SELECT pg_catalog.setval('exam_centers_exam_center_id_seq', 15, true);

ALTER TABLE exam_dates ADD	exam_date_name			varchar(240);
DELETE FROM exam_dates;

INSERT INTO exam_dates (exam_date_id, exam_center_id, exam_date_name, is_active, exam_date) VALUES (247, 1, 'Aprill exam', true, '2013-04-16');
INSERT INTO exam_dates (exam_date_id, exam_center_id, exam_date_name, is_active, exam_date) VALUES (248, 1, 'Aprill exam', true, '2013-04-18');
INSERT INTO exam_dates (exam_date_id, exam_center_id, exam_date_name, is_active, exam_date) VALUES (249, 1, 'Aprill exam', true, '2013-04-23');
INSERT INTO exam_dates (exam_date_id, exam_center_id, exam_date_name, is_active, exam_date) VALUES (250, 1, 'Aprill exam', true, '2013-04-25');
INSERT INTO exam_dates (exam_date_id, exam_center_id, exam_date_name, is_active, exam_date) VALUES (251, 1, 'Aprill exam', true, '2013-04-30');
INSERT INTO exam_dates (exam_date_id, exam_center_id, exam_date_name, is_active, exam_date) VALUES (252, 1, 'May exam', true, '2013-05-02');
INSERT INTO exam_dates (exam_date_id, exam_center_id, exam_date_name, is_active, exam_date) VALUES (253, 1, 'May exam', true, '2013-05-07');
INSERT INTO exam_dates (exam_date_id, exam_center_id, exam_date_name, is_active, exam_date) VALUES (254, 1, 'May exam', true, '2013-05-09');
INSERT INTO exam_dates (exam_date_id, exam_center_id, exam_date_name, is_active, exam_date) VALUES (255, 1, 'May exam', true, '2013-05-14');
INSERT INTO exam_dates (exam_date_id, exam_center_id, exam_date_name, is_active, exam_date) VALUES (256, 1, 'May exam', true, '2013-05-16');
INSERT INTO exam_dates (exam_date_id, exam_center_id, exam_date_name, is_active, exam_date) VALUES (257, 1, 'May exam', true, '2013-05-21');
INSERT INTO exam_dates (exam_date_id, exam_center_id, exam_date_name, is_active, exam_date) VALUES (258, 1, 'May exam', true, '2013-05-23');
INSERT INTO exam_dates (exam_date_id, exam_center_id, exam_date_name, is_active, exam_date) VALUES (259, 1, 'june exam', true, '2013-06-18');
INSERT INTO exam_dates (exam_date_id, exam_center_id, exam_date_name, is_active, exam_date) VALUES (260, 1, 'june exam', true, '2013-06-20');
INSERT INTO exam_dates (exam_date_id, exam_center_id, exam_date_name, is_active, exam_date) VALUES (261, 1, 'june exam', true, '2013-06-25');
INSERT INTO exam_dates (exam_date_id, exam_center_id, exam_date_name, is_active, exam_date) VALUES (262, 1, 'june exam', true, '2013-06-27');
INSERT INTO exam_dates (exam_date_id, exam_center_id, exam_date_name, is_active, exam_date) VALUES (263, 2, 'Aprill exam', true, '2013-04-02');
INSERT INTO exam_dates (exam_date_id, exam_center_id, exam_date_name, is_active, exam_date) VALUES (264, 2, 'Aprill exam', true, '2013-04-04');
INSERT INTO exam_dates (exam_date_id, exam_center_id, exam_date_name, is_active, exam_date) VALUES (265, 2, 'Aprill exam', true, '2013-04-09');
INSERT INTO exam_dates (exam_date_id, exam_center_id, exam_date_name, is_active, exam_date) VALUES (266, 2, 'Aprill exam', true, '2013-04-11');
INSERT INTO exam_dates (exam_date_id, exam_center_id, exam_date_name, is_active, exam_date) VALUES (267, 2, 'Aprill exam', true, '2013-04-16');
INSERT INTO exam_dates (exam_date_id, exam_center_id, exam_date_name, is_active, exam_date) VALUES (268, 2, 'Aprill exam', true, '2013-04-18');
INSERT INTO exam_dates (exam_date_id, exam_center_id, exam_date_name, is_active, exam_date) VALUES (269, 2, 'Aprill exam', true, '2013-04-23');
INSERT INTO exam_dates (exam_date_id, exam_center_id, exam_date_name, is_active, exam_date) VALUES (270, 2, 'Aprill exam', true, '2013-04-25');
INSERT INTO exam_dates (exam_date_id, exam_center_id, exam_date_name, is_active, exam_date) VALUES (271, 2, 'Aprill exam', true, '2013-04-30');
INSERT INTO exam_dates (exam_date_id, exam_center_id, exam_date_name, is_active, exam_date) VALUES (272, 2, 'May exam', true, '2013-05-02');
INSERT INTO exam_dates (exam_date_id, exam_center_id, exam_date_name, is_active, exam_date) VALUES (273, 2, 'May exam', true, '2013-05-07');
INSERT INTO exam_dates (exam_date_id, exam_center_id, exam_date_name, is_active, exam_date) VALUES (274, 2, 'May exam', true, '2013-05-09');
INSERT INTO exam_dates (exam_date_id, exam_center_id, exam_date_name, is_active, exam_date) VALUES (275, 2, 'May exam', true, '2013-05-14');
INSERT INTO exam_dates (exam_date_id, exam_center_id, exam_date_name, is_active, exam_date) VALUES (276, 2, 'May exam', true, '2013-05-16');
INSERT INTO exam_dates (exam_date_id, exam_center_id, exam_date_name, is_active, exam_date) VALUES (277, 2, 'May exam', true, '2013-05-21');
INSERT INTO exam_dates (exam_date_id, exam_center_id, exam_date_name, is_active, exam_date) VALUES (278, 2, 'May exam', true, '2013-05-23');
INSERT INTO exam_dates (exam_date_id, exam_center_id, exam_date_name, is_active, exam_date) VALUES (279, 2, 'june exam', true, '2013-06-18');
INSERT INTO exam_dates (exam_date_id, exam_center_id, exam_date_name, is_active, exam_date) VALUES (280, 2, 'june exam', true, '2013-06-20');
INSERT INTO exam_dates (exam_date_id, exam_center_id, exam_date_name, is_active, exam_date) VALUES (281, 2, 'june exam', true, '2013-06-25');
INSERT INTO exam_dates (exam_date_id, exam_center_id, exam_date_name, is_active, exam_date) VALUES (282, 2, 'june exam', true, '2013-06-27');
INSERT INTO exam_dates (exam_date_id, exam_center_id, exam_date_name, is_active, exam_date) VALUES (283, 3, 'Aprill exam', true, '2013-04-02');
INSERT INTO exam_dates (exam_date_id, exam_center_id, exam_date_name, is_active, exam_date) VALUES (284, 3, 'Aprill exam', true, '2013-04-04');
INSERT INTO exam_dates (exam_date_id, exam_center_id, exam_date_name, is_active, exam_date) VALUES (285, 3, 'Aprill exam', true, '2013-04-09');
INSERT INTO exam_dates (exam_date_id, exam_center_id, exam_date_name, is_active, exam_date) VALUES (286, 3, 'Aprill exam', true, '2013-04-11');
INSERT INTO exam_dates (exam_date_id, exam_center_id, exam_date_name, is_active, exam_date) VALUES (287, 3, 'Aprill exam', true, '2013-04-16');
INSERT INTO exam_dates (exam_date_id, exam_center_id, exam_date_name, is_active, exam_date) VALUES (288, 3, 'Aprill exam', true, '2013-04-18');
INSERT INTO exam_dates (exam_date_id, exam_center_id, exam_date_name, is_active, exam_date) VALUES (289, 3, 'Aprill exam', true, '2013-04-23');
INSERT INTO exam_dates (exam_date_id, exam_center_id, exam_date_name, is_active, exam_date) VALUES (290, 3, 'Aprill exam', true, '2013-04-25');
INSERT INTO exam_dates (exam_date_id, exam_center_id, exam_date_name, is_active, exam_date) VALUES (291, 3, 'Aprill exam', true, '2013-04-30');
INSERT INTO exam_dates (exam_date_id, exam_center_id, exam_date_name, is_active, exam_date) VALUES (292, 3, 'May exam', true, '2013-05-02');
INSERT INTO exam_dates (exam_date_id, exam_center_id, exam_date_name, is_active, exam_date) VALUES (293, 3, 'May exam', true, '2013-05-07');
INSERT INTO exam_dates (exam_date_id, exam_center_id, exam_date_name, is_active, exam_date) VALUES (294, 3, 'May exam', true, '2013-05-09');
INSERT INTO exam_dates (exam_date_id, exam_center_id, exam_date_name, is_active, exam_date) VALUES (295, 3, 'May exam', true, '2013-05-14');
INSERT INTO exam_dates (exam_date_id, exam_center_id, exam_date_name, is_active, exam_date) VALUES (296, 3, 'May exam', true, '2013-05-16');
INSERT INTO exam_dates (exam_date_id, exam_center_id, exam_date_name, is_active, exam_date) VALUES (297, 3, 'May exam', true, '2013-05-21');
INSERT INTO exam_dates (exam_date_id, exam_center_id, exam_date_name, is_active, exam_date) VALUES (298, 3, 'May exam', true, '2013-05-23');
INSERT INTO exam_dates (exam_date_id, exam_center_id, exam_date_name, is_active, exam_date) VALUES (299, 3, 'june exam', true, '2013-06-18');
INSERT INTO exam_dates (exam_date_id, exam_center_id, exam_date_name, is_active, exam_date) VALUES (300, 3, 'june exam', true, '2013-06-20');
INSERT INTO exam_dates (exam_date_id, exam_center_id, exam_date_name, is_active, exam_date) VALUES (301, 3, 'june exam', true, '2013-06-25');
INSERT INTO exam_dates (exam_date_id, exam_center_id, exam_date_name, is_active, exam_date) VALUES (302, 3, 'june exam', true, '2013-06-27');
INSERT INTO exam_dates (exam_date_id, exam_center_id, exam_date_name, is_active, exam_date) VALUES (303, 4, 'Aprill exam', true, '2013-04-02');
INSERT INTO exam_dates (exam_date_id, exam_center_id, exam_date_name, is_active, exam_date) VALUES (304, 4, 'Aprill exam', true, '2013-04-04');
INSERT INTO exam_dates (exam_date_id, exam_center_id, exam_date_name, is_active, exam_date) VALUES (305, 4, 'Aprill exam', true, '2013-04-09');
INSERT INTO exam_dates (exam_date_id, exam_center_id, exam_date_name, is_active, exam_date) VALUES (306, 4, 'Aprill exam', true, '2013-04-11');
INSERT INTO exam_dates (exam_date_id, exam_center_id, exam_date_name, is_active, exam_date) VALUES (307, 4, 'Aprill exam', true, '2013-04-16');
INSERT INTO exam_dates (exam_date_id, exam_center_id, exam_date_name, is_active, exam_date) VALUES (308, 4, 'Aprill exam', true, '2013-04-18');
INSERT INTO exam_dates (exam_date_id, exam_center_id, exam_date_name, is_active, exam_date) VALUES (309, 4, 'Aprill exam', true, '2013-04-23');
INSERT INTO exam_dates (exam_date_id, exam_center_id, exam_date_name, is_active, exam_date) VALUES (310, 4, 'Aprill exam', true, '2013-04-25');
INSERT INTO exam_dates (exam_date_id, exam_center_id, exam_date_name, is_active, exam_date) VALUES (311, 4, 'Aprill exam', true, '2013-04-30');
INSERT INTO exam_dates (exam_date_id, exam_center_id, exam_date_name, is_active, exam_date) VALUES (312, 4, 'May exam', true, '2013-05-02');
INSERT INTO exam_dates (exam_date_id, exam_center_id, exam_date_name, is_active, exam_date) VALUES (313, 4, 'May exam', true, '2013-05-07');
INSERT INTO exam_dates (exam_date_id, exam_center_id, exam_date_name, is_active, exam_date) VALUES (314, 4, 'May exam', true, '2013-05-09');
INSERT INTO exam_dates (exam_date_id, exam_center_id, exam_date_name, is_active, exam_date) VALUES (315, 4, 'May exam', true, '2013-05-14');
INSERT INTO exam_dates (exam_date_id, exam_center_id, exam_date_name, is_active, exam_date) VALUES (316, 4, 'May exam', true, '2013-05-16');
INSERT INTO exam_dates (exam_date_id, exam_center_id, exam_date_name, is_active, exam_date) VALUES (317, 4, 'May exam', true, '2013-05-21');
INSERT INTO exam_dates (exam_date_id, exam_center_id, exam_date_name, is_active, exam_date) VALUES (318, 4, 'May exam', true, '2013-05-23');
INSERT INTO exam_dates (exam_date_id, exam_center_id, exam_date_name, is_active, exam_date) VALUES (319, 4, 'june exam', true, '2013-06-18');
INSERT INTO exam_dates (exam_date_id, exam_center_id, exam_date_name, is_active, exam_date) VALUES (320, 4, 'june exam', true, '2013-06-20');
INSERT INTO exam_dates (exam_date_id, exam_center_id, exam_date_name, is_active, exam_date) VALUES (321, 4, 'june exam', true, '2013-06-25');
INSERT INTO exam_dates (exam_date_id, exam_center_id, exam_date_name, is_active, exam_date) VALUES (322, 4, 'june exam', true, '2013-06-27');
INSERT INTO exam_dates (exam_date_id, exam_center_id, exam_date_name, is_active, exam_date) VALUES (323, 5, 'Aprill exam', true, '2013-04-02');
INSERT INTO exam_dates (exam_date_id, exam_center_id, exam_date_name, is_active, exam_date) VALUES (324, 5, 'Aprill exam', true, '2013-04-04');
INSERT INTO exam_dates (exam_date_id, exam_center_id, exam_date_name, is_active, exam_date) VALUES (325, 5, 'Aprill exam', true, '2013-04-09');
INSERT INTO exam_dates (exam_date_id, exam_center_id, exam_date_name, is_active, exam_date) VALUES (326, 5, 'Aprill exam', true, '2013-04-11');
INSERT INTO exam_dates (exam_date_id, exam_center_id, exam_date_name, is_active, exam_date) VALUES (327, 5, 'Aprill exam', true, '2013-04-16');
INSERT INTO exam_dates (exam_date_id, exam_center_id, exam_date_name, is_active, exam_date) VALUES (328, 5, 'Aprill exam', true, '2013-04-18');
INSERT INTO exam_dates (exam_date_id, exam_center_id, exam_date_name, is_active, exam_date) VALUES (329, 5, 'Aprill exam', true, '2013-04-23');
INSERT INTO exam_dates (exam_date_id, exam_center_id, exam_date_name, is_active, exam_date) VALUES (330, 5, 'Aprill exam', true, '2013-04-25');
INSERT INTO exam_dates (exam_date_id, exam_center_id, exam_date_name, is_active, exam_date) VALUES (331, 5, 'Aprill exam', true, '2013-04-30');
INSERT INTO exam_dates (exam_date_id, exam_center_id, exam_date_name, is_active, exam_date) VALUES (332, 5, 'May exam', true, '2013-05-02');
INSERT INTO exam_dates (exam_date_id, exam_center_id, exam_date_name, is_active, exam_date) VALUES (333, 5, 'May exam', true, '2013-05-07');
INSERT INTO exam_dates (exam_date_id, exam_center_id, exam_date_name, is_active, exam_date) VALUES (334, 5, 'May exam', true, '2013-05-09');
INSERT INTO exam_dates (exam_date_id, exam_center_id, exam_date_name, is_active, exam_date) VALUES (335, 5, 'May exam', true, '2013-05-14');
INSERT INTO exam_dates (exam_date_id, exam_center_id, exam_date_name, is_active, exam_date) VALUES (336, 5, 'May exam', true, '2013-05-16');
INSERT INTO exam_dates (exam_date_id, exam_center_id, exam_date_name, is_active, exam_date) VALUES (337, 5, 'May exam', true, '2013-05-21');
INSERT INTO exam_dates (exam_date_id, exam_center_id, exam_date_name, is_active, exam_date) VALUES (338, 5, 'May exam', true, '2013-05-23');
INSERT INTO exam_dates (exam_date_id, exam_center_id, exam_date_name, is_active, exam_date) VALUES (339, 5, 'june exam', true, '2013-06-18');
INSERT INTO exam_dates (exam_date_id, exam_center_id, exam_date_name, is_active, exam_date) VALUES (340, 5, 'june exam', true, '2013-06-20');
INSERT INTO exam_dates (exam_date_id, exam_center_id, exam_date_name, is_active, exam_date) VALUES (341, 5, 'june exam', true, '2013-06-25');
INSERT INTO exam_dates (exam_date_id, exam_center_id, exam_date_name, is_active, exam_date) VALUES (342, 5, 'june exam', true, '2013-06-27');
INSERT INTO exam_dates (exam_date_id, exam_center_id, exam_date_name, is_active, exam_date) VALUES (343, 6, 'Aprill exam', true, '2013-04-02');
INSERT INTO exam_dates (exam_date_id, exam_center_id, exam_date_name, is_active, exam_date) VALUES (344, 6, 'Aprill exam', true, '2013-04-04');
INSERT INTO exam_dates (exam_date_id, exam_center_id, exam_date_name, is_active, exam_date) VALUES (345, 6, 'Aprill exam', true, '2013-04-09');
INSERT INTO exam_dates (exam_date_id, exam_center_id, exam_date_name, is_active, exam_date) VALUES (346, 6, 'Aprill exam', true, '2013-04-11');
INSERT INTO exam_dates (exam_date_id, exam_center_id, exam_date_name, is_active, exam_date) VALUES (347, 6, 'Aprill exam', true, '2013-04-16');
INSERT INTO exam_dates (exam_date_id, exam_center_id, exam_date_name, is_active, exam_date) VALUES (348, 6, 'Aprill exam', true, '2013-04-18');
INSERT INTO exam_dates (exam_date_id, exam_center_id, exam_date_name, is_active, exam_date) VALUES (349, 6, 'Aprill exam', true, '2013-04-23');
INSERT INTO exam_dates (exam_date_id, exam_center_id, exam_date_name, is_active, exam_date) VALUES (350, 6, 'Aprill exam', true, '2013-04-25');
INSERT INTO exam_dates (exam_date_id, exam_center_id, exam_date_name, is_active, exam_date) VALUES (351, 6, 'Aprill exam', true, '2013-04-30');
INSERT INTO exam_dates (exam_date_id, exam_center_id, exam_date_name, is_active, exam_date) VALUES (352, 6, 'May exam', true, '2013-05-02');
INSERT INTO exam_dates (exam_date_id, exam_center_id, exam_date_name, is_active, exam_date) VALUES (353, 6, 'May exam', true, '2013-05-07');
INSERT INTO exam_dates (exam_date_id, exam_center_id, exam_date_name, is_active, exam_date) VALUES (354, 6, 'May exam', true, '2013-05-09');
INSERT INTO exam_dates (exam_date_id, exam_center_id, exam_date_name, is_active, exam_date) VALUES (355, 6, 'May exam', true, '2013-05-14');
INSERT INTO exam_dates (exam_date_id, exam_center_id, exam_date_name, is_active, exam_date) VALUES (356, 6, 'May exam', true, '2013-05-16');
INSERT INTO exam_dates (exam_date_id, exam_center_id, exam_date_name, is_active, exam_date) VALUES (357, 6, 'May exam', true, '2013-05-21');
INSERT INTO exam_dates (exam_date_id, exam_center_id, exam_date_name, is_active, exam_date) VALUES (358, 6, 'May exam', true, '2013-05-23');
INSERT INTO exam_dates (exam_date_id, exam_center_id, exam_date_name, is_active, exam_date) VALUES (359, 6, 'june exam', true, '2013-06-18');
INSERT INTO exam_dates (exam_date_id, exam_center_id, exam_date_name, is_active, exam_date) VALUES (360, 6, 'june exam', true, '2013-06-20');
INSERT INTO exam_dates (exam_date_id, exam_center_id, exam_date_name, is_active, exam_date) VALUES (361, 6, 'june exam', true, '2013-06-25');
INSERT INTO exam_dates (exam_date_id, exam_center_id, exam_date_name, is_active, exam_date) VALUES (362, 6, 'june exam', true, '2013-06-27');
INSERT INTO exam_dates (exam_date_id, exam_center_id, exam_date_name, is_active, exam_date) VALUES (363, 7, 'Aprill exam', true, '2013-04-02');
INSERT INTO exam_dates (exam_date_id, exam_center_id, exam_date_name, is_active, exam_date) VALUES (364, 7, 'Aprill exam', true, '2013-04-04');
INSERT INTO exam_dates (exam_date_id, exam_center_id, exam_date_name, is_active, exam_date) VALUES (365, 7, 'Aprill exam', true, '2013-04-09');
INSERT INTO exam_dates (exam_date_id, exam_center_id, exam_date_name, is_active, exam_date) VALUES (366, 7, 'Aprill exam', true, '2013-04-11');
INSERT INTO exam_dates (exam_date_id, exam_center_id, exam_date_name, is_active, exam_date) VALUES (367, 7, 'Aprill exam', true, '2013-04-16');
INSERT INTO exam_dates (exam_date_id, exam_center_id, exam_date_name, is_active, exam_date) VALUES (368, 7, 'Aprill exam', true, '2013-04-18');
INSERT INTO exam_dates (exam_date_id, exam_center_id, exam_date_name, is_active, exam_date) VALUES (369, 7, 'Aprill exam', true, '2013-04-23');
INSERT INTO exam_dates (exam_date_id, exam_center_id, exam_date_name, is_active, exam_date) VALUES (370, 7, 'Aprill exam', true, '2013-04-25');
INSERT INTO exam_dates (exam_date_id, exam_center_id, exam_date_name, is_active, exam_date) VALUES (371, 7, 'Aprill exam', true, '2013-04-30');
INSERT INTO exam_dates (exam_date_id, exam_center_id, exam_date_name, is_active, exam_date) VALUES (372, 7, 'May exam', true, '2013-05-02');
INSERT INTO exam_dates (exam_date_id, exam_center_id, exam_date_name, is_active, exam_date) VALUES (373, 7, 'May exam', true, '2013-05-07');
INSERT INTO exam_dates (exam_date_id, exam_center_id, exam_date_name, is_active, exam_date) VALUES (374, 7, 'May exam', true, '2013-05-09');
INSERT INTO exam_dates (exam_date_id, exam_center_id, exam_date_name, is_active, exam_date) VALUES (243, 1, 'Aprill exam', false, '2013-04-02');
INSERT INTO exam_dates (exam_date_id, exam_center_id, exam_date_name, is_active, exam_date) VALUES (244, 1, 'Aprill exam', false, '2013-04-04');
INSERT INTO exam_dates (exam_date_id, exam_center_id, exam_date_name, is_active, exam_date) VALUES (245, 1, 'Aprill exam', false, '2013-04-09');
INSERT INTO exam_dates (exam_date_id, exam_center_id, exam_date_name, is_active, exam_date) VALUES (246, 1, 'Aprill exam', false, '2013-04-11');
INSERT INTO exam_dates (exam_date_id, exam_center_id, exam_date_name, is_active, exam_date) VALUES (375, 7, 'May exam', true, '2013-05-14');
INSERT INTO exam_dates (exam_date_id, exam_center_id, exam_date_name, is_active, exam_date) VALUES (376, 7, 'May exam', true, '2013-05-16');
INSERT INTO exam_dates (exam_date_id, exam_center_id, exam_date_name, is_active, exam_date) VALUES (377, 7, 'May exam', true, '2013-05-21');
INSERT INTO exam_dates (exam_date_id, exam_center_id, exam_date_name, is_active, exam_date) VALUES (378, 7, 'May exam', true, '2013-05-23');
INSERT INTO exam_dates (exam_date_id, exam_center_id, exam_date_name, is_active, exam_date) VALUES (379, 7, 'june exam', true, '2013-06-18');
INSERT INTO exam_dates (exam_date_id, exam_center_id, exam_date_name, is_active, exam_date) VALUES (380, 7, 'june exam', true, '2013-06-20');
INSERT INTO exam_dates (exam_date_id, exam_center_id, exam_date_name, is_active, exam_date) VALUES (381, 7, 'june exam', true, '2013-06-25');
INSERT INTO exam_dates (exam_date_id, exam_center_id, exam_date_name, is_active, exam_date) VALUES (382, 7, 'june exam', true, '2013-06-27');
INSERT INTO exam_dates (exam_date_id, exam_center_id, exam_date_name, is_active, exam_date) VALUES (383, 8, 'Aprill exam', true, '2013-04-02');
INSERT INTO exam_dates (exam_date_id, exam_center_id, exam_date_name, is_active, exam_date) VALUES (384, 8, 'Aprill exam', true, '2013-04-04');
INSERT INTO exam_dates (exam_date_id, exam_center_id, exam_date_name, is_active, exam_date) VALUES (385, 8, 'Aprill exam', true, '2013-04-09');
INSERT INTO exam_dates (exam_date_id, exam_center_id, exam_date_name, is_active, exam_date) VALUES (386, 8, 'Aprill exam', true, '2013-04-11');
INSERT INTO exam_dates (exam_date_id, exam_center_id, exam_date_name, is_active, exam_date) VALUES (387, 8, 'Aprill exam', true, '2013-04-16');
INSERT INTO exam_dates (exam_date_id, exam_center_id, exam_date_name, is_active, exam_date) VALUES (388, 8, 'Aprill exam', true, '2013-04-18');
INSERT INTO exam_dates (exam_date_id, exam_center_id, exam_date_name, is_active, exam_date) VALUES (389, 8, 'Aprill exam', true, '2013-04-23');
INSERT INTO exam_dates (exam_date_id, exam_center_id, exam_date_name, is_active, exam_date) VALUES (390, 8, 'Aprill exam', true, '2013-04-25');
INSERT INTO exam_dates (exam_date_id, exam_center_id, exam_date_name, is_active, exam_date) VALUES (391, 8, 'Aprill exam', true, '2013-04-30');
INSERT INTO exam_dates (exam_date_id, exam_center_id, exam_date_name, is_active, exam_date) VALUES (392, 8, 'May exam', true, '2013-05-02');
INSERT INTO exam_dates (exam_date_id, exam_center_id, exam_date_name, is_active, exam_date) VALUES (393, 8, 'May exam', true, '2013-05-07');
INSERT INTO exam_dates (exam_date_id, exam_center_id, exam_date_name, is_active, exam_date) VALUES (394, 8, 'May exam', true, '2013-05-09');
INSERT INTO exam_dates (exam_date_id, exam_center_id, exam_date_name, is_active, exam_date) VALUES (395, 8, 'May exam', true, '2013-05-14');
INSERT INTO exam_dates (exam_date_id, exam_center_id, exam_date_name, is_active, exam_date) VALUES (396, 8, 'May exam', true, '2013-05-16');
INSERT INTO exam_dates (exam_date_id, exam_center_id, exam_date_name, is_active, exam_date) VALUES (397, 8, 'May exam', true, '2013-05-21');
INSERT INTO exam_dates (exam_date_id, exam_center_id, exam_date_name, is_active, exam_date) VALUES (398, 8, 'May exam', true, '2013-05-23');
INSERT INTO exam_dates (exam_date_id, exam_center_id, exam_date_name, is_active, exam_date) VALUES (399, 8, 'june exam', true, '2013-06-18');
INSERT INTO exam_dates (exam_date_id, exam_center_id, exam_date_name, is_active, exam_date) VALUES (400, 8, 'june exam', true, '2013-06-20');
INSERT INTO exam_dates (exam_date_id, exam_center_id, exam_date_name, is_active, exam_date) VALUES (401, 8, 'june exam', true, '2013-06-25');
INSERT INTO exam_dates (exam_date_id, exam_center_id, exam_date_name, is_active, exam_date) VALUES (402, 8, 'june exam', true, '2013-06-27');
INSERT INTO exam_dates (exam_date_id, exam_center_id, exam_date_name, is_active, exam_date) VALUES (403, 8, 'Aprill exam', true, '2013-04-02');
INSERT INTO exam_dates (exam_date_id, exam_center_id, exam_date_name, is_active, exam_date) VALUES (404, 8, 'Aprill exam', true, '2013-04-04');
INSERT INTO exam_dates (exam_date_id, exam_center_id, exam_date_name, is_active, exam_date) VALUES (405, 8, 'Aprill exam', true, '2013-04-09');
INSERT INTO exam_dates (exam_date_id, exam_center_id, exam_date_name, is_active, exam_date) VALUES (406, 8, 'Aprill exam', true, '2013-04-11');
INSERT INTO exam_dates (exam_date_id, exam_center_id, exam_date_name, is_active, exam_date) VALUES (407, 8, 'Aprill exam', true, '2013-04-16');
INSERT INTO exam_dates (exam_date_id, exam_center_id, exam_date_name, is_active, exam_date) VALUES (408, 8, 'Aprill exam', true, '2013-04-18');
INSERT INTO exam_dates (exam_date_id, exam_center_id, exam_date_name, is_active, exam_date) VALUES (409, 8, 'Aprill exam', true, '2013-04-23');
INSERT INTO exam_dates (exam_date_id, exam_center_id, exam_date_name, is_active, exam_date) VALUES (410, 8, 'Aprill exam', true, '2013-04-25');
INSERT INTO exam_dates (exam_date_id, exam_center_id, exam_date_name, is_active, exam_date) VALUES (411, 8, 'Aprill exam', true, '2013-04-30');
INSERT INTO exam_dates (exam_date_id, exam_center_id, exam_date_name, is_active, exam_date) VALUES (412, 8, 'May exam', true, '2013-05-02');
INSERT INTO exam_dates (exam_date_id, exam_center_id, exam_date_name, is_active, exam_date) VALUES (413, 8, 'May exam', true, '2013-05-07');
INSERT INTO exam_dates (exam_date_id, exam_center_id, exam_date_name, is_active, exam_date) VALUES (414, 8, 'May exam', true, '2013-05-09');
INSERT INTO exam_dates (exam_date_id, exam_center_id, exam_date_name, is_active, exam_date) VALUES (415, 8, 'May exam', true, '2013-05-14');
INSERT INTO exam_dates (exam_date_id, exam_center_id, exam_date_name, is_active, exam_date) VALUES (416, 8, 'May exam', true, '2013-05-16');
INSERT INTO exam_dates (exam_date_id, exam_center_id, exam_date_name, is_active, exam_date) VALUES (417, 8, 'May exam', true, '2013-05-21');
INSERT INTO exam_dates (exam_date_id, exam_center_id, exam_date_name, is_active, exam_date) VALUES (418, 8, 'May exam', true, '2013-05-23');
INSERT INTO exam_dates (exam_date_id, exam_center_id, exam_date_name, is_active, exam_date) VALUES (419, 8, 'june exam', true, '2013-06-18');
INSERT INTO exam_dates (exam_date_id, exam_center_id, exam_date_name, is_active, exam_date) VALUES (420, 8, 'june exam', true, '2013-06-20');
INSERT INTO exam_dates (exam_date_id, exam_center_id, exam_date_name, is_active, exam_date) VALUES (421, 8, 'june exam', true, '2013-06-25');
INSERT INTO exam_dates (exam_date_id, exam_center_id, exam_date_name, is_active, exam_date) VALUES (422, 8, 'june exam', true, '2013-06-27');
INSERT INTO exam_dates (exam_date_id, exam_center_id, exam_date_name, is_active, exam_date) VALUES (423, 9, 'Aprill exam', true, '2013-04-02');
INSERT INTO exam_dates (exam_date_id, exam_center_id, exam_date_name, is_active, exam_date) VALUES (424, 9, 'Aprill exam', true, '2013-04-04');
INSERT INTO exam_dates (exam_date_id, exam_center_id, exam_date_name, is_active, exam_date) VALUES (425, 9, 'Aprill exam', true, '2013-04-09');
INSERT INTO exam_dates (exam_date_id, exam_center_id, exam_date_name, is_active, exam_date) VALUES (426, 9, 'Aprill exam', true, '2013-04-11');
INSERT INTO exam_dates (exam_date_id, exam_center_id, exam_date_name, is_active, exam_date) VALUES (427, 9, 'Aprill exam', true, '2013-04-16');
INSERT INTO exam_dates (exam_date_id, exam_center_id, exam_date_name, is_active, exam_date) VALUES (428, 9, 'Aprill exam', true, '2013-04-18');
INSERT INTO exam_dates (exam_date_id, exam_center_id, exam_date_name, is_active, exam_date) VALUES (429, 9, 'Aprill exam', true, '2013-04-23');
INSERT INTO exam_dates (exam_date_id, exam_center_id, exam_date_name, is_active, exam_date) VALUES (430, 9, 'Aprill exam', true, '2013-04-25');
INSERT INTO exam_dates (exam_date_id, exam_center_id, exam_date_name, is_active, exam_date) VALUES (431, 9, 'Aprill exam', true, '2013-04-30');
INSERT INTO exam_dates (exam_date_id, exam_center_id, exam_date_name, is_active, exam_date) VALUES (432, 9, 'May exam', true, '2013-05-02');
INSERT INTO exam_dates (exam_date_id, exam_center_id, exam_date_name, is_active, exam_date) VALUES (433, 9, 'May exam', true, '2013-05-07');
INSERT INTO exam_dates (exam_date_id, exam_center_id, exam_date_name, is_active, exam_date) VALUES (434, 9, 'May exam', true, '2013-05-09');
INSERT INTO exam_dates (exam_date_id, exam_center_id, exam_date_name, is_active, exam_date) VALUES (435, 9, 'May exam', true, '2013-05-14');
INSERT INTO exam_dates (exam_date_id, exam_center_id, exam_date_name, is_active, exam_date) VALUES (436, 9, 'May exam', true, '2013-05-16');
INSERT INTO exam_dates (exam_date_id, exam_center_id, exam_date_name, is_active, exam_date) VALUES (437, 9, 'May exam', true, '2013-05-21');
INSERT INTO exam_dates (exam_date_id, exam_center_id, exam_date_name, is_active, exam_date) VALUES (438, 9, 'May exam', true, '2013-05-23');
INSERT INTO exam_dates (exam_date_id, exam_center_id, exam_date_name, is_active, exam_date) VALUES (439, 9, 'june exam', true, '2013-06-18');
INSERT INTO exam_dates (exam_date_id, exam_center_id, exam_date_name, is_active, exam_date) VALUES (440, 9, 'june exam', true, '2013-06-20');
INSERT INTO exam_dates (exam_date_id, exam_center_id, exam_date_name, is_active, exam_date) VALUES (441, 9, 'june exam', true, '2013-06-25');
INSERT INTO exam_dates (exam_date_id, exam_center_id, exam_date_name, is_active, exam_date) VALUES (442, 9, 'june exam', true, '2013-06-27');
INSERT INTO exam_dates (exam_date_id, exam_center_id, exam_date_name, is_active, exam_date) VALUES (443, 13, 'Aprill exam', true, '2013-04-02');
INSERT INTO exam_dates (exam_date_id, exam_center_id, exam_date_name, is_active, exam_date) VALUES (444, 13, 'Aprill exam', true, '2013-04-04');
INSERT INTO exam_dates (exam_date_id, exam_center_id, exam_date_name, is_active, exam_date) VALUES (445, 13, 'Aprill exam', true, '2013-04-09');
INSERT INTO exam_dates (exam_date_id, exam_center_id, exam_date_name, is_active, exam_date) VALUES (446, 13, 'Aprill exam', true, '2013-04-11');
INSERT INTO exam_dates (exam_date_id, exam_center_id, exam_date_name, is_active, exam_date) VALUES (447, 13, 'Aprill exam', true, '2013-04-16');
INSERT INTO exam_dates (exam_date_id, exam_center_id, exam_date_name, is_active, exam_date) VALUES (448, 13, 'Aprill exam', true, '2013-04-18');
INSERT INTO exam_dates (exam_date_id, exam_center_id, exam_date_name, is_active, exam_date) VALUES (449, 13, 'Aprill exam', true, '2013-04-23');
INSERT INTO exam_dates (exam_date_id, exam_center_id, exam_date_name, is_active, exam_date) VALUES (450, 13, 'Aprill exam', true, '2013-04-25');
INSERT INTO exam_dates (exam_date_id, exam_center_id, exam_date_name, is_active, exam_date) VALUES (451, 13, 'Aprill exam', true, '2013-04-30');
INSERT INTO exam_dates (exam_date_id, exam_center_id, exam_date_name, is_active, exam_date) VALUES (452, 13, 'May exam', true, '2013-05-02');
INSERT INTO exam_dates (exam_date_id, exam_center_id, exam_date_name, is_active, exam_date) VALUES (453, 13, 'May exam', true, '2013-05-07');
INSERT INTO exam_dates (exam_date_id, exam_center_id, exam_date_name, is_active, exam_date) VALUES (454, 13, 'May exam', true, '2013-05-09');
INSERT INTO exam_dates (exam_date_id, exam_center_id, exam_date_name, is_active, exam_date) VALUES (455, 13, 'May exam', true, '2013-05-14');
INSERT INTO exam_dates (exam_date_id, exam_center_id, exam_date_name, is_active, exam_date) VALUES (456, 13, 'May exam', true, '2013-05-16');
INSERT INTO exam_dates (exam_date_id, exam_center_id, exam_date_name, is_active, exam_date) VALUES (457, 13, 'May exam', true, '2013-05-21');
INSERT INTO exam_dates (exam_date_id, exam_center_id, exam_date_name, is_active, exam_date) VALUES (458, 13, 'May exam', true, '2013-05-23');
INSERT INTO exam_dates (exam_date_id, exam_center_id, exam_date_name, is_active, exam_date) VALUES (459, 13, 'june exam', true, '2013-06-18');
INSERT INTO exam_dates (exam_date_id, exam_center_id, exam_date_name, is_active, exam_date) VALUES (460, 13, 'june exam', true, '2013-06-20');
INSERT INTO exam_dates (exam_date_id, exam_center_id, exam_date_name, is_active, exam_date) VALUES (461, 13, 'june exam', true, '2013-06-25');
INSERT INTO exam_dates (exam_date_id, exam_center_id, exam_date_name, is_active, exam_date) VALUES (462, 13, 'june exam', true, '2013-06-27');
INSERT INTO exam_dates (exam_date_id, exam_center_id, exam_date_name, is_active, exam_date) VALUES (463, 14, 'Aprill exam', true, '2013-04-02');
INSERT INTO exam_dates (exam_date_id, exam_center_id, exam_date_name, is_active, exam_date) VALUES (464, 14, 'Aprill exam', true, '2013-04-04');
INSERT INTO exam_dates (exam_date_id, exam_center_id, exam_date_name, is_active, exam_date) VALUES (465, 14, 'Aprill exam', true, '2013-04-09');
INSERT INTO exam_dates (exam_date_id, exam_center_id, exam_date_name, is_active, exam_date) VALUES (466, 14, 'Aprill exam', true, '2013-04-11');
INSERT INTO exam_dates (exam_date_id, exam_center_id, exam_date_name, is_active, exam_date) VALUES (467, 14, 'Aprill exam', true, '2013-04-16');
INSERT INTO exam_dates (exam_date_id, exam_center_id, exam_date_name, is_active, exam_date) VALUES (468, 14, 'Aprill exam', true, '2013-04-18');
INSERT INTO exam_dates (exam_date_id, exam_center_id, exam_date_name, is_active, exam_date) VALUES (469, 14, 'Aprill exam', true, '2013-04-23');
INSERT INTO exam_dates (exam_date_id, exam_center_id, exam_date_name, is_active, exam_date) VALUES (470, 14, 'Aprill exam', true, '2013-04-25');
INSERT INTO exam_dates (exam_date_id, exam_center_id, exam_date_name, is_active, exam_date) VALUES (471, 14, 'Aprill exam', true, '2013-04-30');
INSERT INTO exam_dates (exam_date_id, exam_center_id, exam_date_name, is_active, exam_date) VALUES (472, 14, 'May exam', true, '2013-05-02');
INSERT INTO exam_dates (exam_date_id, exam_center_id, exam_date_name, is_active, exam_date) VALUES (473, 14, 'May exam', true, '2013-05-07');
INSERT INTO exam_dates (exam_date_id, exam_center_id, exam_date_name, is_active, exam_date) VALUES (474, 14, 'May exam', true, '2013-05-09');
INSERT INTO exam_dates (exam_date_id, exam_center_id, exam_date_name, is_active, exam_date) VALUES (475, 14, 'May exam', true, '2013-05-14');
INSERT INTO exam_dates (exam_date_id, exam_center_id, exam_date_name, is_active, exam_date) VALUES (476, 14, 'May exam', true, '2013-05-16');
INSERT INTO exam_dates (exam_date_id, exam_center_id, exam_date_name, is_active, exam_date) VALUES (477, 14, 'May exam', true, '2013-05-21');
INSERT INTO exam_dates (exam_date_id, exam_center_id, exam_date_name, is_active, exam_date) VALUES (478, 14, 'May exam', true, '2013-05-23');
INSERT INTO exam_dates (exam_date_id, exam_center_id, exam_date_name, is_active, exam_date) VALUES (479, 14, 'june exam', true, '2013-06-18');
INSERT INTO exam_dates (exam_date_id, exam_center_id, exam_date_name, is_active, exam_date) VALUES (480, 14, 'june exam', true, '2013-06-20');
INSERT INTO exam_dates (exam_date_id, exam_center_id, exam_date_name, is_active, exam_date) VALUES (481, 14, 'june exam', true, '2013-06-25');
INSERT INTO exam_dates (exam_date_id, exam_center_id, exam_date_name, is_active, exam_date) VALUES (482, 14, 'june exam', true, '2013-06-27');
INSERT INTO exam_dates (exam_date_id, exam_center_id, exam_date_name, is_active, exam_date) VALUES (483, 15, 'Aprill exam', true, '2013-04-02');
INSERT INTO exam_dates (exam_date_id, exam_center_id, exam_date_name, is_active, exam_date) VALUES (484, 15, 'Aprill exam', true, '2013-04-04');
INSERT INTO exam_dates (exam_date_id, exam_center_id, exam_date_name, is_active, exam_date) VALUES (485, 15, 'Aprill exam', true, '2013-04-09');
INSERT INTO exam_dates (exam_date_id, exam_center_id, exam_date_name, is_active, exam_date) VALUES (486, 15, 'Aprill exam', true, '2013-04-11');
INSERT INTO exam_dates (exam_date_id, exam_center_id, exam_date_name, is_active, exam_date) VALUES (487, 15, 'Aprill exam', true, '2013-04-16');
INSERT INTO exam_dates (exam_date_id, exam_center_id, exam_date_name, is_active, exam_date) VALUES (488, 15, 'Aprill exam', true, '2013-04-18');
INSERT INTO exam_dates (exam_date_id, exam_center_id, exam_date_name, is_active, exam_date) VALUES (489, 15, 'Aprill exam', true, '2013-04-23');
INSERT INTO exam_dates (exam_date_id, exam_center_id, exam_date_name, is_active, exam_date) VALUES (490, 15, 'Aprill exam', true, '2013-04-25');
INSERT INTO exam_dates (exam_date_id, exam_center_id, exam_date_name, is_active, exam_date) VALUES (491, 15, 'Aprill exam', true, '2013-04-30');
INSERT INTO exam_dates (exam_date_id, exam_center_id, exam_date_name, is_active, exam_date) VALUES (492, 15, 'May exam', true, '2013-05-02');
INSERT INTO exam_dates (exam_date_id, exam_center_id, exam_date_name, is_active, exam_date) VALUES (493, 15, 'May exam', true, '2013-05-07');
INSERT INTO exam_dates (exam_date_id, exam_center_id, exam_date_name, is_active, exam_date) VALUES (494, 15, 'May exam', true, '2013-05-09');
INSERT INTO exam_dates (exam_date_id, exam_center_id, exam_date_name, is_active, exam_date) VALUES (495, 15, 'May exam', true, '2013-05-14');
INSERT INTO exam_dates (exam_date_id, exam_center_id, exam_date_name, is_active, exam_date) VALUES (496, 15, 'May exam', true, '2013-05-16');
INSERT INTO exam_dates (exam_date_id, exam_center_id, exam_date_name, is_active, exam_date) VALUES (497, 15, 'May exam', true, '2013-05-21');
INSERT INTO exam_dates (exam_date_id, exam_center_id, exam_date_name, is_active, exam_date) VALUES (498, 15, 'May exam', true, '2013-05-23');
INSERT INTO exam_dates (exam_date_id, exam_center_id, exam_date_name, is_active, exam_date) VALUES (499, 15, 'june exam', true, '2013-06-18');
INSERT INTO exam_dates (exam_date_id, exam_center_id, exam_date_name, is_active, exam_date) VALUES (500, 15, 'june exam', true, '2013-06-20');
INSERT INTO exam_dates (exam_date_id, exam_center_id, exam_date_name, is_active, exam_date) VALUES (501, 15, 'june exam', true, '2013-06-25');
INSERT INTO exam_dates (exam_date_id, exam_center_id, exam_date_name, is_active, exam_date) VALUES (502, 15, 'june exam', true, '2013-06-27');
 
SELECT pg_catalog.setval('exam_dates_exam_date_id_seq', 502, true);


INSERT INTO orgs (org_id, currency_id, org_name, is_default, is_active, logo, pin, details) VALUES (1, 1, 'Medical School', true, true, 'logo.png', NULL, NULL);
INSERT INTO orgs (org_id, currency_id, org_name, is_default, is_active, logo, pin, details) VALUES (2, 1, 'Postgraduate School', true, true, 'logo.png', NULL, NULL);
SELECT pg_catalog.setval('orgs_org_id_seq', 2, false);

INSERT INTO degrees(degreeid, degreename) VALUES ('MA', 'Masters of Arts');

INSERT INTO degreelevels(degreelevelid, degreelevelname) VALUES ('MSC', 'Masters');
INSERT INTO degreelevels(degreelevelid, degreelevelname) VALUES ('MA', 'Masters of Arts');
INSERT INTO degreelevels(degreelevelid, degreelevelname) VALUES ('MBA', 'Maters in Business Adminstration');

INSERT INTO schools (schoolid, org_id, schoolname, philosopy, vision, mission, objectives, details, is_active) VALUES ('PGST', 2, 'Post Graduate', NULL, NULL, NULL, NULL, NULL, true);
INSERT INTO departments (departmentid, org_id, schoolid, departmentname, overload, philosopy, vision, mission, objectives, exposures, oppotunities, details, is_active) VALUES ('PGST', 2, 'PGST', 'Post Graduate', NULL, NULL, NULL, NULL, NULL, NULL, NULL, NULL, true);
INSERT INTO majors (majorid, departmentid, org_id, majorname, major, minor, is_active, fullcredit, electivecredit, minorelectivecredit, majorminimal, minorminimum, coreminimum, quarterload, minlevel, maxlevel, details, major_title) VALUES ('PGMA', 'PGST', 0, 'Masters in Marketing', true, false, true, 200, 8, 8, NULL, NULL, NULL, NULL, 100, 400, NULL, 'Masters in Marketing');
INSERT INTO majors (majorid, departmentid, org_id, majorname, major, minor, is_active, fullcredit, electivecredit, minorelectivecredit, majorminimal, minorminimum, coreminimum, quarterload, minlevel, maxlevel, details, major_title) VALUES ('PGPS', 'PGST', 0, 'Masters in Political Science', true, false, true, 200, 8, 8, NULL, NULL, NULL, NULL, 100, 400, NULL, 'Masters in Political Science');
INSERT INTO majors (majorid, departmentid, org_id, majorname, major, minor, is_active, fullcredit, electivecredit, minorelectivecredit, majorminimal, minorminimum, coreminimum, quarterload, minlevel, maxlevel, details, major_title) VALUES ('ACCC', 'ACCT', 0, 'ACCOUNTING ACA', true, false, true, 115, 8, 0, 0, 0, 0, 23, 100, 500, NULL, 'BSc(Hons) Accounting ACA');
INSERT INTO majors (majorid, departmentid, org_id, majorname, major, minor, is_active, fullcredit, electivecredit, minorelectivecredit, majorminimal, minorminimum, coreminimum, quarterload, minlevel, maxlevel, details, major_title) VALUES ('PGBI', 'PGST', 0, 'Masters in Biochemistry', true, false, true, 200, 8, 8, NULL, NULL, NULL, NULL, 100, 400, NULL, 'Masters in Biochemistry');
INSERT INTO majors (majorid, departmentid, org_id, majorname, major, minor, is_active, fullcredit, electivecredit, minorelectivecredit, majorminimal, minorminimum, coreminimum, quarterload, minlevel, maxlevel, details, major_title) VALUES ('PGMI', 'PGST', 0, 'Masters in Microbiology', true, false, true, 200, 8, 8, NULL, NULL, NULL, NULL, 100, 400, NULL, 'Masters in Microbiology');
INSERT INTO majors (majorid, departmentid, org_id, majorname, major, minor, is_active, fullcredit, electivecredit, minorelectivecredit, majorminimal, minorminimum, coreminimum, quarterload, minlevel, maxlevel, details, major_title) VALUES ('PGCS', 'PGST', 0, 'Masters in Computer Science', true, false, true, 200, 8, 8, NULL, NULL, NULL, NULL, 100, 400, NULL, 'Masters in Computer Science');
INSERT INTO majors (majorid, departmentid, org_id, majorname, major, minor, is_active, fullcredit, electivecredit, minorelectivecredit, majorminimal, minorminimum, coreminimum, quarterload, minlevel, maxlevel, details, major_title) VALUES ('PGIR', 'PGST', 0, 'Masters in Information Resources Management', true, false, true, 200, 8, 8, NULL, NULL, NULL, NULL, 100, 400, NULL, 'Masters in Information Resources Management');
INSERT INTO majors (majorid, departmentid, org_id, majorname, major, minor, is_active, fullcredit, electivecredit, minorelectivecredit, majorminimal, minorminimum, coreminimum, quarterload, minlevel, maxlevel, details, major_title) VALUES ('PGBA', 'PGST', 0, 'Masters in Business Administration', true, false, true, 200, 8, 8, NULL, NULL, NULL, NULL, 100, 400, NULL, 'Masters in Business Administration');
INSERT INTO majors (majorid, departmentid, org_id, majorname, major, minor, is_active, fullcredit, electivecredit, minorelectivecredit, majorminimal, minorminimum, coreminimum, quarterload, minlevel, maxlevel, details, major_title) VALUES ('PGPM', 'PGST', 0, 'Masters in Public Management', true, false, true, 200, 8, 8, NULL, NULL, NULL, NULL, 100, 400, NULL, 'Masters in Public Management');
INSERT INTO majors (majorid, departmentid, org_id, majorname, major, minor, is_active, fullcredit, electivecredit, minorelectivecredit, majorminimal, minorminimum, coreminimum, quarterload, minlevel, maxlevel, details, major_title) VALUES ('PGPH', 'PGST', 0, 'Masters in Public Health', true, false, true, 200, 8, 8, NULL, NULL, NULL, NULL, 100, 400, NULL, 'Masters in Public Health');
INSERT INTO majors (majorid, departmentid, org_id, majorname, major, minor, is_active, fullcredit, electivecredit, minorelectivecredit, majorminimal, minorminimum, coreminimum, quarterload, minlevel, maxlevel, details, major_title) VALUES ('PGEL', 'PGST', 0, 'Masters in English Language', true, false, true, 200, 8, 8, NULL, NULL, NULL, NULL, 100, 400, NULL, 'Masters in English Language');
INSERT INTO majors (majorid, departmentid, org_id, majorname, major, minor, is_active, fullcredit, electivecredit, minorelectivecredit, majorminimal, minorminimum, coreminimum, quarterload, minlevel, maxlevel, details, major_title) VALUES ('PGEI', 'PGST', 0, 'Masters in English Literature', true, false, true, 200, 8, 8, NULL, NULL, NULL, NULL, 100, 400, NULL, 'Masters in English Literature');
INSERT INTO majors (majorid, departmentid, org_id, majorname, major, minor, is_active, fullcredit, electivecredit, minorelectivecredit, majorminimal, minorminimum, coreminimum, quarterload, minlevel, maxlevel, details, major_title) VALUES ('PGMC', 'PGST', 0, 'Masters in Mass Communication', true, false, true, 200, 8, 8, NULL, NULL, NULL, NULL, 100, 400, NULL, 'Masters in Mass Communication');
INSERT INTO majors (majorid, departmentid, org_id, majorname, major, minor, is_active, fullcredit, electivecredit, minorelectivecredit, majorminimal, minorminimum, coreminimum, quarterload, minlevel, maxlevel, details, major_title) VALUES ('PGFI', 'PGST', 0, 'Masters in Finance', true, false, true, 200, 8, 8, NULL, NULL, NULL, NULL, 100, 400, NULL, 'Masters in Finance');
INSERT INTO majors (majorid, departmentid, org_id, majorname, major, minor, is_active, fullcredit, electivecredit, minorelectivecredit, majorminimal, minorminimum, coreminimum, quarterload, minlevel, maxlevel, details, major_title) VALUES ('PGAG', 'PGST', 0, 'Masters in Agronomy', true, false, true, 200, 8, 8, NULL, NULL, NULL, NULL, 100, 400, NULL, 'Masters in Agronomy');
INSERT INTO majors (majorid, departmentid, org_id, majorname, major, minor, is_active, fullcredit, electivecredit, minorelectivecredit, majorminimal, minorminimum, coreminimum, quarterload, minlevel, maxlevel, details, major_title) VALUES ('PGAS', 'PGST', 0, 'Masters in Animal Science', true, false, true, 200, 8, 8, NULL, NULL, NULL, NULL, 100, 400, NULL, 'Masters in Animal Science');
INSERT INTO majors (majorid, departmentid, org_id, majorname, major, minor, is_active, fullcredit, electivecredit, minorelectivecredit, majorminimal, minorminimum, coreminimum, quarterload, minlevel, maxlevel, details, major_title) VALUES ('PGRE', 'PGST', 0, 'Masters in Religion', true, false, true, 200, 8, 8, NULL, NULL, NULL, NULL, 100, 400, NULL, 'Masters in Religion');
INSERT INTO majors (majorid, departmentid, org_id, majorname, major, minor, is_active, fullcredit, electivecredit, minorelectivecredit, majorminimal, minorminimum, coreminimum, quarterload, minlevel, maxlevel, details, major_title) VALUES ('PGAE', 'PGST', 0, 'Masters in Agric Economics', true, false, true, 200, 8, 8, NULL, NULL, NULL, NULL, 100, 400, NULL, 'Masters in Agric Economics');


