
INSERT INTO ClientAffiliates (ClientAffiliateID, ClientAffiliateName) VALUES (0, 'Non Affiliates');

INSERT INTO ClientGroups (ClientGroupID, ClientAffiliateID, ClientGroupName) VALUES (0, 0, 'Single Branch');

INSERT INTO pclassifications (pclassificationid, pclassificationname, description) VALUES (0, 'New Service Requests', NULL);
INSERT INTO pclassifications (pclassificationid, pclassificationname, description) VALUES (1, 'Hardware', NULL);
INSERT INTO pclassifications (pclassificationid, pclassificationname, description) VALUES (2, 'Software', NULL);
INSERT INTO pclassifications (pclassificationid, pclassificationname, description) VALUES (3, 'Links', NULL);
INSERT INTO pclassifications (pclassificationid, pclassificationname, description) VALUES (4, 'System', NULL);
INSERT INTO pclassifications (pclassificationid, pclassificationname, description) VALUES (5, 'Preventative Maintenance', NULL);
INSERT INTO pclassifications (pclassificationid, pclassificationname, description) VALUES (7, 'Correspondance', NULL);
INSERT INTO pclassifications (pclassificationid, pclassificationname, description) VALUES (8, 'Travelport entries', 'Travelport entries related problem');

SELECT pg_catalog.setval('pclassifications_pclassificationid_seq', 10, true);


INSERT INTO ptypes (ptypeid, pclassificationid, ptypename, description) VALUES (21, 0, 'Hardware', null);
INSERT INTO ptypes (ptypeid, pclassificationid, ptypename, description) VALUES (22, 0, 'Software', null);
INSERT INTO ptypes (ptypeid, pclassificationid, ptypename, description) VALUES (23, 0, 'System', null);
INSERT INTO ptypes (ptypeid, pclassificationid, ptypename, description) VALUES (24, 0, 'Link', null);
INSERT INTO ptypes (ptypeid, pclassificationid, ptypename, description) VALUES (56, 0, 'Travelport ssl', null);
INSERT INTO ptypes (ptypeid, pclassificationid, ptypename, description) VALUES (58, 0, 'email', null);
INSERT INTO ptypes (ptypeid, pclassificationid, ptypename, description) VALUES (59, 0, 'Travcom third party interface ', null);
INSERT INTO ptypes (ptypeid, pclassificationid, ptypename, description) VALUES (77, 0, 'Other services', null);
INSERT INTO ptypes (ptypeid, pclassificationid, ptypename, description) VALUES (82, 0, 'travcom back office user', null);
INSERT INTO ptypes (ptypeid, pclassificationid, ptypename, description) VALUES (83, 0, 'Travcom Additional Branches', null);
INSERT INTO ptypes (ptypeid, pclassificationid, ptypename, description) VALUES (92, 0, 'Internet', 'Travelport to Provide Internet connection');
INSERT INTO ptypes (ptypeid, pclassificationid, ptypename, description) VALUES (1, 1, 'Computer off Warranty', null);
INSERT INTO ptypes (ptypeid, pclassificationid, ptypename, description) VALUES (2, 1, 'Computer on Warranty', null);
INSERT INTO ptypes (ptypeid, pclassificationid, ptypename, description) VALUES (3, 1, 'Ticket Printer', null);
INSERT INTO ptypes (ptypeid, pclassificationid, ptypename, description) VALUES (4, 1, 'Itinerary Printer', null);
INSERT INTO ptypes (ptypeid, pclassificationid, ptypename, description) VALUES (5, 1, 'Laser Printer', null);
INSERT INTO ptypes (ptypeid, pclassificationid, ptypename, description) VALUES (30, 1, 'Cabinet UPS', null);
INSERT INTO ptypes (ptypeid, pclassificationid, ptypename, description) VALUES (31, 1, 'Routers', null);
INSERT INTO ptypes (ptypeid, pclassificationid, ptypename, description) VALUES (32, 1, 'DTU', null);
INSERT INTO ptypes (ptypeid, pclassificationid, ptypename, description) VALUES (33, 1, 'LAN Switch', null);
INSERT INTO ptypes (ptypeid, pclassificationid, ptypename, description) VALUES (36, 1, 'keyboard', 'Some keys not working.');
INSERT INTO ptypes (ptypeid, pclassificationid, ptypename, description) VALUES (37, 1, 'Mouse', null);
INSERT INTO ptypes (ptypeid, pclassificationid, ptypename, description) VALUES (40, 1, 'ERF', null);
INSERT INTO ptypes (ptypeid, pclassificationid, ptypename, description) VALUES (71, 1, 'Iburst/Flashcom', null);
INSERT INTO ptypes (ptypeid, pclassificationid, ptypename, description) VALUES (111, 1, 'Cabinet Fan Faulty', null);
INSERT INTO ptypes (ptypeid, pclassificationid, ptypename, description) VALUES (112, 1, 'Laptop Power adaptor', 'Faulty not powering');
INSERT INTO ptypes (ptypeid, pclassificationid, ptypename, description) VALUES (114, 1, 'Computer  UPS', null);
INSERT INTO ptypes (ptypeid, pclassificationid, ptypename, description) VALUES (115, 1, 'Orange wireless modem', 'The ornga wireless modem to connect through Orange');
INSERT INTO ptypes (ptypeid, pclassificationid, ptypename, description) VALUES (118, 1, 'Laptop', null);
INSERT INTO ptypes (ptypeid, pclassificationid, ptypename, description) VALUES (119, 1, 'Safaricom Modem', null);
INSERT INTO ptypes (ptypeid, pclassificationid, ptypename, description) VALUES (120, 1, 'Airtel Modem', null);
INSERT INTO ptypes (ptypeid, pclassificationid, ptypename, description) VALUES (123, 1, 'Relocation', null);
INSERT INTO ptypes (ptypeid, pclassificationid, ptypename, description) VALUES (6, 2, 'Travelport Desktop', null);
INSERT INTO ptypes (ptypeid, pclassificationid, ptypename, description) VALUES (7, 2, 'Travelport Print Manager', null);
INSERT INTO ptypes (ptypeid, pclassificationid, ptypename, description) VALUES (8, 2, 'Operating System', null);
INSERT INTO ptypes (ptypeid, pclassificationid, ptypename, description) VALUES (9, 2, 'Anti-virus', null);
INSERT INTO ptypes (ptypeid, pclassificationid, ptypename, description) VALUES (10, 2, 'Mail and Web Client', null);
INSERT INTO ptypes (ptypeid, pclassificationid, ptypename, description) VALUES (11, 2, 'Trams', null);
INSERT INTO ptypes (ptypeid, pclassificationid, ptypename, description) VALUES (35, 2, 'Travelport ssl installation/reinstallation', null);
INSERT INTO ptypes (ptypeid, pclassificationid, ptypename, description) VALUES (49, 2, 'Travcom', null);
INSERT INTO ptypes (ptypeid, pclassificationid, ptypename, description) VALUES (50, 2, 'TSMS', null);
INSERT INTO ptypes (ptypeid, pclassificationid, ptypename, description) VALUES (72, 2, 'Document Producer', 'Document producer');
INSERT INTO ptypes (ptypeid, pclassificationid, ptypename, description) VALUES (76, 2, 'Travel script', 'travel script');
INSERT INTO ptypes (ptypeid, pclassificationid, ptypename, description) VALUES (88, 2, 'SSL', 'SSL');
INSERT INTO ptypes (ptypeid, pclassificationid, ptypename, description) VALUES (93, 2, 'Viewtrip web page', 'cannot sign in to viewtrip.');
INSERT INTO ptypes (ptypeid, pclassificationid, ptypename, description) VALUES (124, 2, 'Smartpoint', null);
INSERT INTO ptypes (ptypeid, pclassificationid, ptypename, description) VALUES (127, 2, 'Airline service terminal', null);
INSERT INTO ptypes (ptypeid, pclassificationid, ptypename, description) VALUES (131, 2, 'Etracker', null);
INSERT INTO ptypes (ptypeid, pclassificationid, ptypename, description) VALUES (12, 3, 'Leased Line', null);
INSERT INTO ptypes (ptypeid, pclassificationid, ptypename, description) VALUES (13, 3, 'Mail and Internet', null);
INSERT INTO ptypes (ptypeid, pclassificationid, ptypename, description) VALUES (14, 3, 'GK Dial Up', null);
INSERT INTO ptypes (ptypeid, pclassificationid, ptypename, description) VALUES (15, 3, 'FPnet connectivity', null);
INSERT INTO ptypes (ptypeid, pclassificationid, ptypename, description) VALUES (29, 3, 'LAN Problem', 'Problem with the LAN.');
INSERT INTO ptypes (ptypeid, pclassificationid, ptypename, description) VALUES (89, 3, 'Safaricom Wireless', 'Safaricom Wireless');
INSERT INTO ptypes (ptypeid, pclassificationid, ptypename, description) VALUES (90, 3, 'iburst wireless', null);
INSERT INTO ptypes (ptypeid, pclassificationid, ptypename, description) VALUES (94, 3, 'VOIP', 'VOIP not connecting');
INSERT INTO ptypes (ptypeid, pclassificationid, ptypename, description) VALUES (98, 3, 'Data line', 'Data line');
INSERT INTO ptypes (ptypeid, pclassificationid, ptypename, description) VALUES (99, 3, 'Nutting', 'To change the site Ips from Public Ip to local IP for more SSL installation.');
INSERT INTO ptypes (ptypeid, pclassificationid, ptypename, description) VALUES (107, 3, 'IP conflict within LAN', null);
INSERT INTO ptypes (ptypeid, pclassificationid, ptypename, description) VALUES (122, 3, 'Link change Request', 'Changes as per narration');
INSERT INTO ptypes (ptypeid, pclassificationid, ptypename, description) VALUES (16, 4, 'GI related', null);
INSERT INTO ptypes (ptypeid, pclassificationid, ptypename, description) VALUES (17, 4, 'Airline related', null);
INSERT INTO ptypes (ptypeid, pclassificationid, ptypename, description) VALUES (18, 4, 'Require Training', null);
INSERT INTO ptypes (ptypeid, pclassificationid, ptypename, description) VALUES (125, 4, 'CCS', null);
INSERT INTO ptypes (ptypeid, pclassificationid, ptypename, description) VALUES (19, 5, 'Links', null);
INSERT INTO ptypes (ptypeid, pclassificationid, ptypename, description) VALUES (20, 5, 'Desktop', null);
INSERT INTO ptypes (ptypeid, pclassificationid, ptypename, description) VALUES (25, 7, 'Complaints', null);
INSERT INTO ptypes (ptypeid, pclassificationid, ptypename, description) VALUES (26, 7, 'Complements', null);
INSERT INTO ptypes (ptypeid, pclassificationid, ptypename, description) VALUES (27, 7, 'Request', null);
INSERT INTO ptypes (ptypeid, pclassificationid, ptypename, description) VALUES (66, 7, 'New connection', null);
INSERT INTO ptypes (ptypeid, pclassificationid, ptypename, description) VALUES (67, 7, 'Voided tickets', null);
INSERT INTO ptypes (ptypeid, pclassificationid, ptypename, description) VALUES (68, 7, 'Closure', null);
INSERT INTO ptypes (ptypeid, pclassificationid, ptypename, description) VALUES (69, 7, 'Change of premises', null);
INSERT INTO ptypes (ptypeid, pclassificationid, ptypename, description) VALUES (34, 8, 'Document production', ' Recovery procedures');

SELECT pg_catalog.setval('ptypes_ptypeid_seq', 200, true);


INSERT INTO pdefinitions (pdefinitionid, ptypeid, pdefinitionname, description, solution) VALUES (1, 1, 'Mouse', null, null);
INSERT INTO pdefinitions (pdefinitionid, ptypeid, pdefinitionname, description, solution) VALUES (2, 1, 'Keyboard', null, null);
INSERT INTO pdefinitions (pdefinitionid, ptypeid, pdefinitionname, description, solution) VALUES (3, 1, 'Power Supply', null, null);
INSERT INTO pdefinitions (pdefinitionid, ptypeid, pdefinitionname, description, solution) VALUES (4, 1, 'Hard disk', null, null);
INSERT INTO pdefinitions (pdefinitionid, ptypeid, pdefinitionname, description, solution) VALUES (5, 1, 'Memory', null, null);
INSERT INTO pdefinitions (pdefinitionid, ptypeid, pdefinitionname, description, solution) VALUES (6, 1, 'Motherboard', null, null);
INSERT INTO pdefinitions (pdefinitionid, ptypeid, pdefinitionname, description, solution) VALUES (7, 1, 'General', null, null);
INSERT INTO pdefinitions (pdefinitionid, ptypeid, pdefinitionname, description, solution) VALUES (8, 2, 'Mouse', null, null);
INSERT INTO pdefinitions (pdefinitionid, ptypeid, pdefinitionname, description, solution) VALUES (9, 2, 'Keyboard', null, null);
INSERT INTO pdefinitions (pdefinitionid, ptypeid, pdefinitionname, description, solution) VALUES (10, 2, 'Power Supply', null, null);
INSERT INTO pdefinitions (pdefinitionid, ptypeid, pdefinitionname, description, solution) VALUES (11, 2, 'Hard disk', null, null);
INSERT INTO pdefinitions (pdefinitionid, ptypeid, pdefinitionname, description, solution) VALUES (12, 2, 'Memory', null, null);
INSERT INTO pdefinitions (pdefinitionid, ptypeid, pdefinitionname, description, solution) VALUES (13, 2, 'Motherboard', null, null);
INSERT INTO pdefinitions (pdefinitionid, ptypeid, pdefinitionname, description, solution) VALUES (14, 2, 'General', null, null);
INSERT INTO pdefinitions (pdefinitionid, ptypeid, pdefinitionname, description, solution) VALUES (15, 3, 'Power Supply', null, null);
INSERT INTO pdefinitions (pdefinitionid, ptypeid, pdefinitionname, description, solution) VALUES (16, 3, 'Settings', null, null);
INSERT INTO pdefinitions (pdefinitionid, ptypeid, pdefinitionname, description, solution) VALUES (17, 3, 'Faulty', null, null);
INSERT INTO pdefinitions (pdefinitionid, ptypeid, pdefinitionname, description, solution) VALUES (18, 4, 'Power Supply', null, null);
INSERT INTO pdefinitions (pdefinitionid, ptypeid, pdefinitionname, description, solution) VALUES (19, 4, 'Faulty', null, null);
INSERT INTO pdefinitions (pdefinitionid, ptypeid, pdefinitionname, description, solution) VALUES (259, 4, 'Extension cable for itn Printer', 'Extension Cable for Itn Printer', null);
INSERT INTO pdefinitions (pdefinitionid, ptypeid, pdefinitionname, description, solution) VALUES (284, 4, 'Settings', 'Settings', null);
INSERT INTO pdefinitions (pdefinitionid, ptypeid, pdefinitionname, description, solution) VALUES (20, 5, 'Power Supply', null, null);
INSERT INTO pdefinitions (pdefinitionid, ptypeid, pdefinitionname, description, solution) VALUES (21, 5, 'Settings', null, null);
INSERT INTO pdefinitions (pdefinitionid, ptypeid, pdefinitionname, description, solution) VALUES (22, 5, 'Faulty', null, null);
INSERT INTO pdefinitions (pdefinitionid, ptypeid, pdefinitionname, description, solution) VALUES (23, 6, 'Settings', null, null);
INSERT INTO pdefinitions (pdefinitionid, ptypeid, pdefinitionname, description, solution) VALUES (24, 6, 'Installation', null, null);
INSERT INTO pdefinitions (pdefinitionid, ptypeid, pdefinitionname, description, solution) VALUES (25, 6, 'IP and LAN setup', null, null);
INSERT INTO pdefinitions (pdefinitionid, ptypeid, pdefinitionname, description, solution) VALUES (26, 6, 'Faulty', null, null);
INSERT INTO pdefinitions (pdefinitionid, ptypeid, pdefinitionname, description, solution) VALUES (27, 7, 'Settings', null, null);
INSERT INTO pdefinitions (pdefinitionid, ptypeid, pdefinitionname, description, solution) VALUES (28, 7, 'Installation', null, null);
INSERT INTO pdefinitions (pdefinitionid, ptypeid, pdefinitionname, description, solution) VALUES (29, 7, 'IP and LAN setup', null, null);
INSERT INTO pdefinitions (pdefinitionid, ptypeid, pdefinitionname, description, solution) VALUES (30, 7, 'Faulty', null, null);
INSERT INTO pdefinitions (pdefinitionid, ptypeid, pdefinitionname, description, solution) VALUES (292, 7, 'To configur the MIR and link workstations', 'To configur the MIR and link workstations', 'To configure the MIr folder on the print manager and ensure that all PC linked to the MIR device.');
INSERT INTO pdefinitions (pdefinitionid, ptypeid, pdefinitionname, description, solution) VALUES (31, 8, 'Settings', null, null);
INSERT INTO pdefinitions (pdefinitionid, ptypeid, pdefinitionname, description, solution) VALUES (32, 8, 'Installation', null, null);
INSERT INTO pdefinitions (pdefinitionid, ptypeid, pdefinitionname, description, solution) VALUES (33, 8, 'Faulty', null, null);
INSERT INTO pdefinitions (pdefinitionid, ptypeid, pdefinitionname, description, solution) VALUES (34, 9, 'Settings', null, null);
INSERT INTO pdefinitions (pdefinitionid, ptypeid, pdefinitionname, description, solution) VALUES (35, 9, 'Installation', null, null);
INSERT INTO pdefinitions (pdefinitionid, ptypeid, pdefinitionname, description, solution) VALUES (36, 9, 'Faulty', null, null);
INSERT INTO pdefinitions (pdefinitionid, ptypeid, pdefinitionname, description, solution) VALUES (37, 10, 'Settings', null, null);
INSERT INTO pdefinitions (pdefinitionid, ptypeid, pdefinitionname, description, solution) VALUES (38, 10, 'Installation', null, null);
INSERT INTO pdefinitions (pdefinitionid, ptypeid, pdefinitionname, description, solution) VALUES (39, 10, 'Faulty', null, null);
INSERT INTO pdefinitions (pdefinitionid, ptypeid, pdefinitionname, description, solution) VALUES (40, 11, 'Settings', null, null);
INSERT INTO pdefinitions (pdefinitionid, ptypeid, pdefinitionname, description, solution) VALUES (41, 11, 'Installation', null, null);
INSERT INTO pdefinitions (pdefinitionid, ptypeid, pdefinitionname, description, solution) VALUES (42, 11, 'Faulty', null, null);
INSERT INTO pdefinitions (pdefinitionid, ptypeid, pdefinitionname, description, solution) VALUES (117, 11, 'Report Request', null, null);
INSERT INTO pdefinitions (pdefinitionid, ptypeid, pdefinitionname, description, solution) VALUES (43, 12, 'Not Connecting', null, null);
INSERT INTO pdefinitions (pdefinitionid, ptypeid, pdefinitionname, description, solution) VALUES (44, 12, 'Slow', null, null);
INSERT INTO pdefinitions (pdefinitionid, ptypeid, pdefinitionname, description, solution) VALUES (45, 13, 'Not Connecting', null, null);
INSERT INTO pdefinitions (pdefinitionid, ptypeid, pdefinitionname, description, solution) VALUES (46, 13, 'Wrong configuration', null, null);
INSERT INTO pdefinitions (pdefinitionid, ptypeid, pdefinitionname, description, solution) VALUES (47, 14, 'Not Connecting', null, null);
INSERT INTO pdefinitions (pdefinitionid, ptypeid, pdefinitionname, description, solution) VALUES (48, 14, 'Slow', null, null);
INSERT INTO pdefinitions (pdefinitionid, ptypeid, pdefinitionname, description, solution) VALUES (49, 15, 'Not Connecting', null, null);
INSERT INTO pdefinitions (pdefinitionid, ptypeid, pdefinitionname, description, solution) VALUES (50, 15, 'Verification problem', null, null);
INSERT INTO pdefinitions (pdefinitionid, ptypeid, pdefinitionname, description, solution) VALUES (51, 16, 'General', null, null);
INSERT INTO pdefinitions (pdefinitionid, ptypeid, pdefinitionname, description, solution) VALUES (52, 17, 'General', null, null);
INSERT INTO pdefinitions (pdefinitionid, ptypeid, pdefinitionname, description, solution) VALUES (81, 17, 'Link Down', null, null);
INSERT INTO pdefinitions (pdefinitionid, ptypeid, pdefinitionname, description, solution) VALUES (272, 17, 'Fare related', null, null);
INSERT INTO pdefinitions (pdefinitionid, ptypeid, pdefinitionname, description, solution) VALUES (53, 18, 'General', null, null);
INSERT INTO pdefinitions (pdefinitionid, ptypeid, pdefinitionname, description, solution) VALUES (54, 19, 'Routers', null, null);
INSERT INTO pdefinitions (pdefinitionid, ptypeid, pdefinitionname, description, solution) VALUES (55, 19, 'Lines', null, null);
INSERT INTO pdefinitions (pdefinitionid, ptypeid, pdefinitionname, description, solution) VALUES (56, 20, 'Software', null, null);
INSERT INTO pdefinitions (pdefinitionid, ptypeid, pdefinitionname, description, solution) VALUES (57, 20, 'Hardware', null, null);
INSERT INTO pdefinitions (pdefinitionid, ptypeid, pdefinitionname, description, solution) VALUES (58, 21, 'Computer', null, null);
INSERT INTO pdefinitions (pdefinitionid, ptypeid, pdefinitionname, description, solution) VALUES (59, 21, 'Ticket Printer', null, null);
INSERT INTO pdefinitions (pdefinitionid, ptypeid, pdefinitionname, description, solution) VALUES (60, 21, 'Laser printer', null, null);
INSERT INTO pdefinitions (pdefinitionid, ptypeid, pdefinitionname, description, solution) VALUES (61, 21, 'Itinerary Printer', null, null);
INSERT INTO pdefinitions (pdefinitionid, ptypeid, pdefinitionname, description, solution) VALUES (97, 21, 'CPU UPS', null, null);
INSERT INTO pdefinitions (pdefinitionid, ptypeid, pdefinitionname, description, solution) VALUES (136, 21, 'Other Hardware', 'Other Hardware', null);
INSERT INTO pdefinitions (pdefinitionid, ptypeid, pdefinitionname, description, solution) VALUES (141, 21, 'Laptop', 'Laptop', null);
INSERT INTO pdefinitions (pdefinitionid, ptypeid, pdefinitionname, description, solution) VALUES (235, 21, 'Cabinet', 'Cabinet', null);
INSERT INTO pdefinitions (pdefinitionid, ptypeid, pdefinitionname, description, solution) VALUES (247, 21, 'Cabinet UPS', null, null);
INSERT INTO pdefinitions (pdefinitionid, ptypeid, pdefinitionname, description, solution) VALUES (62, 22, 'Travelport Desktop', null, null);
INSERT INTO pdefinitions (pdefinitionid, ptypeid, pdefinitionname, description, solution) VALUES (63, 22, 'FP Net', null, null);
INSERT INTO pdefinitions (pdefinitionid, ptypeid, pdefinitionname, description, solution) VALUES (64, 22, 'GDIA', null, null);
INSERT INTO pdefinitions (pdefinitionid, ptypeid, pdefinitionname, description, solution) VALUES (65, 22, 'Anti virus', null, null);
INSERT INTO pdefinitions (pdefinitionid, ptypeid, pdefinitionname, description, solution) VALUES (66, 22, 'Trams', null, null);
INSERT INTO pdefinitions (pdefinitionid, ptypeid, pdefinitionname, description, solution) VALUES (67, 22, 'Travel Manager', null, null);
INSERT INTO pdefinitions (pdefinitionid, ptypeid, pdefinitionname, description, solution) VALUES (68, 22, 'Print Manager', null, null);
INSERT INTO pdefinitions (pdefinitionid, ptypeid, pdefinitionname, description, solution) VALUES (123, 22, 'Travelport Customization', null, null);
INSERT INTO pdefinitions (pdefinitionid, ptypeid, pdefinitionname, description, solution) VALUES (131, 22, 'Trams report Customization', 'Report customization', 'To build or make changes existing report in trams');
INSERT INTO pdefinitions (pdefinitionid, ptypeid, pdefinitionname, description, solution) VALUES (142, 22, 'Travelport Document Producer', 'Document Producer', null);
INSERT INTO pdefinitions (pdefinitionid, ptypeid, pdefinitionname, description, solution) VALUES (144, 22, 'Document Producer', 'Document producer', null);
INSERT INTO pdefinitions (pdefinitionid, ptypeid, pdefinitionname, description, solution) VALUES (156, 22, 'Travelport Terminal', 'Travelport Terminal', 'Travelport Terminal');
INSERT INTO pdefinitions (pdefinitionid, ptypeid, pdefinitionname, description, solution) VALUES (186, 22, 'Travcom basic installation license', 'Travcom basic installation license', 'Approval to request for license.');
INSERT INTO pdefinitions (pdefinitionid, ptypeid, pdefinitionname, description, solution) VALUES (70, 23, 'DYO', null, null);
INSERT INTO pdefinitions (pdefinitionid, ptypeid, pdefinitionname, description, solution) VALUES (71, 23, 'SON', null, null);
INSERT INTO pdefinitions (pdefinitionid, ptypeid, pdefinitionname, description, solution) VALUES (125, 23, 'Domain Hosting', '-', null);
INSERT INTO pdefinitions (pdefinitionid, ptypeid, pdefinitionname, description, solution) VALUES (185, 23, 'PCC', 'pcc', null);
INSERT INTO pdefinitions (pdefinitionid, ptypeid, pdefinitionname, description, solution) VALUES (73, 24, 'Leased Line', null, null);
INSERT INTO pdefinitions (pdefinitionid, ptypeid, pdefinitionname, description, solution) VALUES (74, 24, 'Bandwidth upgrade', null, null);
INSERT INTO pdefinitions (pdefinitionid, ptypeid, pdefinitionname, description, solution) VALUES (75, 24, 'KDN Link', null, null);
INSERT INTO pdefinitions (pdefinitionid, ptypeid, pdefinitionname, description, solution) VALUES (88, 24, 'Iburst', null, null);
INSERT INTO pdefinitions (pdefinitionid, ptypeid, pdefinitionname, description, solution) VALUES (89, 24, 'Dial Up', null, null);
INSERT INTO pdefinitions (pdefinitionid, ptypeid, pdefinitionname, description, solution) VALUES (150, 24, 'Safaricom Wireless connection', null, null);
INSERT INTO pdefinitions (pdefinitionid, ptypeid, pdefinitionname, description, solution) VALUES (179, 24, 'Zain Wireless', null, null);
INSERT INTO pdefinitions (pdefinitionid, ptypeid, pdefinitionname, description, solution) VALUES (237, 24, 'Link Migration', null, null);
INSERT INTO pdefinitions (pdefinitionid, ptypeid, pdefinitionname, description, solution) VALUES (240, 24, 'Orange Wireless', 'Orange Wireless', null);
INSERT INTO pdefinitions (pdefinitionid, ptypeid, pdefinitionname, description, solution) VALUES (76, 25, 'General', null, null);
INSERT INTO pdefinitions (pdefinitionid, ptypeid, pdefinitionname, description, solution) VALUES (77, 26, 'General', null, null);
INSERT INTO pdefinitions (pdefinitionid, ptypeid, pdefinitionname, description, solution) VALUES (78, 27, 'General', null, null);
INSERT INTO pdefinitions (pdefinitionid, ptypeid, pdefinitionname, description, solution) VALUES (79, 29, 'PC not connecting', 'A PC on the LAN is not connecting', null);
INSERT INTO pdefinitions (pdefinitionid, ptypeid, pdefinitionname, description, solution) VALUES (80, 29, 'Link Down', 'All computers on the LAN are down.', null);
INSERT INTO pdefinitions (pdefinitionid, ptypeid, pdefinitionname, description, solution) VALUES (232, 29, 'IP conflict within LAN', 'IP conflict within LAN', 'IP conflict within LAN');
INSERT INTO pdefinitions (pdefinitionid, ptypeid, pdefinitionname, description, solution) VALUES (83, 30, 'Does not save', null, null);
INSERT INTO pdefinitions (pdefinitionid, ptypeid, pdefinitionname, description, solution) VALUES (163, 31, 'Router Faulty', 'Router Faulty', null);
INSERT INTO pdefinitions (pdefinitionid, ptypeid, pdefinitionname, description, solution) VALUES (162, 32, 'DTU Faulty', 'DTU Faulty', null);
INSERT INTO pdefinitions (pdefinitionid, ptypeid, pdefinitionname, description, solution) VALUES (93, 33, 'UPS', null, null);
INSERT INTO pdefinitions (pdefinitionid, ptypeid, pdefinitionname, description, solution) VALUES (96, 33, 'Un-interupted Power Supply', null, null);
INSERT INTO pdefinitions (pdefinitionid, ptypeid, pdefinitionname, description, solution) VALUES (85, 34, 'fallback & recovery', 'To reprint unprinted documents', ' Check the link HMLD
Check the FPprint manager is up.
Check the images stuck on queue HQC
Restore the link HMOMGTID-U
Quick Start HQSGTID.
Repeat the Quick Start until restart message is returned');
INSERT INTO pdefinitions (pdefinitionid, ptypeid, pdefinitionname, description, solution) VALUES (86, 35, 'Installation', 'To install  a new location or addtion PC', 'Install FPnet');
INSERT INTO pdefinitions (pdefinitionid, ptypeid, pdefinitionname, description, solution) VALUES (87, 35, 'Re-installation', 'To Reinstal corrupted ', 'to reinstall the corrupted application');
INSERT INTO pdefinitions (pdefinitionid, ptypeid, pdefinitionname, description, solution) VALUES (161, 35, 'site survey', 'site survey', 'site survey');
INSERT INTO pdefinitions (pdefinitionid, ptypeid, pdefinitionname, description, solution) VALUES (99, 36, 'some keys not functioning', null, null);
INSERT INTO pdefinitions (pdefinitionid, ptypeid, pdefinitionname, description, solution) VALUES (98, 37, 'Faulty', null, null);
INSERT INTO pdefinitions (pdefinitionid, ptypeid, pdefinitionname, description, solution) VALUES (90, 40, 'Memory', null, null);
INSERT INTO pdefinitions (pdefinitionid, ptypeid, pdefinitionname, description, solution) VALUES (118, 49, 'Installation', null, null);
INSERT INTO pdefinitions (pdefinitionid, ptypeid, pdefinitionname, description, solution) VALUES (119, 49, 'Troubleshooting', null, null);
INSERT INTO pdefinitions (pdefinitionid, ptypeid, pdefinitionname, description, solution) VALUES (120, 49, 'Reports', null, null);
INSERT INTO pdefinitions (pdefinitionid, ptypeid, pdefinitionname, description, solution) VALUES (261, 49, 'Reset of password', 'Reset of Password', null);
INSERT INTO pdefinitions (pdefinitionid, ptypeid, pdefinitionname, description, solution) VALUES (262, 49, 'Re installation travcom', 're installation travcom', null);
INSERT INTO pdefinitions (pdefinitionid, ptypeid, pdefinitionname, description, solution) VALUES (263, 49, 'Handholding Clientmajik front office', 'Handholding Clientmajik front office', null);
INSERT INTO pdefinitions (pdefinitionid, ptypeid, pdefinitionname, description, solution) VALUES (264, 49, 'Handholding Back office', 'Handholding Back office', null);
INSERT INTO pdefinitions (pdefinitionid, ptypeid, pdefinitionname, description, solution) VALUES (265, 49, 'Interface between Travelport and Travcom', 'Interface between Travelport and Travcom', null);
INSERT INTO pdefinitions (pdefinitionid, ptypeid, pdefinitionname, description, solution) VALUES (266, 49, 'Unable to back up', 'Unable to backup', null);
INSERT INTO pdefinitions (pdefinitionid, ptypeid, pdefinitionname, description, solution) VALUES (267, 49, 'New Sign on Request', 'New Sign on Request', null);
INSERT INTO pdefinitions (pdefinitionid, ptypeid, pdefinitionname, description, solution) VALUES (268, 49, 'New Sign on Request back office', 'New Sign on Request back office', null);
INSERT INTO pdefinitions (pdefinitionid, ptypeid, pdefinitionname, description, solution) VALUES (269, 49, 'Class Travcom training', 'Class Travcom training', null);
INSERT INTO pdefinitions (pdefinitionid, ptypeid, pdefinitionname, description, solution) VALUES (270, 49, 'Onsite Travcom training', 'Onsite Travcom training', null);
INSERT INTO pdefinitions (pdefinitionid, ptypeid, pdefinitionname, description, solution) VALUES (273, 49, 'adjustment to the CWT script', 'adjustment to the CWT script', 'Add extra lines to the script');
INSERT INTO pdefinitions (pdefinitionid, ptypeid, pdefinitionname, description, solution) VALUES (305, 49, 'Research', null, null);
INSERT INTO pdefinitions (pdefinitionid, ptypeid, pdefinitionname, description, solution) VALUES (121, 50, 'installation / Re-installation', null, null);
INSERT INTO pdefinitions (pdefinitionid, ptypeid, pdefinitionname, description, solution) VALUES (122, 50, 'Faulty', null, null);
INSERT INTO pdefinitions (pdefinitionid, ptypeid, pdefinitionname, description, solution) VALUES (124, 56, 'New SSL installation', 'New SSL installation', null);
INSERT INTO pdefinitions (pdefinitionid, ptypeid, pdefinitionname, description, solution) VALUES (299, 56, 'Branch office', null, null);
INSERT INTO pdefinitions (pdefinitionid, ptypeid, pdefinitionname, description, solution) VALUES (130, 58, 'Travelport email adresses', null, null);
INSERT INTO pdefinitions (pdefinitionid, ptypeid, pdefinitionname, description, solution) VALUES (132, 59, 'Travcom  Accounting System Customization', 'Travcom Accounting System Customization', null);
INSERT INTO pdefinitions (pdefinitionid, ptypeid, pdefinitionname, description, solution) VALUES (145, 59, 'Report Customization', 'Report Customization', null);
INSERT INTO pdefinitions (pdefinitionid, ptypeid, pdefinitionname, description, solution) VALUES (137, 66, 'New Travelport software', null, null);
INSERT INTO pdefinitions (pdefinitionid, ptypeid, pdefinitionname, description, solution) VALUES (138, 67, 'Voided tickets for Refund', null, null);
INSERT INTO pdefinitions (pdefinitionid, ptypeid, pdefinitionname, description, solution) VALUES (139, 68, 'Agency Closure', null, null);
INSERT INTO pdefinitions (pdefinitionid, ptypeid, pdefinitionname, description, solution) VALUES (164, 69, 'Change of Premises', 'Change of Premises', null);
INSERT INTO pdefinitions (pdefinitionid, ptypeid, pdefinitionname, description, solution) VALUES (140, 71, 'Wireless Not connecting', 'Wireless Not connecting', null);
INSERT INTO pdefinitions (pdefinitionid, ptypeid, pdefinitionname, description, solution) VALUES (147, 72, 'Installation', 'Installation', 'Installation');
INSERT INTO pdefinitions (pdefinitionid, ptypeid, pdefinitionname, description, solution) VALUES (172, 72, 'Reinstallation', 'Reinstallation', null);
INSERT INTO pdefinitions (pdefinitionid, ptypeid, pdefinitionname, description, solution) VALUES (297, 72, 'faulty', null, null);
INSERT INTO pdefinitions (pdefinitionid, ptypeid, pdefinitionname, description, solution) VALUES (148, 76, 'Installation', 'Installation', null);
INSERT INTO pdefinitions (pdefinitionid, ptypeid, pdefinitionname, description, solution) VALUES (275, 76, 'Modification of a CWT script', 'Modification of a CWT script', null);
INSERT INTO pdefinitions (pdefinitionid, ptypeid, pdefinitionname, description, solution) VALUES (314, 76, 'faulty', null, null);
INSERT INTO pdefinitions (pdefinitionid, ptypeid, pdefinitionname, description, solution) VALUES (149, 77, 'Other services , like VOIP, Cabling', null, null);
INSERT INTO pdefinitions (pdefinitionid, ptypeid, pdefinitionname, description, solution) VALUES (158, 77, 'VOIP – additional branch - one off fee', 'VOIP – additional branch - one off fee', null);
INSERT INTO pdefinitions (pdefinitionid, ptypeid, pdefinitionname, description, solution) VALUES (160, 77, 'VOIP - headsets', 'VOIP - headsets', null);
INSERT INTO pdefinitions (pdefinitionid, ptypeid, pdefinitionname, description, solution) VALUES (165, 82, 'New Installation', 'New Installation', 'New Installation');
INSERT INTO pdefinitions (pdefinitionid, ptypeid, pdefinitionname, description, solution) VALUES (155, 83, 'Additional Branches', 'Request for additional branches access codes', null);
INSERT INTO pdefinitions (pdefinitionid, ptypeid, pdefinitionname, description, solution) VALUES (157, 88, 'Install or reinstall', 'Install or reinstall', 'Install or reinstall SSL');
INSERT INTO pdefinitions (pdefinitionid, ptypeid, pdefinitionname, description, solution) VALUES (159, 89, 'Connectivity Issue', 'Connectivity Issue', null);
INSERT INTO pdefinitions (pdefinitionid, ptypeid, pdefinitionname, description, solution) VALUES (166, 90, 'Installation', 'Installation', 'Installation');
INSERT INTO pdefinitions (pdefinitionid, ptypeid, pdefinitionname, description, solution) VALUES (290, 90, 'faulty', 'faulty', null);
INSERT INTO pdefinitions (pdefinitionid, ptypeid, pdefinitionname, description, solution) VALUES (291, 90, 'link down', 'link down', null);
INSERT INTO pdefinitions (pdefinitionid, ptypeid, pdefinitionname, description, solution) VALUES (169, 92, 'Travelport internet connection', 'Travelport internet connection', 'request through technical department for a internet link.');
INSERT INTO pdefinitions (pdefinitionid, ptypeid, pdefinitionname, description, solution) VALUES (180, 93, 'Troubleshooting', null, null);
INSERT INTO pdefinitions (pdefinitionid, ptypeid, pdefinitionname, description, solution) VALUES (171, 94, 'Not connecting', 'Not connecting', null);
INSERT INTO pdefinitions (pdefinitionid, ptypeid, pdefinitionname, description, solution) VALUES (177, 98, 'Move data line', 'Move data line', null);
INSERT INTO pdefinitions (pdefinitionid, ptypeid, pdefinitionname, description, solution) VALUES (283, 98, 'Data line termination', 'Data line termination', null);
INSERT INTO pdefinitions (pdefinitionid, ptypeid, pdefinitionname, description, solution) VALUES (178, 99, 'Convert public Ips', 'Convert public Ips', null);
INSERT INTO pdefinitions (pdefinitionid, ptypeid, pdefinitionname, description, solution) VALUES (239, 107, 'IP conflict within LAN', null, null);
INSERT INTO pdefinitions (pdefinitionid, ptypeid, pdefinitionname, description, solution) VALUES (233, 111, 'Cabinet Fan Faulty', null, null);
INSERT INTO pdefinitions (pdefinitionid, ptypeid, pdefinitionname, description, solution) VALUES (238, 112, 'faulty adaptor', 'faulty adaptor', 'faulty adaptor');
INSERT INTO pdefinitions (pdefinitionid, ptypeid, pdefinitionname, description, solution) VALUES (244, 114, 'Does not save', null, null);
INSERT INTO pdefinitions (pdefinitionid, ptypeid, pdefinitionname, description, solution) VALUES (246, 115, 'Orange wireless link and modem', 'Orange wireless link and modem', null);
INSERT INTO pdefinitions (pdefinitionid, ptypeid, pdefinitionname, description, solution) VALUES (256, 118, 'Power supply', null, null);
INSERT INTO pdefinitions (pdefinitionid, ptypeid, pdefinitionname, description, solution) VALUES (257, 118, 'Settings', null, null);
INSERT INTO pdefinitions (pdefinitionid, ptypeid, pdefinitionname, description, solution) VALUES (258, 118, 'Slow', null, null);
INSERT INTO pdefinitions (pdefinitionid, ptypeid, pdefinitionname, description, solution) VALUES (271, 119, 'USB connector loose', 'USB connector loose', null);
INSERT INTO pdefinitions (pdefinitionid, ptypeid, pdefinitionname, description, solution) VALUES (276, 122, 'Survey to identify the viable link', 'Survey to identify the viable link', null);
INSERT INTO pdefinitions (pdefinitionid, ptypeid, pdefinitionname, description, solution) VALUES (279, 123, 'Moving a machine within the office', null, null);
INSERT INTO pdefinitions (pdefinitionid, ptypeid, pdefinitionname, description, solution) VALUES (280, 123, 'Moving an ITN within the office', null, null);
INSERT INTO pdefinitions (pdefinitionid, ptypeid, pdefinitionname, description, solution) VALUES (281, 123, 'Moving Link equipments within the office', null, null);
INSERT INTO pdefinitions (pdefinitionid, ptypeid, pdefinitionname, description, solution) VALUES (285, 124, 'Installation', null, null);
INSERT INTO pdefinitions (pdefinitionid, ptypeid, pdefinitionname, description, solution) VALUES (294, 125, 'phone down', 'report to IS ext 2132/2831', null);
INSERT INTO pdefinitions (pdefinitionid, ptypeid, pdefinitionname, description, solution) VALUES (298, 125, 'phone faulty', null, null);
INSERT INTO pdefinitions (pdefinitionid, ptypeid, pdefinitionname, description, solution) VALUES (300, 127, 'installation', null, null);
INSERT INTO pdefinitions (pdefinitionid, ptypeid, pdefinitionname, description, solution) VALUES (301, 127, 're installation', null, null);
INSERT INTO pdefinitions (pdefinitionid, ptypeid, pdefinitionname, description, solution) VALUES (312, 131, 'create profile', null, null);
INSERT INTO pdefinitions (pdefinitionid, ptypeid, pdefinitionname, description, solution) VALUES (313, 131, 'update profile', null, null);

SELECT pg_catalog.setval('pdefinitions_pdefinitionid_seq', 500, true);

INSERT INTO plevels (plevelid, plevelname, plevelratio, details) VALUES (1, 'Critical', 50, NULL);
INSERT INTO plevels (plevelid, plevelname, plevelratio, details) VALUES (2, 'High', 70, NULL);
INSERT INTO plevels (plevelid, plevelname, plevelratio, details) VALUES (3, 'Medium', 85, NULL);
INSERT INTO plevels (plevelid, plevelname, plevelratio, details) VALUES (4, 'Low', 95, NULL);

SELECT pg_catalog.setval('plevels_plevelid_seq', 5, true);


INSERT INTO assettypes (assettypeid, assettypename, details) VALUES (1, 'Computer', NULL);
INSERT INTO assettypes (assettypeid, assettypename, details) VALUES (2, 'Itinerary Printer', NULL);
INSERT INTO assettypes (assettypeid, assettypename, details) VALUES (3, 'Ticket Printer', NULL);
INSERT INTO assettypes (assettypeid, assettypename, details) VALUES (9, 'UPS', NULL);
INSERT INTO assettypes (assettypeid, assettypename, details) VALUES (15, 'Router', NULL);
INSERT INTO assettypes (assettypeid, assettypename, details) VALUES (16, 'Travcom', NULL);
INSERT INTO assettypes (assettypeid, assettypename, details) VALUES (33, 'Internet Links', NULL);


SELECT pg_catalog.setval('assettypes_assettypeid_seq', 38, true);

INSERT INTO assetsubtypes (assetsubtypeid, assettypeid, assetsubtypename, clientcost, segments, details) VALUES (1, 1, 'CPU', 114, 38, null);
INSERT INTO assetsubtypes (assetsubtypeid, assettypeid, assetsubtypename, clientcost, segments, details) VALUES (3, 1, 'Monitor', 0, 0, null);
INSERT INTO assetsubtypes (assetsubtypeid, assettypeid, assetsubtypename, clientcost, segments, details) VALUES (9, 1, 'Laptop', 120, 40, null);
INSERT INTO assetsubtypes (assetsubtypeid, assettypeid, assetsubtypename, clientcost, segments, details) VALUES (180, 1, 'Docking Station', 7, 3, null);
INSERT INTO assetsubtypes (assetsubtypeid, assettypeid, assetsubtypename, clientcost, segments, details) VALUES (6, 2, 'Dot Matrix Printer', 18, 6, null);
INSERT INTO assetsubtypes (assetsubtypeid, assettypeid, assetsubtypename, clientcost, segments, details) VALUES (7, 3, 'Ticket Printer', 37, 12, null);
INSERT INTO assetsubtypes (assetsubtypeid, assettypeid, assetsubtypename, clientcost, segments, details) VALUES (23, 9, 'UPS 700VA', 6, 2, null);
INSERT INTO assetsubtypes (assetsubtypeid, assettypeid, assetsubtypename, clientcost, segments, details) VALUES (111, 15, 'Router', 0, 0, null);
INSERT INTO assetsubtypes (assetsubtypeid, assettypeid, assetsubtypename, clientcost, segments, details) VALUES (31, 16, 'TravCom TC(Back Office)-Initial Package 1 user', 111, 37, null);
INSERT INTO assetsubtypes (assetsubtypeid, assettypeid, assetsubtypename, clientcost, segments, details) VALUES (62, 16, 'TravCom TC(Back Office) - Additional TC User', 12, 4, null);
INSERT INTO assetsubtypes (assetsubtypeid, assettypeid, assetsubtypename, clientcost, segments, details) VALUES (64, 16, 'TravCom CM (FO) - Initial Package 1-10 users', 90, 30, null);
INSERT INTO assetsubtypes (assetsubtypeid, assettypeid, assetsubtypename, clientcost, segments, details) VALUES (68, 16, 'TravCom CM (Front Office)-Additional FO user', 9, 3, null);
INSERT INTO assetsubtypes (assetsubtypeid, assettypeid, assetsubtypename, clientcost, segments, details) VALUES (69, 16, 'TravCom - Branch', 21, 7, null);
INSERT INTO assetsubtypes (assetsubtypeid, assettypeid, assetsubtypename, clientcost, segments, details) VALUES (112, 16, 'Travcom Report Customization', 0, 0, null);
INSERT INTO assetsubtypes (assetsubtypeid, assettypeid, assetsubtypename, clientcost, segments, details) VALUES (164, 33, 'Internet Link 1024/1024MB', 1068, 356, null);
INSERT INTO assetsubtypes (assetsubtypeid, assettypeid, assetsubtypename, clientcost, segments, details) VALUES (177, 33, 'Internet Link 1024K LOOP Service', 532, 178, null);
INSERT INTO assetsubtypes (assetsubtypeid, assettypeid, assetsubtypename, clientcost, segments, details) VALUES (178, 33, 'Internet Link 2048K LOOP Service', 1004, 335, null);

SELECT pg_catalog.setval('assetsubtypes_assetsubtypeid_seq', 200, true);



