CREATE TABLE votebook (
	votebook_id			serial primary key,
	var1				varchar(50),
	var2				varchar(50),
	var3				varchar(200)
);

INSERT INTO votebook (var1, var2, var3) VALUES ('134', '2210100', 'Utilities Supplies');
INSERT INTO votebook (var1, var2, var3) VALUES ('134', '2210101', 'Electricity Expenses');
INSERT INTO votebook (var1, var2, var3) VALUES ('134', '2210102', 'Water & Sewarage');
INSERT INTO votebook (var1, var2, var3) VALUES ('134', '2210200', 'Communication Supplies');
INSERT INTO votebook (var1, var2, var3) VALUES ('134', '2210201', 'Telephone Expenses');
INSERT INTO votebook (var1, var2, var3) VALUES ('134', '2210202', 'Internet Connection');
INSERT INTO votebook (var1, var2, var3) VALUES ('134', '2210203', 'Courier & Postal');
INSERT INTO votebook (var1, var2, var3) VALUES ('134', '2210300', 'Travel & Subsistence & Costs - D');
INSERT INTO votebook (var1, var2, var3) VALUES ('134', '2210301', 'Travel Costs');
INSERT INTO votebook (var1, var2, var3) VALUES ('134', '2210302', 'Accommodation - D');
INSERT INTO votebook (var1, var2, var3) VALUES ('134', '2210303', 'Daily Subsistence');
INSERT INTO votebook (var1, var2, var3) VALUES ('134', '2210500', 'Printing, Advertising');
INSERT INTO votebook (var1, var2, var3) VALUES ('134', '2210502', 'Publishing & Printing');
INSERT INTO votebook (var1, var2, var3) VALUES ('134', '2210503', 'Subsriptions to Newspaper');
INSERT INTO votebook (var1, var2, var3) VALUES ('134', '2210800', 'Hospitality Supplies and Services');
INSERT INTO votebook (var1, var2, var3) VALUES ('134', '2210801', 'Catering Services, Accomodation');
INSERT INTO votebook (var1, var2, var3) VALUES ('134', '2211100', 'Office & General Supplies');
INSERT INTO votebook (var1, var2, var3) VALUES ('134', '2211101', 'General office Supplies');
INSERT INTO votebook (var1, var2, var3) VALUES ('134', '2211102', 'Accessories for Computers/Printers');
INSERT INTO votebook (var1, var2, var3) VALUES ('134', '2211103', 'Sanitary & Clearing Material');
INSERT INTO votebook (var1, var2, var3) VALUES ('134', '2211200', 'Fuel Oil & Lubrications');
INSERT INTO votebook (var1, var2, var3) VALUES ('134', '2211201', 'Refined Fuels & Lubricants');
INSERT INTO votebook (var1, var2, var3) VALUES ('134', '2211300', 'Other Operating Expenses');
INSERT INTO votebook (var1, var2, var3) VALUES ('134', '2211308', 'Legal dues, abitrate, Compensation');
INSERT INTO votebook (var1, var2, var3) VALUES ('134', '2211310', 'Contracted Professional Services');
INSERT INTO votebook (var1, var2, var3) VALUES ('134', '2220100', 'Maintenance of Motor Vehicle');
INSERT INTO votebook (var1, var2, var3) VALUES ('134', '2220101', 'Maintenance Expenses');
INSERT INTO votebook (var1, var2, var3) VALUES ('134', '2220200', 'Routine Maintence - Assets');
INSERT INTO votebook (var1, var2, var3) VALUES ('134', '2220204', 'Maintenance of Building - R');
INSERT INTO votebook (var1, var2, var3) VALUES ('134', '2220205', 'Maintenance of Building - N/R');
INSERT INTO votebook (var1, var2, var3) VALUES ('134', '2220209', 'Minor Alterations');
INSERT INTO votebook (var1, var2, var3) VALUES ('134', '2220210', 'Maintenance of Comp. & other Equip.');
INSERT INTO votebook (var1, var2, var3) VALUES ('134', '3111000', 'Purchase of Furniture/Gen Equip');
INSERT INTO votebook (var1, var2, var3) VALUES ('134', '3111001', 'Purchase of Furniture/Fittings');
INSERT INTO votebook (var1, var2, var3) VALUES ('134', '3111002', 'Purchase of Comps, printers & Equip.');
INSERT INTO votebook (var1, var2, var3) VALUES ('134', '3111005', 'Purchase of P/copiers & Office Equip.');
INSERT INTO votebook (var1, var2, var3) VALUES ('203', '2110100', 'Basic Salaries Permanent/Temp.');
INSERT INTO votebook (var1, var2, var3) VALUES ('203', '2110103', 'Salaries & Wages');
INSERT INTO votebook (var1, var2, var3) VALUES ('203', '2110300', 'Personal Allowance -Part ');
INSERT INTO votebook (var1, var2, var3) VALUES ('203', '2110301', 'House Allowance');
INSERT INTO votebook (var1, var2, var3) VALUES ('203', '2110303', 'Acting Allowance');
INSERT INTO votebook (var1, var2, var3) VALUES ('203', '2110309', 'Special Duty Allowance');
INSERT INTO votebook (var1, var2, var3) VALUES ('203', '2110311', 'Transfer allowance');
INSERT INTO votebook (var1, var2, var3) VALUES ('203', '2110312', 'Responsibility Allowance');
INSERT INTO votebook (var1, var2, var3) VALUES ('203', '2110313', 'Entertainment allowance');
INSERT INTO votebook (var1, var2, var3) VALUES ('203', '2110314', 'Trasport allowance');
INSERT INTO votebook (var1, var2, var3) VALUES ('203', '2110315', 'Extreneous allowance');
INSERT INTO votebook (var1, var2, var3) VALUES ('203', '2110400', 'Personal Allowance - Reimbursement');
INSERT INTO votebook (var1, var2, var3) VALUES ('203', '2110404', 'Leave Expenses');
INSERT INTO votebook (var1, var2, var3) VALUES ('203', '2120100', 'Employer Contributions to Compulsory N.S.S.S');
INSERT INTO votebook (var1, var2, var3) VALUES ('203', '2120103', 'Employer Contribution to Staff Pension Scheme');
INSERT INTO votebook (var1, var2, var3) VALUES ('203', '2120200', 'Employer Contribution to N.H.I.F');
INSERT INTO votebook (var1, var2, var3) VALUES ('203', '2120201', 'Employer Contribution to N.H.I.F');
INSERT INTO votebook (var1, var2, var3) VALUES ('203', '2210100', 'Utilities Supplies');
INSERT INTO votebook (var1, var2, var3) VALUES ('203', '2210101', 'Electricity Expenses');
INSERT INTO votebook (var1, var2, var3) VALUES ('203', '2210102', 'Water & Sewarage');
INSERT INTO votebook (var1, var2, var3) VALUES ('203', '2210200', 'Communication Supplies');
INSERT INTO votebook (var1, var2, var3) VALUES ('203', '2210201', 'Telephone Expenses');
INSERT INTO votebook (var1, var2, var3) VALUES ('203', '2210202', 'Internet Connection');
INSERT INTO votebook (var1, var2, var3) VALUES ('203', '2210203', 'Courier & Postal');
INSERT INTO votebook (var1, var2, var3) VALUES ('203', '2210300', 'Travel & Subsistence & Costs - D');
INSERT INTO votebook (var1, var2, var3) VALUES ('203', '2210301', 'Travel Costs');
INSERT INTO votebook (var1, var2, var3) VALUES ('203', '2210302', 'Accommodation - D');
INSERT INTO votebook (var1, var2, var3) VALUES ('203', '2210303', 'Daily Subsistence');
INSERT INTO votebook (var1, var2, var3) VALUES ('203', '2210304', 'Sundry - Airport Taxes');
INSERT INTO votebook (var1, var2, var3) VALUES ('203', '2210305', 'Shipment of P/E');
INSERT INTO votebook (var1, var2, var3) VALUES ('203', '2210400', 'Foreign Travel');
INSERT INTO votebook (var1, var2, var3) VALUES ('203', '2210401', 'Travel Costs -F');
INSERT INTO votebook (var1, var2, var3) VALUES ('203', '2210402', 'Accommodation - F');
INSERT INTO votebook (var1, var2, var3) VALUES ('203', '2210403', 'Daily Subsistence - F');
INSERT INTO votebook (var1, var2, var3) VALUES ('203', '2210500', 'Printing, Advertising');
INSERT INTO votebook (var1, var2, var3) VALUES ('203', '2210502', 'Publishing & Printing');
INSERT INTO votebook (var1, var2, var3) VALUES ('203', '2210503', 'Subscriptions to Newspaper');
INSERT INTO votebook (var1, var2, var3) VALUES ('203', '2210504', 'Advertising, awarenes and publicity campaigns.');
INSERT INTO votebook (var1, var2, var3) VALUES ('203', '2210600', 'Rent');
INSERT INTO votebook (var1, var2, var3) VALUES ('203', '2210602', 'Rents Payment - Residential');
INSERT INTO votebook (var1, var2, var3) VALUES ('203', '2210603', 'Rents Payment - Non-Residential');
INSERT INTO votebook (var1, var2, var3) VALUES ('203', '2210604', 'Hire of Transport, M/V, Equip. & Machinery');
INSERT INTO votebook (var1, var2, var3) VALUES ('203', '2210800', 'Hospitality Costs');
INSERT INTO votebook (var1, var2, var3) VALUES ('203', '2210801', 'Catering Services');
INSERT INTO votebook (var1, var2, var3) VALUES ('203', '2210802', 'Boards, Committees, & Conferences');
INSERT INTO votebook (var1, var2, var3) VALUES ('203', '2210900', 'Insurance Costs');
INSERT INTO votebook (var1, var2, var3) VALUES ('203', '2210901', 'Group Accident Insurance');
INSERT INTO votebook (var1, var2, var3) VALUES ('203', '2211000', 'Specialised Mat. & Supplies');
INSERT INTO votebook (var1, var2, var3) VALUES ('203', '2211004', 'Fungicides, Insecticides/Spray');
INSERT INTO votebook (var1, var2, var3) VALUES ('203', '2211009', 'Education & Library Supplies');
INSERT INTO votebook (var1, var2, var3) VALUES ('203', '2211016', 'Purchase of Uniforms/Cloths');
INSERT INTO votebook (var1, var2, var3) VALUES ('203', '2211100', 'Office & General Supplies');
INSERT INTO votebook (var1, var2, var3) VALUES ('203', '2211101', 'General office Supplies');
INSERT INTO votebook (var1, var2, var3) VALUES ('203', '2211102', 'Computer Accessories.');
INSERT INTO votebook (var1, var2, var3) VALUES ('203', '2211103', 'Sanitary & cleaning materials,supplies& survices');
INSERT INTO votebook (var1, var2, var3) VALUES ('203', '2211200', 'Fuel Oil & Lubrications');
INSERT INTO votebook (var1, var2, var3) VALUES ('203', '2211201', 'Refined Fuels & Lubricants');
INSERT INTO votebook (var1, var2, var3) VALUES ('203', '2211300', 'Other Operating Expenses');
INSERT INTO votebook (var1, var2, var3) VALUES ('203', '2211305', 'Contracted Guards & Cleaning');
INSERT INTO votebook (var1, var2, var3) VALUES ('203', '2211306', 'Membership fees, dues');
INSERT INTO votebook (var1, var2, var3) VALUES ('203', '2211308', 'Legal dues, abitrate, Compensation');
INSERT INTO votebook (var1, var2, var3) VALUES ('203', '2211310', 'Contracted Professional Services');
INSERT INTO votebook (var1, var2, var3) VALUES ('203', '2211311', 'Contracted Technical Services');
INSERT INTO votebook (var1, var2, var3) VALUES ('203', '2211316', 'Domestic Cash Written Off');
INSERT INTO votebook (var1, var2, var3) VALUES ('203', '2220100', 'Maintenance of Motor Vehicle');
INSERT INTO votebook (var1, var2, var3) VALUES ('203', '2220101', 'Maintenance Expenses');
INSERT INTO votebook (var1, var2, var3) VALUES ('203', '2220200', 'Routine Maintence - Assets');
INSERT INTO votebook (var1, var2, var3) VALUES ('203', '2220201', 'Maitenance of Plant,Machinery/Equip(lifts)');
INSERT INTO votebook (var1, var2, var3) VALUES ('203', '2220202', 'Maintenance of Ofice Furniture/Equip.');
INSERT INTO votebook (var1, var2, var3) VALUES ('203', '2220204', 'Maintenance of Building -R');
INSERT INTO votebook (var1, var2, var3) VALUES ('203', '2220205', 'Maintenance of Building - N/R');
INSERT INTO votebook (var1, var2, var3) VALUES ('203', '2220209', 'Minor Alterations');
INSERT INTO votebook (var1, var2, var3) VALUES ('203', '2220210', 'Maintenance of Comp. & other Equip.');
INSERT INTO votebook (var1, var2, var3) VALUES ('203', '2630100', 'Current Grants To National Council');
INSERT INTO votebook (var1, var2, var3) VALUES ('203', '2630109', 'Current Grantc to National Comm. Tribunal (A.L.B)');
INSERT INTO votebook (var1, var2, var3) VALUES ('203', '2640400', 'Other Current Transfers - Grants & Subs. Grants');
INSERT INTO votebook (var1, var2, var3) VALUES ('203', '2640402', 'Donations ');
INSERT INTO votebook (var1, var2, var3) VALUES ('203', '2640403', 'Ex-Gratia Payments');
INSERT INTO votebook (var1, var2, var3) VALUES ('203', '3111000', 'Purchase of Furniture/Gen Equip');
INSERT INTO votebook (var1, var2, var3) VALUES ('203', '3111001', 'Purchase of Furniture/Fittings');
INSERT INTO votebook (var1, var2, var3) VALUES ('203', '3111002', 'Purchase of Comps, printers & Equip.');
INSERT INTO votebook (var1, var2, var3) VALUES ('203', '3111003', 'Purcahse of Air Conditioners, Fans');
INSERT INTO votebook (var1, var2, var3) VALUES ('203', '3111004', 'Purchase of Communicatioin Equip.');
INSERT INTO votebook (var1, var2, var3) VALUES ('203', '3111005', 'Purchase of P/copiers & Office Equip.');
INSERT INTO votebook (var1, var2, var3) VALUES ('864', '2630100', 'National Council For Law Reporting');
INSERT INTO votebook (var1, var2, var3) VALUES ('864', '2630101', 'Current Grants-Semi-Autonomous Gvt. Agencies (NCLR)');
INSERT INTO votebook (var1, var2, var3) VALUES ('309', '2210100', 'Utilities Supplies');
INSERT INTO votebook (var1, var2, var3) VALUES ('309', '2210101', 'Electricity');
INSERT INTO votebook (var1, var2, var3) VALUES ('309', '2210102', 'Water & Sewarage');
INSERT INTO votebook (var1, var2, var3) VALUES ('309', '2210200', 'Communication Supplies');
INSERT INTO votebook (var1, var2, var3) VALUES ('309', '2210201', 'Telephone Expenses');
INSERT INTO votebook (var1, var2, var3) VALUES ('309', '2210203', 'Courier & Postal');
INSERT INTO votebook (var1, var2, var3) VALUES ('309', '2210300', 'Travel & Subsistence & Costs - D');
INSERT INTO votebook (var1, var2, var3) VALUES ('309', '2210301', 'Travel Costs');
INSERT INTO votebook (var1, var2, var3) VALUES ('309', '2210302', 'Accommodation - D');
INSERT INTO votebook (var1, var2, var3) VALUES ('309', '2210303', 'Daily Subsistence');
INSERT INTO votebook (var1, var2, var3) VALUES ('309', '2210500', 'Printing, Advertising');
INSERT INTO votebook (var1, var2, var3) VALUES ('309', '2210503', 'Subscriptions to Newspaper');
INSERT INTO votebook (var1, var2, var3) VALUES ('309', '2210800', 'Hospitality and Catering');
INSERT INTO votebook (var1, var2, var3) VALUES ('309', '2210801', 'Hospitality Supplies and Catering Services');
INSERT INTO votebook (var1, var2, var3) VALUES ('309', '2211200', 'Fuel Oil & Lubrications');
INSERT INTO votebook (var1, var2, var3) VALUES ('309', '2211201', 'Refined Fuels & Lubricants');
INSERT INTO votebook (var1, var2, var3) VALUES ('309', '2220100', 'Maintenance of Motor Vehicle');
INSERT INTO votebook (var1, var2, var3) VALUES ('309', '2220101', 'Maintenance Expenses');
INSERT INTO votebook (var1, var2, var3) VALUES ('344', '2210100', 'Utilities Supplies');
INSERT INTO votebook (var1, var2, var3) VALUES ('344', '2210101', 'Electricity Expenses');
INSERT INTO votebook (var1, var2, var3) VALUES ('344', '2210102', 'Water & Sewarage Charges');
INSERT INTO votebook (var1, var2, var3) VALUES ('344', '2210200', 'Communication Supplies');
INSERT INTO votebook (var1, var2, var3) VALUES ('344', '2210201', 'Telephone, Telex, Fcsimile and Mobile Phones');
INSERT INTO votebook (var1, var2, var3) VALUES ('344', '2210202', 'Internet Connection');
INSERT INTO votebook (var1, var2, var3) VALUES ('344', '2210500', 'Printing, Advert. & Information Supplies');
INSERT INTO votebook (var1, var2, var3) VALUES ('344', '2210502', 'Publishing & Printing');
INSERT INTO votebook (var1, var2, var3) VALUES ('344', '2210503', 'Subsriptions to Newspaper, Magazine ');
INSERT INTO votebook (var1, var2, var3) VALUES ('344', '2210600', 'Rentals of Produced Asset');
INSERT INTO votebook (var1, var2, var3) VALUES ('344', '2210603', 'Rents ');
INSERT INTO votebook (var1, var2, var3) VALUES ('344', '2210700', 'Trainings Expenses');
INSERT INTO votebook (var1, var2, var3) VALUES ('344', '2210701', 'Travel Allowance');
INSERT INTO votebook (var1, var2, var3) VALUES ('344', '2210702', 'Remuneration of Instructor and Contract Based');
INSERT INTO votebook (var1, var2, var3) VALUES ('344', '2210703', 'Production and Printing of Training Materials');
INSERT INTO votebook (var1, var2, var3) VALUES ('344', '2210704', 'Hiring of Training Facilities and Equipment');
INSERT INTO votebook (var1, var2, var3) VALUES ('344', '2210705', 'Field Training Attachments');
INSERT INTO votebook (var1, var2, var3) VALUES ('344', '2210800', 'Hospitality Supplies Services');
INSERT INTO votebook (var1, var2, var3) VALUES ('344', '2210801', 'Catering Services, Accomodation');
INSERT INTO votebook (var1, var2, var3) VALUES ('344', '2211000', 'Specialised Materials Supplies');
INSERT INTO votebook (var1, var2, var3) VALUES ('344', '2211004', 'Fungicides, Insecticides/Spray');
INSERT INTO votebook (var1, var2, var3) VALUES ('344', '2211009', 'Education & Library Supplies');
INSERT INTO votebook (var1, var2, var3) VALUES ('344', '2211100', 'Office and General Office Supplies');
INSERT INTO votebook (var1, var2, var3) VALUES ('344', '2211101', 'General office Supplies');
INSERT INTO votebook (var1, var2, var3) VALUES ('344', '2211102', 'Supplies and Accessories');
INSERT INTO votebook (var1, var2, var3) VALUES ('344', '2220200', 'Routine Maintanace - Other Assets ');
INSERT INTO votebook (var1, var2, var3) VALUES ('344', '2220201', 'Maintenance of Plants, Machines and Equipment');
INSERT INTO votebook (var1, var2, var3) VALUES ('344', '2220205', 'Maintenance of Building and Station');
INSERT INTO votebook (var1, var2, var3) VALUES ('344', '2220210', 'Maintenance of Computers and Network Software');
INSERT INTO votebook (var1, var2, var3) VALUES ('860', '2110100', 'Basic Salaries Permanent/Temp.');
INSERT INTO votebook (var1, var2, var3) VALUES ('860', '2110103', 'Salaries & Wages');
INSERT INTO votebook (var1, var2, var3) VALUES ('860', '2110300', 'Personal Allowance ');
INSERT INTO votebook (var1, var2, var3) VALUES ('860', '2110301', 'House Allowance');
INSERT INTO votebook (var1, var2, var3) VALUES ('860', '2110303', 'Acting Allowance');
INSERT INTO votebook (var1, var2, var3) VALUES ('860', '2110309', 'Special Duty Allowance');
INSERT INTO votebook (var1, var2, var3) VALUES ('860', '2110311', 'Transfer allowance');
INSERT INTO votebook (var1, var2, var3) VALUES ('860', '2110312', 'Responsibility Allowance');
INSERT INTO votebook (var1, var2, var3) VALUES ('860', '2110313', 'Entertainment allowance');
INSERT INTO votebook (var1, var2, var3) VALUES ('860', '2110314', 'Trasport allowance');
INSERT INTO votebook (var1, var2, var3) VALUES ('860', '2110315', 'Extreneous allowance');
INSERT INTO votebook (var1, var2, var3) VALUES ('860', '2110400', 'Personal Allowance - Reimbursement');
INSERT INTO votebook (var1, var2, var3) VALUES ('860', '2110404', 'Leave Expenses');
INSERT INTO votebook (var1, var2, var3) VALUES ('860', '2210100', 'Utilities Supplies');
INSERT INTO votebook (var1, var2, var3) VALUES ('860', '2210101', 'Electricity Expenses');
INSERT INTO votebook (var1, var2, var3) VALUES ('860', '2210102', 'Water & Sewarage');
INSERT INTO votebook (var1, var2, var3) VALUES ('860', '2210200', 'Communication Supplies');
INSERT INTO votebook (var1, var2, var3) VALUES ('860', '2210201', 'Telephone Expenses');
INSERT INTO votebook (var1, var2, var3) VALUES ('860', '2210202', 'Internet Connection');
INSERT INTO votebook (var1, var2, var3) VALUES ('860', '2210203', 'Courier & Postal');
INSERT INTO votebook (var1, var2, var3) VALUES ('860', '2210300', 'Travel & Subsistence & Costs - D');
INSERT INTO votebook (var1, var2, var3) VALUES ('860', '2210301', 'Travel Costs');
INSERT INTO votebook (var1, var2, var3) VALUES ('860', '2210302', 'Accommodation - D');
INSERT INTO votebook (var1, var2, var3) VALUES ('860', '2210303', 'Daily Subsistence');
INSERT INTO votebook (var1, var2, var3) VALUES ('860', '2210400', 'Foreign Travel, Accommodation & Subsistance - F');
INSERT INTO votebook (var1, var2, var3) VALUES ('860', '2210401', 'Travel Costs');
INSERT INTO votebook (var1, var2, var3) VALUES ('860', '2210402', 'Accommodation - F');
INSERT INTO votebook (var1, var2, var3) VALUES ('860', '2210403', 'Daily Subsistence');
INSERT INTO votebook (var1, var2, var3) VALUES ('860', '2210500', 'Printing, Advertising');
INSERT INTO votebook (var1, var2, var3) VALUES ('860', '2210502', 'Publishing & Printing');
INSERT INTO votebook (var1, var2, var3) VALUES ('860', '2210503', 'Subscriptions to Newspaper');
INSERT INTO votebook (var1, var2, var3) VALUES ('860', '2010800', 'Hospitality, Supplies and Services');
INSERT INTO votebook (var1, var2, var3) VALUES ('860', '2210801', 'Catering Services and Accomodation');
INSERT INTO votebook (var1, var2, var3) VALUES ('860', '2211000', 'Specialised Mat. & Supplies');
INSERT INTO votebook (var1, var2, var3) VALUES ('860', '2211004', 'Fungicides, Insecticides/Spray');
INSERT INTO votebook (var1, var2, var3) VALUES ('860', '2211016', 'Purchase of Uniforms/Cloths');
INSERT INTO votebook (var1, var2, var3) VALUES ('860', '2211100', 'Office & General Supplies');
INSERT INTO votebook (var1, var2, var3) VALUES ('860', '2211102', 'Supplies and accessories for computers');
INSERT INTO votebook (var1, var2, var3) VALUES ('860', '2211103', 'Sanitary & cleaning materials,supplies& survices');
INSERT INTO votebook (var1, var2, var3) VALUES ('860', '2220200', 'Routine Maintence - Assets');
INSERT INTO votebook (var1, var2, var3) VALUES ('860', '2220202', 'Maintenance of Ofice Furniture/Equip.');
INSERT INTO votebook (var1, var2, var3) VALUES ('860', '2220205', 'Maintenance of Building - N/R');
INSERT INTO votebook (var1, var2, var3) VALUES ('860', '2220209', 'Minor Alterations');
INSERT INTO votebook (var1, var2, var3) VALUES ('860', '2220210', 'Maintenance of Comp. & other Equip.');
INSERT INTO votebook (var1, var2, var3) VALUES ('861', '2110100', 'Basic Salaries Permanent/Temp.');
INSERT INTO votebook (var1, var2, var3) VALUES ('861', '2110103', 'Salaries & Wages');
INSERT INTO votebook (var1, var2, var3) VALUES ('861', '2110300', 'Personal Allowance');
INSERT INTO votebook (var1, var2, var3) VALUES ('861', '2110301', 'House Allowance');
INSERT INTO votebook (var1, var2, var3) VALUES ('861', '2110303', 'Acting Allowance');
INSERT INTO votebook (var1, var2, var3) VALUES ('861', '2110307', 'Hardship Allowance');
INSERT INTO votebook (var1, var2, var3) VALUES ('861', '2110309', 'Special Duty Allowance');
INSERT INTO votebook (var1, var2, var3) VALUES ('861', '2110311', 'Transfer allowance');
INSERT INTO votebook (var1, var2, var3) VALUES ('861', '2110312', 'Responsibility Allowance');
INSERT INTO votebook (var1, var2, var3) VALUES ('861', '2110313', 'Entertainment allowance');
INSERT INTO votebook (var1, var2, var3) VALUES ('861', '2110314', 'Trasport allowance');
INSERT INTO votebook (var1, var2, var3) VALUES ('861', '2110315', 'Extreneous allowance');
INSERT INTO votebook (var1, var2, var3) VALUES ('861', '2110400', 'Personal Allowance - Reimbursement');
INSERT INTO votebook (var1, var2, var3) VALUES ('861', '2110404', 'Leave Expenses');
INSERT INTO votebook (var1, var2, var3) VALUES ('861', '2210100', 'Utilities Supplies');
INSERT INTO votebook (var1, var2, var3) VALUES ('861', '2210101', 'Electricity Expenses');
INSERT INTO votebook (var1, var2, var3) VALUES ('861', '2210102', 'Water & Sewarage');
INSERT INTO votebook (var1, var2, var3) VALUES ('861', '2210200', 'Communication Supplies');
INSERT INTO votebook (var1, var2, var3) VALUES ('861', '2210201', 'Telephone Expenses');
INSERT INTO votebook (var1, var2, var3) VALUES ('861', '2210202', 'Internet Connection');
INSERT INTO votebook (var1, var2, var3) VALUES ('861', '2210203', 'Courier & Postal');
INSERT INTO votebook (var1, var2, var3) VALUES ('861', '2210300', 'Travel & Subsistence & Costs - D');
INSERT INTO votebook (var1, var2, var3) VALUES ('861', '2210301', 'Travel Costs');
INSERT INTO votebook (var1, var2, var3) VALUES ('861', '2210302', 'Accommodation - D');
INSERT INTO votebook (var1, var2, var3) VALUES ('861', '2210303', 'Daily Subsistence');
INSERT INTO votebook (var1, var2, var3) VALUES ('861', '2210500', 'Printing, Advertising');
INSERT INTO votebook (var1, var2, var3) VALUES ('861', '2210502', 'Publishing & Printing');
INSERT INTO votebook (var1, var2, var3) VALUES ('861', '2211000', 'Specialised Materials and supplies.');
INSERT INTO votebook (var1, var2, var3) VALUES ('861', '2211016', 'Purchase of Uniforms/Cloths');
INSERT INTO votebook (var1, var2, var3) VALUES ('861', '2211100', 'Office & General Supplies');
INSERT INTO votebook (var1, var2, var3) VALUES ('861', '2211101', 'General office Supplies');
INSERT INTO votebook (var1, var2, var3) VALUES ('861', '2211102', 'Computer Accessories.');
INSERT INTO votebook (var1, var2, var3) VALUES ('861', '2211103', 'Sanitary & cleaning materials,supplies& survices');
INSERT INTO votebook (var1, var2, var3) VALUES ('861', '2211200', 'Fuel Oil & Lubrications');
INSERT INTO votebook (var1, var2, var3) VALUES ('861', '2211201', 'Refined Fuels & Lubricants');
INSERT INTO votebook (var1, var2, var3) VALUES ('861', '2211300', 'Other Operating Expenses');
INSERT INTO votebook (var1, var2, var3) VALUES ('861', '2211301', 'Bank Service Commission');
INSERT INTO votebook (var1, var2, var3) VALUES ('861', '2211308', 'Legal dues, abitrate, Compensation');
INSERT INTO votebook (var1, var2, var3) VALUES ('861', '2211310', 'Contracted Professional Services');
INSERT INTO votebook (var1, var2, var3) VALUES ('861', '2220100', 'Maintenance of Motor Vehicle');
INSERT INTO votebook (var1, var2, var3) VALUES ('861', '2220101', 'Maintenance Expenses');
INSERT INTO votebook (var1, var2, var3) VALUES ('861', '2220200', 'Routine Maintence - Assets');
INSERT INTO votebook (var1, var2, var3) VALUES ('861', '2220202', 'Maintenance of Ofice Furniture/Equip.');
INSERT INTO votebook (var1, var2, var3) VALUES ('861', '2220204', 'Maintenance of Building - R');
INSERT INTO votebook (var1, var2, var3) VALUES ('861', '2220205', 'Maintenance of Building - N/R');
INSERT INTO votebook (var1, var2, var3) VALUES ('861', '2220209', 'Minor Alterations');
INSERT INTO votebook (var1, var2, var3) VALUES ('861', '2220210', 'Maintenance of Comp. & other Equip.');
INSERT INTO votebook (var1, var2, var3) VALUES ('861', '3111000', 'Purchase of Furniture/Gen Equip');
INSERT INTO votebook (var1, var2, var3) VALUES ('861', '3111001', 'Purchase of Furniture/Fittings');
INSERT INTO votebook (var1, var2, var3) VALUES ('861', '3111002', 'Purchase of Comps, printers & Equip.');
INSERT INTO votebook (var1, var2, var3) VALUES ('861', '3111005', 'Purchase of P/copiers & Office Equip.');

INSERT INTO accounts_class (accounts_class_id, chat_type_id, chat_type_name, accounts_class_name) VALUES (10, 1, 'ASSETS', 'FIXED ASSETS');
INSERT INTO accounts_class (accounts_class_id, chat_type_id, chat_type_name, accounts_class_name) VALUES (20, 1, 'ASSETS', 'INTANGIBLE ASSETS');
INSERT INTO accounts_class (accounts_class_id, chat_type_id, chat_type_name, accounts_class_name) VALUES (30, 1, 'ASSETS', 'CURRENT ASSETS');
INSERT INTO accounts_class (accounts_class_id, chat_type_id, chat_type_name, accounts_class_name) VALUES (40, 2, 'LIABILITIES', 'CURRENT LIABILITIES');
INSERT INTO accounts_class (accounts_class_id, chat_type_id, chat_type_name, accounts_class_name) VALUES (50, 2, 'LIABILITIES', 'LONG TERM LIABILITIES');
INSERT INTO accounts_class (accounts_class_id, chat_type_id, chat_type_name, accounts_class_name) VALUES (60, 3, 'EQUITY', 'EQUITY AND RESERVES');
INSERT INTO accounts_class (accounts_class_id, chat_type_id, chat_type_name, accounts_class_name) VALUES (70, 4, 'REVENUE', 'REVENUE AND OTHER INCOME');
INSERT INTO accounts_class (accounts_class_id, chat_type_id, chat_type_name, accounts_class_name) VALUES (80, 5, 'COST OF REVENUE', 'COST OF REVENUE');
INSERT INTO accounts_class (accounts_class_id, chat_type_id, chat_type_name, accounts_class_name) VALUES (90, 6, 'EXPENSES', 'GENERAL EXPENSES');
UPDATE accounts_class SET org_id = 0;

INSERT INTO account_types (account_type_id, accounts_class_id, account_type_name) VALUES ('100', '10', 'COST');
INSERT INTO account_types (account_type_id, accounts_class_id, account_type_name) VALUES ('110', '10', 'ACCUMULATED DEPRECIATION');
INSERT INTO account_types (account_type_id, accounts_class_id, account_type_name) VALUES ('200', '20', 'COST');
INSERT INTO account_types (account_type_id, accounts_class_id, account_type_name) VALUES ('210', '20', 'ACCUMULATED AMORTISATION');
INSERT INTO account_types (account_type_id, accounts_class_id, account_type_name) VALUES ('300', '30', 'DEBTORS');
INSERT INTO account_types (account_type_id, accounts_class_id, account_type_name) VALUES ('310', '30', 'INVESTMENTS');
INSERT INTO account_types (account_type_id, accounts_class_id, account_type_name) VALUES ('320', '30', 'CURRENT BANK ACCOUNTS');
INSERT INTO account_types (account_type_id, accounts_class_id, account_type_name) VALUES ('330', '30', 'CASH ON HAND');
INSERT INTO account_types (account_type_id, accounts_class_id, account_type_name) VALUES ('340', '30', 'PRE-PAYMMENTS');
INSERT INTO account_types (account_type_id, accounts_class_id, account_type_name) VALUES ('400', '40', 'CREDITORS');
INSERT INTO account_types (account_type_id, accounts_class_id, account_type_name) VALUES ('410', '40', 'ADVANCED BILLING');
INSERT INTO account_types (account_type_id, accounts_class_id, account_type_name) VALUES ('420', '40', 'VAT');
INSERT INTO account_types (account_type_id, accounts_class_id, account_type_name) VALUES ('430', '40', 'WITHHOLDING TAX');
INSERT INTO account_types (account_type_id, accounts_class_id, account_type_name) VALUES ('500', '50', 'LOANS');
INSERT INTO account_types (account_type_id, accounts_class_id, account_type_name) VALUES ('600', '60', 'CAPITAL GRANTS');
INSERT INTO account_types (account_type_id, accounts_class_id, account_type_name) VALUES ('610', '60', 'ACCUMULATED SURPLUS');
INSERT INTO account_types (account_type_id, accounts_class_id, account_type_name) VALUES ('700', '70', 'SALES REVENUE');
INSERT INTO account_types (account_type_id, accounts_class_id, account_type_name) VALUES ('710', '70', 'OTHER INCOME');
INSERT INTO account_types (account_type_id, accounts_class_id, account_type_name) VALUES ('800', '80', 'COST OF REVENUE');
INSERT INTO account_types (account_type_id, accounts_class_id, account_type_name) VALUES ('995', '90', 'SURPLUS/DEFICIT');
UPDATE account_types SET org_id = 0;

INSERT INTO account_types (org_id, accounts_class_id, account_type_id, account_type_name)
SELECT 0, 90, cast(var2 as int), max(trim(var3))
FROM votebook
WHERE (substr(var2, 6, 2) = '00')
GROUP BY cast(var2 as int);

INSERT INTO accounts (account_id, account_type_id, account_name) VALUES ('10000',100,'COMPUTERS and EQUIPMENT');
INSERT INTO accounts (account_id, account_type_id, account_name) VALUES ('10005',100,'FURNITURE');
INSERT INTO accounts (account_id, account_type_id, account_name) VALUES ('11000',110,'COMPUTERS and EQUIPMENT');
INSERT INTO accounts (account_id, account_type_id, account_name) VALUES ('11005',110,'FURNITURE');
INSERT INTO accounts (account_id, account_type_id, account_name) VALUES ('20000',200,'INTANGIBLE ASSETS');
INSERT INTO accounts (account_id, account_type_id, account_name) VALUES ('20005',200,'NON CURRENT ASSETS: DEFFERED TAX');
INSERT INTO accounts (account_id, account_type_id, account_name) VALUES ('20010',200,'INTANGIBLE ASSETS: ACCOUNTING PACKAGE');
INSERT INTO accounts (account_id, account_type_id, account_name) VALUES ('21000',210,'ACCUMULATED AMORTISATION');
INSERT INTO accounts (account_id, account_type_id, account_name) VALUES ('30000',300,'TRADE DEBTORS');
INSERT INTO accounts (account_id, account_type_id, account_name) VALUES ('30005',300,'STAFF DEBTORS');
INSERT INTO accounts (account_id, account_type_id, account_name) VALUES ('30010',300,'OTHER DEBTORS');
INSERT INTO accounts (account_id, account_type_id, account_name) VALUES ('30015',300,'DEBTORS PROMPT PAYMENT DISCOUNT');
INSERT INTO accounts (account_id, account_type_id, account_name) VALUES ('30020',300,'INVENTORY');
INSERT INTO accounts (account_id, account_type_id, account_name) VALUES ('30025',300,'INVENTORY WORK IN PROGRESS');
INSERT INTO accounts (account_id, account_type_id, account_name) VALUES ('30030',300,'GOODS RECEIVED CLEARING ACCOUNT');
INSERT INTO accounts (account_id, account_type_id, account_name) VALUES ('31005',310,'UNIT TRUST INVESTMENTS');
INSERT INTO accounts (account_id, account_type_id, account_name) VALUES ('32000',320,'COMMERCIAL BANK');
INSERT INTO accounts (account_id, account_type_id, account_name) VALUES ('32005',320,'MPESA');
INSERT INTO accounts (account_id, account_type_id, account_name) VALUES ('33000',330,'CASH ACCOUNT');
INSERT INTO accounts (account_id, account_type_id, account_name) VALUES ('33005',330,'PETTY CASH');
INSERT INTO accounts (account_id, account_type_id, account_name) VALUES ('34000',340,'PREPAYMENTS');
INSERT INTO accounts (account_id, account_type_id, account_name) VALUES ('34005',340,'DEPOSITS');
INSERT INTO accounts (account_id, account_type_id, account_name) VALUES ('34010',340,'TAX RECOVERABLE');
INSERT INTO accounts (account_id, account_type_id, account_name) VALUES ('34015',340,'TOTAL REGISTRAR DEPOSITS');
INSERT INTO accounts (account_id, account_type_id, account_name) VALUES ('40000',400,'CREDITORS- ACCRUALS');
INSERT INTO accounts (account_id, account_type_id, account_name) VALUES ('40005',400,'ADVANCE BILLING');
INSERT INTO accounts (account_id, account_type_id, account_name) VALUES ('40010',400,'LEAVE - ACCRUALS');
INSERT INTO accounts (account_id, account_type_id, account_name) VALUES ('40015',400,'ACCRUED LIABILITIES: CORPORATE TAX');
INSERT INTO accounts (account_id, account_type_id, account_name) VALUES ('40020',400,'OTHER ACCRUALS');
INSERT INTO accounts (account_id, account_type_id, account_name) VALUES ('40025',400,'PROVISION FOR CREDIT NOTES');
INSERT INTO accounts (account_id, account_type_id, account_name) VALUES ('40030',400,'NSSF');
INSERT INTO accounts (account_id, account_type_id, account_name) VALUES ('40035',400,'NHIF');
INSERT INTO accounts (account_id, account_type_id, account_name) VALUES ('40040',400,'HELB');
INSERT INTO accounts (account_id, account_type_id, account_name) VALUES ('40045',400,'PAYE');
INSERT INTO accounts (account_id, account_type_id, account_name) VALUES ('40050',400,'PENSION');
INSERT INTO accounts (account_id, account_type_id, account_name) VALUES ('41000',410,'ADVANCED BILLING');
INSERT INTO accounts (account_id, account_type_id, account_name) VALUES ('42000',420,'INPUT');
INSERT INTO accounts (account_id, account_type_id, account_name) VALUES ('42005',420,'OUTPUT');
INSERT INTO accounts (account_id, account_type_id, account_name) VALUES ('42010',420,'REMITTANCE');
INSERT INTO accounts (account_id, account_type_id, account_name) VALUES ('43000',430,'WITHHOLDING TAX');
INSERT INTO accounts (account_id, account_type_id, account_name) VALUES ('50000',500,'BANK LOANS');
INSERT INTO accounts (account_id, account_type_id, account_name) VALUES ('60000',600,'CAPITAL GRANTS');
INSERT INTO accounts (account_id, account_type_id, account_name) VALUES ('60005',600,'ACCUMULATED AMORTISATION OF CAPITAL GRANTS');
INSERT INTO accounts (account_id, account_type_id, account_name) VALUES ('60010',600,'DIVIDEND');
INSERT INTO accounts (account_id, account_type_id, account_name) VALUES ('61000',610,'RETAINED EARNINGS');
INSERT INTO accounts (account_id, account_type_id, account_name) VALUES ('61005',610,'ACCUMULATED SURPLUS');
INSERT INTO accounts (account_id, account_type_id, account_name) VALUES ('61010',610,'ASSET REVALUATION GAIN / LOSS');
INSERT INTO accounts (account_id, account_type_id, account_name) VALUES ('70005',700,'GOODS SALES');
INSERT INTO accounts (account_id, account_type_id, account_name) VALUES ('70010',700,'SERVICE SALES');
INSERT INTO accounts (account_id, account_type_id, account_name) VALUES ('70015',700,'SALES DISCOUNT');
INSERT INTO accounts (account_id, account_type_id, account_name) VALUES ('71000',710,'FAIR VALUE GAIN/LOSS IN INVESTMENTS');
INSERT INTO accounts (account_id, account_type_id, account_name) VALUES ('71005',710,'DONATION');
INSERT INTO accounts (account_id, account_type_id, account_name) VALUES ('71010',710,'EXCHANGE GAIN(LOSS)');
INSERT INTO accounts (account_id, account_type_id, account_name) VALUES ('71015',710,'REGISTRAR TRAINING FEES');
INSERT INTO accounts (account_id, account_type_id, account_name) VALUES ('71020',710,'DISPOSAL OF ASSETS');
INSERT INTO accounts (account_id, account_type_id, account_name) VALUES ('71025',710,'DIVIDEND INCOME');
INSERT INTO accounts (account_id, account_type_id, account_name) VALUES ('71030',710,'INTEREST INCOME');
INSERT INTO accounts (account_id, account_type_id, account_name) VALUES ('71035',710,'TRAINING, FORUM, MEETINGS and WORKSHOPS');
INSERT INTO accounts (account_id, account_type_id, account_name) VALUES ('80000',800,'COST OF GOODS');
INSERT INTO accounts (account_id, account_type_id, account_name) VALUES ('99999',995,'SURPLUS/DEFICIT');
UPDATE accounts SET org_id = 0;

INSERT INTO accounts (org_id, account_type_id, account_id, account_name)
SELECT 0, cast(substr(var2, 1, 5) || '00' as int), cast(var2 as int), max(trim(var3))
FROM votebook
WHERE (substr(var2, 6, 2) != '00')
GROUP BY cast(var2 as int), substr(var2, 1, 5) || '00';

INSERT INTO default_accounts (default_account_id, account_id, narrative) VALUES (1, 99999, 'SURPLUS/DEFICIT ACCOUNT');
INSERT INTO default_accounts (default_account_id, account_id, narrative) VALUES (2, 61000, 'RETAINED EARNINGS ACCOUNT');
update default_accounts set org_id = 0;

INSERT INTO fiscal_years (org_id, fiscal_year_id, fiscal_year_start, fiscal_year_end)
VALUES (0, to_char(current_date, 'yyyy'), CAST(to_char(current_date, 'yyyy') || '-01-01' as DATE), CAST(to_char(current_date, 'yyyy') || '-12-31' as DATE));

INSERT INTO bank_accounts (bank_account_id, org_id, currency_id, bank_branch_id, account_id, bank_account_name, is_default) 
VALUES (0, 0, 1, 0, '33000', 'Cash Account', true);

INSERT INTO tax_types (org_id, tax_type_name, tax_rate, account_id) VALUES (0, 'Exempt', 0, '42005');
INSERT INTO tax_types (org_id, tax_type_name, tax_rate, account_id) VALUES (0, 'VAT', 16, '42005');

INSERT INTO workflows (workflow_id, org_id, source_entity_id, workflow_name, table_name, table_link_field, table_link_id, approve_email, reject_email, approve_file, reject_file, details) 
VALUES (1, 0, 0, 'Budget', 'budgets', NULL, NULL, 'Request approved', 'Request rejected', NULL, NULL, NULL);
INSERT INTO workflows (workflow_id, org_id, source_entity_id, workflow_name, table_name, table_link_field, table_link_id, approve_email, reject_email, approve_file, reject_file, details) 
VALUES (2, 0, 0, 'Requisition', 'transactions', NULL, NULL, 'Request approved', 'Request rejected', NULL, NULL, NULL);
INSERT INTO workflows (workflow_id, org_id, source_entity_id, workflow_name, table_name, table_link_field, table_link_id, approve_email, reject_email, approve_file, reject_file, details) 
VALUES (3, 0, 3, 'Transactions', 'transactions', NULL, NULL, 'Request approved', 'Request rejected', NULL, NULL, NULL);
SELECT pg_catalog.setval('workflows_workflow_id_seq', 2, true);

INSERT INTO workflow_phases (workflow_phase_id, org_id, workflow_id, approval_entity_id, approval_level, return_level, escalation_days, escalation_hours, required_approvals, advice, notice, phase_narrative, advice_email, notice_email, advice_file, notice_file, details) 
VALUES (1, 0, 1, 0, 1, 0, 0, 3, 1, false, false, 'Approve', 'For your approval', 'Phase approved', NULL, NULL, NULL);
INSERT INTO workflow_phases (workflow_phase_id, org_id, workflow_id, approval_entity_id, approval_level, return_level, escalation_days, escalation_hours, required_approvals, advice, notice, phase_narrative, advice_email, notice_email, advice_file, notice_file, details) 
VALUES (2, 0, 2, 0, 1, 0, 0, 3, 1, false, false, 'Approve', 'For your approval', 'Phase approved', NULL, NULL, NULL);
INSERT INTO workflow_phases (workflow_phase_id, org_id, workflow_id, approval_entity_id, approval_level, return_level, escalation_days, escalation_hours, required_approvals, advice, notice, phase_narrative, advice_email, notice_email, advice_file, notice_file, details) 
VALUES (3, 0, 3, 0, 1, 0, 0, 3, 1, false, false, 'Approve', 'For your approval', 'Phase approved', NULL, NULL, NULL);
SELECT pg_catalog.setval('workflow_phases_workflow_phase_id_seq', 2, true);

UPDATE transaction_types SET document_number = '10001';

INSERT INTO items (org_id, item_category_id, tax_type_id, item_unit_id, sales_account_id, item_id, purchase_account_id, item_name)
SELECT 0, 3, 1, 1, '70010', cast(var2 as int), cast(var2 as int), max(trim(var3))
FROM votebook
WHERE (substr(var2, 6, 2) != '00')
GROUP BY cast(var2 as int);



