
INSERT INTO forms (form_id, org_id, form_name, form_number, version, completed, is_active, form_header, form_footer, details) VALUES (1, NULL, 'Tool 1', 'Tool 1', '1', '0', '1', '<b>Tool 1: Baseline/Enrollment of Pregnant Woman</b>

HealthConnect Kenya Simu Yangu; Afya Yangu!

Semi-Structured Questionnaire (Time-0)
Completed by On-site Community Health Worker', NULL, NULL);
INSERT INTO forms (form_id, org_id, form_name, form_number, version, completed, is_active, form_header, form_footer, details) VALUES (3, NULL, 'Tool 2 Time 2', 'Tool 2 Time 2', '3', '0', '1', '<b>Tool 2_Follow-up of Pregnant Women</b>', NULL, NULL);
INSERT INTO forms (form_id, org_id, form_name, form_number, version, completed, is_active, form_header, form_footer, details) VALUES (2, NULL, 'Tool 2 Time 1', 'Tool 2 Time 1', '2', '0', '1', '<b>Follow-up of Pregnant Woman
HealthConnect Kenya Simu Yangu; Afya Yangu
</b><br>
Semi-Structured Questionnaire (Time-1, 2, and 3)
Completed by External Data Collector (EDC)</br>
', NULL, NULL);
INSERT INTO forms (form_id, org_id, form_name, form_number, version, completed, is_active, form_header, form_footer, details) VALUES (4, NULL, 'Tool 2 Time 3', 'Tool 2 Time 3', '3', '0', '1', '<b>Follow-up of Pregnant Women</b>', NULL, NULL);
INSERT INTO forms (form_id, org_id, form_name, form_number, version, completed, is_active, form_header, form_footer, details) VALUES (5, NULL, 'Tool 4', 'Tool 4', '3', '0', '1', '<b>Tool 4_CHW Structured Call Log<br></br>
HealthConnect Kenya Simu Yangu; Afya Yangu!</b>', NULL, NULL);
INSERT INTO forms (form_id, org_id, form_name, form_number, version, completed, is_active, form_header, form_footer, details) VALUES (6, NULL, 'Tool 6', 'Tool 6', '3', '0', '1', '<b>Baseline/Enrollment of Male Partner<br></br>
HealthConnect Kenya Simu Yangu; Afya Yangu!</b>
', NULL, NULL);


SELECT pg_catalog.setval('forms_form_id_seq', 6, true);


INSERT INTO fields (field_id, form_id, question, field_lookup, field_type, field_class, field_bold, field_italics, field_order, share_line, field_size, manditory, show) VALUES (1, 1, 'Date', NULL, 'TEXTFIELD', NULL, '0', '0', 10, NULL, 25, '0', '1');
INSERT INTO fields (field_id, form_id, question, field_lookup, field_type, field_class, field_bold, field_italics, field_order, share_line, field_size, manditory, show) VALUES (2, 1, 'Time Interview Start', NULL, 'TEXTFIELD', NULL, '0', '0', 20, NULL, 25, '0', '1');
INSERT INTO fields (field_id, form_id, question, field_lookup, field_type, field_class, field_bold, field_italics, field_order, share_line, field_size, manditory, show) VALUES (3, 1, 'District', NULL, 'TEXTFIELD', NULL, '0', '0', 30, NULL, 25, '0', '1');
INSERT INTO fields (field_id, form_id, question, field_lookup, field_type, field_class, field_bold, field_italics, field_order, share_line, field_size, manditory, show) VALUES (31, 1, '1.Do you currently own a mobile phone? ', NULL, 'TEXTFIELD', NULL, '0', '0', NULL, NULL, 25, '0', '1');
INSERT INTO fields (field_id, form_id, question, field_lookup, field_type, field_class, field_bold, field_italics, field_order, share_line, field_size, manditory, show) VALUES (30, 1, '<b>C.Mobile Phone Ownership and Usage </b>', NULL, 'TITLE', NULL, '0', '0', NULL, NULL, 25, '0', '1');
INSERT INTO fields (field_id, form_id, question, field_lookup, field_type, field_class, field_bold, field_italics, field_order, share_line, field_size, manditory, show) VALUES (32, 1, 'If yes, approximately how many years, months, weeks and days have you owned your mobile phone', NULL, 'TEXTFIELD', NULL, '0', '0', NULL, NULL, 25, '0', '1');
INSERT INTO fields (field_id, form_id, question, field_lookup, field_type, field_class, field_bold, field_italics, field_order, share_line, field_size, manditory, show) VALUES (33, 1, '3.If yes, is your phone shared with someone else', NULL, 'TEXTFIELD', NULL, '0', '0', NULL, NULL, 25, '0', '1');
INSERT INTO fields (field_id, form_id, question, field_lookup, field_type, field_class, field_bold, field_italics, field_order, share_line, field_size, manditory, show) VALUES (34, 1, '4.If yes, who else do you share your phone with', NULL, 'TEXTFIELD', NULL, '0', '0', NULL, NULL, 25, '0', '1');
INSERT INTO fields (field_id, form_id, question, field_lookup, field_type, field_class, field_bold, field_italics, field_order, share_line, field_size, manditory, show) VALUES (38, 1, '8.In the last three months, have you received an SMS text for health-related purposes', NULL, 'TEXTFIELD', NULL, '0', '0', NULL, NULL, 25, '0', '1');
INSERT INTO fields (field_id, form_id, question, field_lookup, field_type, field_class, field_bold, field_italics, field_order, share_line, field_size, manditory, show) VALUES (40, 1, '10.On average, how much do you spend each week to use your mobile phone?', NULL, 'TEXTFIELD', NULL, '0', '0', NULL, NULL, 25, '0', '1');
INSERT INTO fields (field_id, form_id, question, field_lookup, field_type, field_class, field_bold, field_italics, field_order, share_line, field_size, manditory, show) VALUES (41, 1, '11.Who pays for your mobile phone expenses', NULL, 'TEXTFIELD', NULL, '0', '0', 110, NULL, 25, '0', '1');
INSERT INTO fields (field_id, form_id, question, field_lookup, field_type, field_class, field_bold, field_italics, field_order, share_line, field_size, manditory, show) VALUES (16, 1, '9.About how far away do you live from the nearest health facility?', NULL, 'TEXTFIELD', NULL, '0', '0', NULL, NULL, 25, '0', '1');
INSERT INTO fields (field_id, form_id, question, field_lookup, field_type, field_class, field_bold, field_italics, field_order, share_line, field_size, manditory, show) VALUES (45, 1, '3.If you share a phone, whose phone would you be interested in registering?', NULL, 'TEXTFIELD', NULL, '0', '0', 140, NULL, 25, '0', '1');
INSERT INTO fields (field_id, form_id, question, field_lookup, field_type, field_class, field_bold, field_italics, field_order, share_line, field_size, manditory, show) VALUES (11, 1, '4.How many prior births have you had at a health care facility', NULL, 'TEXTFIELD', NULL, '0', '0', NULL, NULL, 25, '0', '1');
INSERT INTO fields (field_id, form_id, question, field_lookup, field_type, field_class, field_bold, field_italics, field_order, share_line, field_size, manditory, show) VALUES (43, 1, '1.Are you willing to register your phone with the mHealth platform', NULL, 'TEXTFIELD', NULL, '0', '0', NULL, NULL, 25, '0', '1');
INSERT INTO fields (field_id, form_id, question, field_lookup, field_type, field_class, field_bold, field_italics, field_order, share_line, field_size, manditory, show) VALUES (37, 1, '7.In the last three months, have you used a phone for health-related purposes', NULL, 'TEXTFIELD', NULL, '0', '0', 80, NULL, 25, '0', '1');
INSERT INTO fields (field_id, form_id, question, field_lookup, field_type, field_class, field_bold, field_italics, field_order, share_line, field_size, manditory, show) VALUES (44, 1, '2.If so, what is your mobile phone number', NULL, 'TEXTFIELD', NULL, '0', '0', NULL, NULL, 25, '0', '1');
INSERT INTO fields (field_id, form_id, question, field_lookup, field_type, field_class, field_bold, field_italics, field_order, share_line, field_size, manditory, show) VALUES (8, 1, '1.What is your age?', NULL, 'TEXTFIELD', NULL, '0', '0', NULL, NULL, 25, '0', '1');
INSERT INTO fields (field_id, form_id, question, field_lookup, field_type, field_class, field_bold, field_italics, field_order, share_line, field_size, manditory, show) VALUES (46, 1, '<b>Lets talk about any discussions youve had with a health worker or CHW for prevention of mother-to-child transmission.</b>', NULL, 'TITLE', NULL, '0', '0', NULL, NULL, 25, '0', '1');
INSERT INTO fields (field_id, form_id, question, field_lookup, field_type, field_class, field_bold, field_italics, field_order, share_line, field_size, manditory, show) VALUES (15, 1, '8.What is your main source of income?', NULL, 'TEXTFIELD', NULL, '0', '0', NULL, NULL, 25, '0', '1');
INSERT INTO fields (field_id, form_id, question, field_lookup, field_type, field_class, field_bold, field_italics, field_order, share_line, field_size, manditory, show) VALUES (19, 1, '1.Approximately how many years, months, weeks and days have you known of your HIV status?', NULL, 'TEXTFIELD', NULL, '0', '0', 170, NULL, 25, '0', '1');
INSERT INTO fields (field_id, form_id, question, field_lookup, field_type, field_class, field_bold, field_italics, field_order, share_line, field_size, manditory, show) VALUES (17, 1, '<b>I will now ask a few questions about your HIV status and services you have received.</b>', NULL, 'TITLE', NULL, '0', '0', NULL, NULL, 25, '0', '1');
INSERT INTO fields (field_id, form_id, question, field_lookup, field_type, field_class, field_bold, field_italics, field_order, share_line, field_size, manditory, show) VALUES (18, 1, '<b>B.HIV Status and Support</b>', NULL, 'TITLE', NULL, '0', '0', NULL, NULL, 25, '0', '1');
INSERT INTO fields (field_id, form_id, question, field_lookup, field_type, field_class, field_bold, field_italics, field_order, share_line, field_size, manditory, show) VALUES (21, 1, '3.Does your family know that you are HIV-positive? ', NULL, 'TEXTFIELD', NULL, '0', '0', NULL, NULL, 25, '0', '1');
INSERT INTO fields (field_id, form_id, question, field_lookup, field_type, field_class, field_bold, field_italics, field_order, share_line, field_size, manditory, show) VALUES (23, 1, '5.If yes, are you willing to tell me what your last CD4 count was?', NULL, 'TEXTFIELD', NULL, '0', '0', NULL, NULL, 25, '0', '1');
INSERT INTO fields (field_id, form_id, question, field_lookup, field_type, field_class, field_bold, field_italics, field_order, share_line, field_size, manditory, show) VALUES (25, 1, '7.Were you given any drugs to prevent mother-to-child transmission?', NULL, 'TEXTFIELD', NULL, '0', '0', NULL, NULL, 25, '0', '1');
INSERT INTO fields (field_id, form_id, question, field_lookup, field_type, field_class, field_bold, field_italics, field_order, share_line, field_size, manditory, show) VALUES (27, 1, '9.If yes, which regimen are you taking?', NULL, 'TEXTFIELD', NULL, '0', '0', NULL, NULL, 25, '0', '1');
INSERT INTO fields (field_id, form_id, question, field_lookup, field_type, field_class, field_bold, field_italics, field_order, share_line, field_size, manditory, show) VALUES (29, 1, '<b>Now I want to ask you some questions about your experience using mobile phones.</b>', NULL, 'TITLE', NULL, '0', '0', NULL, NULL, 25, '0', '1');
INSERT INTO fields (field_id, form_id, question, field_lookup, field_type, field_class, field_bold, field_italics, field_order, share_line, field_size, manditory, show) VALUES (4, 1, 'Site no', NULL, 'TEXTFIELD', NULL, '0', '0', 40, NULL, 25, '0', '1');
INSERT INTO fields (field_id, form_id, question, field_lookup, field_type, field_class, field_bold, field_italics, field_order, share_line, field_size, manditory, show) VALUES (5, 1, 'Interviewer ID', NULL, 'TEXTFIELD', NULL, '0', '0', 50, NULL, 25, '0', '1');
INSERT INTO fields (field_id, form_id, question, field_lookup, field_type, field_class, field_bold, field_italics, field_order, share_line, field_size, manditory, show) VALUES (6, 1, '<b>Good morning/afternoon/evening. Thank you for agreeing to participate in this interview. I will begin by asking you a few questions about yourself.</b>', NULL, 'TITLE', NULL, '0', '0', 60, NULL, 25, '0', '1');
INSERT INTO fields (field_id, form_id, question, field_lookup, field_type, field_class, field_bold, field_italics, field_order, share_line, field_size, manditory, show) VALUES (14, 1, '7.What is the highest level of education you have attained', NULL, 'TEXTFIELD', NULL, '0', '0', 160, NULL, 25, '0', '1');
INSERT INTO fields (field_id, form_id, question, field_lookup, field_type, field_class, field_bold, field_italics, field_order, share_line, field_size, manditory, show) VALUES (12, 1, '5.Is this your first ANC visit during this pregnancy', NULL, 'TEXTFIELD', NULL, '0', '0', NULL, NULL, 25, '0', '1');
INSERT INTO fields (field_id, form_id, question, field_lookup, field_type, field_class, field_bold, field_italics, field_order, share_line, field_size, manditory, show) VALUES (47, 1, '<b>E. PMTCT Communication</b>', NULL, 'TITLE', NULL, '0', '0', 240, NULL, 25, '0', '1');
INSERT INTO fields (field_id, form_id, question, field_lookup, field_type, field_class, field_bold, field_italics, field_order, share_line, field_size, manditory, show) VALUES (48, 1, '1.Over the last 3 months, approximately how many times have you talked to a health worker or CHW face-to-face regarding PMTCT', NULL, 'TEXTFIELD', NULL, '0', '0', NULL, NULL, 25, '0', '1');
INSERT INTO fields (field_id, form_id, question, field_lookup, field_type, field_class, field_bold, field_italics, field_order, share_line, field_size, manditory, show) VALUES (50, 1, '<b>I will now ask you questions your male partner or husband.<b/>', NULL, 'TITLE', NULL, '0', '0', NULL, NULL, 25, '0', '1');
INSERT INTO fields (field_id, form_id, question, field_lookup, field_type, field_class, field_bold, field_italics, field_order, share_line, field_size, manditory, show) VALUES (51, 1, '<b>F.Experience and Perceptions on Male Involvement for PMTCT</b>', NULL, 'TITLE', NULL, '0', '0', NULL, NULL, 25, '0', '1');
INSERT INTO fields (field_id, form_id, question, field_lookup, field_type, field_class, field_bold, field_italics, field_order, share_line, field_size, manditory, show) VALUES (53, 1, '2.What is partner/husbands age', NULL, 'TEXTFIELD', NULL, '0', '0', NULL, NULL, 25, '0', '1');
INSERT INTO fields (field_id, form_id, question, field_lookup, field_type, field_class, field_bold, field_italics, field_order, share_line, field_size, manditory, show) VALUES (54, 1, '3. What is partners/husbands highest level of education attained', NULL, 'TEXTFIELD', NULL, '0', '0', NULL, NULL, 25, '0', '1');
INSERT INTO fields (field_id, form_id, question, field_lookup, field_type, field_class, field_bold, field_italics, field_order, share_line, field_size, manditory, show) VALUES (55, 1, '4. What is partner/husbands main source of income', NULL, 'TEXTFIELD', NULL, '0', '0', NULL, NULL, 25, '0', '1');
INSERT INTO fields (field_id, form_id, question, field_lookup, field_type, field_class, field_bold, field_italics, field_order, share_line, field_size, manditory, show) VALUES (56, 1, '<b>Lastly, I will mention ways in which some partners/husbands support women during pregnancy, labor, or after birth. Please let me know if your partner/husband has done the following:</b>', NULL, 'TITLE', NULL, '0', '0', NULL, NULL, 25, '0', '1');
INSERT INTO fields (field_id, form_id, question, field_lookup, field_type, field_class, field_bold, field_italics, field_order, share_line, field_size, manditory, show) VALUES (57, 1, '1. Accompanied you to ANC', NULL, 'TEXTFIELD', NULL, '0', '0', NULL, NULL, 25, '0', '1');
INSERT INTO fields (field_id, form_id, question, field_lookup, field_type, field_class, field_bold, field_italics, field_order, share_line, field_size, manditory, show) VALUES (58, 1, '2. Discussed PMTCT interventions with you', NULL, 'TEXTFIELD', NULL, '0', '0', NULL, NULL, 25, '0', '1');
INSERT INTO fields (field_id, form_id, question, field_lookup, field_type, field_class, field_bold, field_italics, field_order, share_line, field_size, manditory, show) VALUES (59, 1, '3. Paid for your transport to ANC', NULL, 'TEXTFIELD', NULL, '0', '0', NULL, NULL, 25, '0', '1');
INSERT INTO fields (field_id, form_id, question, field_lookup, field_type, field_class, field_bold, field_italics, field_order, share_line, field_size, manditory, show) VALUES (60, 1, '4. Paid for other related PMTCT activities', NULL, 'TEXTFIELD', NULL, '0', '0', NULL, NULL, 25, '0', '1');
INSERT INTO fields (field_id, form_id, question, field_lookup, field_type, field_class, field_bold, field_italics, field_order, share_line, field_size, manditory, show) VALUES (61, 1, '5. Engaged in communication with a health provider related to PMTCT', NULL, 'TEXTFIELD', NULL, '0', '0', NULL, NULL, 25, '0', '1');
INSERT INTO fields (field_id, form_id, question, field_lookup, field_type, field_class, field_bold, field_italics, field_order, share_line, field_size, manditory, show) VALUES (62, 1, '6. Has been tested for HIV himself', NULL, 'TEXTFIELD', NULL, '0', '0', NULL, NULL, 25, '0', '1');
INSERT INTO fields (field_id, form_id, question, field_lookup, field_type, field_class, field_bold, field_italics, field_order, share_line, field_size, manditory, show) VALUES (63, 1, '7. Provided you support for taking your HIV medication', NULL, 'TEXTFIELD', NULL, '0', '0', NULL, NULL, 25, '0', '1');
INSERT INTO fields (field_id, form_id, question, field_lookup, field_type, field_class, field_bold, field_italics, field_order, share_line, field_size, manditory, show) VALUES (64, 1, '8. Accompanied you for early infant testing for HIV', NULL, 'TEXTFIELD', NULL, '0', '0', NULL, NULL, 25, '0', '1');
INSERT INTO fields (field_id, form_id, question, field_lookup, field_type, field_class, field_bold, field_italics, field_order, share_line, field_size, manditory, show) VALUES (65, 1, '9. Supported your infant feeding choice for PMTCT', NULL, 'TEXTFIELD', NULL, '0', '0', NULL, NULL, 25, '0', '1');
INSERT INTO fields (field_id, form_id, question, field_lookup, field_type, field_class, field_bold, field_italics, field_order, share_line, field_size, manditory, show) VALUES (13, 1, '6.If no, how many total ANC visits for this pregnancy (including this visit)?', NULL, 'TEXTFIELD', NULL, '0', '0', 100, NULL, 25, '0', '1');
INSERT INTO fields (field_id, form_id, question, field_lookup, field_type, field_class, field_bold, field_italics, field_order, share_line, field_size, manditory, show) VALUES (39, 1, '9.In the last three months, have you sent an SMS text for health-related purposes', NULL, 'TEXTFIELD', NULL, '0', '0', 90, NULL, 25, '0', '1');
INSERT INTO fields (field_id, form_id, question, field_lookup, field_type, field_class, field_bold, field_italics, field_order, share_line, field_size, manditory, show) VALUES (42, 1, '<b>D.Mobile Phone Registration (Intervention Arm Only)<b/>', NULL, 'TITLE', NULL, '0', '0', 120, NULL, 25, '0', '1');
INSERT INTO fields (field_id, form_id, question, field_lookup, field_type, field_class, field_bold, field_italics, field_order, share_line, field_size, manditory, show) VALUES (7, 1, '<b>A.Individual Characteristics</b>', NULL, 'TITLE', NULL, '0', '0', 130, NULL, 25, '0', '1');
INSERT INTO fields (field_id, form_id, question, field_lookup, field_type, field_class, field_bold, field_italics, field_order, share_line, field_size, manditory, show) VALUES (36, 1, '6.If yes, whose phone do you often use or have the easiest access to', NULL, 'TEXTFIELD', NULL, '0', '0', 150, NULL, 25, '0', '1');
INSERT INTO fields (field_id, form_id, question, field_lookup, field_type, field_class, field_bold, field_italics, field_order, share_line, field_size, manditory, show) VALUES (20, 1, '2.Does your partner know that you are HIV-positive', NULL, 'TEXTFIELD', NULL, '0', '0', 180, NULL, 25, '0', '1');
INSERT INTO fields (field_id, form_id, question, field_lookup, field_type, field_class, field_bold, field_italics, field_order, share_line, field_size, manditory, show) VALUES (22, 1, '4.Have you have your CD4 count done', NULL, 'TEXTFIELD', NULL, '0', '0', 190, NULL, 25, '0', '1');
INSERT INTO fields (field_id, form_id, question, field_lookup, field_type, field_class, field_bold, field_italics, field_order, share_line, field_size, manditory, show) VALUES (52, 1, '1.Is your partner/husband aware of your HIV status', NULL, 'TEXTFIELD', NULL, '0', '0', 250, NULL, 25, '0', '1');
INSERT INTO fields (field_id, form_id, question, field_lookup, field_type, field_class, field_bold, field_italics, field_order, share_line, field_size, manditory, show) VALUES (24, 1, '6. If yes, what was your last CD4 count', NULL, 'TEXTFIELD', NULL, '0', '0', 200, NULL, 25, '0', '1');
INSERT INTO fields (field_id, form_id, question, field_lookup, field_type, field_class, field_bold, field_italics, field_order, share_line, field_size, manditory, show) VALUES (26, 1, '8. Are you currently taking the drugs you received', NULL, 'TEXTFIELD', NULL, '0', '0', 210, NULL, 25, '0', '1');
INSERT INTO fields (field_id, form_id, question, field_lookup, field_type, field_class, field_bold, field_italics, field_order, share_line, field_size, manditory, show) VALUES (28, 1, '10.Are you currently a part of an HIV support group', NULL, 'TEXTFIELD', NULL, '0', '0', 220, NULL, 25, '0', '1');
INSERT INTO fields (field_id, form_id, question, field_lookup, field_type, field_class, field_bold, field_italics, field_order, share_line, field_size, manditory, show) VALUES (9, 1, '2.How many of your own living children do you have ', NULL, 'TEXTFIELD', NULL, '0', '0', 230, NULL, 25, '0', '1');
INSERT INTO fields (field_id, form_id, question, field_lookup, field_type, field_class, field_bold, field_italics, field_order, share_line, field_size, manditory, show) VALUES (66, 1, '10. Discussed with you family planning options', NULL, 'TEXTFIELD', NULL, '0', '0', NULL, NULL, 25, '0', '1');
INSERT INTO fields (field_id, form_id, question, field_lookup, field_type, field_class, field_bold, field_italics, field_order, share_line, field_size, manditory, show) VALUES (67, 1, 'Time Interview End', NULL, 'TEXTFIELD', NULL, '0', '0', NULL, NULL, 25, '0', '1');
INSERT INTO fields (field_id, form_id, question, field_lookup, field_type, field_class, field_bold, field_italics, field_order, share_line, field_size, manditory, show) VALUES (68, 1, 'Total Duration', NULL, 'TEXTFIELD', NULL, '0', '0', NULL, NULL, 25, '0', '1');
INSERT INTO fields (field_id, form_id, question, field_lookup, field_type, field_class, field_bold, field_italics, field_order, share_line, field_size, manditory, show) VALUES (69, 1, '<b>Thank you for your time</b>', NULL, 'TITLE', NULL, '0', '0', NULL, NULL, 25, '0', '1');
INSERT INTO fields (field_id, form_id, question, field_lookup, field_type, field_class, field_bold, field_italics, field_order, share_line, field_size, manditory, show) VALUES (70, 2, '
<b>A.Time-1:  @ 34-36 weeks gestation</b>', NULL, 'TITLE', NULL, '0', '0', 20, NULL, 25, '0', '1');
INSERT INTO fields (field_id, form_id, question, field_lookup, field_type, field_class, field_bold, field_italics, field_order, share_line, field_size, manditory, show) VALUES (71, 2, 'Date', NULL, 'TEXTFIELD', NULL, '0', '0', 30, NULL, 25, '0', '1');
INSERT INTO fields (field_id, form_id, question, field_lookup, field_type, field_class, field_bold, field_italics, field_order, share_line, field_size, manditory, show) VALUES (72, 2, 'Start', NULL, 'TEXTFIELD', NULL, '0', '0', 40, NULL, 25, '0', '1');
INSERT INTO fields (field_id, form_id, question, field_lookup, field_type, field_class, field_bold, field_italics, field_order, share_line, field_size, manditory, show) VALUES (73, 2, 'Site no', NULL, 'TEXTFIELD', NULL, '0', '0', 50, NULL, 25, '0', '1');
INSERT INTO fields (field_id, form_id, question, field_lookup, field_type, field_class, field_bold, field_italics, field_order, share_line, field_size, manditory, show) VALUES (74, 2, 'EDC no', NULL, 'TEXTFIELD', NULL, '0', '0', 60, NULL, 25, '0', '1');
INSERT INTO fields (field_id, form_id, question, field_lookup, field_type, field_class, field_bold, field_italics, field_order, share_line, field_size, manditory, show) VALUES (75, 2, 'EDC name', NULL, 'TEXTFIELD', NULL, '0', '0', 70, NULL, 25, '0', '1');
INSERT INTO fields (field_id, form_id, question, field_lookup, field_type, field_class, field_bold, field_italics, field_order, share_line, field_size, manditory, show) VALUES (76, 2, 'Number of weeks since enrollment', NULL, 'TEXTFIELD', NULL, '0', '0', 80, NULL, 25, '0', '1');
INSERT INTO fields (field_id, form_id, question, field_lookup, field_type, field_class, field_bold, field_italics, field_order, share_line, field_size, manditory, show) VALUES (77, 2, '<b>Data Collection Mode</b>', NULL, 'TEXTFIELD', NULL, '0', '0', 90, NULL, 25, '0', '1');
INSERT INTO fields (field_id, form_id, question, field_lookup, field_type, field_class, field_bold, field_italics, field_order, share_line, field_size, manditory, show) VALUES (111, 2, '12. I used my phone to ask questions about the HIV medications for myself and/or my baby.', NULL, 'TEXTFIELD', NULL, '0', '0', 410, NULL, 25, '0', '1');
INSERT INTO fields (field_id, form_id, question, field_lookup, field_type, field_class, field_bold, field_italics, field_order, share_line, field_size, manditory, show) VALUES (110, 2, '<b>Id like to better understand how youve used your phone. For the following statements, please tell me if this has occurred or not occurred. If youre not sure, just say not sure. </b>', NULL, 'TITLE', NULL, '0', '0', 400, NULL, 25, '0', '1');
INSERT INTO fields (field_id, form_id, question, field_lookup, field_type, field_class, field_bold, field_italics, field_order, share_line, field_size, manditory, show) VALUES (79, 2, '1.	During this pregnancy, how many times have you visited ANC', NULL, 'TEXTFIELD', NULL, '0', '0', 100, NULL, 25, '0', '1');
INSERT INTO fields (field_id, form_id, question, field_lookup, field_type, field_class, field_bold, field_italics, field_order, share_line, field_size, manditory, show) VALUES (112, 2, '13. I used my phone to schedule or confirm an antenatal appointment.', NULL, 'TEXTFIELD', NULL, '0', '0', 420, NULL, 25, '0', '1');
INSERT INTO fields (field_id, form_id, question, field_lookup, field_type, field_class, field_bold, field_italics, field_order, share_line, field_size, manditory, show) VALUES (78, 2, '<br><b>Good morning/afternoon/evening. Thank you for agreeing to participate in this interview. I will begin by asking you a few questions about HIV services and medications you may have received during pregnancy.</b></br>
', NULL, 'TITLE', NULL, '0', '0', 90, NULL, 25, '0', '1');
INSERT INTO fields (field_id, form_id, question, field_lookup, field_type, field_class, field_bold, field_italics, field_order, share_line, field_size, manditory, show) VALUES (80, 2, '
2.	During pregnancy, were you given any drugs for yourself to prevent', NULL, 'TEXTFIELD', NULL, '0', '0', 110, NULL, 25, '0', '1');
INSERT INTO fields (field_id, form_id, question, field_lookup, field_type, field_class, field_bold, field_italics, field_order, share_line, field_size, manditory, show) VALUES (81, 2, '3.	Are you currently taking the drugs you received?	Yes-1      No-0    Didnt reveive-9  ', NULL, 'TEXTFIELD', NULL, '0', '0', 120, NULL, 25, '0', '1');
INSERT INTO fields (field_id, form_id, question, field_lookup, field_type, field_class, field_bold, field_italics, field_order, share_line, field_size, manditory, show) VALUES (82, 2, '4.	During your pregnancy, how much of your HIV-medication have you taken as prescribed', NULL, 'TEXTFIELD', NULL, '0', '0', 130, NULL, 25, '0', '1');
INSERT INTO fields (field_id, form_id, question, field_lookup, field_type, field_class, field_bold, field_italics, field_order, share_line, field_size, manditory, show) VALUES (83, 2, '5.	During your pregnancy, how often have you missed a dose of your HIV-medication', NULL, 'TEXTFIELD', NULL, '0', '0', 140, NULL, 25, '0', '1');
INSERT INTO fields (field_id, form_id, question, field_lookup, field_type, field_class, field_bold, field_italics, field_order, share_line, field_size, manditory, show) VALUES (84, 2, '<b>Lets talk about any discussions youve had with a health worker or CHW for prevention of mother-to-child transmission.</b>', NULL, 'TITLE', NULL, '0', '0', 150, NULL, 25, '0', '1');
INSERT INTO fields (field_id, form_id, question, field_lookup, field_type, field_class, field_bold, field_italics, field_order, share_line, field_size, manditory, show) VALUES (85, 2, '<br><b> A2.	PMTCT Communication</b></br>', NULL, 'TITLE', NULL, '0', '0', 160, NULL, 25, '0', '1');
INSERT INTO fields (field_id, form_id, question, field_lookup, field_type, field_class, field_bold, field_italics, field_order, share_line, field_size, manditory, show) VALUES (86, 2, '1.	Over the last 2 months, approximately how many times have you talked to a health worker or CHW face-to-face regarding PMTCT', NULL, 'TEXTFIELD', NULL, '0', '0', 170, NULL, 25, '0', '1');
INSERT INTO fields (field_id, form_id, question, field_lookup, field_type, field_class, field_bold, field_italics, field_order, share_line, field_size, manditory, show) VALUES (87, 2, '2.	Over the last 2 months, approximately how many times have you talked to a health worker or CHW using a mobile phone regarding PMTCT', NULL, 'TEXTFIELD', NULL, '0', '0', 180, NULL, 25, '0', '1');
INSERT INTO fields (field_id, form_id, question, field_lookup, field_type, field_class, field_bold, field_italics, field_order, share_line, field_size, manditory, show) VALUES (88, 2, '<b>Now I will ask you about support you have received from your partner/husband for prevention of mother-to-child transmission. Please let me know if your partner/husband has done the following</b>', NULL, 'TITLE', NULL, '0', '0', 190, NULL, 25, '0', '1');
INSERT INTO fields (field_id, form_id, question, field_lookup, field_type, field_class, field_bold, field_italics, field_order, share_line, field_size, manditory, show) VALUES (89, 2, '<br><b>A3.	Experience with Male Involvement</b></br>', NULL, 'TITLE', NULL, '0', '0', 200, NULL, 25, '0', '1');
INSERT INTO fields (field_id, form_id, question, field_lookup, field_type, field_class, field_bold, field_italics, field_order, share_line, field_size, manditory, show) VALUES (90, 2, '1. Accompanied you to ANC', NULL, 'TEXTFIELD', NULL, '0', '0', 210, NULL, 25, '0', '1');
INSERT INTO fields (field_id, form_id, question, field_lookup, field_type, field_class, field_bold, field_italics, field_order, share_line, field_size, manditory, show) VALUES (91, 2, '2. Discussed PMTCT interventions with you', NULL, 'TEXTFIELD', NULL, '0', '0', 220, NULL, 25, '0', '1');
INSERT INTO fields (field_id, form_id, question, field_lookup, field_type, field_class, field_bold, field_italics, field_order, share_line, field_size, manditory, show) VALUES (92, 2, '3. Paid for your transport to ANC', NULL, 'TEXTFIELD', NULL, '0', '0', 230, NULL, 25, '0', '1');
INSERT INTO fields (field_id, form_id, question, field_lookup, field_type, field_class, field_bold, field_italics, field_order, share_line, field_size, manditory, show) VALUES (93, 2, '4. Paid for other related PMTCT activities', NULL, 'TEXTFIELD', NULL, '0', '0', 240, NULL, 25, '0', '1');
INSERT INTO fields (field_id, form_id, question, field_lookup, field_type, field_class, field_bold, field_italics, field_order, share_line, field_size, manditory, show) VALUES (94, 2, '5. Engaged in communication with a health provider related to PMTCT', NULL, 'TEXTFIELD', NULL, '0', '0', 250, NULL, 25, '0', '1');
INSERT INTO fields (field_id, form_id, question, field_lookup, field_type, field_class, field_bold, field_italics, field_order, share_line, field_size, manditory, show) VALUES (95, 2, '6. Has been tested for HIV himself', NULL, 'TEXTFIELD', NULL, '0', '0', 260, NULL, 25, '0', '1');
INSERT INTO fields (field_id, form_id, question, field_lookup, field_type, field_class, field_bold, field_italics, field_order, share_line, field_size, manditory, show) VALUES (96, 2, '7. Provided support for taking your HIV medication', NULL, 'TEXTFIELD', NULL, '0', '0', 270, NULL, 25, '0', '1');
INSERT INTO fields (field_id, form_id, question, field_lookup, field_type, field_class, field_bold, field_italics, field_order, share_line, field_size, manditory, show) VALUES (97, 2, '<br><b>Now I would like to ask you about your experience thus far using the mobile phone program.<b></br> ', NULL, 'TITLE', NULL, '0', '0', 280, NULL, 25, '0', '1');
INSERT INTO fields (field_id, form_id, question, field_lookup, field_type, field_class, field_bold, field_italics, field_order, share_line, field_size, manditory, show) VALUES (98, 2, '<b>A4.	Acceptability, Usage, and Experience with mHealth Platform (Intervention Arm Only)
mHealth Registration</b>', NULL, 'TITLE', NULL, '0', '0', 290, NULL, 25, '0', '1');
INSERT INTO fields (field_id, form_id, question, field_lookup, field_type, field_class, field_bold, field_italics, field_order, share_line, field_size, manditory, show) VALUES (99, 2, '1. Have your registered your phone or other shared phone with mHealth study', NULL, 'TEXTFIELD', NULL, '0', '0', 300, NULL, 25, '0', '1');
INSERT INTO fields (field_id, form_id, question, field_lookup, field_type, field_class, field_bold, field_italics, field_order, share_line, field_size, manditory, show) VALUES (100, 2, '2.	If youve registered a shared phone, what is owners phone number', NULL, 'TEXTFIELD', NULL, '0', '0', 310, NULL, 25, '0', '1');
INSERT INTO fields (field_id, form_id, question, field_lookup, field_type, field_class, field_bold, field_italics, field_order, share_line, field_size, manditory, show) VALUES (101, 2, '3.	If phone is shared, with who are you sharing it', NULL, 'TEXTFIELD', NULL, '0', '0', 320, NULL, 25, '0', '1');
INSERT INTO fields (field_id, form_id, question, field_lookup, field_type, field_class, field_bold, field_italics, field_order, share_line, field_size, manditory, show) VALUES (102, 2, '4.	Approximately how many months, weeks, and/or days have you had a phone registered to the mobile phone program', NULL, 'TEXTFIELD', NULL, '0', '0', 330, NULL, 25, '0', '1');
INSERT INTO fields (field_id, form_id, question, field_lookup, field_type, field_class, field_bold, field_italics, field_order, share_line, field_size, manditory, show) VALUES (103, 2, '5.	Has your partner/husband enrolled in the mobile phone program', NULL, 'TEXTFIELD', NULL, '0', '0', 330, NULL, 25, '0', '1');
INSERT INTO fields (field_id, form_id, question, field_lookup, field_type, field_class, field_bold, field_italics, field_order, share_line, field_size, manditory, show) VALUES (104, 2, '6.	If yes, is he using a separate phone number', NULL, 'TEXTFIELD', NULL, '0', '0', 340, NULL, 25, '0', '1');
INSERT INTO fields (field_id, form_id, question, field_lookup, field_type, field_class, field_bold, field_italics, field_order, share_line, field_size, manditory, show) VALUES (105, 2, '7.	If yes, what is your partners registered number', NULL, 'TEXTFIELD', NULL, '0', '0', 350, NULL, 25, '0', '1');
INSERT INTO fields (field_id, form_id, question, field_lookup, field_type, field_class, field_bold, field_italics, field_order, share_line, field_size, manditory, show) VALUES (106, 2, '8.	Since registration, have you received any PMTCT text messages', NULL, 'TEXTFIELD', NULL, '0', '0', 360, NULL, 25, '0', '1');
INSERT INTO fields (field_id, form_id, question, field_lookup, field_type, field_class, field_bold, field_italics, field_order, share_line, field_size, manditory, show) VALUES (107, 2, '9.	Since registration, have you sent any PMTCT text messages', NULL, 'TEXTFIELD', NULL, '0', '0', 370, NULL, 25, '0', '1');
INSERT INTO fields (field_id, form_id, question, field_lookup, field_type, field_class, field_bold, field_italics, field_order, share_line, field_size, manditory, show) VALUES (108, 2, '10.	Since registration, have you received any phone calls relating to PMTCT', NULL, 'TEXTFIELD', NULL, '0', '0', 380, NULL, 25, '0', '1');
INSERT INTO fields (field_id, form_id, question, field_lookup, field_type, field_class, field_bold, field_italics, field_order, share_line, field_size, manditory, show) VALUES (109, 2, '11.	Since registration, have you made any phone calls relating to PMTCT', NULL, 'TEXTFIELD', NULL, '0', '0', 390, NULL, 25, '0', '1');
INSERT INTO fields (field_id, form_id, question, field_lookup, field_type, field_class, field_bold, field_italics, field_order, share_line, field_size, manditory, show) VALUES (113, 2, '<b>I also want to know how well you like or dislike the mobile phone program. For the following statements, please tell me if you agree or disagree. If youre not sure, just say not sure</b>', NULL, 'TITLE', NULL, '0', '0', 430, NULL, 25, '0', '1');
INSERT INTO fields (field_id, form_id, question, field_lookup, field_type, field_class, field_bold, field_italics, field_order, share_line, field_size, manditory, show) VALUES (114, 2, '14. The SMS texts messages have made me feel more supported for PMTCT.', NULL, 'TEXTFIELD', NULL, '0', '0', 440, NULL, 25, '0', '1');
INSERT INTO fields (field_id, form_id, question, field_lookup, field_type, field_class, field_bold, field_italics, field_order, share_line, field_size, manditory, show) VALUES (115, 2, '15. I am receiving too many PMTCT texts.', NULL, 'TEXTFIELD', NULL, '0', '0', 450, NULL, 25, '0', '1');
INSERT INTO fields (field_id, form_id, question, field_lookup, field_type, field_class, field_bold, field_italics, field_order, share_line, field_size, manditory, show) VALUES (116, 2, '16. I am receiving too many PMTCT calls.', NULL, 'TEXTFIELD', NULL, '0', '0', 460, NULL, 25, '0', '1');
INSERT INTO fields (field_id, form_id, question, field_lookup, field_type, field_class, field_bold, field_italics, field_order, share_line, field_size, manditory, show) VALUES (117, 2, '17. I am sometimes too busy to read and respond to texts and calls', NULL, 'TEXTFIELD', NULL, '0', '0', 470, NULL, 25, '0', '1');
INSERT INTO fields (field_id, form_id, question, field_lookup, field_type, field_class, field_bold, field_italics, field_order, share_line, field_size, manditory, show) VALUES (118, 2, '18. The mobile phone program helps me to reminder key steps to protect my health and that of my baby.', NULL, 'TEXTFIELD', NULL, '0', '0', 480, NULL, 25, '0', '1');
INSERT INTO fields (field_id, form_id, question, field_lookup, field_type, field_class, field_bold, field_italics, field_order, share_line, field_size, manditory, show) VALUES (119, 2, '19. What have you most liked about being enrolled in the mobile phone program', NULL, 'TEXTFIELD', NULL, '0', '0', 490, NULL, 25, '0', '1');
INSERT INTO fields (field_id, form_id, question, field_lookup, field_type, field_class, field_bold, field_italics, field_order, share_line, field_size, manditory, show) VALUES (120, 2, '20. What have you most disliked about being enrolled in the mobile phone program', NULL, 'TEXTFIELD', NULL, '0', '0', 500, NULL, 25, '0', '1');
INSERT INTO fields (field_id, form_id, question, field_lookup, field_type, field_class, field_bold, field_italics, field_order, share_line, field_size, manditory, show) VALUES (121, 2, '21. What suggestions do you have for improving the mobile phone program', NULL, 'TEXTFIELD', NULL, '0', '0', 510, NULL, 25, '0', '1');
INSERT INTO fields (field_id, form_id, question, field_lookup, field_type, field_class, field_bold, field_italics, field_order, share_line, field_size, manditory, show) VALUES (122, 2, '<br><b>Lastly, Id like to ask you questions regarding any problems or challenges youve faced in using the mobile phone program. For the following statements, tell me if you agree or disagree. If youre not sure, just say not sure.</b></br>', NULL, 'TITLE', NULL, '0', '0', 520, NULL, 25, '0', '1');
INSERT INTO fields (field_id, form_id, question, field_lookup, field_type, field_class, field_bold, field_italics, field_order, share_line, field_size, manditory, show) VALUES (123, 2, '<b>Challenges and Constraints </b>', NULL, 'TITLE', NULL, '0', '0', 530, NULL, 25, '0', '1');
INSERT INTO fields (field_id, form_id, question, field_lookup, field_type, field_class, field_bold, field_italics, field_order, share_line, field_size, manditory, show) VALUES (124, 2, 'For the following statements, please let me know if you agree, disagree, or dont know', NULL, 'TITLE', NULL, '0', '0', 540, NULL, 25, '0', '1');
INSERT INTO fields (field_id, form_id, question, field_lookup, field_type, field_class, field_bold, field_italics, field_order, share_line, field_size, manditory, show) VALUES (125, 2, '22.	Network outages or phone problems have sometimes caused me to miss a PMTCT text or call.', NULL, 'TEXTFIELD', NULL, '0', '0', 550, NULL, 25, '0', '1');
INSERT INTO fields (field_id, form_id, question, field_lookup, field_type, field_class, field_bold, field_italics, field_order, share_line, field_size, manditory, show) VALUES (126, 2, '23.	I am having trouble reading, understanding, or sending PMTCT SMS texts.', NULL, 'TEXTFIELD', NULL, '0', '0', 560, NULL, 25, '0', '1');
INSERT INTO fields (field_id, form_id, question, field_lookup, field_type, field_class, field_bold, field_italics, field_order, share_line, field_size, manditory, show) VALUES (127, 2, '24.	Im having trouble accessing my phone because I share it with someone else.', NULL, 'TEXTFIELD', NULL, '0', '0', 570, NULL, 25, '0', '1');
INSERT INTO fields (field_id, form_id, question, field_lookup, field_type, field_class, field_bold, field_italics, field_order, share_line, field_size, manditory, show) VALUES (128, 2, '25. Ive had to use my own money to support sending or receiving PMTCT texts and calls', NULL, 'TEXTFIELD', NULL, '0', '0', 580, NULL, 25, '0', '1');
INSERT INTO fields (field_id, form_id, question, field_lookup, field_type, field_class, field_bold, field_italics, field_order, share_line, field_size, manditory, show) VALUES (129, 2, 'If agreed, about how much each week', NULL, 'TEXTFIELD', NULL, '0', '0', 590, NULL, 25, '0', '1');
INSERT INTO fields (field_id, form_id, question, field_lookup, field_type, field_class, field_bold, field_italics, field_order, share_line, field_size, manditory, show) VALUES (130, 2, '26.	I lost my phone and/or no longer have access.', NULL, 'TEXTFIELD', NULL, '0', '0', 600, NULL, 25, '0', '1');
INSERT INTO fields (field_id, form_id, question, field_lookup, field_type, field_class, field_bold, field_italics, field_order, share_line, field_size, manditory, show) VALUES (131, 2, '<br><b>Thank you for your time<b></br>', NULL, 'TITLE', NULL, '0', '0', 610, NULL, 25, '0', '1');
INSERT INTO fields (field_id, form_id, question, field_lookup, field_type, field_class, field_bold, field_italics, field_order, share_line, field_size, manditory, show) VALUES (132, 2, '<br><b>End of Time-1 Section </b></br>', NULL, 'TITLE', NULL, '0', '0', 620, NULL, 25, '0', '1');
INSERT INTO fields (field_id, form_id, question, field_lookup, field_type, field_class, field_bold, field_italics, field_order, share_line, field_size, manditory, show) VALUES (136, 3, 'Site no', NULL, 'TEXTFIELD', NULL, '0', '0', 40, NULL, 25, '0', '1');
INSERT INTO fields (field_id, form_id, question, field_lookup, field_type, field_class, field_bold, field_italics, field_order, share_line, field_size, manditory, show) VALUES (137, 3, 'EDC no', NULL, 'TEXTFIELD', NULL, '0', '0', 50, NULL, 25, '0', '1');
INSERT INTO fields (field_id, form_id, question, field_lookup, field_type, field_class, field_bold, field_italics, field_order, share_line, field_size, manditory, show) VALUES (138, 3, 'EDC name', NULL, 'TEXTFIELD', NULL, '0', '0', 60, NULL, 25, '0', '1');
INSERT INTO fields (field_id, form_id, question, field_lookup, field_type, field_class, field_bold, field_italics, field_order, share_line, field_size, manditory, show) VALUES (139, 3, '<b>Data Collection Mode</b>', NULL, 'TEXTFIELD', NULL, '0', '0', 70, NULL, 25, '0', '1');
INSERT INTO fields (field_id, form_id, question, field_lookup, field_type, field_class, field_bold, field_italics, field_order, share_line, field_size, manditory, show) VALUES (140, 3, '<br><b>Good morning/afternoon/evening. Thank you for agreeing to participate in this interview. I will begin by asking you a few questions about healthcare services and care you and your baby received around the time of birth.<b></br>', NULL, 'TITLE', NULL, '0', '0', 80, NULL, 25, '0', '1');
INSERT INTO fields (field_id, form_id, question, field_lookup, field_type, field_class, field_bold, field_italics, field_order, share_line, field_size, manditory, show) VALUES (141, 3, '<b>B1.	PMTCT Outcomes Evaluation </b>', NULL, 'TITLE', NULL, '0', '0', 90, NULL, 25, '0', '1');
INSERT INTO fields (field_id, form_id, question, field_lookup, field_type, field_class, field_bold, field_italics, field_order, share_line, field_size, manditory, show) VALUES (142, 3, '1. Where did you have your most recent birth', NULL, 'TEXTFIELD', NULL, '0', '0', 100, NULL, 25, '0', '1');
INSERT INTO fields (field_id, form_id, question, field_lookup, field_type, field_class, field_bold, field_italics, field_order, share_line, field_size, manditory, show) VALUES (147, 3, '6.	Has your baby initiated on his/her HIV medication', NULL, 'TEXTFIELD', NULL, '0', '0', 150, NULL, 25, '0', '1');
INSERT INTO fields (field_id, form_id, question, field_lookup, field_type, field_class, field_bold, field_italics, field_order, share_line, field_size, manditory, show) VALUES (148, 3, '7.	Since the birth of your baby, how much of your HIV-medication have you taken as prescribed
', NULL, 'TEXTFIELD', NULL, '0', '0', 160, NULL, 25, '0', '1');
INSERT INTO fields (field_id, form_id, question, field_lookup, field_type, field_class, field_bold, field_italics, field_order, share_line, field_size, manditory, show) VALUES (149, 3, '8.	Since the birth of your baby, how often did you miss a dose of your HIV-medication', NULL, 'TEXTFIELD', NULL, '0', '0', 170, NULL, 25, '0', '1');
INSERT INTO fields (field_id, form_id, question, field_lookup, field_type, field_class, field_bold, field_italics, field_order, share_line, field_size, manditory, show) VALUES (150, 3, '<br> <b>Lets talk about any discussions youve had with a health worker or CHW for prevention of mother-to-child transmission.<b> </br>', NULL, 'TITLE', NULL, '0', '0', 180, NULL, 25, '0', '1');
INSERT INTO fields (field_id, form_id, question, field_lookup, field_type, field_class, field_bold, field_italics, field_order, share_line, field_size, manditory, show) VALUES (151, 3, '<b>B2.	PMTCT Communication</b>', NULL, 'TITLE', NULL, '0', '0', 190, NULL, 25, '0', '1');
INSERT INTO fields (field_id, form_id, question, field_lookup, field_type, field_class, field_bold, field_italics, field_order, share_line, field_size, manditory, show) VALUES (145, 3, '2.	If delivered at home, who attended the delivery', NULL, 'TEXTFIELD', NULL, '0', '0', 110, NULL, 25, '0', '1');
INSERT INTO fields (field_id, form_id, question, field_lookup, field_type, field_class, field_bold, field_italics, field_order, share_line, field_size, manditory, show) VALUES (146, 3, '3.	Have you started breastfeeding your baby', NULL, 'TEXTFIELD', NULL, '0', '0', 120, NULL, 25, '0', '1');
INSERT INTO fields (field_id, form_id, question, field_lookup, field_type, field_class, field_bold, field_italics, field_order, share_line, field_size, manditory, show) VALUES (144, 3, '4.	If yes, what additional food or liquids have you given to your baby since birth', NULL, 'TEXTFIELD', NULL, '0', '0', 130, NULL, 25, '0', '1');
INSERT INTO fields (field_id, form_id, question, field_lookup, field_type, field_class, field_bold, field_italics, field_order, share_line, field_size, manditory, show) VALUES (143, 3, '5.	Were you given any drugs for your baby to prevent mother-to-child transmission', NULL, 'TEXTFIELD', NULL, '0', '0', 140, NULL, 25, '0', '1');
INSERT INTO fields (field_id, form_id, question, field_lookup, field_type, field_class, field_bold, field_italics, field_order, share_line, field_size, manditory, show) VALUES (187, 4, 'Date', NULL, 'TEXTFIELD', NULL, '0', '0', 20, NULL, 25, '0', '1');
INSERT INTO fields (field_id, form_id, question, field_lookup, field_type, field_class, field_bold, field_italics, field_order, share_line, field_size, manditory, show) VALUES (134, 3, 'Start', NULL, 'TEXTFIELD', NULL, '0', '0', 30, NULL, 25, '0', '1');
INSERT INTO fields (field_id, form_id, question, field_lookup, field_type, field_class, field_bold, field_italics, field_order, share_line, field_size, manditory, show) VALUES (135, 3, 'Date', NULL, 'TEXTFIELD', NULL, '0', '0', 20, NULL, 25, '0', '1');
INSERT INTO fields (field_id, form_id, question, field_lookup, field_type, field_class, field_bold, field_italics, field_order, share_line, field_size, manditory, show) VALUES (133, 3, '<br><b>B. 	Time-2:  @ Delivery up to 3 days post-partum </b></br>', NULL, 'TITLE', NULL, '0', '0', 10, NULL, 25, '0', '1');
INSERT INTO fields (field_id, form_id, question, field_lookup, field_type, field_class, field_bold, field_italics, field_order, share_line, field_size, manditory, show) VALUES (152, 3, '1.	Over the last 2 weeks, approximately how many times have you talked to a health worker or CHW face-to-face regarding PMTCT', NULL, 'TEXTFIELD', NULL, '0', '0', 200, NULL, 25, '0', '1');
INSERT INTO fields (field_id, form_id, question, field_lookup, field_type, field_class, field_bold, field_italics, field_order, share_line, field_size, manditory, show) VALUES (153, 3, 'Over the last 2 weeks, approximately how many times have you talked to a health worker or CHW using a mobile phone regarding PMTCT', NULL, 'TEXTFIELD', NULL, '0', '0', 210, NULL, 25, '0', '1');
INSERT INTO fields (field_id, form_id, question, field_lookup, field_type, field_class, field_bold, field_italics, field_order, share_line, field_size, manditory, show) VALUES (154, 3, '<br><b>Now I will ask you about support you have received from your male partner/husband for prevention of mother-to-child transmission. Please let me know if your partner/husband has done the following, since our last interview</b></br>', NULL, 'TITLE', NULL, '0', '0', 220, NULL, 25, '0', '1');
INSERT INTO fields (field_id, form_id, question, field_lookup, field_type, field_class, field_bold, field_italics, field_order, share_line, field_size, manditory, show) VALUES (155, 3, '<b>B3.	Experience with Male Involvement</b>', NULL, 'TITLE', NULL, '0', '0', 230, NULL, 25, '0', '1');
INSERT INTO fields (field_id, form_id, question, field_lookup, field_type, field_class, field_bold, field_italics, field_order, share_line, field_size, manditory, show) VALUES (156, 3, '1.	Discussed PMTCT interventions with you', NULL, 'TEXTFIELD', NULL, '0', '0', 240, NULL, 25, '0', '1');
INSERT INTO fields (field_id, form_id, question, field_lookup, field_type, field_class, field_bold, field_italics, field_order, share_line, field_size, manditory, show) VALUES (157, 3, '2.	Paid for other related PMTCT activities', NULL, 'TEXTFIELD', NULL, '0', '0', 250, NULL, 25, '0', '1');
INSERT INTO fields (field_id, form_id, question, field_lookup, field_type, field_class, field_bold, field_italics, field_order, share_line, field_size, manditory, show) VALUES (158, 3, '3.	Engaged in communication with a health provider related to PMTCT', NULL, 'TEXTFIELD', NULL, '0', '0', 260, NULL, 25, '0', '1');
INSERT INTO fields (field_id, form_id, question, field_lookup, field_type, field_class, field_bold, field_italics, field_order, share_line, field_size, manditory, show) VALUES (159, 3, '4.	Provided support for taking your HIV medication', NULL, 'TEXTFIELD', NULL, '0', '0', 270, NULL, 25, '0', '1');
INSERT INTO fields (field_id, form_id, question, field_lookup, field_type, field_class, field_bold, field_italics, field_order, share_line, field_size, manditory, show) VALUES (161, 3, '<b>B4.	Acceptability, Usage, and Experience with mHealth Platform (Intervention Arm Only)
mHealth Platform Usage</b>
', NULL, 'TITLE', NULL, '0', '0', 290, NULL, 25, '0', '1');
INSERT INTO fields (field_id, form_id, question, field_lookup, field_type, field_class, field_bold, field_italics, field_order, share_line, field_size, manditory, show) VALUES (160, 3, '<b><br>I will now ask you about your experience thus far using the mobile phone program. </b></br>', NULL, 'TITLE', NULL, '0', '0', 280, NULL, 25, '0', '1');
INSERT INTO fields (field_id, form_id, question, field_lookup, field_type, field_class, field_bold, field_italics, field_order, share_line, field_size, manditory, show) VALUES (163, 3, '1.	Have you continued to receive SMS text messages for PMTCT', NULL, 'TEXTFIELD', NULL, '0', '0', 310, NULL, 25, '0', '1');
INSERT INTO fields (field_id, form_id, question, field_lookup, field_type, field_class, field_bold, field_italics, field_order, share_line, field_size, manditory, show) VALUES (162, 3, '<br>Since our last interview:</br>', NULL, 'TITLE', NULL, '0', '0', 300, NULL, 25, '0', '1');
INSERT INTO fields (field_id, form_id, question, field_lookup, field_type, field_class, field_bold, field_italics, field_order, share_line, field_size, manditory, show) VALUES (164, 3, '2.	Have you sent any SMS text messages yourself for PMTCT', NULL, 'TEXTFIELD', NULL, '0', '0', 320, NULL, 25, '0', '1');
INSERT INTO fields (field_id, form_id, question, field_lookup, field_type, field_class, field_bold, field_italics, field_order, share_line, field_size, manditory, show) VALUES (165, 3, '3.	Have you received any phone calls relating to PMTCT', NULL, 'TEXTFIELD', NULL, '0', '0', 330, NULL, 25, '0', '1');
INSERT INTO fields (field_id, form_id, question, field_lookup, field_type, field_class, field_bold, field_italics, field_order, share_line, field_size, manditory, show) VALUES (166, 3, '4.	Have you made any phone calls relating to PMTCT', NULL, 'TEXTFIELD', NULL, '0', '0', 340, NULL, 25, '0', '1');
INSERT INTO fields (field_id, form_id, question, field_lookup, field_type, field_class, field_bold, field_italics, field_order, share_line, field_size, manditory, show) VALUES (167, 3, '<br><b>Id like to better understand how youve used your phone. For the following statements, please tell me if this has occurred or not occurred. If youre not sure, just say not sure.</b></br>  ', NULL, 'TITLE', NULL, '0', '0', 350, NULL, 25, '0', '1');
INSERT INTO fields (field_id, form_id, question, field_lookup, field_type, field_class, field_bold, field_italics, field_order, share_line, field_size, manditory, show) VALUES (168, 3, '5.	I used my phone to contact the CHW for assistance with delivery transport to the hospital.', NULL, 'TEXTFIELD', NULL, '0', '0', 360, NULL, 25, '0', '1');
INSERT INTO fields (field_id, form_id, question, field_lookup, field_type, field_class, field_bold, field_italics, field_order, share_line, field_size, manditory, show) VALUES (169, 3, '6.	I used my phone to ask questions about the HIV medications for myself and/or my baby.', NULL, 'TEXTFIELD', NULL, '0', '0', 370, NULL, 25, '0', '1');
INSERT INTO fields (field_id, form_id, question, field_lookup, field_type, field_class, field_bold, field_italics, field_order, share_line, field_size, manditory, show) VALUES (170, 3, '7.	I used my phone for support for breastfeeding.', NULL, 'TEXTFIELD', NULL, '0', '0', 380, NULL, 25, '0', '1');
INSERT INTO fields (field_id, form_id, question, field_lookup, field_type, field_class, field_bold, field_italics, field_order, share_line, field_size, manditory, show) VALUES (186, 4, '<b>C.	Time-3:  @ 6 to 8 weeks post-partum </b>', NULL, 'TITLE', NULL, '0', '0', 10, NULL, 25, '0', '1');
INSERT INTO fields (field_id, form_id, question, field_lookup, field_type, field_class, field_bold, field_italics, field_order, share_line, field_size, manditory, show) VALUES (171, 3, '<br><b>Acceptability and Satisfaction </b> </br>', NULL, 'TITLE', NULL, '0', '0', 390, NULL, 25, '0', '1');
INSERT INTO fields (field_id, form_id, question, field_lookup, field_type, field_class, field_bold, field_italics, field_order, share_line, field_size, manditory, show) VALUES (172, 3, '8.	Are you satisfied with the level of support youve had via your phone', NULL, 'TEXTFIELD', NULL, '0', '0', 400, NULL, 25, '0', '1');
INSERT INTO fields (field_id, form_id, question, field_lookup, field_type, field_class, field_bold, field_italics, field_order, share_line, field_size, manditory, show) VALUES (173, 3, '10.	Would you like to continue having PMTCT-related calls', NULL, 'TEXTFIELD', NULL, '0', '0', 410, NULL, 25, '0', '1');
INSERT INTO fields (field_id, form_id, question, field_lookup, field_type, field_class, field_bold, field_italics, field_order, share_line, field_size, manditory, show) VALUES (174, 3, '11. What do you think is most helpful about being enrolled in the mobile phone program?', NULL, 'TEXTFIELD', NULL, '0', '0', 420, NULL, 25, '0', '1');
INSERT INTO fields (field_id, form_id, question, field_lookup, field_type, field_class, field_bold, field_italics, field_order, share_line, field_size, manditory, show) VALUES (175, 3, '12.	What has been the most difficult aspect of being enrolled in the mobile phone program?


', NULL, 'TEXTFIELD', NULL, '0', '0', 430, NULL, 25, '0', '1');
INSERT INTO fields (field_id, form_id, question, field_lookup, field_type, field_class, field_bold, field_italics, field_order, share_line, field_size, manditory, show) VALUES (176, 3, '13.	What advice would you give to women and/or male partners who are new to the mobile phone program?


', NULL, 'TEXTFIELD', NULL, '0', '0', 440, NULL, 25, '0', '1');
INSERT INTO fields (field_id, form_id, question, field_lookup, field_type, field_class, field_bold, field_italics, field_order, share_line, field_size, manditory, show) VALUES (178, 3, '<b>Challenges and Constraints</b> ', NULL, 'TITLE', NULL, '0', '0', 460, NULL, 25, '0', '1');
INSERT INTO fields (field_id, form_id, question, field_lookup, field_type, field_class, field_bold, field_italics, field_order, share_line, field_size, manditory, show) VALUES (188, 4, 'Start', NULL, 'TEXTFIELD', NULL, '0', '0', 30, NULL, 25, '0', '1');
INSERT INTO fields (field_id, form_id, question, field_lookup, field_type, field_class, field_bold, field_italics, field_order, share_line, field_size, manditory, show) VALUES (177, 3, '<br><b>
Lastly, Id like to ask you questions regarding any problems or challenges youve faced in using the mobile phone program. For the following statements, tell me if you agree or disagree. If youre not sure, just say not sure.  <b/></br>
', NULL, 'TITLE', NULL, '0', '0', 450, NULL, 25, '0', '1');
INSERT INTO fields (field_id, form_id, question, field_lookup, field_type, field_class, field_bold, field_italics, field_order, share_line, field_size, manditory, show) VALUES (179, 3, '14.	Network outages or phone problems have sometimes caused me to miss a PMTCT text or call.', NULL, 'TEXTFIELD', NULL, '0', '0', 470, NULL, 25, '0', '1');
INSERT INTO fields (field_id, form_id, question, field_lookup, field_type, field_class, field_bold, field_italics, field_order, share_line, field_size, manditory, show) VALUES (180, 3, '15.	I am having trouble reading, understanding, or sending PMTCT SMS texts.', NULL, 'TEXTFIELD', NULL, '0', '0', 480, NULL, 25, '0', '1');
INSERT INTO fields (field_id, form_id, question, field_lookup, field_type, field_class, field_bold, field_italics, field_order, share_line, field_size, manditory, show) VALUES (181, 3, '16.	Im having trouble accessing my phone because I share it with someone else.', NULL, 'TEXTFIELD', NULL, '0', '0', 490, NULL, 25, '0', '1');
INSERT INTO fields (field_id, form_id, question, field_lookup, field_type, field_class, field_bold, field_italics, field_order, share_line, field_size, manditory, show) VALUES (182, 3, '17.	Ive had to use my own money to support sending or receiving PMTCT texts and calls.
If agreed, about how much each week
', NULL, 'TEXTFIELD', NULL, '0', '0', 500, NULL, 25, '0', '1');
INSERT INTO fields (field_id, form_id, question, field_lookup, field_type, field_class, field_bold, field_italics, field_order, share_line, field_size, manditory, show) VALUES (183, 3, '18.	I lost my phone and/or no longer have access.', NULL, 'TEXTFIELD', NULL, '0', '0', 510, NULL, 25, '0', '1');
INSERT INTO fields (field_id, form_id, question, field_lookup, field_type, field_class, field_bold, field_italics, field_order, share_line, field_size, manditory, show) VALUES (184, 3, '<br><b>Thank you for your time</b></br>', NULL, 'TITLE', NULL, '0', '0', 520, NULL, 25, '0', '1');
INSERT INTO fields (field_id, form_id, question, field_lookup, field_type, field_class, field_bold, field_italics, field_order, share_line, field_size, manditory, show) VALUES (185, 3, '<b>------ End of Time-2 Section ------</b>', NULL, 'TITLE', NULL, '0', '0', NULL, 530, 25, '0', '1');
INSERT INTO fields (field_id, form_id, question, field_lookup, field_type, field_class, field_bold, field_italics, field_order, share_line, field_size, manditory, show) VALUES (189, 4, 'Site no', NULL, 'TEXTFIELD', NULL, '0', '0', 40, NULL, 25, '0', '1');
INSERT INTO fields (field_id, form_id, question, field_lookup, field_type, field_class, field_bold, field_italics, field_order, share_line, field_size, manditory, show) VALUES (190, 4, 'EDC no', NULL, 'TEXTFIELD', NULL, '0', '0', 50, NULL, 25, '0', '1');
INSERT INTO fields (field_id, form_id, question, field_lookup, field_type, field_class, field_bold, field_italics, field_order, share_line, field_size, manditory, show) VALUES (191, 4, 'EDC name', NULL, 'TEXTFIELD', NULL, '0', '0', 60, NULL, 25, '0', '1');
INSERT INTO fields (field_id, form_id, question, field_lookup, field_type, field_class, field_bold, field_italics, field_order, share_line, field_size, manditory, show) VALUES (192, 4, '<b>Data Collection Mode</b>', NULL, 'TEXTFIELD', NULL, '0', '0', 70, NULL, 25, '0', '1');
INSERT INTO fields (field_id, form_id, question, field_lookup, field_type, field_class, field_bold, field_italics, field_order, share_line, field_size, manditory, show) VALUES (193, 4, '<br><b>Good morning/afternoon/evening. Thank you for agreeing to participate in this interview. I will begin by asking you a few questions about healthcare services and medications you and your baby may have received during the six weeks after the birth.</b></br>', NULL, 'TITLE', NULL, '0', '0', 80, NULL, 25, '0', '1');
INSERT INTO fields (field_id, form_id, question, field_lookup, field_type, field_class, field_bold, field_italics, field_order, share_line, field_size, manditory, show) VALUES (194, 4, '<b>C1.	PMTCT Outcomes Evaluation </b>', NULL, 'TEXTFIELD', NULL, '0', '0', 90, NULL, 25, '0', '1');
INSERT INTO fields (field_id, form_id, question, field_lookup, field_type, field_class, field_bold, field_italics, field_order, share_line, field_size, manditory, show) VALUES (195, 4, '1.	Since the birth of your baby, how much of your HIV-medication have you taken as prescribed', NULL, 'TEXTFIELD', NULL, '0', '0', 100, NULL, 25, '0', '1');
INSERT INTO fields (field_id, form_id, question, field_lookup, field_type, field_class, field_bold, field_italics, field_order, share_line, field_size, manditory, show) VALUES (196, 4, '2.	Since the birth of your baby, how often did you miss a dose of your HIV-medication', NULL, 'TEXTFIELD', NULL, '0', '0', 110, NULL, 25, '0', '1');
INSERT INTO fields (field_id, form_id, question, field_lookup, field_type, field_class, field_bold, field_italics, field_order, share_line, field_size, manditory, show) VALUES (197, 4, '3.	Since the birth of your baby, how much of your babys HIV-medication have you given him/her as prescribed', NULL, 'TEXTFIELD', NULL, '0', '0', 120, NULL, 25, '0', '1');
INSERT INTO fields (field_id, form_id, question, field_lookup, field_type, field_class, field_bold, field_italics, field_order, share_line, field_size, manditory, show) VALUES (198, 4, '4.	Since the birth of your baby, how often did your baby miss a dose of his/her HIV-medication', NULL, 'TEXTFIELD', NULL, '0', '0', 130, NULL, 25, '0', '1');
INSERT INTO fields (field_id, form_id, question, field_lookup, field_type, field_class, field_bold, field_italics, field_order, share_line, field_size, manditory, show) VALUES (199, 4, '5.	Are you currently breastfeeding your baby', NULL, 'TEXTFIELD', NULL, '0', '0', 140, NULL, 25, '0', '1');
INSERT INTO fields (field_id, form_id, question, field_lookup, field_type, field_class, field_bold, field_italics, field_order, share_line, field_size, manditory, show) VALUES (200, 4, '6.	If yes, what additional food or liquids have you given to your baby since birth', NULL, 'TEXTFIELD', NULL, '0', '0', 150, NULL, 25, '0', '1');
INSERT INTO fields (field_id, form_id, question, field_lookup, field_type, field_class, field_bold, field_italics, field_order, share_line, field_size, manditory, show) VALUES (201, 4, '7.	Has your baby been tested for HIV', NULL, 'TEXTFIELD', NULL, '0', '0', 160, NULL, 25, '0', '1');
INSERT INTO fields (field_id, form_id, question, field_lookup, field_type, field_class, field_bold, field_italics, field_order, share_line, field_size, manditory, show) VALUES (202, 4, 'If yes, have you received the HIV test results', NULL, 'TEXTFIELD', NULL, '0', '0', 180, NULL, 25, '0', '1');
INSERT INTO fields (field_id, form_id, question, field_lookup, field_type, field_class, field_bold, field_italics, field_order, share_line, field_size, manditory, show) VALUES (203, 4, '9. If yes, would you be willing to tell me the babys HIV test results', NULL, 'TEXTFIELD', NULL, '0', '0', 190, NULL, 25, '0', '1');
INSERT INTO fields (field_id, form_id, question, field_lookup, field_type, field_class, field_bold, field_italics, field_order, share_line, field_size, manditory, show) VALUES (204, 4, '10.	If yes, what was the result', NULL, 'TEXTFIELD', NULL, '0', '0', 200, NULL, 25, '0', '1');
INSERT INTO fields (field_id, form_id, question, field_lookup, field_type, field_class, field_bold, field_italics, field_order, share_line, field_size, manditory, show) VALUES (205, 4, '11. Are you (your partner/husband) currently doing something or using any method to delay or avoid getting pregnant', NULL, 'TEXTFIELD', NULL, '0', '0', 210, NULL, 25, '0', '1');
INSERT INTO fields (field_id, form_id, question, field_lookup, field_type, field_class, field_bold, field_italics, field_order, share_line, field_size, manditory, show) VALUES (206, 4, '12.	If yes, which method(s) are you using', NULL, 'TEXTFIELD', NULL, '0', '0', 220, NULL, 25, '0', '1');
INSERT INTO fields (field_id, form_id, question, field_lookup, field_type, field_class, field_bold, field_italics, field_order, share_line, field_size, manditory, show) VALUES (207, 4, '13. Have you been linked or referred to an HIV care and treatment facility', NULL, 'TEXTFIELD', NULL, '0', '0', 230, NULL, 25, '0', '1');
INSERT INTO fields (field_id, form_id, question, field_lookup, field_type, field_class, field_bold, field_italics, field_order, share_line, field_size, manditory, show) VALUES (208, 4, '<br><b>Lets talk about any discussions youve had with a health worker or CHW for prevention of mother-to-child transmission.</b></br>
', NULL, 'TITLE', NULL, '0', '0', 240, NULL, 25, '0', '1');
INSERT INTO fields (field_id, form_id, question, field_lookup, field_type, field_class, field_bold, field_italics, field_order, share_line, field_size, manditory, show) VALUES (209, 4, '<b>C2.	PMTCT Communication</b>', NULL, 'TITLE', NULL, '0', '0', 250, NULL, 25, '0', '1');
INSERT INTO fields (field_id, form_id, question, field_lookup, field_type, field_class, field_bold, field_italics, field_order, share_line, field_size, manditory, show) VALUES (210, 4, '1.	Over the last 6 weeks, approximately how many times have you talked to a health worker or CHW face-to-face regarding PMTCT', NULL, 'TEXTFIELD', NULL, '0', '0', 260, NULL, 25, '0', '1');
INSERT INTO fields (field_id, form_id, question, field_lookup, field_type, field_class, field_bold, field_italics, field_order, share_line, field_size, manditory, show) VALUES (211, 4, '2.	Over the last 6 weeks, approximately how many times have you talked to a health worker or CHW using a mobile phone regarding PMTCT', NULL, 'TEXTFIELD', NULL, '0', '0', 270, NULL, 25, '0', '1');
INSERT INTO fields (field_id, form_id, question, field_lookup, field_type, field_class, field_bold, field_italics, field_order, share_line, field_size, manditory, show) VALUES (212, 4, '<br><b>Now I will ask you about support you have received from your male partner/husband for prevention of mother-to-child transmission. Please let me know if your partner/husband has done the following, since our last interview</b></br>', NULL, 'TITLE', NULL, '0', '0', 280, NULL, 25, '0', '1');
INSERT INTO fields (field_id, form_id, question, field_lookup, field_type, field_class, field_bold, field_italics, field_order, share_line, field_size, manditory, show) VALUES (213, 4, '<b>C3.	Experience with Male Involvement</b>', NULL, 'TITLE', NULL, '0', '0', 290, NULL, 25, '0', '1');
INSERT INTO fields (field_id, form_id, question, field_lookup, field_type, field_class, field_bold, field_italics, field_order, share_line, field_size, manditory, show) VALUES (214, 4, '1.	Discussed PMTCT interventions with you', NULL, 'TEXTFIELD', NULL, '0', '0', 300, NULL, 25, '0', '1');
INSERT INTO fields (field_id, form_id, question, field_lookup, field_type, field_class, field_bold, field_italics, field_order, share_line, field_size, manditory, show) VALUES (215, 4, '2.	Paid for other related PMTCT activities', NULL, 'TEXTFIELD', NULL, '0', '0', 310, NULL, 25, '0', '1');
INSERT INTO fields (field_id, form_id, question, field_lookup, field_type, field_class, field_bold, field_italics, field_order, share_line, field_size, manditory, show) VALUES (216, 4, '3.	Engaged in communication with a health provider related to PMTCT', NULL, 'TEXTFIELD', NULL, '0', '0', 320, NULL, 25, '0', '1');
INSERT INTO fields (field_id, form_id, question, field_lookup, field_type, field_class, field_bold, field_italics, field_order, share_line, field_size, manditory, show) VALUES (217, 4, '4.	Provided support for taking your HIV medication', NULL, 'TEXTFIELD', NULL, '0', '0', 330, NULL, 25, '0', '1');
INSERT INTO fields (field_id, form_id, question, field_lookup, field_type, field_class, field_bold, field_italics, field_order, share_line, field_size, manditory, show) VALUES (218, 4, '5.	Accompanied you for early infant testing for HIV', NULL, 'TEXTFIELD', NULL, '0', '0', 340, NULL, 25, '0', '1');
INSERT INTO fields (field_id, form_id, question, field_lookup, field_type, field_class, field_bold, field_italics, field_order, share_line, field_size, manditory, show) VALUES (219, 4, '6.	Supported your infant feeding choice for PMTCT', NULL, 'TEXTFIELD', NULL, '0', '0', 350, NULL, 25, '0', '1');
INSERT INTO fields (field_id, form_id, question, field_lookup, field_type, field_class, field_bold, field_italics, field_order, share_line, field_size, manditory, show) VALUES (220, 4, '7.	Discussed any family planning options', NULL, 'TEXTFIELD', NULL, '0', '0', 360, NULL, 25, '0', '1');
INSERT INTO fields (field_id, form_id, question, field_lookup, field_type, field_class, field_bold, field_italics, field_order, share_line, field_size, manditory, show) VALUES (221, 4, 'For Intervention Arm Only ', NULL, 'TITLE', NULL, '0', '0', 370, NULL, 25, '0', '1');
INSERT INTO fields (field_id, form_id, question, field_lookup, field_type, field_class, field_bold, field_italics, field_order, share_line, field_size, manditory, show) VALUES (222, 4, '<br><b>Now I would like to ask you about your experience since our last interview using the mobile phone program, since our last interview.</b></br> ', NULL, 'TITLE', NULL, '0', '0', 380, NULL, 25, '0', '1');
INSERT INTO fields (field_id, form_id, question, field_lookup, field_type, field_class, field_bold, field_italics, field_order, share_line, field_size, manditory, show) VALUES (223, 4, '<b>C4.	Acceptability, Usage, and Experience with mHealth Platform (Intervention Arm </b>', NULL, 'TITLE', NULL, '0', '0', 390, NULL, 25, '0', '1');
INSERT INTO fields (field_id, form_id, question, field_lookup, field_type, field_class, field_bold, field_italics, field_order, share_line, field_size, manditory, show) VALUES (224, 4, '1.	Have you been receiving SMS text messages for PMTCT', NULL, 'TEXTFIELD', NULL, '0', '0', 400, NULL, 25, '0', '1');
INSERT INTO fields (field_id, form_id, question, field_lookup, field_type, field_class, field_bold, field_italics, field_order, share_line, field_size, manditory, show) VALUES (225, 4, '2.	Have you sent any SMS text messages yourself for PMTCT', NULL, 'TEXTFIELD', NULL, '0', '0', 410, NULL, 25, '0', '1');
INSERT INTO fields (field_id, form_id, question, field_lookup, field_type, field_class, field_bold, field_italics, field_order, share_line, field_size, manditory, show) VALUES (226, 4, '3.	Have you received any phone calls relating to PMTCT', NULL, 'TEXTFIELD', NULL, '0', '0', 420, NULL, 25, '0', '1');
INSERT INTO fields (field_id, form_id, question, field_lookup, field_type, field_class, field_bold, field_italics, field_order, share_line, field_size, manditory, show) VALUES (227, 4, '4.	Have you made any phone calls relating to PMTCT', NULL, 'TEXTFIELD', NULL, '0', '0', 430, NULL, 25, '0', '1');
INSERT INTO fields (field_id, form_id, question, field_lookup, field_type, field_class, field_bold, field_italics, field_order, share_line, field_size, manditory, show) VALUES (228, 4, '<br><b>I would like to better understand how you have used your phone. For the following statements, please tell me if this has occurred or not occurred. If youre not sure, just say not sure.</b></br>', NULL, 'TITLE', NULL, '0', '0', 440, NULL, 25, '0', '1');
INSERT INTO fields (field_id, form_id, question, field_lookup, field_type, field_class, field_bold, field_italics, field_order, share_line, field_size, manditory, show) VALUES (229, 4, '5.	I used my phone for support for breastfeeding.', NULL, 'TEXTFIELD', NULL, '0', '0', 450, NULL, 25, '0', '1');
INSERT INTO fields (field_id, form_id, question, field_lookup, field_type, field_class, field_bold, field_italics, field_order, share_line, field_size, manditory, show) VALUES (230, 4, '6.	I used my phone to ask questions about the HIV medications for myself and/or my baby.', NULL, 'TEXTFIELD', NULL, '0', '0', 460, NULL, 25, '0', '1');
INSERT INTO fields (field_id, form_id, question, field_lookup, field_type, field_class, field_bold, field_italics, field_order, share_line, field_size, manditory, show) VALUES (231, 4, '7.	I used my phone for early infant testing and receipt of results.', NULL, 'TEXTFIELD', NULL, '0', '0', 470, NULL, 25, '0', '1');
INSERT INTO fields (field_id, form_id, question, field_lookup, field_type, field_class, field_bold, field_italics, field_order, share_line, field_size, manditory, show) VALUES (232, 4, '<br><b>I would also like to know how well you like or dislike the mobile phone program. For the following statements, please tell me if you agree or disagree. If youre not sure, just say not sure.</b></br>  ', NULL, 'TITLE', NULL, '0', '0', 480, NULL, 25, '0', '1');
INSERT INTO fields (field_id, form_id, question, field_lookup, field_type, field_class, field_bold, field_italics, field_order, share_line, field_size, manditory, show) VALUES (234, 4, '8.	The SMS texts messages made me feel more supported and were helpful reminders.', NULL, 'TEXTFIELD', NULL, '0', '0', 500, NULL, 25, '0', '1');
INSERT INTO fields (field_id, form_id, question, field_lookup, field_type, field_class, field_bold, field_italics, field_order, share_line, field_size, manditory, show) VALUES (233, 4, '<b>Acceptability and Satisfication </b>', NULL, 'TITLE', NULL, '0', '0', 490, NULL, 25, '0', '1');
INSERT INTO fields (field_id, form_id, question, field_lookup, field_type, field_class, field_bold, field_italics, field_order, share_line, field_size, manditory, show) VALUES (235, 4, '9.	I preferred SMS texts over calls.', NULL, 'TEXTFIELD', NULL, '0', '0', 510, NULL, 25, '0', '1');
INSERT INTO fields (field_id, form_id, question, field_lookup, field_type, field_class, field_bold, field_italics, field_order, share_line, field_size, manditory, show) VALUES (236, 4, '10.	During the program, I shared some of my PMTCT texts to other friends and family.', NULL, 'TEXTFIELD', NULL, '0', '0', 520, NULL, 25, '0', '1');
INSERT INTO fields (field_id, form_id, question, field_lookup, field_type, field_class, field_bold, field_italics, field_order, share_line, field_size, manditory, show) VALUES (237, 4, '11.	I would recommend that other pregnant women register with the mobile phone program.', NULL, 'TEXTFIELD', NULL, '0', '0', 530, NULL, 25, '0', '1');
INSERT INTO fields (field_id, form_id, question, field_lookup, field_type, field_class, field_bold, field_italics, field_order, share_line, field_size, manditory, show) VALUES (238, 4, '<br><b>Now, let us review any problems or challenges youve faced in using the mobile phone program since our last interview. For the following statements, tell me if you agree or disagree. If youre not sure, just say not sure.  </b></br>', NULL, 'TITLE', NULL, '0', '0', 540, NULL, 25, '0', '1');
INSERT INTO fields (field_id, form_id, question, field_lookup, field_type, field_class, field_bold, field_italics, field_order, share_line, field_size, manditory, show) VALUES (239, 4, '<b>Challenges and Constraints</b> ', NULL, 'TEXTFIELD', NULL, '0', '0', 550, NULL, 25, '0', '1');
INSERT INTO fields (field_id, form_id, question, field_lookup, field_type, field_class, field_bold, field_italics, field_order, share_line, field_size, manditory, show) VALUES (240, 4, '12.	Network outages or phone problems sometimes caused me to miss a PMTCT text or call.', NULL, 'TEXTFIELD', NULL, '0', '0', 560, NULL, 25, '0', '1');
INSERT INTO fields (field_id, form_id, question, field_lookup, field_type, field_class, field_bold, field_italics, field_order, share_line, field_size, manditory, show) VALUES (241, 4, '13.	I had trouble reading, understanding, or sending PMTCT SMS texts.', NULL, 'TEXTFIELD', NULL, '0', '0', 570, NULL, 25, '0', '1');
INSERT INTO fields (field_id, form_id, question, field_lookup, field_type, field_class, field_bold, field_italics, field_order, share_line, field_size, manditory, show) VALUES (242, 4, '14. I had trouble accessing my phone because I share it with someone else', NULL, 'TEXTFIELD', NULL, '0', '0', 580, NULL, 25, '0', '1');
INSERT INTO fields (field_id, form_id, question, field_lookup, field_type, field_class, field_bold, field_italics, field_order, share_line, field_size, manditory, show) VALUES (243, 4, '15.	I had to use my own money to support sending or receiving PMTCT texts and calls.
If agreed, about how much each week?', NULL, 'TEXTFIELD', NULL, '0', '0', 590, NULL, 25, '0', '1');
INSERT INTO fields (field_id, form_id, question, field_lookup, field_type, field_class, field_bold, field_italics, field_order, share_line, field_size, manditory, show) VALUES (244, 4, '16.	I lost my phone and/or no longer have access.', NULL, 'TEXTFIELD', NULL, '0', '0', 600, NULL, 25, '0', '1');
INSERT INTO fields (field_id, form_id, question, field_lookup, field_type, field_class, field_bold, field_italics, field_order, share_line, field_size, manditory, show) VALUES (249, 4, '18. On average, has your weekly out-of-pocket phone expenses increased, decreased, or remained the same since you enrolled in the mHealth platform', NULL, 'TEXTFIELD', NULL, '0', '0', 640, NULL, 25, '0', '1');
INSERT INTO fields (field_id, form_id, question, field_lookup, field_type, field_class, field_bold, field_italics, field_order, share_line, field_size, manditory, show) VALUES (250, 4, 'By how much', NULL, 'TEXTFIELD', NULL, '0', '0', 650, NULL, 25, '0', '1');
INSERT INTO fields (field_id, form_id, question, field_lookup, field_type, field_class, field_bold, field_italics, field_order, share_line, field_size, manditory, show) VALUES (245, 4, '<br><b>Lastly, Id like to ask you questions regarding money youve spent or saved since enrolling in the mobile phone program.</b></br>   ', NULL, 'TITLE', NULL, '0', '0', 610, NULL, 25, '0', '1');
INSERT INTO fields (field_id, form_id, question, field_lookup, field_type, field_class, field_bold, field_italics, field_order, share_line, field_size, manditory, show) VALUES (246, 4, '<b>mHealth Costs</b>', NULL, 'TITLE', NULL, '0', '0', 620, NULL, 25, '0', '1');
INSERT INTO fields (field_id, form_id, question, field_lookup, field_type, field_class, field_bold, field_italics, field_order, share_line, field_size, manditory, show) VALUES (247, 4, '17. Did being in the mHealth platform save you money', NULL, 'TEXTFIELD', NULL, '0', '0', 630, NULL, 25, '0', '1');
INSERT INTO fields (field_id, form_id, question, field_lookup, field_type, field_class, field_bold, field_italics, field_order, share_line, field_size, manditory, show) VALUES (248, 4, 'Why or why not? How so', NULL, 'TEXTFIELD', NULL, '0', '0', 630, NULL, 25, '0', '1');
INSERT INTO fields (field_id, form_id, question, field_lookup, field_type, field_class, field_bold, field_italics, field_order, share_line, field_size, manditory, show) VALUES (251, 4, 'Why', NULL, 'TEXTFIELD', NULL, '0', '0', 660, NULL, 25, '0', '1');
INSERT INTO fields (field_id, form_id, question, field_lookup, field_type, field_class, field_bold, field_italics, field_order, share_line, field_size, manditory, show) VALUES (252, 4, 'How so', NULL, 'TEXTFIELD', NULL, '0', '0', 670, NULL, 25, '0', '1');
INSERT INTO fields (field_id, form_id, question, field_lookup, field_type, field_class, field_bold, field_italics, field_order, share_line, field_size, manditory, show) VALUES (254, 4, 'Why or why not', NULL, 'TEXTFIELD', NULL, '0', '0', 690, NULL, 25, '0', '1');
INSERT INTO fields (field_id, form_id, question, field_lookup, field_type, field_class, field_bold, field_italics, field_order, share_line, field_size, manditory, show) VALUES (255, 4, 'How so', NULL, 'TEXTFIELD', NULL, '0', '0', 700, NULL, 25, '0', '1');
INSERT INTO fields (field_id, form_id, question, field_lookup, field_type, field_class, field_bold, field_italics, field_order, share_line, field_size, manditory, show) VALUES (253, 4, '19. Did being in the mHealth platform save you time', NULL, 'TEXTFIELD', NULL, '0', '0', 680, NULL, 25, '0', '1');
INSERT INTO fields (field_id, form_id, question, field_lookup, field_type, field_class, field_bold, field_italics, field_order, share_line, field_size, manditory, show) VALUES (257, 5, '<b>Tool 4: CHW Structured Call Log </b>', NULL, 'TITLE', NULL, '0', '0', 10, NULL, 25, '0', '1');
INSERT INTO fields (field_id, form_id, question, field_lookup, field_type, field_class, field_bold, field_italics, field_order, share_line, field_size, manditory, show) VALUES (256, 4, '<b><br></br>Thank you for your time<br></br>
------ End of Time-3 Section ----<br></br>


----- End of Questionnaire<br></br> </b>
', NULL, 'TITLE', NULL, '0', '0', 710, NULL, 25, '0', '1');
INSERT INTO fields (field_id, form_id, question, field_lookup, field_type, field_class, field_bold, field_italics, field_order, share_line, field_size, manditory, show) VALUES (258, 5, '<b>Instructions:</b> For each PMTCT received or initiated phone call, please fill out the appropriate coding as noted below. Each phone call should have a single row of responses', NULL, 'TITLE', NULL, '0', '0', 20, NULL, 25, '0', '1');
INSERT INTO fields (field_id, form_id, question, field_lookup, field_type, field_class, field_bold, field_italics, field_order, share_line, field_size, manditory, show) VALUES (260, 6, 'Date', NULL, 'TEXTFIELD', NULL, '0', '0', 20, NULL, 25, '0', '1');
INSERT INTO fields (field_id, form_id, question, field_lookup, field_type, field_class, field_bold, field_italics, field_order, share_line, field_size, manditory, show) VALUES (259, 6, 'Semi-Structured Questionnaire
Completed by Community Health Worker or External Data Collector
', NULL, 'TITLE', NULL, '0', '0', 10, NULL, 25, '0', '1');
INSERT INTO fields (field_id, form_id, question, field_lookup, field_type, field_class, field_bold, field_italics, field_order, share_line, field_size, manditory, show) VALUES (261, 6, 'Start', NULL, 'TEXTFIELD', NULL, '0', '0', 30, NULL, 25, '0', '1');
INSERT INTO fields (field_id, form_id, question, field_lookup, field_type, field_class, field_bold, field_italics, field_order, share_line, field_size, manditory, show) VALUES (262, 6, 'District', NULL, 'TEXTFIELD', NULL, '0', '0', 40, NULL, 25, '0', '1');
INSERT INTO fields (field_id, form_id, question, field_lookup, field_type, field_class, field_bold, field_italics, field_order, share_line, field_size, manditory, show) VALUES (263, 6, 'Site no', NULL, 'TEXTFIELD', NULL, '0', '0', 50, NULL, 25, '0', '1');
INSERT INTO fields (field_id, form_id, question, field_lookup, field_type, field_class, field_bold, field_italics, field_order, share_line, field_size, manditory, show) VALUES (264, 6, 'Interviewer ID', NULL, 'TEXTFIELD', NULL, '0', '0', 60, NULL, 25, '0', '1');
INSERT INTO fields (field_id, form_id, question, field_lookup, field_type, field_class, field_bold, field_italics, field_order, share_line, field_size, manditory, show) VALUES (265, 6, '<b><br>Good morning/afternoon/evening. Thank you for agreeing to participate in this interview. I will begin by asking you a few questions about yourself.</b></br>', NULL, 'TITLE', NULL, '0', '0', 70, NULL, 25, '0', '1');
INSERT INTO fields (field_id, form_id, question, field_lookup, field_type, field_class, field_bold, field_italics, field_order, share_line, field_size, manditory, show) VALUES (266, 6, '<b>A.	Individual Characteristics</b>', NULL, 'TITLE', NULL, '0', '0', 80, NULL, 25, '0', '1');
INSERT INTO fields (field_id, form_id, question, field_lookup, field_type, field_class, field_bold, field_italics, field_order, share_line, field_size, manditory, show) VALUES (267, 6, '1.	What is your age', NULL, 'TEXTFIELD', NULL, '0', '0', 90, NULL, 25, '0', '1');
INSERT INTO fields (field_id, form_id, question, field_lookup, field_type, field_class, field_bold, field_italics, field_order, share_line, field_size, manditory, show) VALUES (268, 6, '2.	What is your highest level of education attained', NULL, 'TEXTFIELD', NULL, '0', '0', 100, NULL, 25, '0', '1');
INSERT INTO fields (field_id, form_id, question, field_lookup, field_type, field_class, field_bold, field_italics, field_order, share_line, field_size, manditory, show) VALUES (269, 6, '3.	What is your main source of income', NULL, 'TEXTFIELD', NULL, '0', '0', 110, NULL, 25, '0', '1');
INSERT INTO fields (field_id, form_id, question, field_lookup, field_type, field_class, field_bold, field_italics, field_order, share_line, field_size, manditory, show) VALUES (270, 6, '<br><b>I will now ask a few questions about your HIV status and services.</b></br>', NULL, 'TITLE', NULL, '0', '0', 120, NULL, 25, '0', '1');
INSERT INTO fields (field_id, form_id, question, field_lookup, field_type, field_class, field_bold, field_italics, field_order, share_line, field_size, manditory, show) VALUES (271, 6, '<b>B.	HIV Status and Support</b>', NULL, 'TITLE', NULL, '0', '0', 130, NULL, 25, '0', '1');
INSERT INTO fields (field_id, form_id, question, field_lookup, field_type, field_class, field_bold, field_italics, field_order, share_line, field_size, manditory, show) VALUES (272, 6, '1.	Have you ever had an HIV test', NULL, 'TEXTFIELD', NULL, '0', '0', 140, NULL, 25, '0', '1');
INSERT INTO fields (field_id, form_id, question, field_lookup, field_type, field_class, field_bold, field_italics, field_order, share_line, field_size, manditory, show) VALUES (273, 6, '2.	If yes, what was the last HIV result', NULL, 'TEXTFIELD', NULL, '0', '0', 150, NULL, 25, '0', '1');
INSERT INTO fields (field_id, form_id, question, field_lookup, field_type, field_class, field_bold, field_italics, field_order, share_line, field_size, manditory, show) VALUES (274, 6, '3.	Approximately how many years, months, weeks and days ago were you last tested for HIV', NULL, 'TEXTFIELD', NULL, '0', '0', 160, NULL, 25, '0', '1');
INSERT INTO fields (field_id, form_id, question, field_lookup, field_type, field_class, field_bold, field_italics, field_order, share_line, field_size, manditory, show) VALUES (275, 6, '4.	Does your partner know of your HIV status (negative or positive', NULL, 'TEXTFIELD', NULL, '0', '0', 170, NULL, 25, '0', '1');
INSERT INTO fields (field_id, form_id, question, field_lookup, field_type, field_class, field_bold, field_italics, field_order, share_line, field_size, manditory, show) VALUES (276, 6, '5.	Are you currently a part of an HIV support group', NULL, 'TEXTFIELD', NULL, '0', '0', 180, NULL, 25, '0', '1');
INSERT INTO fields (field_id, form_id, question, field_lookup, field_type, field_class, field_bold, field_italics, field_order, share_line, field_size, manditory, show) VALUES (277, 6, '<br><b>Now I want to ask you some questions about your experience using mobile phones.</b></br>', NULL, 'TITLE', NULL, '0', '0', 190, NULL, 25, '0', '1');
INSERT INTO fields (field_id, form_id, question, field_lookup, field_type, field_class, field_bold, field_italics, field_order, share_line, field_size, manditory, show) VALUES (278, 6, '<b>C.	Mobile Phone Ownership and Usage </b>', NULL, 'TITLE', NULL, '0', '0', 200, NULL, 25, '0', '1');
INSERT INTO fields (field_id, form_id, question, field_lookup, field_type, field_class, field_bold, field_italics, field_order, share_line, field_size, manditory, show) VALUES (279, 6, '1.	Do you currently own a mobile phone', NULL, 'TEXTFIELD', NULL, '0', '0', 210, NULL, 25, '0', '1');
INSERT INTO fields (field_id, form_id, question, field_lookup, field_type, field_class, field_bold, field_italics, field_order, share_line, field_size, manditory, show) VALUES (280, 6, 'If yes, approximately how many years, months, weeks and days have you owned your mobile phone', NULL, 'TEXTFIELD', NULL, '0', '0', 220, NULL, 25, '0', '1');
INSERT INTO fields (field_id, form_id, question, field_lookup, field_type, field_class, field_bold, field_italics, field_order, share_line, field_size, manditory, show) VALUES (281, 6, '3.	If yes, is your phone shared with someone else', NULL, 'TEXTFIELD', NULL, '0', '0', 230, NULL, 25, '0', '1');
INSERT INTO fields (field_id, form_id, question, field_lookup, field_type, field_class, field_bold, field_italics, field_order, share_line, field_size, manditory, show) VALUES (282, 6, '4.	If yes, who else do you share your phone with', NULL, 'TEXTFIELD', NULL, '0', '0', 240, NULL, 25, '0', '1');
INSERT INTO fields (field_id, form_id, question, field_lookup, field_type, field_class, field_bold, field_italics, field_order, share_line, field_size, manditory, show) VALUES (284, 6, '6.	If yes, whose phone do you often use or have the easiest access to', NULL, 'TEXTFIELD', NULL, '0', '0', 260, NULL, 25, '0', '1');
INSERT INTO fields (field_id, form_id, question, field_lookup, field_type, field_class, field_bold, field_italics, field_order, share_line, field_size, manditory, show) VALUES (285, 6, '7.	In the last three months, have you used a phone for health-related purposes', NULL, 'TEXTFIELD', NULL, '0', '0', 270, NULL, 25, '0', '1');
INSERT INTO fields (field_id, form_id, question, field_lookup, field_type, field_class, field_bold, field_italics, field_order, share_line, field_size, manditory, show) VALUES (286, 6, '8.	In the last three months, have you received an SMS text for health-related purposes', NULL, 'TEXTFIELD', NULL, '0', '0', 280, NULL, 25, '0', '1');
INSERT INTO fields (field_id, form_id, question, field_lookup, field_type, field_class, field_bold, field_italics, field_order, share_line, field_size, manditory, show) VALUES (287, 6, '9.	In the last three months, have you sent SMS text for health-related purposes', NULL, 'TEXTFIELD', NULL, '0', '0', 290, NULL, 25, '0', '1');
INSERT INTO fields (field_id, form_id, question, field_lookup, field_type, field_class, field_bold, field_italics, field_order, share_line, field_size, manditory, show) VALUES (283, 6, '5. If you do not own a phone, is there someone elses phone that you routinely use or have access to', NULL, 'TEXTFIELD', NULL, '0', '0', 250, NULL, 25, '0', '1');
INSERT INTO fields (field_id, form_id, question, field_lookup, field_type, field_class, field_bold, field_italics, field_order, share_line, field_size, manditory, show) VALUES (288, 6, '10.	On average, how much do you spend each week to use your mobile phone', NULL, 'TEXTFIELD', NULL, '0', '0', 300, NULL, 25, '0', '1');
INSERT INTO fields (field_id, form_id, question, field_lookup, field_type, field_class, field_bold, field_italics, field_order, share_line, field_size, manditory, show) VALUES (289, 6, '11.	Do you pay for your spouses/partners mobile phone expenses', NULL, 'TEXTFIELD', NULL, '0', '0', 310, NULL, 25, '0', '1');
INSERT INTO fields (field_id, form_id, question, field_lookup, field_type, field_class, field_bold, field_italics, field_order, share_line, field_size, manditory, show) VALUES (290, 6, '12.	On average, how much do you spend each week for your spouses mobile phone use', NULL, 'TEXTFIELD', NULL, '0', '0', 320, NULL, 25, '0', '1');
INSERT INTO fields (field_id, form_id, question, field_lookup, field_type, field_class, field_bold, field_italics, field_order, share_line, field_size, manditory, show) VALUES (291, 6, '<br><b>I will now ask you questions regarding any discussions youve had with a health worker or CHW for prevention of mother-to-child transmission.</b></br>', NULL, 'TITLE', NULL, '0', '0', 330, NULL, 25, '0', '1');
INSERT INTO fields (field_id, form_id, question, field_lookup, field_type, field_class, field_bold, field_italics, field_order, share_line, field_size, manditory, show) VALUES (292, 6, '<b>D. PMTCT Communication</b>', NULL, 'TITLE', NULL, '0', '0', 340, NULL, 25, '0', '1');
INSERT INTO fields (field_id, form_id, question, field_lookup, field_type, field_class, field_bold, field_italics, field_order, share_line, field_size, manditory, show) VALUES (293, 6, '1. Over the last 3 months, approximately how many times have you talked to a health worker or CHW face-to-face regarding PMTCT
', NULL, 'TEXTFIELD', NULL, '0', '0', 350, NULL, 25, '0', '1');
INSERT INTO fields (field_id, form_id, question, field_lookup, field_type, field_class, field_bold, field_italics, field_order, share_line, field_size, manditory, show) VALUES (294, 6, '2.	Over the last 3 months, approximately how many times have you talked to a health worker or CHW using a mobile phone regarding PMTCT', NULL, 'TEXTFIELD', NULL, '0', '0', 360, NULL, 25, '0', '1');
INSERT INTO fields (field_id, form_id, question, field_lookup, field_type, field_class, field_bold, field_italics, field_order, share_line, field_size, manditory, show) VALUES (295, 6, '<b>E.	Mobile Phone Registration (Intervention Arm Only)</b>', NULL, 'TITLE', NULL, '0', '0', 370, NULL, 25, '0', '1');
INSERT INTO fields (field_id, form_id, question, field_lookup, field_type, field_class, field_bold, field_italics, field_order, share_line, field_size, manditory, show) VALUES (296, 6, '1.	Are you willing to register your phone with the mHealth platform', NULL, 'TEXTFIELD', NULL, '0', '0', 380, NULL, 25, '0', '1');
INSERT INTO fields (field_id, form_id, question, field_lookup, field_type, field_class, field_bold, field_italics, field_order, share_line, field_size, manditory, show) VALUES (297, 6, '2.	If yes, what is your mobile phone number', NULL, 'TEXTFIELD', NULL, '0', '0', 390, NULL, 25, '0', '1');
INSERT INTO fields (field_id, form_id, question, field_lookup, field_type, field_class, field_bold, field_italics, field_order, share_line, field_size, manditory, show) VALUES (298, 6, '3.	If you share a phone, whose phone would you be interested in registering', NULL, 'TEXTFIELD', NULL, '0', '0', 400, NULL, 25, '0', '1');
INSERT INTO fields (field_id, form_id, question, field_lookup, field_type, field_class, field_bold, field_italics, field_order, share_line, field_size, manditory, show) VALUES (300, 6, '<b>F.	Male Involvement for PMTCT</b>', NULL, 'TITLE', NULL, '0', '0', 420, NULL, 25, '0', '1');
INSERT INTO fields (field_id, form_id, question, field_lookup, field_type, field_class, field_bold, field_italics, field_order, share_line, field_size, manditory, show) VALUES (299, 6, '<br><b>Now I will mention ways in which partners/husbands may support their spouses during pregnancy, labor, or after birth. Please let me know if you have done the following for your spouse/partner:</b></br>', NULL, 'TITLE', NULL, '0', '0', 410, NULL, 25, '0', '1');
INSERT INTO fields (field_id, form_id, question, field_lookup, field_type, field_class, field_bold, field_italics, field_order, share_line, field_size, manditory, show) VALUES (301, 6, '1. Accompanied her to ANC', NULL, 'TEXTFIELD', NULL, '0', '0', 430, NULL, 25, '0', '1');
INSERT INTO fields (field_id, form_id, question, field_lookup, field_type, field_class, field_bold, field_italics, field_order, share_line, field_size, manditory, show) VALUES (302, 6, '2. Discussed PMTCT interventions with her', NULL, 'TEXTFIELD', NULL, '0', '0', 440, NULL, 25, '0', '1');
INSERT INTO fields (field_id, form_id, question, field_lookup, field_type, field_class, field_bold, field_italics, field_order, share_line, field_size, manditory, show) VALUES (303, 6, '3. Paid for her transport to ANC', NULL, 'TEXTFIELD', NULL, '0', '0', 450, NULL, 25, '0', '1');
INSERT INTO fields (field_id, form_id, question, field_lookup, field_type, field_class, field_bold, field_italics, field_order, share_line, field_size, manditory, show) VALUES (304, 6, '4. Paid for other related PMTCT activities', NULL, 'TEXTFIELD', NULL, '0', '0', 460, NULL, 25, '0', '1');
INSERT INTO fields (field_id, form_id, question, field_lookup, field_type, field_class, field_bold, field_italics, field_order, share_line, field_size, manditory, show) VALUES (305, 6, '5. Engaged in communication with a health provider related to PMTCT', NULL, 'TEXTFIELD', NULL, '0', '0', 470, NULL, 25, '0', '1');
INSERT INTO fields (field_id, form_id, question, field_lookup, field_type, field_class, field_bold, field_italics, field_order, share_line, field_size, manditory, show) VALUES (306, 6, '6. Provided support to spouse for her HIV medications', NULL, 'TEXTFIELD', NULL, '0', '0', 480, NULL, 25, '0', '1');
INSERT INTO fields (field_id, form_id, question, field_lookup, field_type, field_class, field_bold, field_italics, field_order, share_line, field_size, manditory, show) VALUES (307, 6, '7.Accompanied her for early infant testing for HIV', NULL, 'TEXTFIELD', NULL, '0', '0', 490, NULL, 25, '0', '1');
INSERT INTO fields (field_id, form_id, question, field_lookup, field_type, field_class, field_bold, field_italics, field_order, share_line, field_size, manditory, show) VALUES (308, 6, '8. Supported her infant feeding choice for PMTCT', NULL, 'TEXTFIELD', NULL, '0', '0', 500, NULL, 25, '0', '1');
INSERT INTO fields (field_id, form_id, question, field_lookup, field_type, field_class, field_bold, field_italics, field_order, share_line, field_size, manditory, show) VALUES (309, 6, '9. Discussed any family planning options', NULL, 'TEXTFIELD', NULL, '0', '0', 510, NULL, 25, '0', '1');
INSERT INTO fields (field_id, form_id, question, field_lookup, field_type, field_class, field_bold, field_italics, field_order, share_line, field_size, manditory, show) VALUES (310, 6, 'Time Interview End', NULL, 'TEXTFIELD', NULL, '0', '0', 520, NULL, 25, '0', '1');
INSERT INTO fields (field_id, form_id, question, field_lookup, field_type, field_class, field_bold, field_italics, field_order, share_line, field_size, manditory, show) VALUES (311, 6, 'Total Duration', NULL, 'TEXTFIELD', NULL, '0', '0', 530, NULL, 25, '0', '1');
INSERT INTO fields (field_id, form_id, question, field_lookup, field_type, field_class, field_bold, field_italics, field_order, share_line, field_size, manditory, show) VALUES (312, 6, '<br></br><b>Thank you for your time<br></br>
------ End of Questionnaire <br></br>
<br></br>', NULL, 'TITLE', NULL, '0', '0', 540, NULL, 25, '0', '1');
INSERT INTO fields (field_id, form_id, question, field_lookup, field_type, field_class, field_bold, field_italics, field_order, share_line, field_size, manditory, show) VALUES (10, 1, '3.How many months are you in your pregnancy', NULL, 'TEXTFIELD', NULL, '0', '0', NULL, NULL, 25, '0', '1');
INSERT INTO fields (field_id, form_id, question, field_lookup, field_type, field_class, field_bold, field_italics, field_order, share_line, field_size, manditory, show) VALUES (35, 1, '5.If you do not own a phone, is there someone elses phone that you routinely use or have access to', NULL, 'TEXTFIELD', NULL, '0', '0', 70, NULL, 25, '0', '1');
INSERT INTO fields (field_id, form_id, question, field_lookup, field_type, field_class, field_bold, field_italics, field_order, share_line, field_size, manditory, show) VALUES (49, 1, 'Over the last 3 months, approximately how many times have you talked to a health worker or CHW using a mobile phone regarding PMTCT', NULL, 'TEXTFIELD', NULL, '0', '0', 240, NULL, 25, '0', '1');
INSERT INTO fields (field_id, form_id, question, field_lookup, field_type, field_class, field_bold, field_italics, field_order, share_line, field_size, manditory, show) VALUES (314, 5, '<b>Response CodesWeek </b>
', NULL, 'SUBGRID', NULL, '0', '0', 40, NULL, 10, '0', '1');
INSERT INTO fields (field_id, form_id, question, field_lookup, field_type, field_class, field_bold, field_italics, field_order, share_line, field_size, manditory, show) VALUES (313, 5, NULL, NULL, 'SUBGRID', NULL, '0', '0', 30, NULL, 10, '0', '1');


SELECT pg_catalog.setval('fields_field_id_seq', 314, true);





INSERT INTO sub_fields (sub_field_id, field_id, sub_field_order, sub_title_share, sub_field_type, sub_field_lookup, sub_field_size, sub_col_spans, manditory, show, question) VALUES (5, 313, 10, NULL, 'TEXTFIELD', NULL, 10, 1, '0', '1', '<b>Call</b>');
INSERT INTO sub_fields (sub_field_id, field_id, sub_field_order, sub_title_share, sub_field_type, sub_field_lookup, sub_field_size, sub_col_spans, manditory, show, question) VALUES (6, 313, 20, NULL, 'TEXTFIELD', NULL, 10, 1, '0', '1', '<b>Week</>');
INSERT INTO sub_fields (sub_field_id, field_id, sub_field_order, sub_title_share, sub_field_type, sub_field_lookup, sub_field_size, sub_col_spans, manditory, show, question) VALUES (7, 313, 30, NULL, 'TEXTFIELD', NULL, 10, 1, '0', '1', '<b>Patient ID</b>');
INSERT INTO sub_fields (sub_field_id, field_id, sub_field_order, sub_title_share, sub_field_type, sub_field_lookup, sub_field_size, sub_col_spans, manditory, show, question) VALUES (8, 313, 40, NULL, 'TEXTFIELD', NULL, 10, 1, '0', '1', '<b>who initiated call</b>');
INSERT INTO sub_fields (sub_field_id, field_id, sub_field_order, sub_title_share, sub_field_type, sub_field_lookup, sub_field_size, sub_col_spans, manditory, show, question) VALUES (9, 313, 50, NULL, 'TEXTFIELD', NULL, 10, 1, '0', '1', '<b>Duration</b>');
INSERT INTO sub_fields (sub_field_id, field_id, sub_field_order, sub_title_share, sub_field_type, sub_field_lookup, sub_field_size, sub_col_spans, manditory, show, question) VALUES (10, 313, 60, NULL, 'TEXTFIELD', NULL, 10, 1, '0', '1', '<b>Call content or topic? </b>
');
INSERT INTO sub_fields (sub_field_id, field_id, sub_field_order, sub_title_share, sub_field_type, sub_field_lookup, sub_field_size, sub_col_spans, manditory, show, question) VALUES (11, 313, 70, NULL, 'TEXTFIELD', NULL, 70, 2, '0', '0', '1.');
INSERT INTO sub_fields (sub_field_id, field_id, sub_field_order, sub_title_share, sub_field_type, sub_field_lookup, sub_field_size, sub_col_spans, manditory, show, question) VALUES (12, 314, 10, NULL, 'TEXTFIELD', NULL, 10, 1, '0', '1', 'Since start of study');
INSERT INTO sub_fields (sub_field_id, field_id, sub_field_order, sub_title_share, sub_field_type, sub_field_lookup, sub_field_size, sub_col_spans, manditory, show, question) VALUES (13, 314, 20, NULL, 'TEXTFIELD', NULL, 10, 1, '0', '1', 'Corresponding womans ID number');
INSERT INTO sub_fields (sub_field_id, field_id, sub_field_order, sub_title_share, sub_field_type, sub_field_lookup, sub_field_size, sub_col_spans, manditory, show, question) VALUES (14, 314, 30, NULL, 'TEXTFIELD', NULL, 10, 1, '0', '1', '0- CHW
1-Woman patient
2-Male partner
3-Other');
INSERT INTO sub_fields (sub_field_id, field_id, sub_field_order, sub_title_share, sub_field_type, sub_field_lookup, sub_field_size, sub_col_spans, manditory, show, question) VALUES (17, 314, 40, NULL, 'TEXTFIELD', NULL, 10, 1, '0', '1', '0 - Morning    (04h00-12h00)
1 - Afternoon (12h01-16h00)
2 - Evening     (16h01-20h00)
3 - Night         (20h02-03h59)
');
INSERT INTO sub_fields (sub_field_id, field_id, sub_field_order, sub_title_share, sub_field_type, sub_field_lookup, sub_field_size, sub_col_spans, manditory, show, question) VALUES (18, 314, 50, NULL, 'TEXTFIELD', NULL, 10, 1, '0', '1', 'Estimated number of minutes
');
INSERT INTO sub_fields (sub_field_id, field_id, sub_field_order, sub_title_share, sub_field_type, sub_field_lookup, sub_field_size, sub_col_spans, manditory, show, question) VALUES (20, 314, 70, NULL, 'TEXTFIELD', NULL, 10, 1, '0', '1', '0  Seek advice/ask questions
1  Scheduling/confirming appointment
3  Birth onset/delivery notification
4  HIV Medication adherence
5  Inquiry on SMS text message
6  Adverse event (violence, stigma)
7  Male partner involvement
8  Early infant testing
9 -  Other');


SELECT pg_catalog.setval('sub_fields_sub_field_id_seq', 20, true);



