

INSERT INTO city_codes VALUES ('ALG', 'Algiers', 'Algeria', 'DZ');
INSERT INTO city_codes VALUES ('ABR', 'Aberdeen, SD', 'USA', 'US');
INSERT INTO city_codes VALUES ('ABI', 'Abilene, TX', 'USA', 'US');
INSERT INTO city_codes VALUES ('AMA', 'Amarillo, TX', 'USA', 'US');
INSERT INTO city_codes VALUES ('ANC', 'Anchorage', 'USA', 'US');
INSERT INTO city_codes VALUES ('ARB', 'Ann Arbor, MI', 'USA', 'US');
INSERT INTO city_codes VALUES ('ANB', 'Anniston, AL', 'USA', 'US');
INSERT INTO city_codes VALUES ('ATW', 'Appelton', 'USA', 'US');
INSERT INTO city_codes VALUES ('AER', 'Adler/Sochi', 'Russia', NULL);
INSERT INTO city_codes VALUES ('AVL', 'Asheville, NC', 'USA', 'US');
INSERT INTO city_codes VALUES ('ASE', 'Aspen Snowmass', 'USA', 'US');
INSERT INTO city_codes VALUES ('AHN', 'Athens, GA', 'USA', 'US');
INSERT INTO city_codes VALUES ('ATO', 'Athens, OH', 'USA', 'US');
INSERT INTO city_codes VALUES ('ATL', 'Atlanta Intl', 'USA', 'US');
INSERT INTO city_codes VALUES ('ACY', 'Atlantic City', 'USA', 'US');
INSERT INTO city_codes VALUES ('AGS', 'Augusta,GA', 'USA', 'US');
INSERT INTO city_codes VALUES ('AUG', 'Augusta,ME', 'USA', 'US');
INSERT INTO city_codes VALUES ('AAE', 'Annaba', 'Algeria', 'DZ');
INSERT INTO city_codes VALUES ('AUS', 'Austin,TX', 'USA', 'US');
INSERT INTO city_codes VALUES ('BFL', 'Bakersfield, CA', 'USA', 'US');
INSERT INTO city_codes VALUES ('ALV', 'Andorra La Vella', 'Andorra', 'AD');
INSERT INTO city_codes VALUES ('AXA', 'Anguilla', 'Anguilla', 'AI');
INSERT INTO city_codes VALUES ('AUA', 'Aruba', 'Aruba', 'AW');
INSERT INTO city_codes VALUES ('ADL', 'Adelaide', 'Australia', 'AW');
INSERT INTO city_codes VALUES ('ACI', 'Alderney', 'Channel Islands', NULL);
INSERT INTO city_codes VALUES ('ALP', 'Aleppo', 'Syria', NULL);
INSERT INTO city_codes VALUES ('BWI', 'Baltimore,MD', 'USA', 'US');
INSERT INTO city_codes VALUES ('BGR', 'Bangor, ME', 'USA', 'US');
INSERT INTO city_codes VALUES ('ESF', 'Alexandria', 'USA, LA', NULL);
INSERT INTO city_codes VALUES ('BPT', 'Beaumont/Pt. Arthur, TX', 'USA', 'US');
INSERT INTO city_codes VALUES ('BKW', 'Beckley, WV', 'USA', 'US');
INSERT INTO city_codes VALUES ('BLI', 'Bellingham, WA', 'USA', 'US');
INSERT INTO city_codes VALUES ('BJI', 'Bemidji, MN', 'USA', 'US');
INSERT INTO city_codes VALUES ('ALH', 'Albany', 'Australia', 'AW');
INSERT INTO city_codes VALUES ('BEH', 'Benton Harbour, MI', 'USA', 'US');
INSERT INTO city_codes VALUES ('BET', 'Bethel, AK', 'USA', 'US');
INSERT INTO city_codes VALUES ('BIL', 'Billings, MT', 'USA', 'US');
INSERT INTO city_codes VALUES ('AAT', 'Altay', 'PR China', NULL);
INSERT INTO city_codes VALUES ('BHM', 'Birmingham, AL', 'USA', 'US');
INSERT INTO city_codes VALUES ('ABX', 'Albury', 'Australia', 'AW');
INSERT INTO city_codes VALUES ('BIS', 'Bismarck', 'USA', 'US');
INSERT INTO city_codes VALUES ('ASP', 'Alice Springs', 'Australia', 'AW');
INSERT INTO city_codes VALUES ('BMI', 'Bloomington, IL', 'USA', 'US');
INSERT INTO city_codes VALUES ('BMG', 'Bloomington, IN', 'USA', 'US');
INSERT INTO city_codes VALUES ('BLF', 'Bluefield, WV', 'USA', 'US');
INSERT INTO city_codes VALUES ('BOI', 'Boise', 'USA', 'US');
INSERT INTO city_codes VALUES ('BXS', 'Borrego Springs, CA', 'USA', 'US');
INSERT INTO city_codes VALUES ('BOS', 'Boston, MA', 'USA', 'US');
INSERT INTO city_codes VALUES ('AYQ', 'Ayers Rock', 'Australia', 'AW');
INSERT INTO city_codes VALUES ('BZN', 'Bozeman, MT', 'USA', 'US');
INSERT INTO city_codes VALUES ('BFD', 'Bradford/Warren, PA/Olean, NY', 'USA', 'US');
INSERT INTO city_codes VALUES ('BRD', 'Brainerd, MN', 'USA', 'US');
INSERT INTO city_codes VALUES ('AYR', 'Ayr', 'Australia', 'AW');
INSERT INTO city_codes VALUES ('BNK', 'Ballina', 'Australia', 'AW');
INSERT INTO city_codes VALUES ('BDR', 'Bridgeport, CT', 'USA', 'US');
INSERT INTO city_codes VALUES ('BKX', 'Brookings, SD', 'USA', 'US');
INSERT INTO city_codes VALUES ('ANU', 'Antigua, V.C', 'Antigua and Barbuda', NULL);
INSERT INTO city_codes VALUES ('BQK', 'Brunswick, GA', 'USA', 'US');
INSERT INTO city_codes VALUES ('BUF', 'Buffalo/Niagara Falls, NY', 'USA', 'US');
INSERT INTO city_codes VALUES ('ABM', 'Bamaga', 'Australia', 'AW');
INSERT INTO city_codes VALUES ('BHC', 'Bullhead City, NV', 'USA', 'US');
INSERT INTO city_codes VALUES ('ARH', 'Arkhangelsk', 'Russia', NULL);
INSERT INTO city_codes VALUES ('BUR', 'Burbank, CA', 'USA', 'US');
INSERT INTO city_codes VALUES ('BRL', 'Burlington, IA', 'USA', 'US');
INSERT INTO city_codes VALUES ('BAK', 'Baku', 'Azerbaijan', 'AZ');
INSERT INTO city_codes VALUES ('BTV', 'Burlington, VT', 'USA', 'US');
INSERT INTO city_codes VALUES ('ANR', 'Antwerp', 'Belgium', 'BE');
INSERT INTO city_codes VALUES ('BTM', 'Butte, MT', 'USA', 'US');
INSERT INTO city_codes VALUES ('CLD', 'Carlsbad, CA', 'USA', 'US');
INSERT INTO city_codes VALUES ('BZL', 'Barisal', 'Bangladesh', 'BD');
INSERT INTO city_codes VALUES ('BAH', 'Bahrain Intl', 'Bahrain', 'BH');
INSERT INTO city_codes VALUES ('AJU', 'Aracaju', 'Brazil', 'BR');
INSERT INTO city_codes VALUES ('AUE', 'Abu Rudeis', 'Egypt', 'EG');
INSERT INTO city_codes VALUES ('CSN', 'Carson City, NV', 'USA', 'US');
INSERT INTO city_codes VALUES ('ABS', 'Abu Simbel', 'Egypt', 'EG');
INSERT INTO city_codes VALUES ('AAC', 'Al Arish', 'Egypt', 'EG');
INSERT INTO city_codes VALUES ('HBH', 'Alexandria', 'Egypt', 'EG');
INSERT INTO city_codes VALUES ('CPR', 'Casper, WY', 'USA', 'US');
INSERT INTO city_codes VALUES ('CMI', 'Champaign, IL', 'USA', 'US');
INSERT INTO city_codes VALUES ('CHS', 'Charleston, SC', 'USA', 'US');
INSERT INTO city_codes VALUES ('CRW', 'Charleston, WV', 'USA', 'US');
INSERT INTO city_codes VALUES ('CLT', 'Charlotte, NC', 'USA', 'US');
INSERT INTO city_codes VALUES ('CHO', 'Charlottesville', 'USA', 'US');
INSERT INTO city_codes VALUES ('ALY', 'Alexandria', 'Egypt', 'EG');
INSERT INTO city_codes VALUES ('YAT', 'Attawapiskat, NT', 'Canada', 'CA');
INSERT INTO city_codes VALUES ('CHA', 'Chattanooga, TN', 'USA', 'US');
INSERT INTO city_codes VALUES ('CYS', 'Cheyenne', 'USA', 'US');
INSERT INTO city_codes VALUES ('MDW', 'Chicago, Midway', 'USA', 'US');
INSERT INTO city_codes VALUES ('ORD', 'Chicago,O''Hare Intl', 'USA', 'US');
INSERT INTO city_codes VALUES ('BBY', 'Bambari', 'Central African Republic', 'CF');
INSERT INTO city_codes VALUES ('CHI', 'Chicago, IL', 'USA', 'US');
INSERT INTO city_codes VALUES ('CIC', 'Chico, CA', 'USA', 'US');
INSERT INTO city_codes VALUES ('CVG', 'Cincinnati', 'USA', 'US');
INSERT INTO city_codes VALUES ('CKB', 'Clarksburg, WV', 'USA', 'US');
INSERT INTO city_codes VALUES ('BKL', 'Cleveland,Burke', 'USA', 'US');
INSERT INTO city_codes VALUES ('CLE', 'Cleveland,Hopkins', 'USA', 'US');
INSERT INTO city_codes VALUES ('COD', 'Cody', 'USA', 'US');
INSERT INTO city_codes VALUES ('KCC', 'Coffmann Cove', 'USA', 'US');
INSERT INTO city_codes VALUES ('EAP', 'Basel/Mulhouse', 'Switzerland/France', NULL);
INSERT INTO city_codes VALUES ('ARK', 'Arusha', 'Tanzania', 'TZ');
INSERT INTO city_codes VALUES ('BWN', 'Bandar,Begawan', 'Brunei', 'BN');
INSERT INTO city_codes VALUES ('AJN', 'Anjouan', 'Comoros(Comores)', 'KM');
INSERT INTO city_codes VALUES ('BGU', 'Bangassou', 'Central African Republic', 'CF');
INSERT INTO city_codes VALUES ('BGF', 'Bangui', 'Central African Republic', 'CF');
INSERT INTO city_codes VALUES ('AEH', 'Abeche', 'Chad', 'TD');
INSERT INTO city_codes VALUES ('AXS', 'Armenia', 'Colombia', 'CO');
INSERT INTO city_codes VALUES ('BAQ', 'Barranquilla', 'Colombia', 'CO');
INSERT INTO city_codes VALUES ('ATZ', 'Assiut', 'Egypt', 'EG');
INSERT INTO city_codes VALUES ('ASW', 'Aswan', 'Egypt', 'EG');
INSERT INTO city_codes VALUES ('ASM', 'Asmara Intl', 'Eritrea', 'ER');
INSERT INTO city_codes VALUES ('ADD', 'Addis Ababa', 'Ethiopia', 'ET');
INSERT INTO city_codes VALUES ('AJA', 'Ajaccio', 'France', 'FR');
INSERT INTO city_codes VALUES ('LBI', 'Albi', 'France', 'FR');
INSERT INTO city_codes VALUES ('NCY', 'Annecy', 'France', 'FR');
INSERT INTO city_codes VALUES ('AUR', 'Aurillac', 'France', 'FR');
INSERT INTO city_codes VALUES ('BJL', 'Banjul Intl', 'Gambia', 'GM');
INSERT INTO city_codes VALUES ('AGB', 'Augsburg,Munic', 'Germany', 'DE');
INSERT INTO city_codes VALUES ('ACC', 'Accra', 'Ghana', 'GH');
INSERT INTO city_codes VALUES ('GPA', 'Araxos', 'Greece', 'GR');
INSERT INTO city_codes VALUES ('ATH', 'Athens', 'Greece', 'GR');
INSERT INTO city_codes VALUES ('HEW', 'Athens,Hellinikon', 'Greece', 'GR');
INSERT INTO city_codes VALUES ('SUM', 'Agana', 'Guam', 'GU');
INSERT INTO city_codes VALUES ('JUT', 'Juticalpa', 'Honduras', 'HN');
INSERT INTO city_codes VALUES ('CLL', 'College Station', 'USA', 'US');
INSERT INTO city_codes VALUES ('COS', 'Colorado Springs', 'USA', 'US');
INSERT INTO city_codes VALUES ('CAE', 'Columbia, SC', 'USA', 'US');
INSERT INTO city_codes VALUES ('CSG', 'Columbus, GA', 'USA', 'US');
INSERT INTO city_codes VALUES ('CMH', 'Columbus, OH', 'USA', 'US');
INSERT INTO city_codes VALUES ('CCR', 'Concord', 'USA', 'US');
INSERT INTO city_codes VALUES ('CDV', 'Cordova, AK', 'USA', 'US');
INSERT INTO city_codes VALUES ('CRP', 'Corpus Christi', 'USA', 'US');
INSERT INTO city_codes VALUES ('CGA', 'Craig, AK', 'USA', 'US');
INSERT INTO city_codes VALUES ('CEC', 'Crescent City,', 'USA', 'US');
INSERT INTO city_codes VALUES ('DAL', 'Dallas,TX', 'USA', 'US');
INSERT INTO city_codes VALUES ('DFW', 'Dallas', 'USA', 'US');
INSERT INTO city_codes VALUES ('DAN', 'Danville, VA', 'USA', 'US');
INSERT INTO city_codes VALUES ('DAY', 'Dayton, OH', 'USA', 'US');
INSERT INTO city_codes VALUES ('ABJ', 'Abidjan', 'Cote d''Ivoire', 'CI');
INSERT INTO city_codes VALUES ('AKT', 'Akrotiri,RAF', 'Cyprus', 'CY');
INSERT INTO city_codes VALUES ('ABD', 'Abadan', 'Iran', 'IR');
INSERT INTO city_codes VALUES ('BTR', 'Baton', 'USA', 'US');
INSERT INTO city_codes VALUES ('BUG', 'Bengueka', 'Angola', 'AO');
INSERT INTO city_codes VALUES ('CAB', 'Cabinda', 'Angola', 'AO');
INSERT INTO city_codes VALUES ('DAB', 'Daytona Beach, FL', 'USA', 'US');
INSERT INTO city_codes VALUES ('DEC', 'Decatur, IL', 'USA', 'US');
INSERT INTO city_codes VALUES ('DEN', 'Denver', 'USA', 'US');
INSERT INTO city_codes VALUES ('DSM', 'Des Moines,', 'USA', 'US');
INSERT INTO city_codes VALUES ('DET', 'Detroit', 'USA', 'US');
INSERT INTO city_codes VALUES ('DTW', 'Detroit', 'USA', 'US');
INSERT INTO city_codes VALUES ('BEG', 'Belgrad', 'Serbia', NULL);
INSERT INTO city_codes VALUES ('BUE', 'Buenos Aires', 'Argentina', 'AR');
INSERT INTO city_codes VALUES ('EZE', 'Buenos Aires Intl', 'Argentina', 'AR');
INSERT INTO city_codes VALUES ('DTT', 'Detroit', 'USA', 'US');
INSERT INTO city_codes VALUES ('AEP', 'Buenos Aires', 'Argentina', 'AR');
INSERT INTO city_codes VALUES ('DVL', 'Devils Lake, ND', 'USA', 'US');
INSERT INTO city_codes VALUES ('DLG', 'Dillingham, AK', 'USA', 'US');
INSERT INTO city_codes VALUES ('DHN', 'Dothan, AL', 'USA', 'US');
INSERT INTO city_codes VALUES ('BLT', 'Blackwater', 'Australia', 'AW');
INSERT INTO city_codes VALUES ('DUJ', 'Dubois, PA', 'USA', 'US');
INSERT INTO city_codes VALUES ('DBQ', 'Dubuque, IA', 'USA', 'US');
INSERT INTO city_codes VALUES ('DLH', 'Duluth,WI', 'USA', 'US');
INSERT INTO city_codes VALUES ('ZBO', 'Bowen', 'Australia', 'AW');
INSERT INTO city_codes VALUES ('BMP', 'Brampton Island', 'Australia', 'AW');
INSERT INTO city_codes VALUES ('DRO', 'Durango, CO', 'USA', 'US');
INSERT INTO city_codes VALUES ('EAU', 'Eau Clarie, WI', 'USA', 'US');
INSERT INTO city_codes VALUES ('BNE', 'Brisbane', 'Australia', 'AW');
INSERT INTO city_codes VALUES ('EKO', 'Elko, NV', 'USA', 'US');
INSERT INTO city_codes VALUES ('BHQ', 'Broken Hill', 'Australia', 'AW');
INSERT INTO city_codes VALUES ('ELM', 'Elmira, NY', 'USA', 'US');
INSERT INTO city_codes VALUES ('ELP', 'El Paso,TX', 'USA', 'US');
INSERT INTO city_codes VALUES ('ELY', 'Ely, NV', 'USA', 'US');
INSERT INTO city_codes VALUES ('ERI', 'Erie, PA', 'USA', 'US');
INSERT INTO city_codes VALUES ('BME', 'Broome', 'Australia', 'AW');
INSERT INTO city_codes VALUES ('BDB', 'Bundaberg', 'Australia', 'AW');
INSERT INTO city_codes VALUES ('BWT', 'Burnie(Wynyard)', 'Australia', 'AW');
INSERT INTO city_codes VALUES ('ESC', 'Escabana, MI', 'USA', 'US');
INSERT INTO city_codes VALUES ('EUG', 'Eugene', 'USA', 'US');
INSERT INTO city_codes VALUES ('CNS', 'Cairns', 'Australia', 'AW');
INSERT INTO city_codes VALUES ('ACV', 'Eureka', 'USA', 'US');
INSERT INTO city_codes VALUES ('EVV', 'Evansville', 'USA', 'US');
INSERT INTO city_codes VALUES ('FAI', 'Fairbanks', 'USA', 'US');
INSERT INTO city_codes VALUES ('CBR', 'Canberr', 'Australia', 'AW');
INSERT INTO city_codes VALUES ('CVQ', 'Carnarvon', 'Australia', 'AW');
INSERT INTO city_codes VALUES ('FAR', 'Fargo', 'USA', 'US');
INSERT INTO city_codes VALUES ('CSI', 'Casino', 'Australia', 'AW');
INSERT INTO city_codes VALUES ('BDA', 'Bermuda', 'Bermuda', 'BM');
INSERT INTO city_codes VALUES ('BZE', 'Belize City', 'Belize', 'BZ');
INSERT INTO city_codes VALUES ('BTS', 'Bratislava', 'Slovakia', NULL);
INSERT INTO city_codes VALUES ('FMN', 'Farmington', 'USA', 'US');
INSERT INTO city_codes VALUES ('BRU', 'Brussels', 'Belgium', 'BE');
INSERT INTO city_codes VALUES ('FYV', 'Fayetteville,', 'USA', 'US');
INSERT INTO city_codes VALUES ('FAY', 'Fayetteville', 'USA', 'US');
INSERT INTO city_codes VALUES ('FLG', 'Flagstaff, AZ', 'USA', 'US');
INSERT INTO city_codes VALUES ('BGI', 'Bridgetown', 'Barbados', 'BB');
INSERT INTO city_codes VALUES ('BJM', 'Bujumbura Intl', 'Burundi', 'BI');
INSERT INTO city_codes VALUES ('FNT', 'Flint, MI', 'USA', 'US');
INSERT INTO city_codes VALUES ('FLO', 'Florence, SC', 'USA', 'US');
INSERT INTO city_codes VALUES ('FOD', 'Fort Dodge', 'USA', 'US');
INSERT INTO city_codes VALUES ('BOY', 'Bobo/Dioulasso', 'Burkina Faso', 'BF');
INSERT INTO city_codes VALUES ('FHU', 'Fort Huachuca', 'USA', 'US');
INSERT INTO city_codes VALUES ('BOJ', 'Bourgas/Burgas', 'Bulgaria', 'BG');
INSERT INTO city_codes VALUES ('BEL', 'Belem', 'Brazil', 'BR');
INSERT INTO city_codes VALUES ('CNF', 'Belo Horizonte', 'Brazil', 'BR');
INSERT INTO city_codes VALUES ('BVB', 'Boa Vista', 'Brazil', 'BR');
INSERT INTO city_codes VALUES ('BSB', 'Brasilia', 'Brazil', 'BR');
INSERT INTO city_codes VALUES ('FLL', 'Fort Lauderdale', 'USA', 'US');
INSERT INTO city_codes VALUES ('FMY', 'Fort Myers', 'USA', 'US');
INSERT INTO city_codes VALUES ('RSW', 'Fort Myers,SW Florida', 'USA', 'US');
INSERT INTO city_codes VALUES ('FRI', 'Fort Riley', 'USA', 'US');
INSERT INTO city_codes VALUES ('FSM', 'Fort Smith, AR', 'USA', 'US');
INSERT INTO city_codes VALUES ('VPS', 'Fort Walton Beach', 'USA', 'US');
INSERT INTO city_codes VALUES ('CIW', 'Canouan', 'Saint Vincent & the Grenadines', NULL);
INSERT INTO city_codes VALUES ('FWA', 'Fort Wayne, IN', 'USA', 'US');
INSERT INTO city_codes VALUES ('FKL', 'Franklin/Oil City', 'USA', 'US');
INSERT INTO city_codes VALUES ('FAT', 'Fresno, CA', 'USA', 'US');
INSERT INTO city_codes VALUES ('CGR', 'Campo Grande', 'Brazil', 'BR');
INSERT INTO city_codes VALUES ('BOG', 'Bogota', 'Colombia', 'CO');
INSERT INTO city_codes VALUES ('GAD', 'Gadsden, AL', 'USA', 'US');
INSERT INTO city_codes VALUES ('GNV', 'Gainesville, FL', 'USA', 'US');
INSERT INTO city_codes VALUES ('BGA', 'Bucaramanga', 'Colombia', 'CO');
INSERT INTO city_codes VALUES ('GCC', 'Gilette, WY', 'USA', 'US');
INSERT INTO city_codes VALUES ('BZV', 'Brazzaville', 'Congo (ROC)', 'CG');
INSERT INTO city_codes VALUES ('CLO', 'Cali', 'Colombia', 'CO');
INSERT INTO city_codes VALUES ('CTG', 'Catagena', 'Colombia', 'CO');
INSERT INTO city_codes VALUES ('LRM', 'Casa de Campo/La Romana', 'Dominican Republic', 'DO');
INSERT INTO city_codes VALUES ('CAI', 'Cairo', 'Egypt', 'EG');
INSERT INTO city_codes VALUES ('CST', 'Castaway', 'Fiji', 'FJ');
INSERT INTO city_codes VALUES ('BIA', 'Bastia', 'France', 'FR');
INSERT INTO city_codes VALUES ('EGC', 'Bergerac', 'France', 'FR');
INSERT INTO city_codes VALUES ('BIQ', 'Biarritz', 'France', 'FR');
INSERT INTO city_codes VALUES ('YVB', 'Bonaventure, PQ', 'Canada', 'CA');
INSERT INTO city_codes VALUES ('YYC', 'Calgary', 'Canada', 'CA');
INSERT INTO city_codes VALUES ('YCB', 'Cambridge Bay', 'Canada', 'CA');
INSERT INTO city_codes VALUES ('BBT', 'Berberati', 'Central African Republic', 'CF');
INSERT INTO city_codes VALUES ('IRO', 'Biraro', 'Central African Republic', 'CF');
INSERT INTO city_codes VALUES ('BIV', 'Bria', 'Central African Republic', 'CF');
INSERT INTO city_codes VALUES ('CRF', 'Carnot', 'Central African Republic', 'CF');
INSERT INTO city_codes VALUES ('CJC', 'Calama', 'Chile', 'CL');
INSERT INTO city_codes VALUES ('PEK', 'Beijing', 'China', 'CN');
INSERT INTO city_codes VALUES ('NAY', 'Beijing', 'China', 'CN');
INSERT INTO city_codes VALUES ('BOD', 'Bordeaux - Bordeaux Airport', 'France', 'FR');
INSERT INTO city_codes VALUES ('BES', 'Brest', 'France', 'FR');
INSERT INTO city_codes VALUES ('CLY', 'Calvi', 'France', 'FR');
INSERT INTO city_codes VALUES ('CAY', 'Cayenne', 'French Guiana', 'GF');
INSERT INTO city_codes VALUES ('BOB', 'Bora Bora', 'French Polynesia', 'PF');
INSERT INTO city_codes VALUES ('BYU', 'Bayreuth', 'Germany', 'DE');
INSERT INTO city_codes VALUES ('BER', 'Berlin', 'Germany', 'DE');
INSERT INTO city_codes VALUES ('SXF', 'Berlin', 'Germany', 'DE');
INSERT INTO city_codes VALUES ('TXL', 'Berlin', 'Germany', 'DE');
INSERT INTO city_codes VALUES ('THF', 'Berlin', 'Germany', 'DE');
INSERT INTO city_codes VALUES ('BRE', 'Bremen', 'Germany', 'DE');
INSERT INTO city_codes VALUES ('BXO', 'Bissau', 'Guinea-Bissau', 'GW');
INSERT INTO city_codes VALUES ('BUD', 'Budapest', 'Hungary', 'HU');
INSERT INTO city_codes VALUES ('AMD', 'Ahmedabad', 'India', 'IN');
INSERT INTO city_codes VALUES ('ATQ', 'Amritsar', 'India', 'IN');
INSERT INTO city_codes VALUES ('QNB', 'Anand', 'India', 'IN');
INSERT INTO city_codes VALUES ('IXB', 'Bagdogra', 'India', 'IN');
INSERT INTO city_codes VALUES ('BLR', 'Bangalore', 'India', 'IN');
INSERT INTO city_codes VALUES ('BDQ', 'Baroda', 'India', 'IN');
INSERT INTO city_codes VALUES ('GGW', 'Glasgow, MT', 'USA', 'US');
INSERT INTO city_codes VALUES ('GDV', 'Glendive, MT', 'USA', 'US');
INSERT INTO city_codes VALUES ('GCN', 'Grand Canyon, AZ', 'USA', 'US');
INSERT INTO city_codes VALUES ('GFK', 'Grand Forks, ND', 'USA', 'US');
INSERT INTO city_codes VALUES ('GJT', 'Grand Junction, CO', 'USA', 'US');
INSERT INTO city_codes VALUES ('GRR', 'Grand Rapids, MI', 'USA', 'US');
INSERT INTO city_codes VALUES ('GPZ', 'Grand Rapids, MN', 'USA', 'US');
INSERT INTO city_codes VALUES ('GTF', 'Great Falls, MT', 'USA', 'US');
INSERT INTO city_codes VALUES ('GRB', 'Green Bay, WI', 'USA', 'US');
INSERT INTO city_codes VALUES ('LWB', 'Greenbrier/Lewisburg, WV', 'USA', 'US');
INSERT INTO city_codes VALUES ('GSO', 'Greensboro', 'USA', 'US');
INSERT INTO city_codes VALUES ('GLH', 'Greenville, MS', 'USA', 'US');
INSERT INTO city_codes VALUES ('PGV', 'Greenville, NC', 'USA', 'US');
INSERT INTO city_codes VALUES ('GSP', 'Greenville,Spartanburg', 'USA', 'US');
INSERT INTO city_codes VALUES ('GON', 'Groton', 'USA', 'US');
INSERT INTO city_codes VALUES ('GPT', 'Gulfport, MS', 'USA', 'US');
INSERT INTO city_codes VALUES ('GUC', 'Gunnison/Crested Butte', 'USA', 'US');
INSERT INTO city_codes VALUES ('BYK', 'Bouake', 'Cote d''Ivoire', 'CI');
INSERT INTO city_codes VALUES ('BEN', 'Benghazi(Bengasi)', 'Libya', 'LY');
INSERT INTO city_codes VALUES ('CDC', 'Cedar City', 'USA', 'US');
INSERT INTO city_codes VALUES ('KHV', 'Chabarovsk (Khabarovsk)', 'Russia', NULL);
INSERT INTO city_codes VALUES ('CZL', 'Constantine', 'Algeria', 'DZ');
INSERT INTO city_codes VALUES ('CGQ', 'Changchun', 'Jilin,PR China', NULL);
INSERT INTO city_codes VALUES ('CHG', 'Chaoyang', 'PR China', NULL);
INSERT INTO city_codes VALUES ('COR', 'Cordoba', 'Argentina', 'AR');
INSERT INTO city_codes VALUES ('CED', 'Ceduna', 'Australia', 'AW');
INSERT INTO city_codes VALUES ('CES', 'Cessnock', 'Australia', 'AW');
INSERT INTO city_codes VALUES ('CXT', 'Charters Towers', 'Australia', 'AW');
INSERT INTO city_codes VALUES ('CMQ', 'Clermont', 'Australia', 'AW');
INSERT INTO city_codes VALUES ('CTU', 'Chengdu,Shuangliu', 'Sichuan,PR China', NULL);
INSERT INTO city_codes VALUES ('CFS', 'Coffs Harbour', 'Australia', 'AW');
INSERT INTO city_codes VALUES ('CID', 'Cedar Rapids', 'USA', 'US');
INSERT INTO city_codes VALUES ('HNS', 'Haines, AK', 'USA', 'US');
INSERT INTO city_codes VALUES ('KCE', 'Collinsville', 'Australia', 'AW');
INSERT INTO city_codes VALUES ('CPD', 'Coober Pedy', 'Australia', 'AW');
INSERT INTO city_codes VALUES ('CTN', 'Cooktown', 'Australia', 'AW');
INSERT INTO city_codes VALUES ('CMX', 'Hancock, MI', 'USA', 'US');
INSERT INTO city_codes VALUES ('OOM', 'Cooma', 'Australia', 'AW');
INSERT INTO city_codes VALUES ('HRL', 'Harlington', 'USA', 'US');
INSERT INTO city_codes VALUES ('HAR', 'Harrisburg', 'USA', 'US');
INSERT INTO city_codes VALUES ('KIV', 'Chisinau', 'Moldova', NULL);
INSERT INTO city_codes VALUES ('HTA', 'Chita(Tschita)', 'Russia', NULL);
INSERT INTO city_codes VALUES ('MDT', 'Harrisburg', 'USA', 'US');
INSERT INTO city_codes VALUES ('BDL', 'Hartford, CT/Springfield', 'USA', 'US');
INSERT INTO city_codes VALUES ('CKG', 'Chongqing', 'Sichuan,PR China', NULL);
INSERT INTO city_codes VALUES ('HVR', 'Havre, MT', 'USA', 'US');
INSERT INTO city_codes VALUES ('DBY', 'Dalby', 'Australia', 'AW');
INSERT INTO city_codes VALUES ('HLN', 'Helena, MT', 'USA', 'US');
INSERT INTO city_codes VALUES ('HIB', 'Hibbing, MN', 'USA', 'US');
INSERT INTO city_codes VALUES ('HKY', 'Hickory, NC', 'USA', 'US');
INSERT INTO city_codes VALUES ('ITO', 'Hilo, HI', 'USA', 'US');
INSERT INTO city_codes VALUES ('HHH', 'Hilton Head Island, SC', 'USA', 'US');
INSERT INTO city_codes VALUES ('DRW', 'Darwin', 'Australia', 'AW');
INSERT INTO city_codes VALUES ('DDI', 'Daydream Island', 'Australia', 'AW');
INSERT INTO city_codes VALUES ('DRB', 'Derby', 'Australia', 'AW');
INSERT INTO city_codes VALUES ('DPO', 'Devonport', 'Australia', 'AW');
INSERT INTO city_codes VALUES ('DBO', 'Dubbo', 'Australia', 'AW');
INSERT INTO city_codes VALUES ('HOM', 'Homer, AK', 'USA', 'US');
INSERT INTO city_codes VALUES ('DKI', 'Dunk Iceland', 'Australia', 'AW');
INSERT INTO city_codes VALUES ('HNL', 'Honolulu', 'USA', 'US');
INSERT INTO city_codes VALUES ('CCZ', 'Chub Cay', 'Bahamas', 'BS');
INSERT INTO city_codes VALUES ('CBB', 'Cochabamba', 'Bolivia', 'BO');
INSERT INTO city_codes VALUES ('COO', 'Cotonou', 'Benin', 'BJ');
INSERT INTO city_codes VALUES ('CGP', 'Chittagong', 'Bangladesh', 'BD');
INSERT INTO city_codes VALUES ('DAC', 'Dhaka', 'Bangladesh', 'BD');
INSERT INTO city_codes VALUES ('HNH', 'Hoonah', 'USA', 'US');
INSERT INTO city_codes VALUES ('CGB', 'Cuiaba', 'Brazil', 'BR');
INSERT INTO city_codes VALUES ('HOU', 'Houston,Hobby', 'USA', 'US');
INSERT INTO city_codes VALUES ('CWB', 'Curitiba', 'Brazil', 'BR');
INSERT INTO city_codes VALUES ('IXC', 'Chandigarh', 'India', 'IN');
INSERT INTO city_codes VALUES ('IAH', 'Houston,TX', 'USA', 'US');
INSERT INTO city_codes VALUES ('HTS', 'Huntington, WV', 'USA', 'US');
INSERT INTO city_codes VALUES ('MAA', 'Chennai(Madras)', 'India', 'IN');
INSERT INTO city_codes VALUES ('COK', 'Cochin', 'India', 'IN');
INSERT INTO city_codes VALUES ('HSV', 'Huntsville, AL', 'USA', 'US');
INSERT INTO city_codes VALUES ('HON', 'Huron, SD', 'USA', 'US');
INSERT INTO city_codes VALUES ('HYA', 'Hyannis', 'USA', 'US');
INSERT INTO city_codes VALUES ('HYG', 'Hydaburg', 'USA', 'US');
INSERT INTO city_codes VALUES ('IDA', 'Idaho Falls', 'USA', 'US');
INSERT INTO city_codes VALUES ('DLC', 'Dalian', 'Liaoning,PR China', NULL);
INSERT INTO city_codes VALUES ('CJB', 'Coimbatore', 'India', 'IN');
INSERT INTO city_codes VALUES ('ILI', 'Iliamna, AK', 'USA', 'US');
INSERT INTO city_codes VALUES ('DAM', 'Damascus', 'Syria', NULL);
INSERT INTO city_codes VALUES ('DMM', 'Dammam', 'Saudi Arabien', NULL);
INSERT INTO city_codes VALUES ('YYQ', 'Churchill', 'Canada', 'CA');
INSERT INTO city_codes VALUES ('CFG', 'Cienfuegos', 'Canada', 'CA');
INSERT INTO city_codes VALUES ('YDF', 'Deer Lake', 'Canada', 'CA');
INSERT INTO city_codes VALUES ('DLA', 'Douala', 'Cameroon', 'BM');
INSERT INTO city_codes VALUES ('IPL', 'Imperial, CA', 'USA', 'US');
INSERT INTO city_codes VALUES ('IND', 'Indianapolis', 'USA', 'US');
INSERT INTO city_codes VALUES ('JIB', 'Djibouti', 'Djibouti', 'DJ');
INSERT INTO city_codes VALUES ('INL', 'International Falls, MN', 'USA', 'US');
INSERT INTO city_codes VALUES ('CMF', 'Chambery', 'France', 'FR');
INSERT INTO city_codes VALUES ('CFE', 'Clermont Ferrand', 'France', 'FR');
INSERT INTO city_codes VALUES ('DNR', 'Dinard', 'France', 'FR');
INSERT INTO city_codes VALUES ('DLP', 'Disneyland Paris', 'France', 'FR');
INSERT INTO city_codes VALUES ('CGN', 'Cologne', 'Germany', 'DE');
INSERT INTO city_codes VALUES ('IYK', 'Inykern, CA', 'USA', 'US');
INSERT INTO city_codes VALUES ('DIL', 'Dili', 'Timor Leste(East Timor)', NULL);
INSERT INTO city_codes VALUES ('DTM', 'Dortmund', 'Germany', 'DE');
INSERT INTO city_codes VALUES ('ITH', 'Ithaca', 'USA', 'US');
INSERT INTO city_codes VALUES ('DRS', 'Dresden', 'Germany', 'DE');
INSERT INTO city_codes VALUES ('JAC', 'Jackson Hole', 'USA', 'US');
INSERT INTO city_codes VALUES ('JXN', 'Jackson,MI', 'USA', 'US');
INSERT INTO city_codes VALUES ('MJQ', 'Jackson, MN', 'USA', 'US');
INSERT INTO city_codes VALUES ('DGM', 'Dongguan', 'Guangdong,PR China', NULL);
INSERT INTO city_codes VALUES ('DUS', 'Duesseldorf', 'Germany', 'DE');
INSERT INTO city_codes VALUES ('JAN', 'Jackson, MS', 'USA', 'US');
INSERT INTO city_codes VALUES ('HKS', 'Jackson, MS', 'USA', 'US');
INSERT INTO city_codes VALUES ('CHQ', 'Chania', 'Greece', 'GR');
INSERT INTO city_codes VALUES ('JKH', 'Chios', 'Greece', 'GR');
INSERT INTO city_codes VALUES ('CFU', 'Corfu', 'Greece', 'GR');
INSERT INTO city_codes VALUES ('MKL', 'Jackson, TN - Mckellar', 'USA', 'US');
INSERT INTO city_codes VALUES ('LRF', 'Jacksonville', 'USA', 'US');
INSERT INTO city_codes VALUES ('CKY', 'Conakry', 'Guinea', 'GN');
INSERT INTO city_codes VALUES ('DAR', 'Dar es Salam', 'Tanzania', 'TZ');
INSERT INTO city_codes VALUES ('DJO', 'Daloa', 'Cote d''Ivoire', 'CI');
INSERT INTO city_codes VALUES ('DBV', 'Dubrovnik', 'Croatia(Hrvatska)', 'HR');
INSERT INTO city_codes VALUES ('CXI', 'Christmas Line', 'Iceland', 'IS');
INSERT INTO city_codes VALUES ('IXG', 'Belgaum', 'India', 'IN');
INSERT INTO city_codes VALUES ('BHO', 'Bhopal', 'India', 'IN');
INSERT INTO city_codes VALUES ('BBI', 'Bhubaneswar', 'India', 'IN');
INSERT INTO city_codes VALUES ('BOM', 'Bombay(Mumbai)', 'India', 'IN');
INSERT INTO city_codes VALUES ('CCU', 'Calcutta', 'India', 'IN');
INSERT INTO city_codes VALUES ('CCJ', 'Calicut', 'India', 'IN');
INSERT INTO city_codes VALUES ('DEL', 'Delhi', 'India', 'IN');
INSERT INTO city_codes VALUES ('PYB', 'Jeypore', 'India', 'IN');
INSERT INTO city_codes VALUES ('JDH', 'Jodhpur', 'India', 'IN');
INSERT INTO city_codes VALUES ('JRH', 'Jorhat/Rowriah', 'India', 'IN');
INSERT INTO city_codes VALUES ('QJU', 'Kanpur', 'India', 'IN');
INSERT INTO city_codes VALUES ('IXR', 'Ranchi', 'India', 'IN');
INSERT INTO city_codes VALUES ('AYW', 'Ayawasi', 'Indonesia', 'ID');
INSERT INTO city_codes VALUES ('BDO', 'Bandung', 'Indonesia', 'ID');
INSERT INTO city_codes VALUES ('DPS', 'Denpasar/Bali', 'Indonesia', 'ID');
INSERT INTO city_codes VALUES ('DJJ', 'Jayapura', 'Indonesia', 'ID');
INSERT INTO city_codes VALUES ('BGW', 'Bagdad', 'Iraq', 'IQ');
INSERT INTO city_codes VALUES ('SDA', 'Bagdad Intl', 'Iraq', 'IQ');
INSERT INTO city_codes VALUES ('BSR', 'Basra, Basrah', 'Iraq', 'IQ');
INSERT INTO city_codes VALUES ('KIK', 'Kirkuk', 'Iraq', 'IQ');
INSERT INTO city_codes VALUES ('ORK', 'Cork', 'Ireland', 'IE');
INSERT INTO city_codes VALUES ('NZC', 'Jacksonville ', 'USA', 'US');
INSERT INTO city_codes VALUES ('NIP', 'Jacksonville ', 'USA', 'US');
INSERT INTO city_codes VALUES ('JAX', 'Jacksonville', 'USA', 'US');
INSERT INTO city_codes VALUES ('CRG', 'Jacksonville', 'USA', 'US');
INSERT INTO city_codes VALUES ('IJX', 'Jacksonville', 'USA', 'US');
INSERT INTO city_codes VALUES ('OAJ', 'Jacksonville, NC', 'USA', 'US');
INSERT INTO city_codes VALUES ('JKV', 'Jacksonville, TX', 'USA', 'US');
INSERT INTO city_codes VALUES ('JMS', 'Jamestown, ND', 'USA', 'US');
INSERT INTO city_codes VALUES ('JHW', 'Jamestown, NY', 'USA', 'US');
INSERT INTO city_codes VALUES ('JEF', 'Jefferson City', 'USA', 'US');
INSERT INTO city_codes VALUES ('BGM', 'Johnson City', 'USA', 'US');
INSERT INTO city_codes VALUES ('JON', 'Johnston Island', 'USA', 'US');
INSERT INTO city_codes VALUES ('JST', 'Johnstown, PA', 'USA', 'US');
INSERT INTO city_codes VALUES ('JBR', 'Jonesboro', 'USA', 'US');
INSERT INTO city_codes VALUES ('JLN', 'Joplin, MO', 'USA', 'US');
INSERT INTO city_codes VALUES ('JNU', 'Juneau', 'USA', 'US');
INSERT INTO city_codes VALUES ('OGG', 'Kahului, HI', 'USA', 'US');
INSERT INTO city_codes VALUES ('AZO', 'Kalamazoo', 'USA', 'US');
INSERT INTO city_codes VALUES ('FCA', 'Kalispell, MT', 'USA', 'US');
INSERT INTO city_codes VALUES ('DUT', 'Dutch Harbor', 'USA', 'US');
INSERT INTO city_codes VALUES ('EKI', 'Elkhart, IN', 'USA', 'US');
INSERT INTO city_codes VALUES ('MUE', 'Kamuela, HI', 'USA', 'US');
INSERT INTO city_codes VALUES ('MCI', 'Kansas City', 'USA', 'US');
INSERT INTO city_codes VALUES ('JHM', 'Kapalua West, HI', 'USA', 'US');
INSERT INTO city_codes VALUES ('EDI', 'Edinburgh', 'Scotland,UK', NULL);
INSERT INTO city_codes VALUES ('MKK', 'Kaunakakai, HI', 'USA', 'US');
INSERT INTO city_codes VALUES ('ENA', 'Kenai, AK', 'USA', 'US');
INSERT INTO city_codes VALUES ('EVN', 'Eriwan', 'Armenia', 'AM');
INSERT INTO city_codes VALUES ('KTN', 'Ketchikan, AK', 'USA', 'US');
INSERT INTO city_codes VALUES ('DYA', 'Dysart', 'Australia', 'AW');
INSERT INTO city_codes VALUES ('EDR', 'Emerald', 'Australia', 'AW');
INSERT INTO city_codes VALUES ('EMD', 'Emerald', 'Australia', 'AW');
INSERT INTO city_codes VALUES ('EYW', 'Key West, FL', 'USA', 'US');
INSERT INTO city_codes VALUES ('EPR', 'Esperance', 'Australia', 'AW');
INSERT INTO city_codes VALUES ('ILE', 'Killeem, TX', 'USA', 'US');
INSERT INTO city_codes VALUES ('AKN', 'King Salomon, AK', 'USA', 'US');
INSERT INTO city_codes VALUES ('GEX', 'Geelong', 'Australia', 'AW');
INSERT INTO city_codes VALUES ('GET', 'Geraldton', 'Australia', 'AW');
INSERT INTO city_codes VALUES ('GLT', 'Gladstone', 'Australia', 'AW');
INSERT INTO city_codes VALUES ('OOL', 'Gold Coast', 'Australia', 'AW');
INSERT INTO city_codes VALUES ('GOO', 'Goondiwindi', 'Australia', 'AW');
INSERT INTO city_codes VALUES ('ISO', 'Kingston, NC', 'USA', 'US');
INSERT INTO city_codes VALUES ('LMT', 'Klamath Fall, OR', 'USA', 'US');
INSERT INTO city_codes VALUES ('GOV', 'Gove', 'Australia', 'AW');
INSERT INTO city_codes VALUES ('KLW', 'Klawock, AK', 'USA', 'US');
INSERT INTO city_codes VALUES ('TYS', 'Knoxville, TN', 'USA', 'US');
INSERT INTO city_codes VALUES ('GKL', 'Great Keppel Island', 'Australia', 'AW');
INSERT INTO city_codes VALUES ('GFF', 'Griffith', 'Australia', 'AW');
INSERT INTO city_codes VALUES ('ADQ', 'Kodiak, AK', 'USA', 'US');
INSERT INTO city_codes VALUES ('GTE', 'Groote Eyland', 'Australia', 'AW');
INSERT INTO city_codes VALUES ('GHB', 'Govenors Harbour', 'Bahamas', 'BS');
INSERT INTO city_codes VALUES ('GBI', 'Grand Bahama', 'Bahamas', 'BS');
INSERT INTO city_codes VALUES ('KOA', 'Kona, HI', 'USA', 'US');
INSERT INTO city_codes VALUES ('FPO', 'Grand Bahama Intl', 'Bahamas', 'BS');
INSERT INTO city_codes VALUES ('FRW', 'Francistown', 'Botswana', 'BW');
INSERT INTO city_codes VALUES ('GBE', 'Gaborone', 'Botswana', 'BW');
INSERT INTO city_codes VALUES ('OTZ', 'Kotzbue, AK', 'USA', 'US');
INSERT INTO city_codes VALUES ('WLB', 'Labouchere Bay', 'USA', 'US');
INSERT INTO city_codes VALUES ('GNE', 'Ghent', 'Belgium', 'BE');
INSERT INTO city_codes VALUES ('GOZ', 'Gorna', 'Bulgaria', 'BG');
INSERT INTO city_codes VALUES ('FLN', 'Florianopolis', 'Brazil', 'BR');
INSERT INTO city_codes VALUES ('GYN', 'Goiania', 'Brazil', 'BR');
INSERT INTO city_codes VALUES ('GEO', 'Georgetown', 'Guyana', 'GY');
INSERT INTO city_codes VALUES ('EGS', 'Egilsstadir', 'Iceland', 'IS');
INSERT INTO city_codes VALUES ('GOI', 'Goa', 'India', 'IN');
INSERT INTO city_codes VALUES ('CFN', 'Donegal,Carrickfin', 'Ireland', 'IE');
INSERT INTO city_codes VALUES ('DUB', 'Dublin', 'Ireland', 'IE');
INSERT INTO city_codes VALUES ('LSE', 'La Crosse, WI', 'USA', 'US');
INSERT INTO city_codes VALUES ('GWY', 'Galway', 'Ireland', 'IE');
INSERT INTO city_codes VALUES ('LAF', 'Lafayette, IN', 'USA', 'US');
INSERT INTO city_codes VALUES ('KIR', 'Kerry County', 'Ireland', 'IE');
INSERT INTO city_codes VALUES ('LFT', 'Lafayette, La', 'USA', 'US');
INSERT INTO city_codes VALUES ('LCH', 'Lake Charles,La', 'USA', 'US');
INSERT INTO city_codes VALUES ('HII', 'Lake Havasu City', 'USA', 'US');
INSERT INTO city_codes VALUES ('TVL', 'Lake Tahoe', 'USA', 'US');
INSERT INTO city_codes VALUES ('LNY', 'Lanai City', 'USA', 'US');
INSERT INTO city_codes VALUES ('LNS', 'Lancaster', 'USA', 'US');
INSERT INTO city_codes VALUES ('NOC', 'Knock', 'Ireland', 'IE');
INSERT INTO city_codes VALUES ('ETH', 'Elat', 'Israel', 'IL');
INSERT INTO city_codes VALUES ('GZA', 'Gaza City', 'Palestinian Territory', NULL);
INSERT INTO city_codes VALUES ('LAN', 'Lansing, MI', 'USA', 'US');
INSERT INTO city_codes VALUES ('LAR', 'Laramie, WY', 'USA', 'US');
INSERT INTO city_codes VALUES ('LRD', 'Laredo, TX', 'USA', 'US');
INSERT INTO city_codes VALUES ('LAS', 'Las Vegas, NV', 'USA', 'US');
INSERT INTO city_codes VALUES ('LBE', 'Latrobe, PA', 'USA', 'US');
INSERT INTO city_codes VALUES ('VDA', 'Elat, Ovula', 'Israel', 'IL');
INSERT INTO city_codes VALUES ('PIB', 'Laurel/Hattisburg, MS', 'USA', 'US');
INSERT INTO city_codes VALUES ('LAW', 'Lawton, OK', 'USA', 'US');
INSERT INTO city_codes VALUES ('LEB', 'Lebanon, NH', 'USA', 'US');
INSERT INTO city_codes VALUES ('JRS', 'Jerusalem', 'Israel', 'IL');
INSERT INTO city_codes VALUES ('AHO', 'Alghero Sassari', 'Italy', 'IT');
INSERT INTO city_codes VALUES ('LWS', 'Lewiston, ID', 'USA', 'US');
INSERT INTO city_codes VALUES ('LWT', 'Lewistown, MT', 'USA', 'US');
INSERT INTO city_codes VALUES ('AOI', 'Ancona', 'Italy', 'IT');
INSERT INTO city_codes VALUES ('BRI', 'Bari', 'Italy', 'IT');
INSERT INTO city_codes VALUES ('BLQ', 'Bologna', 'Italy', 'IT');
INSERT INTO city_codes VALUES ('LEX', 'Lexington, KY', 'USA', 'US');
INSERT INTO city_codes VALUES ('YEA', 'Edmonton', 'Canada', 'CA');
INSERT INTO city_codes VALUES ('YEG', 'Edmonton Intl', 'Canada', 'CA');
INSERT INTO city_codes VALUES ('YXD', 'Edmonton,Municipal', 'Canada', 'CA');
INSERT INTO city_codes VALUES ('YFO', 'Flin Flon', 'Canada', 'CA');
INSERT INTO city_codes VALUES ('YFA', 'Fort Albert', 'Canada', 'CA');
INSERT INTO city_codes VALUES ('YMM', 'Fort McMurray', 'Canada', 'CA');
INSERT INTO city_codes VALUES ('YSM', 'Fort Smith', 'Canada', 'CA');
INSERT INTO city_codes VALUES ('YXJ', 'Fort St. John', 'Canada', 'CA');
INSERT INTO city_codes VALUES ('LIH', 'Lihue, HI', 'USA', 'US');
INSERT INTO city_codes VALUES ('YFC', 'Fredericton', 'Canada', 'CA');
INSERT INTO city_codes VALUES ('LNK', 'Lincoln, NE', 'USA', 'US');
INSERT INTO city_codes VALUES ('LIT', 'Little Rock, AR', 'USA', 'US');
INSERT INTO city_codes VALUES ('GRZ', 'Graz', 'Austria', 'AT');
INSERT INTO city_codes VALUES ('YQX', 'Gander', 'Canada', 'CA');
INSERT INTO city_codes VALUES ('YGX', 'Gillam', 'Canada', 'CA');
INSERT INTO city_codes VALUES ('YYR', 'Goose Bay', 'Canada', 'CA');
INSERT INTO city_codes VALUES ('GCM', 'Grand Cayman', 'Cayman Islands', 'KY');
INSERT INTO city_codes VALUES ('IPC', 'Easter Island', 'Chile', 'CL');
INSERT INTO city_codes VALUES ('GOU', 'Garoua', 'Cameroon', 'BM');
INSERT INTO city_codes VALUES ('EMY', 'El Minya', 'Egypt', 'EG');
INSERT INTO city_codes VALUES ('ENF', 'Enontekioe', 'Finland', 'FI');
INSERT INTO city_codes VALUES ('FSC', 'Figari', 'France', 'FR');
INSERT INTO city_codes VALUES ('FRJ', 'Frejus', 'France', 'FR');
INSERT INTO city_codes VALUES ('GNB', 'Grenoble', 'France', 'FR');
INSERT INTO city_codes VALUES ('ERF', 'Erfurt', 'Germany', 'DE');
INSERT INTO city_codes VALUES ('FRA', 'Frankfurt', 'Germany', 'DE');
INSERT INTO city_codes VALUES ('HHN', 'Frankfurt/Hahn', 'Germany', 'DE');
INSERT INTO city_codes VALUES ('FDH', 'Friedrichshafen', 'Germany', 'DE');
INSERT INTO city_codes VALUES ('GIB', 'Gibraltar', 'Gibraltar', 'GI');
INSERT INTO city_codes VALUES ('GND', 'Grenada', 'Grenada', 'GD');
INSERT INTO city_codes VALUES ('VBS', 'Brescia, Montichiari', 'Italy', 'IT');
INSERT INTO city_codes VALUES ('BDS', 'Brindisi', 'Italy', 'IT');
INSERT INTO city_codes VALUES ('CAG', 'Cagliari', 'Italy', 'IT');
INSERT INTO city_codes VALUES ('CTA', 'Catania', 'Italy', 'IT');
INSERT INTO city_codes VALUES ('EBA', 'Elba Island', 'Italy', 'IT');
INSERT INTO city_codes VALUES ('FLR', 'Florence', 'Italy', 'IT');
INSERT INTO city_codes VALUES ('GOA', 'Genoa', 'Italy', 'IT');
INSERT INTO city_codes VALUES ('PEG', 'Perugia', 'Italy', 'IT');
INSERT INTO city_codes VALUES ('PSR', 'Pescara', 'Italy', 'IT');
INSERT INTO city_codes VALUES ('PSA', 'Pisa, Galileo', 'Italy', 'IT');
INSERT INTO city_codes VALUES ('REG', 'Reggio Calabria', 'Italy', 'IT');
INSERT INTO city_codes VALUES ('RMI', 'Rimini', 'Italy', 'IT');
INSERT INTO city_codes VALUES ('KIN', 'Kingston', 'Jamaica', 'JM');
INSERT INTO city_codes VALUES ('AXT', 'Akita', 'Japan', 'JP');
INSERT INTO city_codes VALUES ('LGB', 'Long Beach, CA', 'USA', 'US');
INSERT INTO city_codes VALUES ('LIJ', 'Long Island', 'USA', 'US');
INSERT INTO city_codes VALUES ('ISP', 'Long Island', 'USA', 'US');
INSERT INTO city_codes VALUES ('GGG', 'Longview/Kilgore, TX', 'USA', 'US');
INSERT INTO city_codes VALUES ('LAX', 'Los Angeles', 'USA', 'US');
INSERT INTO city_codes VALUES ('SDF', 'Louisville, KY', 'USA', 'US');
INSERT INTO city_codes VALUES ('LBB', 'Lubbock, TX', 'USA', 'US');
INSERT INTO city_codes VALUES ('LYH', 'Lynchburg, VA', 'USA', 'US');
INSERT INTO city_codes VALUES ('LYO', 'Lyons', 'USA', 'US');
INSERT INTO city_codes VALUES ('MCN', 'Macon, GA', 'USA', 'US');
INSERT INTO city_codes VALUES ('MSN', 'Madison, WI', 'USA', 'US');
INSERT INTO city_codes VALUES ('MQT', 'Marquette, MI', 'USA', 'US');
INSERT INTO city_codes VALUES ('MVY', 'Martha''s Vineyard', 'USA', 'US');
INSERT INTO city_codes VALUES ('MRB', 'Martinsburg, WV', 'USA', 'US');
INSERT INTO city_codes VALUES ('MCW', 'Mason City, IA', 'USA', 'US');
INSERT INTO city_codes VALUES ('MTO', 'Mattoon, IL', 'USA', 'US');
INSERT INTO city_codes VALUES ('CAN', 'Guangzhou(Canton)', 'Guangdong,PR China', NULL);
INSERT INTO city_codes VALUES ('GCI', 'Guernsey', 'Channel Islands', NULL);
INSERT INTO city_codes VALUES ('MFE', 'McAllen, TX', 'USA', 'US');
INSERT INTO city_codes VALUES ('KWL', 'Guilin,Liangjiang', 'Guangxi,PR China', NULL);
INSERT INTO city_codes VALUES ('MFR', 'Medford, OR', 'USA', 'US');
INSERT INTO city_codes VALUES ('JAA', 'Jalalabad  ', 'Afghanistan', 'AF');
INSERT INTO city_codes VALUES ('MLB', 'Melbourne, FL', 'USA', 'US');
INSERT INTO city_codes VALUES ('MEM', 'Memphis,TN', 'USA', 'US');
INSERT INTO city_codes VALUES ('JMB', 'Jamba', 'Angola', 'AO');
INSERT INTO city_codes VALUES ('MCE', 'Merced, CA', 'USA', 'US');
INSERT INTO city_codes VALUES ('MEI', 'Meridian, MS', 'USA', 'US');
INSERT INTO city_codes VALUES ('IGR', 'Iguazu', 'Argentina', 'AR');
INSERT INTO city_codes VALUES ('HGH', 'Hangchow(Hangzhou)', 'Zhejiang,PR China', NULL);
INSERT INTO city_codes VALUES ('MTM', 'Metlakatla, AK', 'USA', 'US');
INSERT INTO city_codes VALUES ('MIA', 'Miami, FL', 'USA', 'US');
INSERT INTO city_codes VALUES ('HRB', 'Harbin', 'Heilongjiang,PR China', NULL);
INSERT INTO city_codes VALUES ('GYP', 'Gympie', 'Australia', 'AW');
INSERT INTO city_codes VALUES ('HLT', 'Hamilton', 'Australia', 'AW');
INSERT INTO city_codes VALUES ('HTI', 'Hamilton Island', 'Australia', 'AW');
INSERT INTO city_codes VALUES ('HIS', 'Hayman Island', 'Australia', 'AW');
INSERT INTO city_codes VALUES ('MAF', 'Midland/Odessa, TX', 'USA', 'US');
INSERT INTO city_codes VALUES ('MLS', 'Miles City, MT', 'USA', 'US');
INSERT INTO city_codes VALUES ('HVB', 'Hervey Bay', 'Australia', 'AW');
INSERT INTO city_codes VALUES ('HNK', 'Hinchinbrook Island', 'Australia', 'AW');
INSERT INTO city_codes VALUES ('MKE', 'Milwaukee, WI', 'USA', 'US');
INSERT INTO city_codes VALUES ('MSP', 'Minneapolis', 'USA', 'US');
INSERT INTO city_codes VALUES ('HBA', 'Hobart', 'Australia', 'AW');
INSERT INTO city_codes VALUES ('HMH', 'Home Hill', 'Australia', 'AW');
INSERT INTO city_codes VALUES ('IGH', 'Ingham', 'Australia', 'AW');
INSERT INTO city_codes VALUES ('IFL', 'Innisfail', 'Australia', 'AW');
INSERT INTO city_codes VALUES ('JAM', 'Jambol', 'Bulgaria', 'BG');
INSERT INTO city_codes VALUES ('MOT', 'Minot, ND', 'USA', 'US');
INSERT INTO city_codes VALUES ('JCM', 'Jacobina ', 'Brazil', 'BR');
INSERT INTO city_codes VALUES ('JLS', 'Jales', 'Brazil', 'BR');
INSERT INTO city_codes VALUES ('MSO', 'Missula, MT', 'USA', 'US');
INSERT INTO city_codes VALUES ('HLP', 'Jakarta,Halim Perdana Kusuma', 'Indonesia', 'ID');
INSERT INTO city_codes VALUES ('JKT', 'Jakarta', 'Indonesia', 'ID');
INSERT INTO city_codes VALUES ('MHE', 'Mitchell,SD', 'USA', 'US');
INSERT INTO city_codes VALUES ('MOB', 'Mobile,Pascagoula', 'USA', 'US');
INSERT INTO city_codes VALUES ('MOD', 'Modesto, CA', 'USA', 'US');
INSERT INTO city_codes VALUES ('CGK', 'Jakarta', 'Indonesia', 'ID');
INSERT INTO city_codes VALUES ('DJB', 'Jambi', 'Indonesia', 'ID');
INSERT INTO city_codes VALUES ('HFA', 'Haifa', 'Israel', 'IL');
INSERT INTO city_codes VALUES ('MLI', 'Moline/Quad ', 'USA', 'US');
INSERT INTO city_codes VALUES ('ASJ', 'Amami', 'Japan', 'JP');
INSERT INTO city_codes VALUES ('YHZ', 'Halifax Intl', 'Canada', 'CA');
INSERT INTO city_codes VALUES ('MLU', 'Monroe, La', 'USA', 'US');
INSERT INTO city_codes VALUES ('IBZ', 'Ibiza', 'Ibiza/Spain', NULL);
INSERT INTO city_codes VALUES ('YUX', 'Hall Beach', 'Canada', 'CA');
INSERT INTO city_codes VALUES ('MRY', 'Monterey, CA', 'USA', 'US');
INSERT INTO city_codes VALUES ('MGM', 'Montgomery, AL', 'USA', 'US');
INSERT INTO city_codes VALUES ('YHM', 'Hamilton', 'Canada', 'CA');
INSERT INTO city_codes VALUES ('YHR', 'Harrington Harbour', 'Canada', 'CA');
INSERT INTO city_codes VALUES ('ICN', 'Incheon', 'Korea South', NULL);
INSERT INTO city_codes VALUES ('YEV', 'Inuvik', 'Canada', 'CA');
INSERT INTO city_codes VALUES ('YFB', 'Iqaluit(Frobisher Bay)', 'Canada', 'CA');
INSERT INTO city_codes VALUES ('MTJ', 'Montrose', 'USA', 'US');
INSERT INTO city_codes VALUES ('MGW', 'Morgantown, WV', 'USA', 'US');
INSERT INTO city_codes VALUES ('GYE', 'Guayaquil', 'Ecuador', 'EC');
INSERT INTO city_codes VALUES ('MWH', 'Moses Lake, WA', 'USA', 'US');
INSERT INTO city_codes VALUES ('IKT', 'Irkutsk', 'Russia', NULL);
INSERT INTO city_codes VALUES ('MCL', 'Mt. McKinley, AK', 'USA', 'US');
INSERT INTO city_codes VALUES ('MSL', 'Muscle Shoals, AL', 'USA', 'US');
INSERT INTO city_codes VALUES ('IOM', 'Isle of Man', '', NULL);
INSERT INTO city_codes VALUES ('MYR', 'Myrtle Beach,', 'USA', 'US');
INSERT INTO city_codes VALUES ('CRE', 'Myrtle Beach, ', 'USA', 'US');
INSERT INTO city_codes VALUES ('HRG', 'Hurghada Intl', 'Egypt', 'EG');
INSERT INTO city_codes VALUES ('ACK', 'Nantucket, MA', 'USA', 'US');
INSERT INTO city_codes VALUES ('APF', 'Naples, FL', 'USA', 'US');
INSERT INTO city_codes VALUES ('BNA', 'Nashville, TN', 'USA', 'US');
INSERT INTO city_codes VALUES ('HEL', 'Helsinki- Vantaa', 'Finland', 'FI');
INSERT INTO city_codes VALUES ('IVL', 'Ivalo', 'Finland', 'FI');
INSERT INTO city_codes VALUES ('HUH', 'Huahine', 'French Polynesia', 'PF');
INSERT INTO city_codes VALUES ('GTI', 'Guettin', 'Germany', 'DE');
INSERT INTO city_codes VALUES ('HAM', 'Hamburg', 'Germany', 'DE');
INSERT INTO city_codes VALUES ('HAJ', 'Hannover', 'Germany', 'DE');
INSERT INTO city_codes VALUES ('HOQ', 'Hof', 'Germany', 'DE');
INSERT INTO city_codes VALUES ('HER', 'Heraklion', 'Greece', 'GR');
INSERT INTO city_codes VALUES ('GUM', 'Guam', 'Guam', 'GU');
INSERT INTO city_codes VALUES ('GUA', 'Guatemala City', 'Guatemala', 'GT');
INSERT INTO city_codes VALUES ('JAK', 'Jacmel ', 'Haiti', 'HT');
INSERT INTO city_codes VALUES ('HKG', 'Hong Kong', 'Hong Kong', 'HK');
INSERT INTO city_codes VALUES ('ZJK', 'Hong Kong', 'Hong Kong', 'HK');
INSERT INTO city_codes VALUES ('GAU', 'Guwahati', 'India', 'IN');
INSERT INTO city_codes VALUES ('EWN', 'New Bern, NC', 'USA', 'US');
INSERT INTO city_codes VALUES ('HVN', 'New Haven, CT', 'USA', 'US');
INSERT INTO city_codes VALUES ('MSY', 'New Orleans, La', 'USA', 'US');
INSERT INTO city_codes VALUES ('JFK', 'New York', 'USA', 'US');
INSERT INTO city_codes VALUES ('LGA', 'New York', 'USA', 'US');
INSERT INTO city_codes VALUES ('HYD', 'Hyderabad', 'India', 'IN');
INSERT INTO city_codes VALUES ('JGB', 'Jagdalpur', 'India', 'IN');
INSERT INTO city_codes VALUES ('JAI', 'Jaipur', 'India', 'IN');
INSERT INTO city_codes VALUES ('JSA', 'Jaisalmer ', 'India', 'IN');
INSERT INTO city_codes VALUES ('JLR', 'Jalandhar', 'India', 'IN');
INSERT INTO city_codes VALUES ('IXJ', 'Jammu,Satwari', 'India', 'IN');
INSERT INTO city_codes VALUES ('JGA', 'Jamnagar', 'India', 'IN');
INSERT INTO city_codes VALUES ('IXW', 'Jamshedpur,Sonari', 'India', 'IN');
INSERT INTO city_codes VALUES ('AOJ', 'Aomori', 'Japan', 'JP');
INSERT INTO city_codes VALUES ('QCB', 'Chiba City', 'Japan', 'JP');
INSERT INTO city_codes VALUES ('CTS', 'Chitose', 'Japan', 'JP');
INSERT INTO city_codes VALUES ('FUK', 'Fukuoka', 'Japan', 'JP');
INSERT INTO city_codes VALUES ('FKS', 'Fukushima-shi', 'Japan', 'JP');
INSERT INTO city_codes VALUES ('HAC', 'Hachijo Jima', 'Japan', 'JP');
INSERT INTO city_codes VALUES ('HKD', 'Hakodate', 'Japan', 'JP');
INSERT INTO city_codes VALUES ('HIJ', 'Hiroshima International', 'Japan', 'JP');
INSERT INTO city_codes VALUES ('LSG', 'Ishigaki', 'Japan', 'JP');
INSERT INTO city_codes VALUES ('KOJ', 'Kagoshima', 'Japan', 'JP');
INSERT INTO city_codes VALUES ('UKB', 'Kobe', 'Japan', 'JP');
INSERT INTO city_codes VALUES ('KCZ', 'Kochi', 'Japan', 'JP');
INSERT INTO city_codes VALUES ('EWR', 'New York', 'USA', 'US');
INSERT INTO city_codes VALUES ('NYC', 'New York', 'USA', 'US');
INSERT INTO city_codes VALUES ('SWF', 'Newburgh', 'USA', 'US');
INSERT INTO city_codes VALUES ('PHF', 'Newport,Williamsburg', 'USA', 'US');
INSERT INTO city_codes VALUES ('IAG', 'Niagara Falls Intl', 'USA', 'US');
INSERT INTO city_codes VALUES ('OME', 'Nome, AK', 'USA', 'US');
INSERT INTO city_codes VALUES ('ORF', 'Norfolk/Virginia', 'USA', 'US');
INSERT INTO city_codes VALUES ('OTH', 'North Bend, OR', 'USA', 'US');
INSERT INTO city_codes VALUES ('OAK', 'Oakland, CA', 'USA', 'US');
INSERT INTO city_codes VALUES ('OKC', 'Oklahoma City', 'USA', 'US');
INSERT INTO city_codes VALUES ('OMA', 'Omaha, NE', 'USA', 'US');
INSERT INTO city_codes VALUES ('ONT', 'Ontario, CA', 'USA', 'US');
INSERT INTO city_codes VALUES ('SNA', 'Orange County', 'USA', 'US');
INSERT INTO city_codes VALUES ('ORL', 'OrlandoMetropolitan', 'USA', 'US');
INSERT INTO city_codes VALUES ('MCO', 'Orlando Intl', 'USA', 'US');
INSERT INTO city_codes VALUES ('OSH', 'Oshkosh, WI', 'USA', 'US');
INSERT INTO city_codes VALUES ('OWB', 'Owensboro, KY', 'USA', 'US');
INSERT INTO city_codes VALUES ('OXR', 'Oxnard, CA', 'USA', 'US');
INSERT INTO city_codes VALUES ('PAH', 'Paducah,KY', 'USA', 'US');
INSERT INTO city_codes VALUES ('PGA', 'Page/Lake ', 'USA', 'US');
INSERT INTO city_codes VALUES ('PKB', 'Pakersburg', 'USA', 'US');
INSERT INTO city_codes VALUES ('PSP', 'Palm Springs, CA', 'USA', 'US');
INSERT INTO city_codes VALUES ('PMD', 'Palmdale/Lancaster, CA', 'USA', 'US');
INSERT INTO city_codes VALUES ('PFN', 'Panama City, FL', 'USA', 'US');
INSERT INTO city_codes VALUES ('PSC', 'Pasco, WA', 'USA', 'US');
INSERT INTO city_codes VALUES ('PLN', 'Pellston, MI', 'USA', 'US');
INSERT INTO city_codes VALUES ('PDT', 'Pendelton, OR', 'USA', 'US');
INSERT INTO city_codes VALUES ('PNS', 'Pensacola, FL', 'USA', 'US');
INSERT INTO city_codes VALUES ('PIA', 'Peoria/Bloomington', 'USA', 'US');
INSERT INTO city_codes VALUES ('HAV', 'Havana', 'Cuba', 'CU');
INSERT INTO city_codes VALUES ('JVL', 'Janesville', 'USA', 'US');
INSERT INTO city_codes VALUES ('PSG', 'Petersburg, AK', 'USA', 'US');
INSERT INTO city_codes VALUES ('PHL', 'Philadelphia Intl', 'USA', 'US');
INSERT INTO city_codes VALUES ('PHX', 'Phoenix', 'USA', 'US');
INSERT INTO city_codes VALUES ('PIR', 'Pierre, SD', 'USA', 'US');
INSERT INTO city_codes VALUES ('PIT', 'Pittsburgh Intl, PA', 'USA', 'US');
INSERT INTO city_codes VALUES ('PLB', 'Plattsburgh, NY', 'USA', 'US');
INSERT INTO city_codes VALUES ('JER', 'Jersey', 'Channel Islands', NULL);
INSERT INTO city_codes VALUES ('PIH', 'Pocatello, ID', 'USA', 'US');
INSERT INTO city_codes VALUES ('CLM', 'Port Angeles, WA', 'USA', 'US');
INSERT INTO city_codes VALUES ('KNC', 'Ji''An', 'Jiangxi,PR China', NULL);
INSERT INTO city_codes VALUES ('JMU', 'Jiamusi', 'PR China', NULL);
INSERT INTO city_codes VALUES ('JIL', 'Jilin', 'PR China', NULL);
INSERT INTO city_codes VALUES ('TNA', 'Jinan', 'Shandong,PR China', NULL);
INSERT INTO city_codes VALUES ('JDZ', 'Jingdezhen', 'PR China', NULL);
INSERT INTO city_codes VALUES ('JHG', 'Jinghong', 'PR China', NULL);
INSERT INTO city_codes VALUES ('JNG', 'Jining', 'PR China', NULL);
INSERT INTO city_codes VALUES ('PWM', 'Portland, ME', 'USA', 'US');
INSERT INTO city_codes VALUES ('JJN', 'Jinjiang', 'PR China', NULL);
INSERT INTO city_codes VALUES ('JNZ', 'Jinzhou', 'PR China', NULL);
INSERT INTO city_codes VALUES ('PDX', 'PortlandInternational, OR', 'USA', 'US');
INSERT INTO city_codes VALUES ('JIU', 'Jiujiang', 'PR China', NULL);
INSERT INTO city_codes VALUES ('CHW', 'Jiuquan', 'PR China', NULL);
INSERT INTO city_codes VALUES ('POU', 'Poughkeepsie, NY', 'USA', 'US');
INSERT INTO city_codes VALUES ('PQI', 'Presque Island, ME', 'USA', 'US');
INSERT INTO city_codes VALUES ('PVD', 'Providence, RI', 'USA', 'US');
INSERT INTO city_codes VALUES ('SCC', 'Prudhoe Bay, AK', 'USA', 'US');
INSERT INTO city_codes VALUES ('KBL', 'Kabul', 'Afghanistan', 'AF');
INSERT INTO city_codes VALUES ('GJL', 'Jijel', 'Algeria', 'DZ');
INSERT INTO city_codes VALUES ('JSM', 'Jose De San Martin', 'Argentina', 'AR');
INSERT INTO city_codes VALUES ('PUB', 'Pueblo, CO', 'USA', 'US');
INSERT INTO city_codes VALUES ('PUW', 'Pullman, WA', 'USA', 'US');
INSERT INTO city_codes VALUES ('UIN', 'Quincy, IL', 'USA', 'US');
INSERT INTO city_codes VALUES ('JUJ', 'Jujuy', 'Argentina', 'AR');
INSERT INTO city_codes VALUES ('JNI', 'Junin', 'Argentina', 'AR');
INSERT INTO city_codes VALUES ('RDU', 'Raleigh/Durham,NC', 'USA', 'US');
INSERT INTO city_codes VALUES ('RAP', 'Rapid City,SD', 'USA', 'US');
INSERT INTO city_codes VALUES ('RDG', 'Reading, PA', 'USA', 'US');
INSERT INTO city_codes VALUES ('RDD', 'Redding, CA', 'USA', 'US');
INSERT INTO city_codes VALUES ('RDM', 'Redmond, OR', 'USA', 'US');
INSERT INTO city_codes VALUES ('RNO', 'Reno, NV', 'USA', 'US');
INSERT INTO city_codes VALUES ('RHI', 'Rhinelander, WI', 'USA', 'US');
INSERT INTO city_codes VALUES ('JAD', 'Jandakot', 'Australia', 'AW');
INSERT INTO city_codes VALUES ('RIC', 'Richmond, VA', 'USA', 'US');
INSERT INTO city_codes VALUES ('ROA', 'Roanoke, VA', 'USA', 'US');
INSERT INTO city_codes VALUES ('RST', 'Rochester,MN', 'USA', 'US');
INSERT INTO city_codes VALUES ('JCK', 'Julia Creek', 'Australia', 'AW');
INSERT INTO city_codes VALUES ('JUN', 'Jundah', 'Australia', 'AW');
INSERT INTO city_codes VALUES ('KGI', 'Kalgoorlie', 'Australia', 'AW');
INSERT INTO city_codes VALUES ('ROC', 'Rochester,NY', 'USA', 'US');
INSERT INTO city_codes VALUES ('KTA', 'Karratha', 'Australia', 'AW');
INSERT INTO city_codes VALUES ('RWI', 'Rocky Mount', 'USA', 'US');
INSERT INTO city_codes VALUES ('SMF', 'Sacramento,CA', 'USA', 'US');
INSERT INTO city_codes VALUES ('KRB', 'Karumba', 'Australia', 'AW');
INSERT INTO city_codes VALUES ('KHH', 'Kaohsiung Intl', 'Taiwan', NULL);
INSERT INTO city_codes VALUES ('KTR', 'Katherine', 'Australia', 'AW');
INSERT INTO city_codes VALUES ('MBS', 'Saginaw,Midland', 'USA', 'US');
INSERT INTO city_codes VALUES ('SLE', 'Salem, OR', 'USA', 'US');
INSERT INTO city_codes VALUES ('SNS', 'Salinas, CA', 'USA', 'US');
INSERT INTO city_codes VALUES ('KGC', 'Kingscote', 'Australia', 'AW');
INSERT INTO city_codes VALUES ('SBY', 'Salisbury, MD', 'USA', 'US');
INSERT INTO city_codes VALUES ('SLC', 'Salt Lake City', 'USA', 'US');
INSERT INTO city_codes VALUES ('SJT', 'San Angelo,TX', 'USA', 'US');
INSERT INTO city_codes VALUES ('JWA', 'Jwaneng', 'Botswana', 'BW');
INSERT INTO city_codes VALUES ('SAT', 'San Antonio,TX', 'USA', 'US');
INSERT INTO city_codes VALUES ('KZN', 'Kazan', 'Russia', NULL);
INSERT INTO city_codes VALUES ('SAN', 'San Diego', 'USA', 'US');
INSERT INTO city_codes VALUES ('JSR', 'Jessore', 'Bangladesh', 'BD');
INSERT INTO city_codes VALUES ('SFO', 'San Francisco Intl', 'USA', 'US');
INSERT INTO city_codes VALUES ('SJC', 'San Jose', 'USA', 'US');
INSERT INTO city_codes VALUES ('JNA', 'Januaria', 'Brazil', 'BR');
INSERT INTO city_codes VALUES ('JTI', 'Jatai', 'Brazil', 'BR');
INSERT INTO city_codes VALUES ('SBP', 'San Luis Obisco', 'USA', 'US');
INSERT INTO city_codes VALUES ('SBA', 'Santa Barbara, CA', 'USA', 'US');
INSERT INTO city_codes VALUES ('SMX', 'Santa Maria, CA', 'USA', 'US');
INSERT INTO city_codes VALUES ('STS', 'Santa Rosa, CA', 'USA', 'US');
INSERT INTO city_codes VALUES ('SRQ', 'Sarasota', 'USA', 'US');
INSERT INTO city_codes VALUES ('SAV', 'Savannah,GA', 'USA', 'US');
INSERT INTO city_codes VALUES ('SCF', 'Scottsdale', 'USA', 'US');
INSERT INTO city_codes VALUES ('JCB', 'Joacaba', 'Brazil', 'BR');
INSERT INTO city_codes VALUES ('SEA', 'Seattle', 'USA', 'US');
INSERT INTO city_codes VALUES ('JPA', 'Joao Pessoa', 'Brazil', 'BR');
INSERT INTO city_codes VALUES ('SHD', 'Shenandoah Valley, VA', 'USA', 'US');
INSERT INTO city_codes VALUES ('JOI', 'Joinville', 'Brazil', 'BR');
INSERT INTO city_codes VALUES ('SHR', 'Sheridan, WY', 'USA', 'US');
INSERT INTO city_codes VALUES ('SHV', 'Shreveport,La', 'USA', 'US');
INSERT INTO city_codes VALUES ('SDY', 'Sidney, MT', 'USA', 'US');
INSERT INTO city_codes VALUES ('SUX', 'Sioux City', 'USA', 'US');
INSERT INTO city_codes VALUES ('JDF', 'Juiz De Fora', 'Brazil', 'BR');
INSERT INTO city_codes VALUES ('JIJ', 'Jijiga', 'Ethiopia', 'ET');
INSERT INTO city_codes VALUES ('FSD', 'Sioux Falls', 'USA', 'US');
INSERT INTO city_codes VALUES ('SIT', 'Sitka, AK', 'USA', 'US');
INSERT INTO city_codes VALUES ('JIM', 'Jimma', 'Ethiopia', 'ET');
INSERT INTO city_codes VALUES ('SGY', 'Skagway, AK', 'USA', 'US');
INSERT INTO city_codes VALUES ('SBN', 'South Bend, IN', 'USA', 'US');
INSERT INTO city_codes VALUES ('BCO', 'Baco/Jinka', 'Ethiopia', 'ET');
INSERT INTO city_codes VALUES ('GEG', 'Spokane, WA', 'USA', 'US');
INSERT INTO city_codes VALUES ('SPI', 'Springfield,IL', 'USA', 'US');
INSERT INTO city_codes VALUES ('YKA', 'Kamloops, BC', 'Canada', 'CA');
INSERT INTO city_codes VALUES ('SGF', 'Springfield,MO', 'USA', 'US');
INSERT INTO city_codes VALUES ('JRO', 'Kilimanjaro', 'Tanzania', 'TZ');
INSERT INTO city_codes VALUES ('KLU', 'Klagenfurt', 'Austria', 'AT');
INSERT INTO city_codes VALUES ('ZKE', 'Kaschechawan', 'Canada', 'CA');
INSERT INTO city_codes VALUES ('YLW', 'Kelowna, BC', 'Canada', 'CA');
INSERT INTO city_codes VALUES ('JIP', 'Jipijapa', 'Ecuador', 'EC');
INSERT INTO city_codes VALUES ('UVL', 'Kharga,New Valley', 'Egypt', 'EG');
INSERT INTO city_codes VALUES ('JOE', 'Joensuu', 'Finland', 'FI');
INSERT INTO city_codes VALUES ('JYV', 'Jyvaskyla', 'Finland', 'FI');
INSERT INTO city_codes VALUES ('KAJ', 'Kajaani', 'Finland', 'FI');
INSERT INTO city_codes VALUES ('KHJ', 'Kauhajoki', 'Finland', 'FI');
INSERT INTO city_codes VALUES ('KEM', 'Kemi/Tornio', 'Finland', 'FI');
INSERT INTO city_codes VALUES ('KTT', 'Kittil', 'Finland', 'FI');
INSERT INTO city_codes VALUES ('KOK', 'Kokkola/Pietarsaari', 'Finland', 'FI');
INSERT INTO city_codes VALUES ('JUI', 'Juist (island)', 'Germany', 'DE');
INSERT INTO city_codes VALUES ('FKB', 'Karlsruhe', 'Germany', 'DE');
INSERT INTO city_codes VALUES ('ZNS', 'Kempten', 'Germany', 'DE');
INSERT INTO city_codes VALUES ('KEL', 'Kiel,Holtenau', 'Germany', 'DE');
INSERT INTO city_codes VALUES ('KLX', 'Kalamata', 'Greece', 'GR');
INSERT INTO city_codes VALUES ('AOK', 'Karpathos', 'Greece', 'GR');
INSERT INTO city_codes VALUES ('KVA', 'Kavalla', 'Greece', 'GR');
INSERT INTO city_codes VALUES ('KGS', 'Kos', 'Greece', 'GR');
INSERT INTO city_codes VALUES ('JEE', 'Jeremie', 'Haiti', 'HT');
INSERT INTO city_codes VALUES ('SGU', 'St. George, UT', 'USA', 'US');
INSERT INTO city_codes VALUES ('STL', 'St. Louis', 'USA', 'US');
INSERT INTO city_codes VALUES ('SCE', 'State College', 'USA', 'US');
INSERT INTO city_codes VALUES ('HDN', 'Steamboat Springs, CO', 'USA', 'US');
INSERT INTO city_codes VALUES ('SCK', 'Stockton, CA', 'USA', 'US');
INSERT INTO city_codes VALUES ('SUN', 'Sun Valley, ID', 'USA', 'US');
INSERT INTO city_codes VALUES ('SYR', 'Syracuse, NY', 'USA', 'US');
INSERT INTO city_codes VALUES ('TKA', 'Talkeetna, AK', 'USA', 'US');
INSERT INTO city_codes VALUES ('TLH', 'Tallahassee, FL', 'USA', 'US');
INSERT INTO city_codes VALUES ('TPA', 'Tampa Intl, FL', 'USA', 'US');
INSERT INTO city_codes VALUES ('TEX', 'Telluride, CO', 'USA', 'US');
INSERT INTO city_codes VALUES ('HUF', 'Terre Haute', 'USA', 'US');
INSERT INTO city_codes VALUES ('TXK', 'Texarkana,AR', 'USA', 'US');
INSERT INTO city_codes VALUES ('TVF', 'Thief River Falls, MN', 'USA', 'US');
INSERT INTO city_codes VALUES ('HGO', 'Korhogo', 'Cote d''Ivoire', 'CI');
INSERT INTO city_codes VALUES ('KNS', 'King Island', 'King Island (Australia)', 'AU');
INSERT INTO city_codes VALUES ('KTB', 'Thorne Bay, AK', 'USA', 'US');
INSERT INTO city_codes VALUES ('LAD', 'Luanda', 'Angola', 'AO');
INSERT INTO city_codes VALUES ('TOL', 'Toledo, OH', 'USA', 'US');
INSERT INTO city_codes VALUES ('TVC', 'Traverse City', 'USA', 'US');
INSERT INTO city_codes VALUES ('TTN', 'Trenton/Princeton', 'USA', 'US');
INSERT INTO city_codes VALUES ('TRI', 'Tri-Cities Regional', 'USA', 'US');
INSERT INTO city_codes VALUES ('TUS', 'Tucson, AZ', 'USA', 'US');
INSERT INTO city_codes VALUES ('TUP', 'Tulepo, MS', 'USA', 'US');
INSERT INTO city_codes VALUES ('TUL', 'Tulsa, OK', 'USA', 'US');
INSERT INTO city_codes VALUES ('TCL', 'Tuscaloosa, AL', 'USA', 'US');
INSERT INTO city_codes VALUES ('TWF', 'Twin Falls, ID', 'USA', 'US');
INSERT INTO city_codes VALUES ('KWM', 'Kowanyama', 'Australia', 'AW');
INSERT INTO city_codes VALUES ('TYR', 'Tyler, TX', 'USA', 'US');
INSERT INTO city_codes VALUES ('UKI', 'Ukiah, CA', 'USA', 'US');
INSERT INTO city_codes VALUES ('KNX', 'Kununurra', 'Australia', 'AW');
INSERT INTO city_codes VALUES ('UNK', 'Unalakleet, AK', 'USA', 'US');
INSERT INTO city_codes VALUES ('LST', 'Launceston', 'Australia', 'AW');
INSERT INTO city_codes VALUES ('LVO', 'Laverton', 'Australia', 'AW');
INSERT INTO city_codes VALUES ('UPP', 'Upolu Point', 'USA', 'US');
INSERT INTO city_codes VALUES ('UCA', 'Utica, NY - Oneida County Airport', 'USA', 'US');
INSERT INTO city_codes VALUES ('LEA', 'Learmouth', 'Australia', 'AW');
INSERT INTO city_codes VALUES ('LER', 'Leinster', 'Australia', 'AW');
INSERT INTO city_codes VALUES ('LNO', 'Leonora', 'Australia', 'AW');
INSERT INTO city_codes VALUES ('EGE', 'Vail, CO', 'USA', 'US');
INSERT INTO city_codes VALUES ('LDC', 'Lindeman Island', 'Australia', 'AW');
INSERT INTO city_codes VALUES ('LSY', 'Lismore', 'Australia', 'AW');
INSERT INTO city_codes VALUES ('VDZ', 'Valdez, AK', 'USA', 'US');
INSERT INTO city_codes VALUES ('VLD', 'Valdosta, GA', 'USA', 'US');
INSERT INTO city_codes VALUES ('VEL', 'Vernal, UT', 'USA', 'US');
INSERT INTO city_codes VALUES ('LZR', 'Lizard Island', 'Australia', 'AW');
INSERT INTO city_codes VALUES ('VRB', 'Vero Beach, FL', 'USA', 'US');
INSERT INTO city_codes VALUES ('IRG', 'Lockhart River', 'Australia', 'AW');
INSERT INTO city_codes VALUES ('LRE', 'Longreach', 'Australia', 'AW');
INSERT INTO city_codes VALUES ('VIS', 'Visalia, CA', 'USA', 'US');
INSERT INTO city_codes VALUES ('MKY', 'Mackay', 'Australia', 'AW');
INSERT INTO city_codes VALUES ('MTL', 'Maitland', 'Australia', 'AW');
INSERT INTO city_codes VALUES ('LPB', 'La Paz', 'Bolivia', 'BO');
INSERT INTO city_codes VALUES ('LGG', 'Liege', 'Belgium', 'BE');
INSERT INTO city_codes VALUES ('ACT', 'Waco, TX', 'USA', 'US');
INSERT INTO city_codes VALUES ('MCP', 'Macapa', 'Brazil', 'BR');
INSERT INTO city_codes VALUES ('ALW', 'Walla Walla, WA', 'USA', 'US');
INSERT INTO city_codes VALUES ('IAD', 'Washington DC - Dulles International', 'USA', 'US');
INSERT INTO city_codes VALUES ('DCA', 'Washington DC - Ronald Reagan National', 'USA', 'US');
INSERT INTO city_codes VALUES ('WAS', 'Washington DC', 'USA', 'US');
INSERT INTO city_codes VALUES ('MCZ', 'Maceio', 'Brazil', 'BR');
INSERT INTO city_codes VALUES ('LBQ', 'Lambarene', 'Gabon', 'GA');
INSERT INTO city_codes VALUES ('LBV', 'Libreville', 'Gabon', 'GA');
INSERT INTO city_codes VALUES ('ALO', 'Waterloo, IA', 'USA', 'US');
INSERT INTO city_codes VALUES ('LIF', 'Lifou', 'Loyaute, Pazifik', NULL);
INSERT INTO city_codes VALUES ('LEJ', 'Leipzig', 'Germany', 'DE');
INSERT INTO city_codes VALUES ('ATY', 'Watertown, SD', 'USA', 'US');
INSERT INTO city_codes VALUES ('CWA', 'Wausau/Stevens Point, WI', 'USA', 'US');
INSERT INTO city_codes VALUES ('LEK', 'Labe', 'Guinea', 'GN');
INSERT INTO city_codes VALUES ('EAT', 'Wenatchee, WA', 'USA', 'US');
INSERT INTO city_codes VALUES ('LKO', 'Lucknow', 'India', 'IN');
INSERT INTO city_codes VALUES ('PBI', 'West Palm Beach, FL', 'USA', 'US');
INSERT INTO city_codes VALUES ('WYS', 'West Yellowstone, MT', 'USA', 'US');
INSERT INTO city_codes VALUES ('HPN', 'White Plains, NY', 'USA', 'US');
INSERT INTO city_codes VALUES ('SPS', 'Wichita Falls, TX', 'USA', 'US');
INSERT INTO city_codes VALUES ('ICT', 'Wichita, KS', 'USA', 'US');
INSERT INTO city_codes VALUES ('AVP', 'Wilkes , PA', 'USA', 'US');
INSERT INTO city_codes VALUES ('IPT', 'Williamsport, PA', 'USA', 'US');
INSERT INTO city_codes VALUES ('ISL', 'Williston, ND', 'USA', 'US');
INSERT INTO city_codes VALUES ('ILM', 'Wilmington, NC', 'USA', 'US');
INSERT INTO city_codes VALUES ('OLF', 'Wolf Point, MT', 'USA', 'US');
INSERT INTO city_codes VALUES ('SUF', 'Lamezia Terme', 'Italy', 'IT');
INSERT INTO city_codes VALUES ('YVP', 'Kuujjuaq(FortChimo)', 'Canada', 'CA');
INSERT INTO city_codes VALUES ('YGW', 'Kuujjuarapik', 'Canada', 'CA');
INSERT INTO city_codes VALUES ('XLB', 'Lac Brochet, MB', 'Canada', 'CA');
INSERT INTO city_codes VALUES ('LYR', 'Longyearbyen', 'Svalbard/Norway', NULL);
INSERT INTO city_codes VALUES ('ORH', 'Worcester, MA', 'USA', 'US');
INSERT INTO city_codes VALUES ('YGL', 'La Grande', 'Canada', 'CA');
INSERT INTO city_codes VALUES ('WRL', 'Worland, WY', 'USA', 'US');
INSERT INTO city_codes VALUES ('YLR', 'Leaf Rapids', 'Canada', 'CA');
INSERT INTO city_codes VALUES ('YXU', 'London', 'Canada', 'CA');
INSERT INTO city_codes VALUES ('WRG', 'Wrangell, AK', 'USA', 'US');
INSERT INTO city_codes VALUES ('YKM', 'Yakima, WA', 'USA', 'US');
INSERT INTO city_codes VALUES ('YAK', 'Yakutat, AK', 'USA', 'US');
INSERT INTO city_codes VALUES ('YUM', 'Yuma, AZ', 'USA', 'US');
INSERT INTO city_codes VALUES ('KUB', 'Kuala Belait', 'Brunei', 'BN');
INSERT INTO city_codes VALUES ('INN', 'Innsbruck', 'Austria', 'AT');
INSERT INTO city_codes VALUES ('LNZ', 'Linz,Hoersching', 'Austria', 'AT');
INSERT INTO city_codes VALUES ('LUM', 'Luxi, Mangshi', 'Yunnan,PR China', NULL);
INSERT INTO city_codes VALUES ('FIH', 'Kinshasa', 'Congo (DRC)', 'CD');
INSERT INTO city_codes VALUES ('FKI', 'Kisangani', 'Congo (DRC)', 'CD');
INSERT INTO city_codes VALUES ('LXR', 'Luxor', 'Egypt', 'EG');
INSERT INTO city_codes VALUES ('KUO', 'Kuopio', 'Finland', 'FI');
INSERT INTO city_codes VALUES ('LIQ', 'Lisala', 'Congo (DRC)', 'CD');
INSERT INTO city_codes VALUES ('MFM', 'Macau', 'Macau, China SAR', NULL);
INSERT INTO city_codes VALUES ('KAO', 'Kuusamo', 'Finland', 'FI');
INSERT INTO city_codes VALUES ('FBM', 'Lumbumbashi', 'Congo (DRC)', 'CD');
INSERT INTO city_codes VALUES ('LPP', 'Lappeenranta', 'Finland', 'FI');
INSERT INTO city_codes VALUES ('LSZ', 'Losinj Arpt', 'Croatia(Hrvatska)', 'HR');
INSERT INTO city_codes VALUES ('HOG', 'Holguin', 'Cuba', 'CU');
INSERT INTO city_codes VALUES ('LCA', 'Larnaca', 'Cyprus', 'CY');
INSERT INTO city_codes VALUES ('LRH', 'La Rochelle', 'France', 'FR');
INSERT INTO city_codes VALUES ('LAI', 'Lannion', 'France', 'FR');
INSERT INTO city_codes VALUES ('LIL', 'Lille', 'France', 'FR');
INSERT INTO city_codes VALUES ('LIG', 'Limoges', 'France', 'FR');
INSERT INTO city_codes VALUES ('LRT', 'Lorient', 'France', 'FR');
INSERT INTO city_codes VALUES ('LDE', 'Lourdes/Tarbes', 'France', 'FR');
INSERT INTO city_codes VALUES ('LYN', 'Lyon - Bron', 'France', 'FR');
INSERT INTO city_codes VALUES ('LYS', 'Lyon,Satolas', 'France', 'FR');
INSERT INTO city_codes VALUES ('LMP', 'Lampedusa', 'Italy', 'IT');
INSERT INTO city_codes VALUES ('KMQ', 'Komatsu', 'Japan', 'JP');
INSERT INTO city_codes VALUES ('KMJ', 'Kumamoto', 'Japan', 'JP');
INSERT INTO city_codes VALUES ('KUH', 'Kushiro', 'Japan', 'JP');
INSERT INTO city_codes VALUES ('UKY', 'Kyoto', 'Japan', 'JP');
INSERT INTO city_codes VALUES ('MMY', 'Miyako Jima - Hirara', 'Japan', 'JP');
INSERT INTO city_codes VALUES ('KMI', 'Miyazaki', 'Japan', 'JP');
INSERT INTO city_codes VALUES ('HNA', 'Morioka,Hanamaki', 'Japan', 'JP');
INSERT INTO city_codes VALUES ('SDS', 'Sado Shima', 'Japan', 'JP');
INSERT INTO city_codes VALUES ('SDJ', 'Sendai', 'Japan', 'JP');
INSERT INTO city_codes VALUES ('TKS', 'Tokushima', 'Japan', 'JP');
INSERT INTO city_codes VALUES ('TYO', 'Tokyo', 'Japan', 'JP');
INSERT INTO city_codes VALUES ('QLI', 'Limassol', 'Cyprus', 'CY');
INSERT INTO city_codes VALUES ('MHT', 'Manchester, NH', 'USA', 'US');
INSERT INTO city_codes VALUES ('MZG', 'Makung', 'Taiwan', NULL);
INSERT INTO city_codes VALUES ('MTH', 'Marathon, FL', 'USA', 'US');
INSERT INTO city_codes VALUES ('OMO', 'Mostar', 'Bosnia and Herzegovina', 'BA');
INSERT INTO city_codes VALUES ('MLE', 'Male Intl', 'Maledives', NULL);
INSERT INTO city_codes VALUES ('MDQ', 'Mar del Plata', 'Argentina', 'AR');
INSERT INTO city_codes VALUES ('HAH', 'Moroni', 'Comoros(Comores)', 'KM');
INSERT INTO city_codes VALUES ('YVA', 'Moroni,Iconi', 'Comoros(Comores)', 'KM');
INSERT INTO city_codes VALUES ('MJC', 'Man', 'Cote d''Ivoire', 'CI');
INSERT INTO city_codes VALUES ('MDZ', 'Mendoza', 'Argentina', 'AR');
INSERT INTO city_codes VALUES ('MBH', 'Maryborough', 'Australia', 'AW');
INSERT INTO city_codes VALUES ('MKR', 'Meekatharra', 'Australia', 'AW');
INSERT INTO city_codes VALUES ('MEL', 'Melbourne', 'Australia', 'AW');
INSERT INTO city_codes VALUES ('MIM', 'Merimbula', 'Australia', 'AW');
INSERT INTO city_codes VALUES ('MMM', 'Middlemount', 'Australia', 'AW');
INSERT INTO city_codes VALUES ('MQL', 'Mildura', 'Australia', 'AW');
INSERT INTO city_codes VALUES ('MOV', 'Moranbah', 'Australia', 'AW');
INSERT INTO city_codes VALUES ('MRZ', 'Moree', 'Australia', 'AW');
INSERT INTO city_codes VALUES ('MYA', 'Moruya', 'Australia', 'AW');
INSERT INTO city_codes VALUES ('MGB', 'Mount Gambier', 'Australia', 'AW');
INSERT INTO city_codes VALUES ('MMG', 'Mount Magnet', 'Australia', 'AW');
INSERT INTO city_codes VALUES ('MHH', 'Marsh Harbour', 'Bahamas', 'BS');
INSERT INTO city_codes VALUES ('MUB', 'Maun', 'Botswana', 'BW');
INSERT INTO city_codes VALUES ('MDY', 'Midway Island', 'US Minor Outlying Islands', NULL);
INSERT INTO city_codes VALUES ('MSQ', 'Minsk Intl', 'Belarus', 'BY');
INSERT INTO city_codes VALUES ('MAO', 'Manaus', 'Brazil', 'BR');
INSERT INTO city_codes VALUES ('MRV', 'Mineralnye Vody', 'Russia', NULL);
INSERT INTO city_codes VALUES ('QGF', 'Montenegro', 'Brazil', 'BR');
INSERT INTO city_codes VALUES ('MHQ', 'Mariehamn', 'Finland', 'FI');
INSERT INTO city_codes VALUES ('MIK', 'Mikkeli', 'Finland', 'FI');
INSERT INTO city_codes VALUES ('MRS', 'Marseille', 'France', 'FR');
INSERT INTO city_codes VALUES ('MZM', 'Metz - Frescaty', 'France', 'FR');
INSERT INTO city_codes VALUES ('ETZ', 'Metz/Nancy', 'France', 'FR');
INSERT INTO city_codes VALUES ('MPL', 'Montpellier', 'France', 'FR');
INSERT INTO city_codes VALUES ('YQM', 'Moncton', 'Canada', 'CA');
INSERT INTO city_codes VALUES ('YMQ', 'Montreal', 'Canada', 'CA');
INSERT INTO city_codes VALUES ('YUL', 'Montreal Dorval', 'Canada', 'CA');
INSERT INTO city_codes VALUES ('YMX', 'Montreal,Mirabel', 'Canada', 'CA');
INSERT INTO city_codes VALUES ('MQQ', 'Moundou', 'Chad', 'TD');
INSERT INTO city_codes VALUES ('MOW', 'Moscow,Metropolitan', 'Russia', NULL);
INSERT INTO city_codes VALUES ('DME', 'Moscow,Domodedovo', 'Russia', NULL);
INSERT INTO city_codes VALUES ('SVO', 'Moscow,Sheremetyevo', 'Russia', NULL);
INSERT INTO city_codes VALUES ('VKO', 'Moscow,Vnukovo', 'Russia', NULL);
INSERT INTO city_codes VALUES ('MDE', 'Medellin', 'Colombia', 'CO');
INSERT INTO city_codes VALUES ('MVR', 'Maroua', 'Cameroon', 'BM');
INSERT INTO city_codes VALUES ('DOM', 'Melville Hall', 'Dominica', 'DM');
INSERT INTO city_codes VALUES ('RMF', 'Marsa Alam', 'Egypt', 'EG');
INSERT INTO city_codes VALUES ('MUH', 'Marsa Matrah', 'Egypt', 'EG');
INSERT INTO city_codes VALUES ('SSG', 'Malabo', 'Equatorial Guinea', 'GQ');
INSERT INTO city_codes VALUES ('XMH', 'Manihi', 'French Polynesia', 'PF');
INSERT INTO city_codes VALUES ('MAU', 'Maupiti', 'French Polynesia', 'PF');
INSERT INTO city_codes VALUES ('MOZ', 'Moorea', 'French Polynesia', 'PF');
INSERT INTO city_codes VALUES ('MFF', 'Moanda', 'Gabon', 'GA');
INSERT INTO city_codes VALUES ('MJL', 'Mouila', 'Gabon', 'GA');
INSERT INTO city_codes VALUES ('MES', 'Medan', 'Indonesia', 'ID');
INSERT INTO city_codes VALUES ('MDC', 'Manado', 'Indonesia', 'ID');
INSERT INTO city_codes VALUES ('OSM', 'Mosul', 'Iraq', 'IQ');
INSERT INTO city_codes VALUES ('MIL', 'Milan', 'Italy', 'IT');
INSERT INTO city_codes VALUES ('LIN', 'Milan, Linate', 'Italy', 'IT');
INSERT INTO city_codes VALUES ('MXP', 'Milan,Malpensa', 'Italy', 'IT');
INSERT INTO city_codes VALUES ('BGY', 'Milan', 'Italy', 'IT');
INSERT INTO city_codes VALUES ('MBJ', 'Montego Bay', 'Jamaica', 'JM');
INSERT INTO city_codes VALUES ('MMJ', 'Matsumoto, Nagano', 'Japan', 'JP');
INSERT INTO city_codes VALUES ('MYJ', 'Matsuyama', 'Japan', 'JP');
INSERT INTO city_codes VALUES ('PPG', 'Pago Pago', 'American Samoa', 'AS');
INSERT INTO city_codes VALUES ('MKG', 'Muskegon, MI', 'USA', 'US');
INSERT INTO city_codes VALUES ('OSI', 'Osijek', 'Croatia(Hrvatska)', 'HR');
INSERT INTO city_codes VALUES ('MMK', 'Murmansk', 'Russia', NULL);
INSERT INTO city_codes VALUES ('NIC', 'Nicosia', 'Cyprus', 'CY');
INSERT INTO city_codes VALUES ('PPT', 'Papeete,Faaa', 'French Polynesia(Tahiti)', 'PF');
INSERT INTO city_codes VALUES ('ORN', 'Oran(Ouahran)', 'Algeria', 'DZ');
INSERT INTO city_codes VALUES ('UVE', 'Oyem', 'Gabon/Loyautte', 'GA');
INSERT INTO city_codes VALUES ('ISA', 'Mt. Isa', 'Australia', 'AW');
INSERT INTO city_codes VALUES ('NAA', 'Narrabri', 'Australia', 'AW');
INSERT INTO city_codes VALUES ('NNG', 'Nanning', 'Guangxi,PR China', NULL);
INSERT INTO city_codes VALUES ('NRA', 'Narrandera', 'Australia', 'AW');
INSERT INTO city_codes VALUES ('BEO', 'Newcastle,Belmont', 'Australia', 'AW');
INSERT INTO city_codes VALUES ('NTL', 'Newcastle', 'Australia', 'AW');
INSERT INTO city_codes VALUES ('SUV', 'Nausori', 'Fiji/Suva', NULL);
INSERT INTO city_codes VALUES ('NEV', 'Nevis', 'St. Kitts and Nevis', NULL);
INSERT INTO city_codes VALUES ('ZNE', 'Newman', 'Australia', 'AW');
INSERT INTO city_codes VALUES ('NSA', 'Noosa', 'Australia', 'AW');
INSERT INTO city_codes VALUES ('NLK', 'Norfolk Island', 'Australia', 'AW');
INSERT INTO city_codes VALUES ('OLP', 'Olympic Dam', 'Australia', 'AW');
INSERT INTO city_codes VALUES ('OAG', 'Orange', 'Australia', 'AW');
INSERT INTO city_codes VALUES ('ORS', 'Orpheus Island', 'Australia', 'AW');
INSERT INTO city_codes VALUES ('NAJ', 'Nakhichevan', 'Azerbaijan', 'AZ');
INSERT INTO city_codes VALUES ('NAS', 'Nassau', 'Bahamas', 'BS');
INSERT INTO city_codes VALUES ('ELH', 'North Eleuthera', 'Bahamas', 'BS');
INSERT INTO city_codes VALUES ('OUA', 'Ouagadougou', 'Burkina Faso', 'BF');
INSERT INTO city_codes VALUES ('INI', 'Nis', 'Serbia', NULL);
INSERT INTO city_codes VALUES ('NAT', 'Natal', 'Brazil', 'BR');
INSERT INTO city_codes VALUES ('MVB', 'Mvengue', 'Gabon', 'GA');
INSERT INTO city_codes VALUES ('MUC', 'Munich', 'Germany', 'DE');
INSERT INTO city_codes VALUES ('QND', 'Novi Sad', 'Serbia', NULL);
INSERT INTO city_codes VALUES ('OVB', 'Novosibirsk', 'Russia', NULL);
INSERT INTO city_codes VALUES ('FMO', 'Muenster/Osnabrueck', 'Germany', 'DE');
INSERT INTO city_codes VALUES ('NUE', 'Nrnberg (Nuremberg)', 'Germany', 'DE');
INSERT INTO city_codes VALUES ('OHD', 'Ohrid', 'Macedonia', NULL);
INSERT INTO city_codes VALUES ('PAD', 'Paderborn/Lippstadt', 'Germany', 'DE');
INSERT INTO city_codes VALUES ('JMK', 'Mykonos', 'Greece', 'GR');
INSERT INTO city_codes VALUES ('YSR', 'Nanisivik', 'Canada', 'CA');
INSERT INTO city_codes VALUES ('YVQ', 'Norman Wells', 'Canada', 'CA');
INSERT INTO city_codes VALUES ('YOW', 'Ottawa,Hull', 'Canada', 'CA');
INSERT INTO city_codes VALUES ('ODA', 'Ouadda', 'Central African Republic', 'CF');
INSERT INTO city_codes VALUES ('NDJ', 'N''Djamena', 'Chad', 'TD');
INSERT INTO city_codes VALUES ('NGE', 'N''Gaoundere', 'Cameroon', 'BM');
INSERT INTO city_codes VALUES ('NAN', 'Nadi', 'Fiji', 'FJ');
INSERT INTO city_codes VALUES ('OUL', 'Oulu', 'Finland', 'FI');
INSERT INTO city_codes VALUES ('MLH', 'Mulhouse', 'France', 'FR');
INSERT INTO city_codes VALUES ('ENC', 'Nancy', 'France', 'FR');
INSERT INTO city_codes VALUES ('NTE', 'Nantes', 'France', 'FR');
INSERT INTO city_codes VALUES ('NCE', 'Nice- Cote D''Azur', 'France', 'FR');
INSERT INTO city_codes VALUES ('FNI', 'Nimes', 'France', 'FR');
INSERT INTO city_codes VALUES ('MJT', 'Mytilene (Lesbos)', 'Greece', 'GR');
INSERT INTO city_codes VALUES ('JNX', 'Naxos', 'Greece', 'GR');
INSERT INTO city_codes VALUES ('UAK', 'Narsarsuaq', 'Greenland', 'GL');
INSERT INTO city_codes VALUES ('MYQ', 'Mysore', 'India', 'IN');
INSERT INTO city_codes VALUES ('NAG', 'Nagpur', 'India', 'IN');
INSERT INTO city_codes VALUES ('NAP', 'Naples', 'Italy', 'IT');
INSERT INTO city_codes VALUES ('OLB', 'Olbia', 'Italy', 'IT');
INSERT INTO city_codes VALUES ('PMO', 'Palermo', 'Italy', 'IT');
INSERT INTO city_codes VALUES ('PNL', 'Pantelleria', 'Italy', 'IT');
INSERT INTO city_codes VALUES ('NGS', 'Nagasaki', 'Japan', 'JP');
INSERT INTO city_codes VALUES ('NGO', 'Nagoya - Komaki AFB', 'Japan', 'JP');
INSERT INTO city_codes VALUES ('KIJ', 'Niigata', 'Japan', 'JP');
INSERT INTO city_codes VALUES ('OIT', 'Oita', 'Japan', 'JP');
INSERT INTO city_codes VALUES ('OKJ', 'Okayama', 'Japan', 'JP');
INSERT INTO city_codes VALUES ('OKA', 'Okinawa', 'Japan', 'JP');
INSERT INTO city_codes VALUES ('OSA', 'Osaka,Metropolitan', 'Japan', 'JP');
INSERT INTO city_codes VALUES ('ITM', 'Osaka- Itami', 'Japan', 'JP');
INSERT INTO city_codes VALUES ('KIX', 'Osaka,Kansai Intl', 'Japan', 'JP');
INSERT INTO city_codes VALUES ('NBO', 'Nairobi', 'Kenya', 'KE');
INSERT INTO city_codes VALUES ('PNR', 'Pointe Noire', 'Congo (ROC)', 'CG');
INSERT INTO city_codes VALUES ('PBO', 'Paraburdoo', 'Australia', 'AW');
INSERT INTO city_codes VALUES ('RAR', 'Rarotonga', 'Cook Island', 'CK');
INSERT INTO city_codes VALUES ('PUY', 'Pula', 'Croatia(Hrvatska)', 'HR');
INSERT INTO city_codes VALUES ('PER', 'PerthInternational', 'Australia', 'AW');
INSERT INTO city_codes VALUES ('RJK', 'Rijeka', 'Croatia(Hrvatska)', 'HR');
INSERT INTO city_codes VALUES ('PUG', 'Port Augusta', 'Australia', 'AW');
INSERT INTO city_codes VALUES ('PHE', 'Port Hedland', 'Australia', 'AW');
INSERT INTO city_codes VALUES ('PTJ', 'Portland', 'Australia', 'AW');
INSERT INTO city_codes VALUES ('PFO', 'Paphos', 'Cyprus', 'CY');
INSERT INTO city_codes VALUES ('PRG', 'Prague,Ruzyne', 'Czech Republic', 'CZ');
INSERT INTO city_codes VALUES ('PLO', 'Port Lincoln', 'Australia', 'AW');
INSERT INTO city_codes VALUES ('PQQ', 'Port Macquarie', 'Australia', 'AW');
INSERT INTO city_codes VALUES ('PPP', 'Prosperpine', 'Australia', 'AW');
INSERT INTO city_codes VALUES ('UEE', 'Queenstown', 'Australia', 'AW');
INSERT INTO city_codes VALUES ('PBH', 'Paro', 'Bhutan', 'BT');
INSERT INTO city_codes VALUES ('PNH', 'Phnom Penh', 'Cambodia', 'KH');
INSERT INTO city_codes VALUES ('POA', 'Porto Alegre', 'Brazil', 'BR');
INSERT INTO city_codes VALUES ('TGD', 'Podgorica', 'Montenegro', NULL);
INSERT INTO city_codes VALUES ('PNI', 'Pohnpei', 'Micronesia', NULL);
INSERT INTO city_codes VALUES ('PVH', 'Porto Velho', 'Brazil', 'BR');
INSERT INTO city_codes VALUES ('REC', 'Recife', 'Brazil', 'BR');
INSERT INTO city_codes VALUES ('RBR', 'Rio Branco', 'Brazil', 'BR');
INSERT INTO city_codes VALUES ('GIG', 'Rio de Janeiro', 'Brazil', 'BR');
INSERT INTO city_codes VALUES ('SDU', 'Rio de Janeiro', 'Brazil', 'BR');
INSERT INTO city_codes VALUES ('PRN', 'Pristina', 'Serbia', NULL);
INSERT INTO city_codes VALUES ('RIO', 'Rio de Janeiro', 'Brazil', 'BR');
INSERT INTO city_codes VALUES ('PSD', 'Port Said', 'Egypt', 'EG');
INSERT INTO city_codes VALUES ('POR', 'Pori', 'Finland', 'FI');
INSERT INTO city_codes VALUES ('PAR', 'Paris', 'France', 'FR');
INSERT INTO city_codes VALUES ('PUS', 'Pu San', 'South Korea', NULL);
INSERT INTO city_codes VALUES ('FNJ', 'Pyongyang,Sunan', 'North Korea', NULL);
INSERT INTO city_codes VALUES ('TAO', 'Qingdao', 'Shandong,PR China', NULL);
INSERT INTO city_codes VALUES ('CDG', 'Paris', 'France', 'FR');
INSERT INTO city_codes VALUES ('LBG', 'Paris', 'France', 'FR');
INSERT INTO city_codes VALUES ('ORY', 'Paris- Orly', 'France', 'FR');
INSERT INTO city_codes VALUES ('PUF', 'Pau', 'France', 'FR');
INSERT INTO city_codes VALUES ('PGF', 'Perpignan', 'France', 'FR');
INSERT INTO city_codes VALUES ('PIS', 'Poitiers,Biard', 'France', 'FR');
INSERT INTO city_codes VALUES ('UIP', 'Quimper', 'France', 'FR');
INSERT INTO city_codes VALUES ('YPN', 'Port Menier,PQ', 'Canada', 'CA');
INSERT INTO city_codes VALUES ('YXS', 'Prince George', 'Canada', 'CA');
INSERT INTO city_codes VALUES ('YPR', 'Prince Rupert Island', 'Canada', 'CA');
INSERT INTO city_codes VALUES ('XPK', 'Pukatawagan', 'Canada', 'CA');
INSERT INTO city_codes VALUES ('YQB', 'Quebec Intl', 'Canada', 'CA');
INSERT INTO city_codes VALUES ('YOP', 'Rainbow Lake,AB', 'Canada', 'CA');
INSERT INTO city_codes VALUES ('YQR', 'Regina', 'Canada', 'CA');
INSERT INTO city_codes VALUES ('YRB', 'Resolute Bay', 'Canada', 'CA');
INSERT INTO city_codes VALUES ('RAI', 'Praia', 'Cape Verde', 'CV');
INSERT INTO city_codes VALUES ('PUQ', 'Punta Arenas', 'Chile', 'CL');
INSERT INTO city_codes VALUES ('PEI', 'Pereira', 'Colombia', 'CO');
INSERT INTO city_codes VALUES ('POP', 'Puerto Plata', 'Dominican Republic', 'DO');
INSERT INTO city_codes VALUES ('PUJ', 'Punta Cana', 'Dominican Republic', 'DO');
INSERT INTO city_codes VALUES ('UIO', 'Quito', 'Ecuador', 'EC');
INSERT INTO city_codes VALUES ('RNS', 'Rennes', 'France', 'FR');
INSERT INTO city_codes VALUES ('RNE', 'Roanne', 'France', 'FR');
INSERT INTO city_codes VALUES ('RFP', 'Raiatea', 'French Polynesia', 'PF');
INSERT INTO city_codes VALUES ('RGI', 'Rangiroa', 'French Polynesia', 'PF');
INSERT INTO city_codes VALUES ('POG', 'Port Gentil', 'Gabon', 'GA');
INSERT INTO city_codes VALUES ('PVK', 'Preveza/Lefkas', 'Greece', 'GR');
INSERT INTO city_codes VALUES ('RHO', 'Rhodos', 'Greece', 'GR');
INSERT INTO city_codes VALUES ('PTP', 'Pointe a Pitre', 'Guadeloupe', 'GP');
INSERT INTO city_codes VALUES ('PAP', 'Port au Prince', 'Haiti', 'HT');
INSERT INTO city_codes VALUES ('RTB', 'Roatan', 'Honduras', 'HN');
INSERT INTO city_codes VALUES ('REK', 'Reykjavik', 'Iceland', 'IS');
INSERT INTO city_codes VALUES ('KEF', 'Reykjavik', 'Iceland', 'IS');
INSERT INTO city_codes VALUES ('PAT', 'Patna', 'India', 'IN');
INSERT INTO city_codes VALUES ('PNQ', 'Pune', 'India', 'IN');
INSERT INTO city_codes VALUES ('RAJ', 'Rajkot', 'India', 'IN');
INSERT INTO city_codes VALUES ('ROS', 'Rosario', 'Argentina', 'AR');
INSERT INTO city_codes VALUES ('RKS', 'Rock Springs', 'USA', 'US');
INSERT INTO city_codes VALUES ('SLA', 'Salta', 'Argentina', 'AR');
INSERT INTO city_codes VALUES ('RFD', 'Rockford, IL', 'USA', 'US');
INSERT INTO city_codes VALUES ('RKD', 'Rockland, ME', 'USA', 'US');
INSERT INTO city_codes VALUES ('SJJ', 'Sarajevo', 'Bosnia and Herzegovina', 'BA');
INSERT INTO city_codes VALUES ('SZG', 'Salzburg ', 'Austria', 'AT');
INSERT INTO city_codes VALUES ('BRC', 'San Carlos', 'Argentina', 'AR');
INSERT INTO city_codes VALUES ('SPY', 'San Pedro', 'Cote d''Ivoire', 'CI');
INSERT INTO city_codes VALUES ('RSA', 'Santa Rosa', 'Argentina', 'AR');
INSERT INTO city_codes VALUES ('ZSS', 'Sassandra', 'Cote d''Ivoire', 'CI');
INSERT INTO city_codes VALUES ('SCU', 'Santiago - Antonio Maceo Airport', 'Cuba', 'CU');
INSERT INTO city_codes VALUES ('SEB', 'Sehba', 'Libya', 'LY');
INSERT INTO city_codes VALUES ('ROK', 'Rockhampton', 'Australia', 'AW');
INSERT INTO city_codes VALUES ('NSO', 'Scone', 'Australia', 'AW');
INSERT INTO city_codes VALUES ('JHQ', 'Shute Harbour', 'Australia', 'AW');
INSERT INTO city_codes VALUES ('SIX', 'Singleton', 'Australia', 'AW');
INSERT INTO city_codes VALUES ('RSD', 'Rock Sound', 'Bahamas', 'BS');
INSERT INTO city_codes VALUES ('ZSA', 'San Salvador', 'Bahamas', 'BS');
INSERT INTO city_codes VALUES ('PKW', 'Selibi Phikwe', 'Botswana', 'BW');
INSERT INTO city_codes VALUES ('SRZ', 'Santa Cruz ', 'Bolivia', 'BO');
INSERT INTO city_codes VALUES ('SRB', 'Santa Rosa', 'Bolivia', 'BO');
INSERT INTO city_codes VALUES ('ROU', 'Ruse', 'Bulgaria', 'BG');
INSERT INTO city_codes VALUES ('SLS', 'Silistra', 'Bulgaria', 'BG');
INSERT INTO city_codes VALUES ('SOF', 'Sofia', 'Bulgaria', 'BG');
INSERT INTO city_codes VALUES ('SSA', 'Salvador', 'Brazil', 'BR');
INSERT INTO city_codes VALUES ('TMS', 'Sao Tome', 'Sao Tome & Principe', NULL);
INSERT INTO city_codes VALUES ('SPK', 'Sapporo', 'Hokkaido, Japan', NULL);
INSERT INTO city_codes VALUES ('OKD', 'Sapporo,Okadama', 'Hokkaido, Japan', NULL);
INSERT INTO city_codes VALUES ('SRA', 'Santa Rosa', 'Brazil', 'BR');
INSERT INTO city_codes VALUES ('SLZ', 'Sao Luis', 'Brazil', 'BR');
INSERT INTO city_codes VALUES ('SAO', 'Sao Paulo', 'Brazil', 'BR');
INSERT INTO city_codes VALUES ('CGH', 'Sao Paulo', 'Brazil', 'BR');
INSERT INTO city_codes VALUES ('SEL', 'Seoul,Kimpo', 'South Korea', NULL);
INSERT INTO city_codes VALUES ('GRU', 'Sao Paulo', 'Brazil', 'BR');
INSERT INTO city_codes VALUES ('SHE', 'Shenyang', 'Liaoning,PR China', NULL);
INSERT INTO city_codes VALUES ('SZX', 'Shenzhen', 'Guangdong,PR China', NULL);
INSERT INTO city_codes VALUES ('VCP', 'Sao Paulo', 'Brazil', 'BR');
INSERT INTO city_codes VALUES ('SDQ', 'Santo Domingo', 'Dominican Republic', 'DO');
INSERT INTO city_codes VALUES ('SNC', 'Salinas', 'Ecuador', 'EC');
INSERT INTO city_codes VALUES ('SKV', 'Santa Katarina', 'Egypt', 'EG');
INSERT INTO city_codes VALUES ('SSH', 'Sharm El Sheikh', 'Egypt', 'EG');
INSERT INTO city_codes VALUES ('SEW', 'Siwa', 'Egypt', 'EG');
INSERT INTO city_codes VALUES ('SAL', 'San Salvador', 'El Salvador', 'SV');
INSERT INTO city_codes VALUES ('SKP', 'Skopje', 'Macedonia', NULL);
INSERT INTO city_codes VALUES ('RVN', 'Rovaniemi', 'Finland', 'FI');
INSERT INTO city_codes VALUES ('SVL', 'Savonlinna', 'Finland', 'FI');
INSERT INTO city_codes VALUES ('SJY', 'Seinaejoki', 'Finland', 'FI');
INSERT INTO city_codes VALUES ('YSJ', 'Saint John', 'Canada', 'CA');
INSERT INTO city_codes VALUES ('YZP', 'Sandspit', 'Canada', 'CA');
INSERT INTO city_codes VALUES ('YXE', 'Saskatoon', 'Canada', 'CA');
INSERT INTO city_codes VALUES ('ZTM', 'Shamattawa, MB', 'Canada', 'CA');
INSERT INTO city_codes VALUES ('YYD', 'Smithers', 'Canada', 'CA');
INSERT INTO city_codes VALUES ('SID', 'Sal', 'Cape Verde', 'CV');
INSERT INTO city_codes VALUES ('SCL', 'Santiago', 'Chile', 'CL');
INSERT INTO city_codes VALUES ('SHA', 'Shanghai,Hongqiao', 'China', 'CN');
INSERT INTO city_codes VALUES ('PVG', 'Shanghai,Pu Dong', 'China', 'CN');
INSERT INTO city_codes VALUES ('ADZ', 'San Andres', 'Colombia', 'CO');
INSERT INTO city_codes VALUES ('SSL', 'Santa Rosalia', 'Colombia', 'CO');
INSERT INTO city_codes VALUES ('SJO', 'San Jose', 'Costa Rica', 'CR');
INSERT INTO city_codes VALUES ('SOT', 'Sodankylae', 'Finland', 'FI');
INSERT INTO city_codes VALUES ('RDZ', 'Rodez', 'France', 'FR');
INSERT INTO city_codes VALUES ('SBK', 'Saint Brieuc', 'France', 'FR');
INSERT INTO city_codes VALUES ('SCN', 'Saarbruecken', 'Germany', 'DE');
INSERT INTO city_codes VALUES ('SKG', 'Saloniki', 'Greece', 'GR');
INSERT INTO city_codes VALUES ('SMI', 'Samos', 'Greece', 'GR');
INSERT INTO city_codes VALUES ('JSI', 'Skiathos', 'Greece', 'GR');
INSERT INTO city_codes VALUES ('SFJ', 'Soendre Stroemfjord', 'Greenland', 'GL');
INSERT INTO city_codes VALUES ('SAP', 'San Pedro', 'Honduras', 'HN');
INSERT INTO city_codes VALUES ('SDH', 'Santa Rosa, Copan', 'Honduras', 'HN');
INSERT INTO city_codes VALUES ('SNN', 'Shannon(Limerick)', 'Ireland', 'IE');
INSERT INTO city_codes VALUES ('SXL', 'Sligo', 'Ireland', 'IE');
INSERT INTO city_codes VALUES ('ROM', 'Rome', 'Italy', 'IT');
INSERT INTO city_codes VALUES ('CIA', 'Rome,Ciampino', 'Italy', 'IT');
INSERT INTO city_codes VALUES ('FCO', 'Rome,Fuimicino', 'Italy', 'IT');
INSERT INTO city_codes VALUES ('TIA', 'Tirana,Rinas', 'Albania', 'AL');
INSERT INTO city_codes VALUES ('SPU', 'Split', 'Croatia(Hrvatska)', 'HR');
INSERT INTO city_codes VALUES ('SOI', 'South Molle Island', 'Australia', 'AW');
INSERT INTO city_codes VALUES ('THR', 'Tehran', 'Iran', 'IR');
INSERT INTO city_codes VALUES ('KBY', 'Streaky Bay', 'Australia', 'AW');
INSERT INTO city_codes VALUES ('MCY', 'Sunshine Coast', 'Australia', 'AW');
INSERT INTO city_codes VALUES ('TIP', 'Tripoli Intl', 'Libya', 'LY');
INSERT INTO city_codes VALUES ('SYD', 'Sydney', 'Australia', 'AW');
INSERT INTO city_codes VALUES ('SKB', 'St. Kitts', 'St. Kitts and Nevis', NULL);
INSERT INTO city_codes VALUES ('TMW', 'Tamworth', 'Australia', 'AW');
INSERT INTO city_codes VALUES ('UVF', 'St. Lucia Hewanorra', 'Saint Lucia', NULL);
INSERT INTO city_codes VALUES ('SLU', 'St. Lucia Vigle', 'Saint Lucia', NULL);
INSERT INTO city_codes VALUES ('SFG', 'St. Martin', 'St. Martin (Guadeloupe)', NULL);
INSERT INTO city_codes VALUES ('LED', 'St. Petersburg', 'Russia', NULL);
INSERT INTO city_codes VALUES ('TRO', 'Taree', 'Australia', 'AW');
INSERT INTO city_codes VALUES ('TEM', 'Temora', 'Australia', 'AW');
INSERT INTO city_codes VALUES ('TCA', 'Tennant Creek', 'Australia', 'AW');
INSERT INTO city_codes VALUES ('TIS', 'Thursday Island', 'Australia', 'AW');
INSERT INTO city_codes VALUES ('TPR', 'Tom Price', 'Australia', 'AW');
INSERT INTO city_codes VALUES ('TPE', 'Taipei', 'Taiwan', NULL);
INSERT INTO city_codes VALUES ('TAY', 'Taipei', 'Taiwan', NULL);
INSERT INTO city_codes VALUES ('TYN', 'Taiyuan', 'Shanxi,PR China', NULL);
INSERT INTO city_codes VALUES ('TWB', 'Toowoomba', 'Australia', 'AW');
INSERT INTO city_codes VALUES ('TSV', 'Townsville', 'Australia', 'AW');
INSERT INTO city_codes VALUES ('TCB', 'Treasure Cay', 'Bahamas', 'BS');
INSERT INTO city_codes VALUES ('ZYL', 'Sylhet', 'Bangladesh', 'BD');
INSERT INTO city_codes VALUES ('TGV', 'Targovishte', 'Bulgaria', 'BG');
INSERT INTO city_codes VALUES ('THE', 'Teresina', 'Brazil', 'BR');
INSERT INTO city_codes VALUES ('UBA', 'Uberaba', 'Brazil', 'BR');
INSERT INTO city_codes VALUES ('UDI', 'Uberlandia', 'Brazil', 'BR');
INSERT INTO city_codes VALUES ('TIV', 'Tivat', 'Montenegro', NULL);
INSERT INTO city_codes VALUES ('QUF', 'Tallinn,Pirita', 'Estonia', 'EE');
INSERT INTO city_codes VALUES ('TOV', 'Tortola', 'British Virgin Islands', NULL);
INSERT INTO city_codes VALUES ('TLL', 'Tallinn,Ulemiste', 'Estonia', 'EE');
INSERT INTO city_codes VALUES ('TMP', 'Tampere', 'Finland', 'FI');
INSERT INTO city_codes VALUES ('TKU', 'Turku', 'Finland', 'FI');
INSERT INTO city_codes VALUES ('EBU', 'St. Etienne', 'France', 'FR');
INSERT INTO city_codes VALUES ('SXB', 'Strassburg', 'France', 'FR');
INSERT INTO city_codes VALUES ('TLS', 'Toulouse', 'France', 'FR');
INSERT INTO city_codes VALUES ('UAH', 'Ua Huka', 'French Polynesia', 'PF');
INSERT INTO city_codes VALUES ('UAP', 'Ua Pou', 'French Polynesia', 'PF');
INSERT INTO city_codes VALUES ('TBS', 'Tbilisi', 'Georgia', 'GE');
INSERT INTO city_codes VALUES ('TED', 'Thisted', 'Denmark', 'DK');
INSERT INTO city_codes VALUES ('STR', 'Stuttgart', 'Germany', 'DE');
INSERT INTO city_codes VALUES ('JTR', 'Thira', 'Greece', 'GR');
INSERT INTO city_codes VALUES ('XSI', 'South Indian Lake', 'Canada', 'CA');
INSERT INTO city_codes VALUES ('YIF', 'St. Augustin, PQ', 'Canada', 'CA');
INSERT INTO city_codes VALUES ('YYT', 'St. John''s', 'Canada', 'CA');
INSERT INTO city_codes VALUES ('FSP', 'St. Pierre, NF', 'Canada', 'CA');
INSERT INTO city_codes VALUES ('YXT', 'Terrace', 'Canada', 'CA');
INSERT INTO city_codes VALUES ('YQD', 'The Pas', 'Canada', 'CA');
INSERT INTO city_codes VALUES ('YTH', 'Thompson', 'Canada', 'CA');
INSERT INTO city_codes VALUES ('YQT', 'Thunder Bay', 'Canada', 'CA');
INSERT INTO city_codes VALUES ('YTZ', 'Toronto Island', 'Canada', 'CA');
INSERT INTO city_codes VALUES ('YYZ', 'Toronto Pearson', 'Canada', 'CA');
INSERT INTO city_codes VALUES ('YTO', 'Toronto', 'Canada', 'CA');
INSERT INTO city_codes VALUES ('TSN', 'Tianjin', 'China', 'CN');
INSERT INTO city_codes VALUES ('TGU', 'Tegucigalpa', 'Honduras', 'HN');
INSERT INTO city_codes VALUES ('SXR', 'Srinagar', 'India', 'IN');
INSERT INTO city_codes VALUES ('STV', 'Surat', 'India', 'IN');
INSERT INTO city_codes VALUES ('TRV', 'Thiruvananthapuram', 'India', 'IN');
INSERT INTO city_codes VALUES ('TRZ', 'Tiruchirapally', 'India', 'IN');
INSERT INTO city_codes VALUES ('SUB', 'Surabaya', 'Indonesia', 'ID');
INSERT INTO city_codes VALUES ('TOD', 'Tioman', 'Indonesia', 'ID');
INSERT INTO city_codes VALUES ('TLV', 'Tel Aviv', 'Israel', 'IL');
INSERT INTO city_codes VALUES ('TPS', 'Trapani', 'Italy', 'IT');
INSERT INTO city_codes VALUES ('TSF', 'Treviso', 'Italy', 'IT');
INSERT INTO city_codes VALUES ('TRS', 'Trieste', 'Italy', 'IT');
INSERT INTO city_codes VALUES ('TRN', 'Turin', 'Italy', 'IT');
INSERT INTO city_codes VALUES ('TAK', 'Takamatsu', 'Japan', 'JP');
INSERT INTO city_codes VALUES ('VIE', 'Vienna Intl', 'Austria', 'AT');
INSERT INTO city_codes VALUES ('ASK', 'Yamoussoukro', 'Cte d''Ivoire', 'CI');
INSERT INTO city_codes VALUES ('ZAD', 'Zadar', 'Croatia(Hrvatska)', 'HR');
INSERT INTO city_codes VALUES ('UFA', 'Ufa', 'Russia', NULL);
INSERT INTO city_codes VALUES ('UCT', 'Ukhta', 'Russia', NULL);
INSERT INTO city_codes VALUES ('URZ', 'Uruzgan', 'Afghanistan', 'AF');
INSERT INTO city_codes VALUES ('ZAG', 'Zagreb- Pleso', 'Croatia(Hrvatska)', 'HR');
INSERT INTO city_codes VALUES ('UUD', 'Ulan-Ude', 'Russia', NULL);
INSERT INTO city_codes VALUES ('HLH', 'Ulanhot', 'PR China', NULL);
INSERT INTO city_codes VALUES ('VRA', 'Varadero', 'Cuba', 'CU');
INSERT INTO city_codes VALUES ('USN', 'Ulsan', 'South Korea', NULL);
INSERT INTO city_codes VALUES ('UHE', 'Uherske Hradiste', 'Czech Republic', 'CZ');
INSERT INTO city_codes VALUES ('OMH', 'Urmiehm', 'Iran', 'IR');
INSERT INTO city_codes VALUES ('UGO', 'Uige', 'Angola', 'AO');
INSERT INTO city_codes VALUES ('USH', 'Ushuaia - Islas Malvinas Airport', 'Argentina', 'AR');
INSERT INTO city_codes VALUES ('URC', 'Urumqi', 'Xinjiang,PR China', NULL);
INSERT INTO city_codes VALUES ('WGA', 'Wagga', 'Australia', 'AW');
INSERT INTO city_codes VALUES ('WMB', 'Warrnambool', 'Australia', 'AW');
INSERT INTO city_codes VALUES ('WEI', 'Weipa', 'Australia', 'AW');
INSERT INTO city_codes VALUES ('HAP', 'Whitsunday Resort', 'Australia', 'AW');
INSERT INTO city_codes VALUES ('VLU', 'Velikiye Luki', 'Russia', NULL);
INSERT INTO city_codes VALUES ('WYA', 'Whyalla', 'Australia', 'AW');
INSERT INTO city_codes VALUES ('WHM', 'Wickham', 'Australia', 'AW');
INSERT INTO city_codes VALUES ('VTE', 'Vientiane', 'Lao PDR', NULL);
INSERT INTO city_codes VALUES ('WUN', 'Wiluna', 'Australia', 'AW');
INSERT INTO city_codes VALUES ('WOL', 'Wollongong', 'Australia', 'AW');
INSERT INTO city_codes VALUES ('UMR', 'Woomera', 'Australia', 'AW');
INSERT INTO city_codes VALUES ('WYN', 'Wyndham', 'Australia', 'AW');
INSERT INTO city_codes VALUES ('VAR', 'Varna', 'Bulgaria', 'BG');
INSERT INTO city_codes VALUES ('VID', 'Vidin', 'Bulgaria', 'BG');
INSERT INTO city_codes VALUES ('URB', 'Urubupunga', 'Brazil', 'BR');
INSERT INTO city_codes VALUES ('URG', 'Uruguaiana', 'Brazil', 'BR');
INSERT INTO city_codes VALUES ('VIX', 'Vitoria', 'Brazil', 'BR');
INSERT INTO city_codes VALUES ('GWT', 'Westerland', 'Germany', 'DE');
INSERT INTO city_codes VALUES ('WIE', 'Wiesbaden, AirBase', 'Germany', 'DE');
INSERT INTO city_codes VALUES ('ZTH', 'Zakynthos', 'Greece', 'GR');
INSERT INTO city_codes VALUES ('JUV', 'Upernavik', 'Greenland', 'GL');
INSERT INTO city_codes VALUES ('UMD', 'Uummannaq', 'Greenland', 'GL');
INSERT INTO city_codes VALUES ('UII', 'Utila', 'Honduras', 'HN');
INSERT INTO city_codes VALUES ('UDR', 'Udaipur', 'India', 'IN');
INSERT INTO city_codes VALUES ('VNS', 'Varanasi', 'India', 'IN');
INSERT INTO city_codes VALUES ('UPG', 'Ujung Pandang', 'Indonesia', 'ID');
INSERT INTO city_codes VALUES ('VCE', 'Venice', 'Italy', 'IT');
INSERT INTO city_codes VALUES ('VRN', 'Verona', 'Italy', 'IT');
INSERT INTO city_codes VALUES ('HND', 'Tokyo, Haneda', 'Japan', 'JP');
INSERT INTO city_codes VALUES ('NRT', 'Tokyo,Narita', 'Japan', 'JP');
INSERT INTO city_codes VALUES ('WUH', 'Wuhan', 'Hubei,PR China', NULL);
INSERT INTO city_codes VALUES ('XMN', 'Xiamen', 'Fujian,PR China', NULL);
INSERT INTO city_codes VALUES ('XIY', 'Xianyang', 'Shaanxi,PR China', NULL);
INSERT INTO city_codes VALUES ('YUD', 'Umiujaq', 'Canada', 'CA');
INSERT INTO city_codes VALUES ('YBE', 'Uranium City', 'Canada', 'CA');
INSERT INTO city_codes VALUES ('YKS', 'Yakutsk', 'Russia', NULL);
INSERT INTO city_codes VALUES ('YIH', 'Yichang', 'Hubei,PR China', NULL);
INSERT INTO city_codes VALUES ('YVO', 'Val d''Or', 'Canada', 'CA');
INSERT INTO city_codes VALUES ('YVR', 'Vancouver Intl', 'Canada', 'CA');
INSERT INTO city_codes VALUES ('YYJ', 'Victoria', 'Canada', 'CA');
INSERT INTO city_codes VALUES ('YWK', 'Wabush', 'Canada', 'CA');
INSERT INTO city_codes VALUES ('YXN', 'Whale Cove, NT', 'Canada', 'CA');
INSERT INTO city_codes VALUES ('YXY', 'Whitehorse', 'Canada', 'CA');
INSERT INTO city_codes VALUES ('YQG', 'Windsor Ontario', 'Canada', 'CA');
INSERT INTO city_codes VALUES ('YWG', 'Winnipeg Intl', 'Canada', 'CA');
INSERT INTO city_codes VALUES ('YZF', 'Yellowknife', 'Canada', 'CA');
INSERT INTO city_codes VALUES ('VAP', 'Valparaiso', 'Chile', 'CL');
INSERT INTO city_codes VALUES ('UPL', 'Upala', 'Costa Rica', 'CR');
INSERT INTO city_codes VALUES ('YAO', 'Yaounde', 'Cameroon', 'BM');
INSERT INTO city_codes VALUES ('VAA', 'Vaasa', 'Finland', 'FI');
INSERT INTO city_codes VALUES ('VRK', 'Varkaus', 'Finland', 'FI');
INSERT INTO city_codes VALUES ('TOY', 'Toyama', 'Japan', 'JP');
INSERT INTO city_codes VALUES ('UBJ', 'Ube', 'Japan', 'JP');
INSERT INTO city_codes VALUES ('GAJ', 'Yamagata, Junmachi', 'Japan', 'JP');
INSERT INTO city_codes VALUES ('YOK', 'Yokohama', 'Japan', 'JP');
INSERT INTO city_codes VALUES ('AMM', 'Amman', 'Jordan', 'JO');
INSERT INTO city_codes VALUES ('ADJ', 'Amman', 'Jordan', 'JO');
INSERT INTO city_codes VALUES ('AQJ', 'Aqaba', 'Jordan', 'JO');
INSERT INTO city_codes VALUES ('ADX', 'Aktyubinsk', 'Kazakhstan', 'KZ');
INSERT INTO city_codes VALUES ('ALA', 'Almaty Intl', 'Kazakhstan', 'KZ');
INSERT INTO city_codes VALUES ('TSE', 'Astana Intl', 'Kazakhstan', 'KZ');
INSERT INTO city_codes VALUES ('KWI', 'Kuwait- Kuwait International', 'Kuwait', 'KW');
INSERT INTO city_codes VALUES ('FRU', 'Bishkek', 'Kyrgyzstan', 'KG');
INSERT INTO city_codes VALUES ('RIX', 'Riga', 'Latvia', 'LV');
INSERT INTO city_codes VALUES ('BEY', 'Beirut', 'Lebanon', 'LB');
INSERT INTO city_codes VALUES ('MSU', 'Maseru', 'Lesotho', 'LS');
INSERT INTO city_codes VALUES ('CAK', 'Akron, OH', 'USA', 'US');
INSERT INTO city_codes VALUES ('ABY', 'Albany, GA', 'USA', 'US');
INSERT INTO city_codes VALUES ('ALB', 'Albany Intl', 'USA', 'US');
INSERT INTO city_codes VALUES ('ABQ', 'Albuquerque, NM', 'USA', 'US');
INSERT INTO city_codes VALUES ('MYD', 'Malindi', 'Kenya', 'KE');
INSERT INTO city_codes VALUES ('MBA', 'Mombasa', 'Kenya', 'KE');
INSERT INTO city_codes VALUES ('MLW', 'Monrovia', 'Liberia', 'LR');
INSERT INTO city_codes VALUES ('ROB', 'Monrovia Roberts Intl', 'Liberia', 'LR');
INSERT INTO city_codes VALUES ('VNO', 'Vilnius', 'Lithuania', 'LT');
INSERT INTO city_codes VALUES ('ABE', 'Allentown, PA', 'USA', 'US');
INSERT INTO city_codes VALUES ('AAR', 'Aarhus', 'Denmark', 'DK');
INSERT INTO city_codes VALUES ('AAL', 'Alborg', 'Denmark', 'DK');
INSERT INTO city_codes VALUES ('BLL', 'Billund', 'Denmark', 'DK');
INSERT INTO city_codes VALUES ('CPH', 'Copenhagen', 'Denmark', 'DK');
INSERT INTO city_codes VALUES ('EBJ', 'Esbjerg', 'Denmark', 'DK');
INSERT INTO city_codes VALUES ('FAE', 'Faroer', 'Denmark', 'DK');
INSERT INTO city_codes VALUES ('KRP', 'Karup', 'Denmark', 'DK');
INSERT INTO city_codes VALUES ('ODE', 'Odense', 'Denmark', 'DK');
INSERT INTO city_codes VALUES ('RNN', 'Roenne', 'Denmark', 'DK');
INSERT INTO city_codes VALUES ('SKS', 'Skrydstrup', 'Denmark', 'DK');
INSERT INTO city_codes VALUES ('SGD', 'Soenderborg', 'Denmark', 'DK');
INSERT INTO city_codes VALUES ('DOD', 'Dodoma', 'Tanzania', 'TZ');
INSERT INTO city_codes VALUES ('AOO', 'Altoona, PA', 'USA', 'US');
INSERT INTO city_codes VALUES ('LUX', 'Luxembourg', 'Luxembourg', 'LU');
INSERT INTO city_codes VALUES ('TNR', 'Antananarivo', 'Madagascar', 'MG');
INSERT INTO city_codes VALUES ('MJN', 'Majunga', 'Madagascar', 'MG');
INSERT INTO city_codes VALUES ('BLZ', 'Blantyre', 'Malawi', 'MW');
INSERT INTO city_codes VALUES ('LLW', 'Lilongwe', 'Malawi', 'MW');
INSERT INTO city_codes VALUES ('BTU', 'Bintulu', 'Malaysia', 'MY');
INSERT INTO city_codes VALUES ('JHB', 'Johor Bahru', 'Malaysia', 'MY');
INSERT INTO city_codes VALUES ('BKI', 'Kota Kinabalu', 'Malaysia', 'MY');
INSERT INTO city_codes VALUES ('KUL', 'Kuala Lumpur', 'Malaysia', 'MY');
INSERT INTO city_codes VALUES ('SZB', 'Kuala Lumpur', 'Malaysia', 'MY');
INSERT INTO city_codes VALUES ('KUA', 'Kuantan', 'Malaysia', 'MY');
INSERT INTO city_codes VALUES ('KCH', 'Kuching', 'Malaysia', 'MY');
INSERT INTO city_codes VALUES ('LBU', 'Labuan', 'Malaysia', 'MY');
INSERT INTO city_codes VALUES ('LGK', 'Langkawi', 'Malaysia', 'MY');
INSERT INTO city_codes VALUES ('MYY', 'Miri', 'Malaysia', 'MY');
INSERT INTO city_codes VALUES ('PEN', 'Penang Intl', 'Malaysia', 'MY');
INSERT INTO city_codes VALUES ('SBW', 'Sibu', 'Malaysia', 'MY');
INSERT INTO city_codes VALUES ('TWU', 'Tawau', 'Malaysia', 'MY');
INSERT INTO city_codes VALUES ('BKO', 'Bamako Intl', 'Mali', 'ML');
INSERT INTO city_codes VALUES ('MLA', 'Luga', 'Malta', 'MT');
INSERT INTO city_codes VALUES ('UIT', 'Jaluit Island ', 'Marshall Islands', 'MH');
INSERT INTO city_codes VALUES ('FDF', 'Fort de France', 'Martinique', 'MQ');
INSERT INTO city_codes VALUES ('NDB', 'Nouadhibou', 'Mauritania', 'MR');
INSERT INTO city_codes VALUES ('NKC', 'Nouakchott', 'Mauritania', 'MR');
INSERT INTO city_codes VALUES ('OUZ', 'Zouerate', 'Mauritania', 'MR');
INSERT INTO city_codes VALUES ('MRU', 'Mauritius', 'Mauritius', 'MU');
INSERT INTO city_codes VALUES ('RRG', 'Rodrigues Island', 'Mauritius', 'MU');
INSERT INTO city_codes VALUES ('DZA', 'Dzaoudzi', 'Mayotte', 'YT');
INSERT INTO city_codes VALUES ('ACA', 'Acapulco', 'Mexico', 'MX');
INSERT INTO city_codes VALUES ('AGU', 'Aguascaliente', 'Mexico', 'MX');
INSERT INTO city_codes VALUES ('CUN', 'Cancun', 'Mexico', 'MX');
INSERT INTO city_codes VALUES ('CZA', 'Chichen Itza', 'Mexico', 'MX');
INSERT INTO city_codes VALUES ('CUU', 'Chihuahua', 'Mexico', 'MX');
INSERT INTO city_codes VALUES ('CME', 'Ciudad Del Carmen', 'Mexico', 'MX');
INSERT INTO city_codes VALUES ('CJS', 'Ciudad Juarez', 'Mexico', 'MX');
INSERT INTO city_codes VALUES ('CEN', 'Ciudad Obregon', 'Mexico', 'MX');
INSERT INTO city_codes VALUES ('CVM', 'Ciudad Victoria', 'Mexico', 'MX');
INSERT INTO city_codes VALUES ('CLQ', 'Colima', 'Mexico', 'MX');
INSERT INTO city_codes VALUES ('CZM', 'Cozmel', 'Mexico', 'MX');
INSERT INTO city_codes VALUES ('CUL', 'Culiacan', 'Mexico', 'MX');
INSERT INTO city_codes VALUES ('GDL', 'Guadalajara', 'Mexico', 'MX');
INSERT INTO city_codes VALUES ('HMO', 'Hermosillo - Gen. Pesqueira Garcia', 'Mexico', 'MX');
INSERT INTO city_codes VALUES ('HUX', 'Huatulco', 'Mexico', 'MX');
INSERT INTO city_codes VALUES ('ZIH', 'Ixtapa/Zihuatenejo', 'Mexico', 'MX');
INSERT INTO city_codes VALUES ('JAL', 'Jalapa', 'Mexico', 'MX');
INSERT INTO city_codes VALUES ('LAP', 'La Paz,Leon', 'Mexico', 'MX');
INSERT INTO city_codes VALUES ('LZC', 'Lazaro Cardenas', 'Mexico', 'MX');
INSERT INTO city_codes VALUES ('BJX', 'Leon', 'Mexico', 'MX');
INSERT INTO city_codes VALUES ('LTO', 'Loreto', 'Mexico', 'MX');
INSERT INTO city_codes VALUES ('LMM', 'Los Mochis', 'Mexico', 'MX');
INSERT INTO city_codes VALUES ('ZLO', 'Manzanillo', 'Mexico', 'MX');
INSERT INTO city_codes VALUES ('MZT', 'Mazatlan', 'Mexico', 'MX');
INSERT INTO city_codes VALUES ('MID', 'Merida', 'Mexico', 'MX');
INSERT INTO city_codes VALUES ('MXL', 'Mexicali', 'Mexico', 'MX');
INSERT INTO city_codes VALUES ('MEX', 'Mexico City', 'Mexico', 'MX');
INSERT INTO city_codes VALUES ('AZP', 'Mexico City', 'Mexico', 'MX');
INSERT INTO city_codes VALUES ('NLU', 'Mexico City', 'Mexico', 'MX');
INSERT INTO city_codes VALUES ('MTT', 'Minatitlan', 'Mexico', 'MX');
INSERT INTO city_codes VALUES ('MTY', 'Monterrey', 'Mexico', 'MX');
INSERT INTO city_codes VALUES ('NTR', 'Monterrey', 'Mexico', 'MX');
INSERT INTO city_codes VALUES ('MLM', 'Morelia', 'Mexico', 'MX');
INSERT INTO city_codes VALUES ('NLD', 'Nuevo Laredo', 'Mexico', 'MX');
INSERT INTO city_codes VALUES ('OAX', 'Oaxaca', 'Mexico', 'MX');
INSERT INTO city_codes VALUES ('PBC', 'Puebla', 'Mexico', 'MX');
INSERT INTO city_codes VALUES ('PXM', 'Puerto Escondido', 'Mexico', 'MX');
INSERT INTO city_codes VALUES ('PVR', 'Puerto Vallarta', 'Mexico', 'MX');
INSERT INTO city_codes VALUES ('SJD', 'San Jose', 'Mexico', 'MX');
INSERT INTO city_codes VALUES ('SLP', 'San Luis Potosi', 'Mexico', 'MX');
INSERT INTO city_codes VALUES ('SRL', 'Santa Rosalia', 'Mexico', 'MX');
INSERT INTO city_codes VALUES ('TAM', 'Tampico', 'Mexico', 'MX');
INSERT INTO city_codes VALUES ('TIJ', 'Tijuana', 'Mexico', 'MX');
INSERT INTO city_codes VALUES ('TGZ', 'Tuxtla Gutierrez', 'Mexico', 'MX');
INSERT INTO city_codes VALUES ('UPN', 'Uruapan', 'Mexico', 'MX');
INSERT INTO city_codes VALUES ('VER', 'Veracruz', 'Mexico', 'MX');
INSERT INTO city_codes VALUES ('VSA', 'Villahermosa', 'Mexico', 'MX');
INSERT INTO city_codes VALUES ('ZCL', 'Zacatecas', 'Mexico', 'MX');
INSERT INTO city_codes VALUES ('ULN', 'Ulaanbaatar', 'Mongolia', 'MN');
INSERT INTO city_codes VALUES ('AGA', 'Agadir', 'Morocco', 'MA');
INSERT INTO city_codes VALUES ('AHU', 'Al Hoceima', 'Morocco', 'MA');
INSERT INTO city_codes VALUES ('CAS', 'Casablanca', 'Morocco', 'MA');
INSERT INTO city_codes VALUES ('CMN', 'Casablanca', 'Morocco', 'MA');
INSERT INTO city_codes VALUES ('FEZ', 'Fes', 'Morocco', 'MA');
INSERT INTO city_codes VALUES ('RAK', 'Marrakech', 'Morocco', 'MA');
INSERT INTO city_codes VALUES ('OZZ', 'Ouarzazate', 'Morocco', 'MA');
INSERT INTO city_codes VALUES ('OUD', 'Oujda', 'Morocco', 'MA');
INSERT INTO city_codes VALUES ('RBA', 'Rabat,Sale', 'Morocco', 'MA');
INSERT INTO city_codes VALUES ('TNG', 'Tangier', 'Morocco', 'MA');
INSERT INTO city_codes VALUES ('BEW', 'Beira', 'Mozambique', 'MZ');
INSERT INTO city_codes VALUES ('MPM', 'Maputo Intl', 'Mozambique', 'MZ');
INSERT INTO city_codes VALUES ('MDL', 'Mandalay', 'Myanmar', 'MM');
INSERT INTO city_codes VALUES ('RGN', 'Rangoon(Yangon)', 'Myanmar', 'MM');
INSERT INTO city_codes VALUES ('MPA', 'Katima Mulilo/Mpacha', 'Namibia', 'NA');
INSERT INTO city_codes VALUES ('KMP', 'Keetmanshoop', 'Namibia', 'NA');
INSERT INTO city_codes VALUES ('LUD', 'Luederitz', 'Namibia', 'NA');
INSERT INTO city_codes VALUES ('OKU', 'Mokuti', 'Namibia', 'NA');
INSERT INTO city_codes VALUES ('OND', 'Ondangwa', 'Namibia', 'NA');
INSERT INTO city_codes VALUES ('OMD', 'Oranjemund', 'Namibia', 'NA');
INSERT INTO city_codes VALUES ('NDU', 'Rundu', 'Namibia', 'NA');
INSERT INTO city_codes VALUES ('SWP', 'Swakopmund', 'Namibia', 'NA');
INSERT INTO city_codes VALUES ('TSB', 'Tsumeb', 'Namibia', 'NA');
INSERT INTO city_codes VALUES ('ERS', 'Windhoek Eros', 'Namibia', 'NA');
INSERT INTO city_codes VALUES ('WDH', 'Windhoek Intl', 'Namibia', 'NA');
INSERT INTO city_codes VALUES ('JKR', 'Janakpur', 'Nepal', 'NP');
INSERT INTO city_codes VALUES ('JIR', 'Jiri', 'Nepal', 'NP');
INSERT INTO city_codes VALUES ('JMO', 'Jomsom', 'Nepal', 'NP');
INSERT INTO city_codes VALUES ('JUM', 'Jumla', 'Nepal', 'NP');
INSERT INTO city_codes VALUES ('KTM', 'Kathmandu', 'Nepal', 'NP');
INSERT INTO city_codes VALUES ('AMS', 'Amsterdam', 'Netherlands', 'NL');
INSERT INTO city_codes VALUES ('HAG', 'The Hague', 'Netherlands', 'NL');
INSERT INTO city_codes VALUES ('EIN', 'Eindhoven', 'Netherlands', 'NL');
INSERT INTO city_codes VALUES ('GRQ', 'Groningen', 'Netherlands', 'NL');
INSERT INTO city_codes VALUES ('LEY', 'Lelystad', 'Netherlands', 'NL');
INSERT INTO city_codes VALUES ('MST', 'Maastricht/Aachen', 'Netherlands', 'NL');
INSERT INTO city_codes VALUES ('RTM', 'Rotterdam', 'Netherlands', 'NL');
INSERT INTO city_codes VALUES ('UDE', 'Uden, Volkel', 'Netherlands', 'NL');
INSERT INTO city_codes VALUES ('BON', 'Bonaire', 'Netherlands Antilles', 'AN');
INSERT INTO city_codes VALUES ('CUR', 'Curacao', 'Netherlands Antilles', 'AN');
INSERT INTO city_codes VALUES ('SXM', 'St. Marteen', 'Netherlands Antilles', 'AN');
INSERT INTO city_codes VALUES ('ILP', 'Ile des Pins', 'New Caledonia', 'NC');
INSERT INTO city_codes VALUES ('IOU', 'Ile Ouen', 'New Caledonia', 'NC');
INSERT INTO city_codes VALUES ('MEE', 'Mare', 'New Caledonia', 'NC');
INSERT INTO city_codes VALUES ('NOU', 'Noumea', 'New Caledonia', 'NC');
INSERT INTO city_codes VALUES ('TOU', 'Touho', 'New Caledonia', 'NC');
INSERT INTO city_codes VALUES ('AKL', 'Auckland Intl', 'New Zealand', 'NZ');
INSERT INTO city_codes VALUES ('BHE', 'Blenheim', 'New Zealand', 'NZ');
INSERT INTO city_codes VALUES ('CHC', 'Christchurch', 'New Zealand', 'NZ');
INSERT INTO city_codes VALUES ('DUD', 'Dunedin', 'New Zealand', 'NZ');
INSERT INTO city_codes VALUES ('HLZ', 'Hamilton', 'New Zealand', 'NZ');
INSERT INTO city_codes VALUES ('IVC', 'Invercargill', 'New Zealand', 'NZ');
INSERT INTO city_codes VALUES ('MFN', 'Milford Sound', 'New Zealand', 'NZ');
INSERT INTO city_codes VALUES ('GTN', 'Mount Cook', 'New Zealand', 'NZ');
INSERT INTO city_codes VALUES ('NSN', 'Nelson', 'New Zealand', 'NZ');
INSERT INTO city_codes VALUES ('PMR', 'Palmerston North', 'New Zealand', 'NZ');
INSERT INTO city_codes VALUES ('ZQN', 'Queenstown', 'New Zealand', 'NZ');
INSERT INTO city_codes VALUES ('ROT', 'Rotorua', 'New Zealand', 'NZ');
INSERT INTO city_codes VALUES ('TEU', 'Te Anau', 'New Zealand', 'NZ');
INSERT INTO city_codes VALUES ('WLG', 'Wellington', 'New Zealand', 'NZ');
INSERT INTO city_codes VALUES ('WHK', 'Whakatane', 'New Zealand', 'NZ');
INSERT INTO city_codes VALUES ('WRE', 'Whangarei', 'New Zealand', 'NZ');
INSERT INTO city_codes VALUES ('MGA', 'Managua', 'Nicaragua', 'NI');
INSERT INTO city_codes VALUES ('AJY', 'Agades', 'Niger', 'NE');
INSERT INTO city_codes VALUES ('RLT', 'Arlit', 'Niger', 'NE');
INSERT INTO city_codes VALUES ('MFQ', 'Maradi', 'Niger', 'NE');
INSERT INTO city_codes VALUES ('NIM', 'Niamey', 'Niger', 'NE');
INSERT INTO city_codes VALUES ('ZND', 'Zinder', 'Niger', 'NE');
INSERT INTO city_codes VALUES ('ABV', 'Abuja', 'Nigeria', 'NG');
INSERT INTO city_codes VALUES ('JOS', 'Jos', 'Nigeria', 'NG');
INSERT INTO city_codes VALUES ('KAN', 'Kano', 'Nigeria', 'NG');
INSERT INTO city_codes VALUES ('LOS', 'Lagos', 'Nigeria', 'NG');
INSERT INTO city_codes VALUES ('PHC', 'Port Harcourt', 'Nigeria', 'NG');
INSERT INTO city_codes VALUES ('SPN', 'Saipan', 'Northern Mariana Islands', 'MP');
INSERT INTO city_codes VALUES ('AES', 'Alesund', 'Norway', 'NO');
INSERT INTO city_codes VALUES ('ALF', 'Alta', 'Norway', 'NO');
INSERT INTO city_codes VALUES ('BDU', 'Bardufoss', 'Norway', 'NO');
INSERT INTO city_codes VALUES ('BGO', 'Bergen', 'Norway', 'NO');
INSERT INTO city_codes VALUES ('BOO', 'Bodo', 'Norway', 'NO');
INSERT INTO city_codes VALUES ('BNN', 'Broennoeysund', 'Norway', 'NO');
INSERT INTO city_codes VALUES ('EVE', 'Evenes', 'Norway', 'NO');
INSERT INTO city_codes VALUES ('FRO', 'Floro', 'Norway', 'NO');
INSERT INTO city_codes VALUES ('HFT', 'Hammerfest', 'Norway', 'NO');
INSERT INTO city_codes VALUES ('HAU', 'Haugesund', 'Norway', 'NO');
INSERT INTO city_codes VALUES ('KKN', 'Kirkenes', 'Norway', 'NO');
INSERT INTO city_codes VALUES ('KRS', 'Kristiansand', 'Norway', 'NO');
INSERT INTO city_codes VALUES ('KSU', 'Kristiansund', 'Norway', 'NO');
INSERT INTO city_codes VALUES ('LKL', 'Lakselv', 'Norway', 'NO');
INSERT INTO city_codes VALUES ('OSL', 'Oslo', 'Norway', 'NO');
INSERT INTO city_codes VALUES ('FBU', 'Oslo,Fornebu', 'Norway', 'NO');
INSERT INTO city_codes VALUES ('TRF', 'Oslo,Sandefjord', 'Norway', 'NO');
INSERT INTO city_codes VALUES ('SOG', 'Sogndal', 'Norway', 'NO');
INSERT INTO city_codes VALUES ('SVG', 'Stavanger', 'Norway', 'NO');
INSERT INTO city_codes VALUES ('TOS', 'Tromsoe', 'Norway', 'NO');
INSERT INTO city_codes VALUES ('TRD', 'Trondheim', 'Norway', 'NO');
INSERT INTO city_codes VALUES ('MCT', 'Muscat- Seeb', 'Oman', 'OM');
INSERT INTO city_codes VALUES ('SLL', 'Salalah', 'Oman', 'OM');
INSERT INTO city_codes VALUES ('BHV', 'Bahawalpur', 'Pakistan', 'PK');
INSERT INTO city_codes VALUES ('BNP', 'Bannu', 'Pakistan', 'PK');
INSERT INTO city_codes VALUES ('CJL', 'Chitral', 'Pakistan', 'PK');
INSERT INTO city_codes VALUES ('DSK', 'Dera Ismail Khan', 'Pakistan', 'PK');
INSERT INTO city_codes VALUES ('LYP', 'Faisalabad', 'Pakistan', 'PK');
INSERT INTO city_codes VALUES ('GIL', 'Gilgit', 'Pakistan', 'PK');
INSERT INTO city_codes VALUES ('GWD', 'Gwadar', 'Pakistan', 'PK');
INSERT INTO city_codes VALUES ('HDD', 'Hyderabad', 'Pakistan', 'PK');
INSERT INTO city_codes VALUES ('ISB', 'Islamabad', 'Pakistan', 'PK');
INSERT INTO city_codes VALUES ('JAG', 'Jacobabad', 'Pakistan', 'PK');
INSERT INTO city_codes VALUES ('JIW', 'Jiwani', 'Pakistan', 'PK');
INSERT INTO city_codes VALUES ('KHI', 'Karachi', 'Pakistan', 'PK');
INSERT INTO city_codes VALUES ('KDD', 'Khuzdar', 'Pakistan', 'PK');
INSERT INTO city_codes VALUES ('OHT', 'Kohat', 'Pakistan', 'PK');
INSERT INTO city_codes VALUES ('LHE', 'Lahore', 'Pakistan', 'PK');
INSERT INTO city_codes VALUES ('MWD', 'Mianwali', 'Pakistan', 'PK');
INSERT INTO city_codes VALUES ('QML', 'Mirpur', 'Pakistan', 'PK');
INSERT INTO city_codes VALUES ('MJD', 'Moenjodaro', 'Pakistan', 'PK');
INSERT INTO city_codes VALUES ('MUX', 'Multan', 'Pakistan', 'PK');
INSERT INTO city_codes VALUES ('MFG', 'Muzaffarabad', 'Pakistan', 'PK');
INSERT INTO city_codes VALUES ('WNS', 'Nawab Shah', 'Pakistan', 'PK');
INSERT INTO city_codes VALUES ('PJG', 'Panjgur', 'Pakistan', 'PK');
INSERT INTO city_codes VALUES ('PSI', 'Pasni', 'Pakistan', 'PK');
INSERT INTO city_codes VALUES ('PEW', 'Peshawar', 'Pakistan', 'PK');
INSERT INTO city_codes VALUES ('UET', 'Quetta', 'Pakistan', 'PK');
INSERT INTO city_codes VALUES ('RYK', 'Rahim Yar Khan', 'Pakistan', 'PK');
INSERT INTO city_codes VALUES ('RAZ', 'Rawala Kot', 'Pakistan', 'PK');
INSERT INTO city_codes VALUES ('RWP', 'Rawalpindi', 'Pakistan', 'PK');
INSERT INTO city_codes VALUES ('SDT', 'Saidu Sharif', 'Pakistan', 'PK');
INSERT INTO city_codes VALUES ('MPD', 'Sindhri', 'Pakistan', 'PK');
INSERT INTO city_codes VALUES ('KDU', 'Skardu', 'Pakistan', 'PK');
INSERT INTO city_codes VALUES ('SUL', 'Sui', 'Pakistan', 'PK');
INSERT INTO city_codes VALUES ('SKZ', 'Sukkur', 'Pakistan', 'PK');
INSERT INTO city_codes VALUES ('TUK', 'Turbat', 'Pakistan', 'PK');
INSERT INTO city_codes VALUES ('PZH', 'Zhob', 'Pakistan', 'PK');
INSERT INTO city_codes VALUES ('JQE', 'Jaque ', 'Panama', 'PA');
INSERT INTO city_codes VALUES ('PTY', 'Panama City', 'Panama', 'PA');
INSERT INTO city_codes VALUES ('AYU', 'Aiyura', 'Papua New Guinea', 'PG');
INSERT INTO city_codes VALUES ('AZB', 'Amazon Bay', 'Papua New Guinea', 'PG');
INSERT INTO city_codes VALUES ('JAQ', 'Jacquinot Bay', 'Papua New Guinea', 'PG');
INSERT INTO city_codes VALUES ('LAE', 'Lae', 'Papua New Guinea', 'PG');
INSERT INTO city_codes VALUES ('MFO', 'Manguna', 'Papua New Guinea', 'PG');
INSERT INTO city_codes VALUES ('POM', 'Port Moresby', 'Papua New Guinea', 'PG');
INSERT INTO city_codes VALUES ('ASU', 'Asuncion', 'Paraguay', 'PY');
INSERT INTO city_codes VALUES ('IQT', 'Iquitos', 'Peru', 'PE');
INSERT INTO city_codes VALUES ('JAU', 'Jauja', 'Peru', 'PE');
INSERT INTO city_codes VALUES ('JJI', 'Juanjui', 'Peru', 'PE');
INSERT INTO city_codes VALUES ('JUL', 'Juliaca', 'Peru', 'PE');
INSERT INTO city_codes VALUES ('LIM', 'Lima', 'Peru', 'PE');
INSERT INTO city_codes VALUES ('CBU', 'Cebu', 'Philippines', 'PH');
INSERT INTO city_codes VALUES ('CYU', 'Cuyo', 'Philippines', 'PH');
INSERT INTO city_codes VALUES ('JOL', 'Jolo', 'Philippines', 'PH');
INSERT INTO city_codes VALUES ('NOP', 'Mactan Island', 'Philippines', 'PH');
INSERT INTO city_codes VALUES ('MNL', 'Manila', 'Philippines', 'PH');
INSERT INTO city_codes VALUES ('GDN', 'Gdansk', 'Poland', 'PL');
INSERT INTO city_codes VALUES ('KRK', 'Krakau', 'Poland', 'PL');
INSERT INTO city_codes VALUES ('POZ', 'Poznan, Lawica', 'Poland', 'PL');
INSERT INTO city_codes VALUES ('SZZ', 'Stettin', 'Poland', 'PL');
INSERT INTO city_codes VALUES ('WAW', 'Warsaw', 'Poland', 'PL');
INSERT INTO city_codes VALUES ('FAO', 'Faro', 'Portugal', 'PT');
INSERT INTO city_codes VALUES ('FNC', 'Funchal', 'Portugal', 'PT');
INSERT INTO city_codes VALUES ('HOR', 'Horta', 'Portugal', 'PT');
INSERT INTO city_codes VALUES ('LIS', 'Lisbon', 'Portugal', 'PT');
INSERT INTO city_codes VALUES ('PDL', 'Ponta Delgada', 'Portugal', 'PT');
INSERT INTO city_codes VALUES ('OPO', 'Porto', 'Portugal', 'PT');
INSERT INTO city_codes VALUES ('PXO', 'Porto Santo', 'Portugal', 'PT');
INSERT INTO city_codes VALUES ('SMA', 'Santa Maria', 'Portugal', 'PT');
INSERT INTO city_codes VALUES ('TER', 'Terceira', 'Portugal', 'PT');
INSERT INTO city_codes VALUES ('BQN', 'Aguadilla', 'Puerto Rico', 'PR');
INSERT INTO city_codes VALUES ('MAZ', 'Mayaguez', 'Puerto Rico', 'PR');
INSERT INTO city_codes VALUES ('PSE', 'Ponce', 'Puerto Rico', 'PR');
INSERT INTO city_codes VALUES ('SJU', 'San Juan', 'Puerto Rico', 'PR');
INSERT INTO city_codes VALUES ('DOH', 'Doha', 'Qatar', 'QA');
INSERT INTO city_codes VALUES ('RUN', 'Saint Denis', 'Reunion', 'RE');
INSERT INTO city_codes VALUES ('BUH', 'Bucharest', 'Romania', 'RO');
INSERT INTO city_codes VALUES ('OTP', 'Bucharest', 'Romania', 'RO');
INSERT INTO city_codes VALUES ('CND', 'Constanta', 'Romania', 'RO');
INSERT INTO city_codes VALUES ('KGL', 'Kigali', 'Rwanda', 'RW');
INSERT INTO city_codes VALUES ('SVD', 'St. Vincent', 'Saint Vincent and the Grenadines', 'VC');
INSERT INTO city_codes VALUES ('UNI', 'Union Island', 'Saint Vincent and the Grenadines', 'VC');
INSERT INTO city_codes VALUES ('APW', 'Apia', 'Samoa', 'WS');
INSERT INTO city_codes VALUES ('DHA', 'Dhahran', 'Saudi Arabia', 'SA');
INSERT INTO city_codes VALUES ('JED', 'Jeddah', 'Saudi Arabia', 'SA');
INSERT INTO city_codes VALUES ('AJF', 'Jouf', 'Saudi Arabia', 'SA');
INSERT INTO city_codes VALUES ('AHB', 'Khamis Mushayat', 'Saudi Arabia', 'SA');
INSERT INTO city_codes VALUES ('MED', 'Medina', 'Saudi Arabia', 'SA');
INSERT INTO city_codes VALUES ('RUH', 'Riyadh', 'Saudi Arabia', 'SA');
INSERT INTO city_codes VALUES ('TUU', 'Tabuk', 'Saudi Arabia', 'SA');
INSERT INTO city_codes VALUES ('TIF', 'Taif', 'Saudi Arabia', 'SA');
INSERT INTO city_codes VALUES ('YNB', 'Yanbu', 'Saudi Arabia', 'SA');
INSERT INTO city_codes VALUES ('DKR', 'Dakar', 'Senegal', 'SN');
INSERT INTO city_codes VALUES ('SEZ', 'Mahe,Seychelles Intl', 'Seychelles', 'SC');
INSERT INTO city_codes VALUES ('FNA', 'Freetown', 'Sierra Leone', 'SL');
INSERT INTO city_codes VALUES ('SIN', 'Singapore,Changi', 'Singapore', 'SG');
INSERT INTO city_codes VALUES ('QPG', 'Singapore,Paya Lebar', 'Singapore', 'SG');
INSERT INTO city_codes VALUES ('XSP', 'Singapore,Seletar', 'Singapore', 'SG');
INSERT INTO city_codes VALUES ('LJU', 'Ljubljana', 'Slovenia', 'SI');
INSERT INTO city_codes VALUES ('MBX', 'Maribor', 'Slovenia', 'SI');
INSERT INTO city_codes VALUES ('GSI', 'Guadalcanal', 'Solomon Islands', 'SB');
INSERT INTO city_codes VALUES ('HIR', 'Honiara Henderson Intl', 'Solomon Islands', 'SB');
INSERT INTO city_codes VALUES ('MGQ', 'Mogadishu', 'Somalia', 'SO');
INSERT INTO city_codes VALUES ('AGZ', 'Aggeneys', 'South Africa', 'ZA');
INSERT INTO city_codes VALUES ('ALJ', 'Alexander Bay', 'South Africa', 'ZA');
INSERT INTO city_codes VALUES ('ADY', 'Alldays', 'South Africa', 'ZA');
INSERT INTO city_codes VALUES ('BFN', 'Bloemfontein', 'South Africa', 'ZA');
INSERT INTO city_codes VALUES ('CPT', 'Cape Town', 'South Africa', 'ZA');
INSERT INTO city_codes VALUES ('DUR', 'Durban', 'South Africa', 'ZA');
INSERT INTO city_codes VALUES ('ELS', 'East London', 'South Africa', 'ZA');
INSERT INTO city_codes VALUES ('ELL', 'Ellisras', 'South Africa', 'ZA');
INSERT INTO city_codes VALUES ('GRJ', 'George', 'South Africa', 'ZA');
INSERT INTO city_codes VALUES ('JNB', 'Johannesburg', 'South Africa', 'ZA');
INSERT INTO city_codes VALUES ('KIM', 'Kimberley', 'South Africa', 'ZA');
INSERT INTO city_codes VALUES ('KLZ', 'Kleinsee', 'South Africa', 'ZA');
INSERT INTO city_codes VALUES ('HLA', 'Lanseria', 'South Africa', 'ZA');
INSERT INTO city_codes VALUES ('LUJ', 'Lusisiki', 'South Africa', 'ZA');
INSERT INTO city_codes VALUES ('MGH', 'Margate', 'South Africa', 'ZA');
INSERT INTO city_codes VALUES ('MEZ', 'Messina', 'South Africa', 'ZA');
INSERT INTO city_codes VALUES ('MBM', 'Mkambati', 'South Africa', 'ZA');
INSERT INTO city_codes VALUES ('MZY', 'Mossel Bay', 'South Africa', 'ZA');
INSERT INTO city_codes VALUES ('MZF', 'Mzamba', 'South Africa', 'ZA');
INSERT INTO city_codes VALUES ('NLP', 'Nelspruit', 'South Africa', 'ZA');
INSERT INTO city_codes VALUES ('MQP', 'Nelspruit', 'South Africa', 'ZA');
INSERT INTO city_codes VALUES ('NCS', 'Newcastle', 'South Africa', 'ZA');
INSERT INTO city_codes VALUES ('OUH', 'Oudtshoorn', 'South Africa', 'ZA');
INSERT INTO city_codes VALUES ('PHW', 'Phalaborwa', 'South Africa', 'ZA');
INSERT INTO city_codes VALUES ('PZB', 'Pietermaritzburg', 'South Africa', 'ZA');
INSERT INTO city_codes VALUES ('PTG', 'Pietersburg', 'South Africa', 'ZA');
INSERT INTO city_codes VALUES ('NTY', 'Pilanesberg/Sun City', 'South Africa', 'ZA');
INSERT INTO city_codes VALUES ('PBZ', 'Plettenberg Bay', 'South Africa', 'ZA');
INSERT INTO city_codes VALUES ('PLZ', 'Port Elizabeth', 'South Africa', 'ZA');
INSERT INTO city_codes VALUES ('PRY', 'Pretoria', 'South Africa', 'ZA');
INSERT INTO city_codes VALUES ('RCB', 'Richards Bay', 'South Africa', 'ZA');
INSERT INTO city_codes VALUES ('SIS', 'Sishen', 'South Africa', 'ZA');
INSERT INTO city_codes VALUES ('SZK', 'Skukuza', 'South Africa', 'ZA');
INSERT INTO city_codes VALUES ('SBU', 'Springbok', 'South Africa', 'ZA');
INSERT INTO city_codes VALUES ('TCU', 'Thaba''Nchu', 'South Africa', 'ZA');
INSERT INTO city_codes VALUES ('ULD', 'Ulundi', 'South Africa', 'ZA');
INSERT INTO city_codes VALUES ('UTT', 'Umtata', 'South Africa', 'ZA');
INSERT INTO city_codes VALUES ('UTN', 'Upington', 'South Africa', 'ZA');
INSERT INTO city_codes VALUES ('VYD', 'Vryheid', 'South Africa', 'ZA');
INSERT INTO city_codes VALUES ('WVB', 'Walvis Bay', 'South Africa', 'ZA');
INSERT INTO city_codes VALUES ('WEL', 'Welkom', 'South Africa', 'ZA');
INSERT INTO city_codes VALUES ('ALC', 'Alicante', 'Spain', 'ES');
INSERT INTO city_codes VALUES ('LEI', 'Almeria', 'Spain', 'ES');
INSERT INTO city_codes VALUES ('ACE', 'Arrecife', 'Spain', 'ES');
INSERT INTO city_codes VALUES ('BJZ', 'Badajoz', 'Spain', 'ES');
INSERT INTO city_codes VALUES ('BCN', 'Barcelona', 'Spain', 'ES');
INSERT INTO city_codes VALUES ('BIO', 'Bilbao', 'Spain', 'ES');
INSERT INTO city_codes VALUES ('ODB', 'Cordoba', 'Spain', 'ES');
INSERT INTO city_codes VALUES ('FUE', 'Fuerteventura', 'Spain', 'ES');
INSERT INTO city_codes VALUES ('GRO', 'Gerona', 'Spain', 'ES');
INSERT INTO city_codes VALUES ('GRX', 'Granada', 'Spain', 'ES');
INSERT INTO city_codes VALUES ('XRY', 'Jerez de la Frontera', 'Spain', 'ES');
INSERT INTO city_codes VALUES ('LCG', 'La Coruna', 'Spain', 'ES');
INSERT INTO city_codes VALUES ('LPA', 'Las Palmas', 'Spain', 'ES');
INSERT INTO city_codes VALUES ('MAD', 'Madrid- Barajas', 'Spain', 'ES');
INSERT INTO city_codes VALUES ('MAH', 'Mahon', 'Spain', 'ES');
INSERT INTO city_codes VALUES ('AGP', 'Malaga', 'Spain', 'ES');
INSERT INTO city_codes VALUES ('MJV', 'Murcia', 'Spain', 'ES');
INSERT INTO city_codes VALUES ('OVD', 'Oviedo', 'Spain', 'ES');
INSERT INTO city_codes VALUES ('PMI', 'Palma de Mallorca', 'Spain', 'ES');
INSERT INTO city_codes VALUES ('REU', 'Reus', 'Spain', 'ES');
INSERT INTO city_codes VALUES ('EAS', 'San Sebastian', 'Spain', 'ES');
INSERT INTO city_codes VALUES ('SPC', 'Santa Cruz', 'Spain', 'ES');
INSERT INTO city_codes VALUES ('SDR', 'Santander', 'Spain', 'ES');
INSERT INTO city_codes VALUES ('SCQ', 'Santiago', 'Spain', 'ES');
INSERT INTO city_codes VALUES ('SVQ', 'Sevilla', 'Spain', 'ES');
INSERT INTO city_codes VALUES ('TCI', 'Tenerife', 'Spain', 'ES');
INSERT INTO city_codes VALUES ('TFS', 'Tenerife,Sur', 'Spain', 'ES');
INSERT INTO city_codes VALUES ('TFN', 'Tenerife,Los', 'Spain', 'ES');
INSERT INTO city_codes VALUES ('VLC', 'Valencia', 'Spain', 'ES');
INSERT INTO city_codes VALUES ('VLL', 'Valladolid', 'Spain', 'ES');
INSERT INTO city_codes VALUES ('VDE', 'Valverde', 'Spain', 'ES');
INSERT INTO city_codes VALUES ('VGO', 'Vigo', 'Spain', 'ES');
INSERT INTO city_codes VALUES ('VIT', 'Vitoria', 'Spain', 'ES');
INSERT INTO city_codes VALUES ('ZAZ', 'Zaragoza', 'Spain', 'ES');
INSERT INTO city_codes VALUES ('CMB', 'Colombo', 'Sri Lanka', 'LK');
INSERT INTO city_codes VALUES ('JAF', 'Jaffna', 'Sri Lanka', 'LK');
INSERT INTO city_codes VALUES ('JUB', 'Juba', 'Sudan', 'SD');
INSERT INTO city_codes VALUES ('KSL', 'Kassala', 'Sudan', 'SD');
INSERT INTO city_codes VALUES ('KRT', 'Khartoum', 'Sudan', 'SD');
INSERT INTO city_codes VALUES ('PBM', 'Paramaribo', 'Suriname', 'SR');
INSERT INTO city_codes VALUES ('MTS', 'Manzini', 'Swaziland', 'SZ');
INSERT INTO city_codes VALUES ('GOT', 'Gothenburg', 'Sweden', 'SE');
INSERT INTO city_codes VALUES ('JHE', 'Helsingborg', 'Sweden', 'SE');
INSERT INTO city_codes VALUES ('JKG', 'Jonkoping', 'Sweden', 'SE');
INSERT INTO city_codes VALUES ('KLR', 'Kalmar', 'Sweden', 'SE');
INSERT INTO city_codes VALUES ('KSD', 'Karlstad', 'Sweden', 'SE');
INSERT INTO city_codes VALUES ('KRN', 'Kiruna', 'Sweden', 'SE');
INSERT INTO city_codes VALUES ('KID', 'Kristianstad', 'Sweden', 'SE');
INSERT INTO city_codes VALUES ('LDK', 'Lidkoeping', 'Sweden', 'SE');
INSERT INTO city_codes VALUES ('LLA', 'Lulea', 'Sweden', 'SE');
INSERT INTO city_codes VALUES ('MMA', 'Malmo', 'Sweden', 'SE');
INSERT INTO city_codes VALUES ('MMX', 'Malmo', 'Sweden', 'SE');
INSERT INTO city_codes VALUES ('NRK', 'Norrkoeping', 'Sweden', 'SE');
INSERT INTO city_codes VALUES ('ORB', 'Oerebro', 'Sweden', 'SE');
INSERT INTO city_codes VALUES ('RNB', 'Ronneby', 'Sweden', 'SE');
INSERT INTO city_codes VALUES ('STO', 'StockholmMetropolitan Area', 'Sweden', 'SE');
INSERT INTO city_codes VALUES ('ARN', 'Stockholm- Arlanda', 'Sweden', 'SE');
INSERT INTO city_codes VALUES ('BMA', 'Stockholm- Bromma', 'Sweden', 'SE');
INSERT INTO city_codes VALUES ('SDL', 'Sundsvall', 'Sweden', 'SE');
INSERT INTO city_codes VALUES ('UME', 'Umea', 'Sweden', 'SE');
INSERT INTO city_codes VALUES ('VXO', 'Vaexjoe', 'Sweden', 'SE');
INSERT INTO city_codes VALUES ('VST', 'Vasteras', 'Sweden', 'SE');
INSERT INTO city_codes VALUES ('VBY', 'Visby', 'Sweden', 'SE');
INSERT INTO city_codes VALUES ('ACH', 'Altenrhein', 'Switzerland', 'CH');
INSERT INTO city_codes VALUES ('BSL', 'Basel', 'Switzerland', 'CH');
INSERT INTO city_codes VALUES ('BRN', 'Berne', 'Switzerland', 'CH');
INSERT INTO city_codes VALUES ('ZDJ', 'Berne', 'Switzerland', 'CH');
INSERT INTO city_codes VALUES ('GVA', 'Geneva', 'Switzerland', 'CH');
INSERT INTO city_codes VALUES ('LUG', 'Lugano', 'Switzerland', 'CH');
INSERT INTO city_codes VALUES ('ZRH', 'Zurich(Zrich)', 'Switzerland', 'CH');
INSERT INTO city_codes VALUES ('DYU', 'Dushanbe', 'Tajikistan', 'TJ');
INSERT INTO city_codes VALUES ('BKK', 'Bangkok', 'Thailand', 'TH');
INSERT INTO city_codes VALUES ('CNX', 'Chiang Mai', 'Thailand', 'TH');
INSERT INTO city_codes VALUES ('HDY', 'Hatyai', 'Thailand', 'TH');
INSERT INTO city_codes VALUES ('NST', 'Nakhon Si Thammarat', 'Thailand', 'TH');
INSERT INTO city_codes VALUES ('PYX', 'Pattaya', 'Thailand', 'TH');
INSERT INTO city_codes VALUES ('HKT', 'Phuket', 'Thailand', 'TH');
INSERT INTO city_codes VALUES ('UBP', 'Ubon Ratchathani ', 'Thailand', 'TH');
INSERT INTO city_codes VALUES ('UTH', 'Udon Thani', 'Thailand', 'TH');
INSERT INTO city_codes VALUES ('UTP', 'Utapao (Pattaya)', 'Thailand', 'TH');
INSERT INTO city_codes VALUES ('LFW', 'Lome', 'Togo', 'TG');
INSERT INTO city_codes VALUES ('TBU', 'Nuku''alofa', 'Tonga', 'TO');
INSERT INTO city_codes VALUES ('POS', 'Port of Spain', 'Trinidad and Tobago', 'TT');
INSERT INTO city_codes VALUES ('TAB', 'Tobago', 'Trinidad and Tobago', 'TT');
INSERT INTO city_codes VALUES ('DJE', 'Djerba', 'Tunisia', 'TN');
INSERT INTO city_codes VALUES ('MIR', 'Monastir', 'Tunisia', 'TN');
INSERT INTO city_codes VALUES ('SFA', 'Sfax', 'Tunisia', 'TN');
INSERT INTO city_codes VALUES ('TUN', 'Tunis- Carthage', 'Tunisia', 'TN');
INSERT INTO city_codes VALUES ('ADA', 'Adana', 'Turkey', 'TR');
INSERT INTO city_codes VALUES ('ADF', 'Adiyaman', 'Turkey', 'TR');
INSERT INTO city_codes VALUES ('ANK', 'Ankara', 'Turkey', 'TR');
INSERT INTO city_codes VALUES ('ESB', 'Ankara,Esenbo?a Intl', 'Turkey', 'TR');
INSERT INTO city_codes VALUES ('AYT', 'Antalya', 'Turkey', 'TR');
INSERT INTO city_codes VALUES ('BJV', 'Bodrum ', 'Turkey', 'TR');
INSERT INTO city_codes VALUES ('DLM', 'Dalaman', 'Turkey', 'TR');
INSERT INTO city_codes VALUES ('DNZ', 'Denizli', 'Turkey', 'TR');
INSERT INTO city_codes VALUES ('AZS', 'Elazig', 'Turkey', 'TR');
INSERT INTO city_codes VALUES ('ERC', 'Erzincan', 'Turkey', 'TR');
INSERT INTO city_codes VALUES ('ERZ', 'Erzurum', 'Turkey', 'TR');
INSERT INTO city_codes VALUES ('GZT', 'Gaziantep', 'Turkey', 'TR');
INSERT INTO city_codes VALUES ('IST', 'Istanbul', 'Turkey', 'TR');
INSERT INTO city_codes VALUES ('SAW', 'Istanbul', 'Turkey', 'TR');
INSERT INTO city_codes VALUES ('IZM', 'Izmir', 'Turkey', 'TR');
INSERT INTO city_codes VALUES ('ADB', 'Izmir,Adnan Menderes', 'Turkey', 'TR');
INSERT INTO city_codes VALUES ('KCM', 'Kahramanmaras', 'Turkey', 'TR');
INSERT INTO city_codes VALUES ('KYS', 'Kars', 'Turkey', 'TR');
INSERT INTO city_codes VALUES ('ASR', 'Kayseri', 'Turkey', 'TR');
INSERT INTO city_codes VALUES ('KYA', 'Konya', 'Turkey', 'TR');
INSERT INTO city_codes VALUES ('MLX', 'Malatya', 'Turkey', 'TR');
INSERT INTO city_codes VALUES ('MQM', 'Mardin', 'Turkey', 'TR');
INSERT INTO city_codes VALUES ('MSR', 'Mus', 'Turkey', 'TR');
INSERT INTO city_codes VALUES ('SZF', 'Samsun', 'Turkey', 'TR');
INSERT INTO city_codes VALUES ('VAS', 'Sivas', 'Turkey', 'TR');
INSERT INTO city_codes VALUES ('TEQ', 'Tekirdag - Corlu', 'Turkey', 'TR');
INSERT INTO city_codes VALUES ('TZX', 'Trabzon', 'Turkey', 'TR');
INSERT INTO city_codes VALUES ('VAN', 'Van', 'Turkey', 'TR');
INSERT INTO city_codes VALUES ('ASB', 'Ashgabat', 'Turkmenistan', 'TM');
INSERT INTO city_codes VALUES ('EBB', 'Entebbe', 'Uganda', 'UG');
INSERT INTO city_codes VALUES ('ULU', 'Gulu', 'Uganda', 'UG');
INSERT INTO city_codes VALUES ('JIN', 'Jinja', 'Uganda', 'UG');
INSERT INTO city_codes VALUES ('HRK', 'Kharkov', 'Ukraine', 'UA');
INSERT INTO city_codes VALUES ('KBP', 'Kiev,Borispol', 'Ukraine', 'UA');
INSERT INTO city_codes VALUES ('IEV', 'Kiev,Zhulhany', 'Ukraine', 'UA');
INSERT INTO city_codes VALUES ('LWO', 'Lvov, Lemberg', 'Ukraine', 'UA');
INSERT INTO city_codes VALUES ('NLV', 'Nikolaev', 'Ukraine', 'UA');
INSERT INTO city_codes VALUES ('ODS', 'Odessa', 'Ukraine', 'UA');
INSERT INTO city_codes VALUES ('SIP', 'Simferopol', 'Ukraine', 'UA');
INSERT INTO city_codes VALUES ('UDJ', 'Uzhgorod', 'Ukraine', 'UA');
INSERT INTO city_codes VALUES ('AUH', 'Abu Dhabi', 'United Arab Emirates', 'AE');
INSERT INTO city_codes VALUES ('AAN', 'Al Ain', 'United Arab Emirates', 'AE');
INSERT INTO city_codes VALUES ('DXB', 'Dubai', 'United Arab Emirates', 'AE');
INSERT INTO city_codes VALUES ('FJR', 'Fujairah, Intl', 'United Arab Emirates', 'AE');
INSERT INTO city_codes VALUES ('RKT', 'Ras al Khaymah', 'United Arab Emirates', 'AE');
INSERT INTO city_codes VALUES ('SHJ', 'Sharjah', 'United Arab Emirates', 'AE');
INSERT INTO city_codes VALUES ('ABZ', 'Aberdeen', 'United Kingdom', 'GB');
INSERT INTO city_codes VALUES ('BRR', 'Barra', 'United Kingdom', 'GB');
INSERT INTO city_codes VALUES ('BHD', 'Belfast Harbour', 'United Kingdom', 'GB');
INSERT INTO city_codes VALUES ('BFS', 'Belfast Intl', 'United Kingdom', 'GB');
INSERT INTO city_codes VALUES ('BEB', 'Benbecula', 'United Kingdom', 'GB');
INSERT INTO city_codes VALUES ('BHX', 'Birmingham Intl', 'United Kingdom', 'GB');
INSERT INTO city_codes VALUES ('BLK', 'Blackpool', 'United Kingdom', 'GB');
INSERT INTO city_codes VALUES ('BOH', 'Bournemouth', 'United Kingdom', 'GB');
INSERT INTO city_codes VALUES ('BRS', 'Bristol', 'United Kingdom', 'GB');
INSERT INTO city_codes VALUES ('CBG', 'Cambrigde', 'United Kingdom', 'GB');
INSERT INTO city_codes VALUES ('CAL', 'Campbeltown', 'United Kingdom', 'GB');
INSERT INTO city_codes VALUES ('CWL', 'Cardiff', 'United Kingdom', 'GB');
INSERT INTO city_codes VALUES ('CVT', 'Coventry', 'United Kingdom', 'GB');
INSERT INTO city_codes VALUES ('DCS', 'Doncaster', 'United Kingdom', 'GB');
INSERT INTO city_codes VALUES ('DND', 'Dundee', 'United Kingdom', 'GB');
INSERT INTO city_codes VALUES ('EXT', 'Exeter', 'United Kingdom', 'GB');
INSERT INTO city_codes VALUES ('FIE', 'Fair Isle', 'United Kingdom', 'GB');
INSERT INTO city_codes VALUES ('FOU', 'Foula', 'United Kingdom', 'GB');
INSERT INTO city_codes VALUES ('PIK', 'Glasgow, Prestwick', 'United Kingdom', 'GB');
INSERT INTO city_codes VALUES ('GLA', 'Glasgow', 'United Kingdom', 'GB');
INSERT INTO city_codes VALUES ('HUY', 'Humberside', 'United Kingdom', 'GB');
INSERT INTO city_codes VALUES ('INV', 'Inverness', 'United Kingdom', 'GB');
INSERT INTO city_codes VALUES ('ILY', 'Islay', 'United Kingdom', 'GB');
INSERT INTO city_codes VALUES ('MSE', 'Manston,Kent Intl', 'United Kingdom', 'GB');
INSERT INTO city_codes VALUES ('LQE', 'Land''s End', 'United Kingdom', 'GB');
INSERT INTO city_codes VALUES ('LBA', 'Leeds/Bradford', 'United Kingdom', 'GB');
INSERT INTO city_codes VALUES ('LWK', 'Lerwick', 'United Kingdom', 'GB');
INSERT INTO city_codes VALUES ('LPL', 'Liverpool', 'United Kingdom', 'GB');
INSERT INTO city_codes VALUES ('LON', 'LondonMetropolitan', 'United Kingdom', 'GB');
INSERT INTO city_codes VALUES ('LCY', 'London,City Apt', 'United Kingdom', 'GB');
INSERT INTO city_codes VALUES ('LGW', 'London,Gatwick', 'United Kingdom', 'GB');
INSERT INTO city_codes VALUES ('LHR', 'London,Heathrow', 'United Kingdom', 'GB');
INSERT INTO city_codes VALUES ('LTN', 'London,Luton', 'United Kingdom', 'GB');
INSERT INTO city_codes VALUES ('STN', 'London,Stansted', 'United Kingdom', 'GB');
INSERT INTO city_codes VALUES ('LDY', 'Londonderry', 'United Kingdom', 'GB');
INSERT INTO city_codes VALUES ('LYX', 'Lydd Intl', 'United Kingdom', 'GB');
INSERT INTO city_codes VALUES ('MAN', 'Manchester', 'United Kingdom', 'GB');
INSERT INTO city_codes VALUES ('NQY', 'Newquay', 'United Kingdom', 'GB');
INSERT INTO city_codes VALUES ('NCL', 'Newcastle', 'United Kingdom', 'GB');
INSERT INTO city_codes VALUES ('NWI', 'Norwich', 'United Kingdom', 'GB');
INSERT INTO city_codes VALUES ('EMA', 'Nottingham', 'United Kingdom', 'GB');
INSERT INTO city_codes VALUES ('KOI', 'Orkney', 'United Kingdom', 'GB');
INSERT INTO city_codes VALUES ('OUK', 'Out Skerries', 'United Kingdom', 'GB');
INSERT INTO city_codes VALUES ('SZD', 'Sheffield', 'United Kingdom', 'GB');
INSERT INTO city_codes VALUES ('SOU', 'Southampton', 'United Kingdom', 'GB');
INSERT INTO city_codes VALUES ('SEN', 'Southend(London)', 'United Kingdom', 'GB');
INSERT INTO city_codes VALUES ('SYY', 'Stornway', 'United Kingdom', 'GB');
INSERT INTO city_codes VALUES ('LSI', 'Sumburgh', 'United Kingdom', 'GB');
INSERT INTO city_codes VALUES ('MME', 'Teesside', 'United Kingdom', 'GB');
INSERT INTO city_codes VALUES ('UNT', 'Unst(Shetland Island)', 'United Kingdom', 'GB');
INSERT INTO city_codes VALUES ('WIC', 'Wick UK', 'United Kingdom', 'GB');
INSERT INTO city_codes VALUES ('MVD', 'Montevideo', 'Uruguay', 'UY');
INSERT INTO city_codes VALUES ('SKD', 'Samarkand', 'Uzbekistan', 'UZ');
INSERT INTO city_codes VALUES ('TAS', 'Tashkent', 'Uzbekistan', 'UZ');
INSERT INTO city_codes VALUES ('TMZ', 'Termez(Termes)', 'Uzbekistan', 'UZ');
INSERT INTO city_codes VALUES ('UGC', 'Urgench', 'Uzbekistan', 'UZ');
INSERT INTO city_codes VALUES ('VLI', 'Port Vila', 'Vanuatu', 'VU');
INSERT INTO city_codes VALUES ('SON', 'Santo', 'Vanuatu', 'VU');
INSERT INTO city_codes VALUES ('ULB', 'Ulei', 'Vanuatu', 'VU');
INSERT INTO city_codes VALUES ('BLA', 'Barcelona', 'Venezuela', 'VE');
INSERT INTO city_codes VALUES ('CCS', 'Caracas', 'Venezuela', 'VE');
INSERT INTO city_codes VALUES ('CGU', 'Ciudad Guayana', 'Venezuela', 'VE');
INSERT INTO city_codes VALUES ('MAR', 'Maracaibo', 'Venezuela', 'VE');
INSERT INTO city_codes VALUES ('PMV', 'Margerita', 'Venezuela', 'VE');
INSERT INTO city_codes VALUES ('PZO', 'Puerto Ordaz', 'Venezuela', 'VE');
INSERT INTO city_codes VALUES ('URM', 'Uriman', 'Venezuela', 'VE');
INSERT INTO city_codes VALUES ('VLN', 'Valencia', 'Venezuela', 'VE');
INSERT INTO city_codes VALUES ('HAN', 'Hanoi- Noibai', 'Viet Nam', 'VN');
INSERT INTO city_codes VALUES ('HUI', 'Hue,Phu Bai', 'Viet Nam', 'VN');
INSERT INTO city_codes VALUES ('SGN', 'Saigon', 'Viet Nam', 'VN');
INSERT INTO city_codes VALUES ('EIS', 'Beef Island', 'Virgin Islands (British)', 'VG');
INSERT INTO city_codes VALUES ('VIJ', 'Virgin Gorda', 'Virgin Islands (British)', 'VG');
INSERT INTO city_codes VALUES ('STX', 'St. Croix', 'Virgin Islands (U.S.)', 'VI');
INSERT INTO city_codes VALUES ('STT', 'St. Thomas', 'Virgin Islands (U.S.)', 'VI');
INSERT INTO city_codes VALUES ('FUT', 'Futuna', 'Wallis and Futuna Islands', 'WF');
INSERT INTO city_codes VALUES ('WLS', 'Wallis', 'Wallis and Futuna Islands', 'WF');
INSERT INTO city_codes VALUES ('ADE', 'Aden Intl', 'Yemen', 'YE');
INSERT INTO city_codes VALUES ('SAH', 'Sanaa Intl', 'Yemen', 'YE');
INSERT INTO city_codes VALUES ('CIP', 'Chipata', 'Zambia', 'ZM');
INSERT INTO city_codes VALUES ('KIW', 'Kitwe', 'Zambia', 'ZM');
INSERT INTO city_codes VALUES ('LUN', 'Lusaka', 'Zambia', 'ZM');
INSERT INTO city_codes VALUES ('MFU', 'Mfuwe', 'Zambia', 'ZM');
INSERT INTO city_codes VALUES ('NLA', 'N''Dola', 'Zambia', 'ZM');
INSERT INTO city_codes VALUES ('BFO', 'Buffalo Range', 'Zimbabwe', 'ZW');
INSERT INTO city_codes VALUES ('BUQ', 'Bulawayo', 'Zimbabwe', 'ZW');
INSERT INTO city_codes VALUES ('GWE', 'Gweru', 'Zimbabwe', 'ZW');
INSERT INTO city_codes VALUES ('HRE', 'Harare', 'Zimbabwe', 'ZW');
INSERT INTO city_codes VALUES ('HWN', 'Hwange Nat Park', 'Zimbabwe', 'ZW');
INSERT INTO city_codes VALUES ('MVZ', 'Masvingo', 'Zimbabwe', 'ZW');
INSERT INTO city_codes VALUES ('SAY', 'Salisbury', 'Zimbabwe', 'ZW');
INSERT INTO city_codes VALUES ('VFA', 'Victoria Falls', 'Zimbabwe', 'ZW');


INSERT INTO rate_types (rate_type_id, rate_type_name, details) VALUES (1, 'Smart Plan Plus', NULL);
INSERT INTO rate_types (rate_type_id, rate_type_name, details) VALUES (2, 'Smart Plan', NULL);
INSERT INTO rate_types (rate_type_id, rate_type_name, details) VALUES (3, 'Budget Plan', NULL);
INSERT INTO rate_types (rate_type_id, rate_type_name, details) VALUES (4, 'Schengen Plan', NULL);
INSERT INTO rate_types (rate_type_id, rate_type_name, details) VALUES (5, 'Student Plan', NULL);

SELECT pg_catalog.setval('rate_types_rate_type_id_seq', 5, true);


INSERT INTO benefit_types (benefit_type_id, benefit_type_name, details) VALUES (1, 'Medical Expences', NULL);
INSERT INTO benefit_types (benefit_type_id, benefit_type_name, details) VALUES (2, 'Deductable', NULL);
INSERT INTO benefit_types (benefit_type_id, benefit_type_name, details) VALUES (3, 'Dental Expenses', NULL);
INSERT INTO benefit_types (benefit_type_id, benefit_type_name, details) VALUES (4, 'Optical Expenses', NULL);
INSERT INTO benefit_types (benefit_type_id, benefit_type_name, details) VALUES (5, 'Follow up Treatment', NULL);
INSERT INTO benefit_types (benefit_type_id, benefit_type_name, details) VALUES (6, 'Medical Evacuation and Expenses', NULL);
INSERT INTO benefit_types (benefit_type_id, benefit_type_name, details) VALUES (7, 'Coffin Expenses', NULL);
INSERT INTO benefit_types (benefit_type_id, benefit_type_name, details) VALUES (8, 'Return of Mortal Remains', NULL);
INSERT INTO benefit_types (benefit_type_id, benefit_type_name, details) VALUES (9, 'Personal Accident', NULL);
INSERT INTO benefit_types (benefit_type_id, benefit_type_name, details) VALUES (10, 'Accompanying family member', NULL);
INSERT INTO benefit_types (benefit_type_id, benefit_type_name, details) VALUES (12, 'SAS Assistance', 'Cash Advance
Consular Referral
Emergency Accommodation
Travel Arrangements and transmission of urgent messages

');
INSERT INTO benefit_types (benefit_type_id, benefit_type_name, details) VALUES (13, 'Return of Accompanying Children', NULL);
INSERT INTO benefit_types (benefit_type_id, benefit_type_name, details) VALUES (14, 'Legal Assistance Abroad', NULL);
INSERT INTO benefit_types (benefit_type_id, benefit_type_name, details) VALUES (11, 'Return of Travel companion', NULL);

SELECT pg_catalog.setval('benefit_types_benefit_type_id_seq', 14, true);


INSERT INTO benefits (benefit_id, rate_type_id, benefit_type_id, individual, others) VALUES (2, 1, 10, 'USD 5,000', NULL);
INSERT INTO benefits (benefit_id, rate_type_id, benefit_type_id, individual, others) VALUES (6, 1, 4, 'US$400 for illness.injury covered under medical expenses', NULL);
INSERT INTO benefits (benefit_id, rate_type_id, benefit_type_id, individual, others) VALUES (7, 1, 3, 'USD 1000', NULL);
INSERT INTO benefits (benefit_id, rate_type_id, benefit_type_id, individual, others) VALUES (8, 1, 2, 'USD 100
Both outpatient and inpatient', NULL);
INSERT INTO benefits (benefit_id, rate_type_id, benefit_type_id, individual, others) VALUES (9, 1, 5, 'USD 2000', NULL);
INSERT INTO benefits (benefit_id, rate_type_id, benefit_type_id, individual, others) VALUES (10, 1, 9, 'USD 30000', NULL);
INSERT INTO benefits (benefit_id, rate_type_id, benefit_type_id, individual, others) VALUES (11, 1, 6, 'US$50,000', NULL);
INSERT INTO benefits (benefit_id, rate_type_id, benefit_type_id, individual, others) VALUES (12, 1, 11, 'USD 5000', NULL);
INSERT INTO benefits (benefit_id, rate_type_id, benefit_type_id, individual, others) VALUES (13, 1, 12, 'SAS Assistance', NULL);
INSERT INTO benefits (benefit_id, rate_type_id, benefit_type_id, individual, others) VALUES (14, 1, 13, 'USD 5000', NULL);
INSERT INTO benefits (benefit_id, rate_type_id, benefit_type_id, individual, others) VALUES (15, 1, 14, 'USD 1000', NULL);
INSERT INTO benefits (benefit_id, rate_type_id, benefit_type_id, individual, others) VALUES (16, 2, 2, 'USD 100
Both outpatient and in patient', NULL);
INSERT INTO benefits (benefit_id, rate_type_id, benefit_type_id, individual, others) VALUES (17, 2, 1, 'USD 200,000', NULL);
INSERT INTO benefits (benefit_id, rate_type_id, benefit_type_id, individual, others) VALUES (18, 2, 3, 'USD 1000', NULL);
INSERT INTO benefits (benefit_id, rate_type_id, benefit_type_id, individual, others) VALUES (1, 1, 1, 'USD 325,000', NULL);
INSERT INTO benefits (benefit_id, rate_type_id, benefit_type_id, individual, others) VALUES (19, 2, 4, 'USD 400 for illness.injury covered under medical expenses', NULL);
INSERT INTO benefits (benefit_id, rate_type_id, benefit_type_id, individual, others) VALUES (20, 2, 5, 'USD 500', NULL);
INSERT INTO benefits (benefit_id, rate_type_id, benefit_type_id, individual, others) VALUES (21, 2, 6, 'USD 20,000', NULL);
INSERT INTO benefits (benefit_id, rate_type_id, benefit_type_id, individual, others) VALUES (22, 2, 8, 'USD 20,000', NULL);
INSERT INTO benefits (benefit_id, rate_type_id, benefit_type_id, individual, others) VALUES (23, 2, 7, 'USD 750', NULL);
INSERT INTO benefits (benefit_id, rate_type_id, benefit_type_id, individual, others) VALUES (24, 2, 9, 'USD 25,000', NULL);
INSERT INTO benefits (benefit_id, rate_type_id, benefit_type_id, individual, others) VALUES (25, 2, 12, 'SAS Assistance', NULL);
INSERT INTO benefits (benefit_id, rate_type_id, benefit_type_id, individual, others) VALUES (26, 2, 10, 'USD 3,500', NULL);
INSERT INTO benefits (benefit_id, rate_type_id, benefit_type_id, individual, others) VALUES (27, 2, 13, 'USD 3,500', NULL);
INSERT INTO benefits (benefit_id, rate_type_id, benefit_type_id, individual, others) VALUES (28, 2, 11, 'USD 3,500', NULL);
INSERT INTO benefits (benefit_id, rate_type_id, benefit_type_id, individual, others) VALUES (29, 2, 14, 'USD 1,000', NULL);
INSERT INTO benefits (benefit_id, rate_type_id, benefit_type_id, individual, others) VALUES (30, 3, 1, 'USD 100,000', NULL);
INSERT INTO benefits (benefit_id, rate_type_id, benefit_type_id, individual, others) VALUES (31, 3, 2, 'USD 100
for both inpatient and outpatient', NULL);
INSERT INTO benefits (benefit_id, rate_type_id, benefit_type_id, individual, others) VALUES (32, 3, 3, 'USD 1,000', NULL);
INSERT INTO benefits (benefit_id, rate_type_id, benefit_type_id, individual, others) VALUES (33, 3, 4, 'No Benefit', NULL);
INSERT INTO benefits (benefit_id, rate_type_id, benefit_type_id, individual, others) VALUES (34, 3, 5, 'No Benefit', NULL);
INSERT INTO benefits (benefit_id, rate_type_id, benefit_type_id, individual, others) VALUES (35, 3, 6, 'Benefits under medical expenses', NULL);
INSERT INTO benefits (benefit_id, rate_type_id, benefit_type_id, individual, others) VALUES (37, 3, 7, 'No Benefit', NULL);
INSERT INTO benefits (benefit_id, rate_type_id, benefit_type_id, individual, others) VALUES (38, 3, 9, 'USD 25,000', NULL);
INSERT INTO benefits (benefit_id, rate_type_id, benefit_type_id, individual, others) VALUES (36, 3, 8, 'USD 5,000', NULL);
INSERT INTO benefits (benefit_id, rate_type_id, benefit_type_id, individual, others) VALUES (39, 3, 12, 'No Benefit', NULL);
INSERT INTO benefits (benefit_id, rate_type_id, benefit_type_id, individual, others) VALUES (40, 3, 10, 'No Benefit', NULL);
INSERT INTO benefits (benefit_id, rate_type_id, benefit_type_id, individual, others) VALUES (41, 3, 13, 'No Benefit', NULL);
INSERT INTO benefits (benefit_id, rate_type_id, benefit_type_id, individual, others) VALUES (42, 3, 11, 'No Benefit', NULL);
INSERT INTO benefits (benefit_id, rate_type_id, benefit_type_id, individual, others) VALUES (43, 3, 14, 'No Benefit', NULL);
INSERT INTO benefits (benefit_id, rate_type_id, benefit_type_id, individual, others) VALUES (44, 4, 1, 'USD 50,000', NULL);
INSERT INTO benefits (benefit_id, rate_type_id, benefit_type_id, individual, others) VALUES (45, 4, 2, 'USD 100 for both inpatient and outpatient', NULL);
INSERT INTO benefits (benefit_id, rate_type_id, benefit_type_id, individual, others) VALUES (46, 4, 3, 'USD 500', NULL);
INSERT INTO benefits (benefit_id, rate_type_id, benefit_type_id, individual, others) VALUES (47, 4, 4, 'No Benefit', NULL);
INSERT INTO benefits (benefit_id, rate_type_id, benefit_type_id, individual, others) VALUES (48, 4, 5, 'No Benefit
', NULL);
INSERT INTO benefits (benefit_id, rate_type_id, benefit_type_id, individual, others) VALUES (49, 4, 6, 'Benefit under medical expenses benefit', NULL);
INSERT INTO benefits (benefit_id, rate_type_id, benefit_type_id, individual, others) VALUES (50, 4, 8, 'USD 3,000', NULL);
INSERT INTO benefits (benefit_id, rate_type_id, benefit_type_id, individual, others) VALUES (51, 4, 7, 'No Benefit', NULL);
INSERT INTO benefits (benefit_id, rate_type_id, benefit_type_id, individual, others) VALUES (52, 4, 9, 'USD 5,000', NULL);
INSERT INTO benefits (benefit_id, rate_type_id, benefit_type_id, individual, others) VALUES (53, 4, 12, 'No Benefit', NULL);

SELECT pg_catalog.setval('benefits_benefit_id_seq', 53, true);


INSERT INTO rates (rate_id, rate_type_id, days_from, days_to, standard_rate, north_america_rate) VALUES (1, 1, 1, 8, 43, 50);
INSERT INTO rates (rate_id, rate_type_id, days_from, days_to, standard_rate, north_america_rate) VALUES (2, 1, 9, 14, 86, 101);
INSERT INTO rates (rate_id, rate_type_id, days_from, days_to, standard_rate, north_america_rate) VALUES (3, 1, 15, 21, 152, 178);
INSERT INTO rates (rate_id, rate_type_id, days_from, days_to, standard_rate, north_america_rate) VALUES (4, 1, 22, 32, 172, 201);
INSERT INTO rates (rate_id, rate_type_id, days_from, days_to, standard_rate, north_america_rate) VALUES (5, 1, 33, 49, 210, 246);
INSERT INTO rates (rate_id, rate_type_id, days_from, days_to, standard_rate, north_america_rate) VALUES (6, 1, 50, 62, 237, 278);
INSERT INTO rates (rate_id, rate_type_id, days_from, days_to, standard_rate, north_america_rate) VALUES (7, 1, 63, 92, 299, 351);
INSERT INTO rates (rate_id, rate_type_id, days_from, days_to, standard_rate, north_america_rate) VALUES (8, 1, 93, 180, 367, 431);
INSERT INTO rates (rate_id, rate_type_id, days_from, days_to, standard_rate, north_america_rate) VALUES (9, 2, 1, 8, 33, 39);
INSERT INTO rates (rate_id, rate_type_id, days_from, days_to, standard_rate, north_america_rate) VALUES (10, 2, 9, 14, 66, 86);
INSERT INTO rates (rate_id, rate_type_id, days_from, days_to, standard_rate, north_america_rate) VALUES (11, 3, 1, 8, 29, 32);
INSERT INTO rates (rate_id, rate_type_id, days_from, days_to, standard_rate, north_america_rate) VALUES (12, 2, 15, 21, 101, 161);
INSERT INTO rates (rate_id, rate_type_id, days_from, days_to, standard_rate, north_america_rate) VALUES (13, 3, 9, 14, 53, 69);
INSERT INTO rates (rate_id, rate_type_id, days_from, days_to, standard_rate, north_america_rate) VALUES (14, 2, 22, 32, 131, 191);
INSERT INTO rates (rate_id, rate_type_id, days_from, days_to, standard_rate, north_america_rate) VALUES (15, 3, 15, 21, 81, 129);
INSERT INTO rates (rate_id, rate_type_id, days_from, days_to, standard_rate, north_america_rate) VALUES (16, 2, 33, 49, 161, 232);
INSERT INTO rates (rate_id, rate_type_id, days_from, days_to, standard_rate, north_america_rate) VALUES (17, 3, 22, 32, 105, 153);
INSERT INTO rates (rate_id, rate_type_id, days_from, days_to, standard_rate, north_america_rate) VALUES (18, 2, 50, 62, 234, 274);
INSERT INTO rates (rate_id, rate_type_id, days_from, days_to, standard_rate, north_america_rate) VALUES (19, 3, 33, 49, 129, 185);
INSERT INTO rates (rate_id, rate_type_id, days_from, days_to, standard_rate, north_america_rate) VALUES (20, 2, 63, 92, 292, 342);
INSERT INTO rates (rate_id, rate_type_id, days_from, days_to, standard_rate, north_america_rate) VALUES (21, 2, 93, 180, 352, 402);
INSERT INTO rates (rate_id, rate_type_id, days_from, days_to, standard_rate, north_america_rate) VALUES (22, 3, 50, 62, 185, 226);
INSERT INTO rates (rate_id, rate_type_id, days_from, days_to, standard_rate, north_america_rate) VALUES (23, 4, 1, 8, 25, NULL);
INSERT INTO rates (rate_id, rate_type_id, days_from, days_to, standard_rate, north_america_rate) VALUES (24, 3, 63, 92, 238, 274);
INSERT INTO rates (rate_id, rate_type_id, days_from, days_to, standard_rate, north_america_rate) VALUES (25, 4, 9, 14, 48, NULL);
INSERT INTO rates (rate_id, rate_type_id, days_from, days_to, standard_rate, north_america_rate) VALUES (26, 3, 93, 180, 300, 324);
INSERT INTO rates (rate_id, rate_type_id, days_from, days_to, standard_rate, north_america_rate) VALUES (27, 4, 15, 21, 58.5, NULL);
INSERT INTO rates (rate_id, rate_type_id, days_from, days_to, standard_rate, north_america_rate) VALUES (28, 4, 22, 32, 69, NULL);
INSERT INTO rates (rate_id, rate_type_id, days_from, days_to, standard_rate, north_america_rate) VALUES (29, 4, 50, 62, 118.5, NULL);
INSERT INTO rates (rate_id, rate_type_id, days_from, days_to, standard_rate, north_america_rate) VALUES (30, 5, 1, 90, 200, 250);
INSERT INTO rates (rate_id, rate_type_id, days_from, days_to, standard_rate, north_america_rate) VALUES (31, 5, 91, 180, 260, 310);
INSERT INTO rates (rate_id, rate_type_id, days_from, days_to, standard_rate, north_america_rate) VALUES (32, 4, 63, 92, 152, NULL);
INSERT INTO rates (rate_id, rate_type_id, days_from, days_to, standard_rate, north_america_rate) VALUES (33, 5, 181, 365, 340, 450);
INSERT INTO rates (rate_id, rate_type_id, days_from, days_to, standard_rate, north_america_rate) VALUES (34, 4, 93, 180, 247, NULL);

SELECT pg_catalog.setval('rates_rate_id_seq', 34, true);

INSERT INTO portal(portal_id, portal_name, descriptions)
    VALUES (1, 'Agency Portal', 'Consultant Portal'),
	(2, 'Bima Mtandao Portal', 'Bima Mtandao Portal'),
	(3, 'Self Insured Portal', 'Self Insured Portal');

    INSERT INTO sys_emails( sys_email_id, org_id, sys_email_name,  title,  use_type) VALUES (5, 0, 'Reminder', 'Reminder',  2);
    INSERT INTO sys_emails( sys_email_id, org_id, sys_email_name,  title,  use_type) VALUES (6, 0, 'Expired', 'Expired',  3);
