CREATE SCHEMA mysqldb;

CREATE TABLE mysqldb.designation (
    id          integer,
    Title       varchar(50) NOT NULL default '',
    designation varchar(50) default NULL,
    TransDate   TIMESTAMP
);


INSERT INTO mysqldb.designation (Title, designation, TransDate, id) VALUES
('Admin Officer', NULL, NULL , 1),
('Bilingual Receptionist', NULL, NULL , 2),
('Driver', NULL, NULL , 3),
('Conflicts Thematic Manager', NULL, NULL , 4),
('ICT Officer', NULL, NULL , 5),
('HROD Manager', NULL, NULL , 6),
('M & E Coordinator', NULL, NULL , 7),
('Document Archivist', NULL, NULL , 8),
('Livelihoods Thematic Manager', NULL, NULL , 9),
('Executive Director', NULL, NULL , 10),
('Assistant Livelihoods Policy Advisor', NULL, NULL , 11),
('HIV/AIDS Thematic Manager', NULL, NULL , 12),
('Policy & Advocacy Advisor', NULL, NULL , 13),
('Funding Officer - Francophone Countries', NULL, NULL , 14),
('Funding Officer - Anglophone Countries', NULL, NULL , 15),
('Finance Officer', NULL, NULL , 16),
('Programme Accountant', NULL, NULL , 17),
('Cleaner', NULL, NULL , 18),
('Gender Thematic Manager', NULL, NULL , 19),
('Finance Manager', NULL, NULL , 20),
('Partnership Development Officer', NULL, NULL , 21),
('Communications & Media Officer', NULL, NULL , 22),
('Programme Officer', NULL, NULL , 23),
('Head of Funding & Partnership Development', NULL, NULL , 24),
('Head of Programmes Operations & Development', NULL, NULL , 25),
('Regional Programme Officer - Mainstreaming', NULL, NULL , 26),
('Head of Finance', NULL, NULL , 27),
('Finance Assistant', NULL, NULL , 28),
('Finance & Admin Manager', NULL, NULL , 29),
('HR Officer', NULL, NULL , 30),
('HR Assistant', NULL, NULL , 31),
('Programme Assistant', NULL, NULL , 32),
('Head of Policy & Advocacy', NULL, NULL , 33),
('Area Programme Manager', NULL, NULL , 34),
('Country Director', NULL, NULL , 35),
('Coordinator', NULL, NULL , 36),
('Partnership Development & Communication Advisor', NULL, NULL , 37),
('Area Prog. Manager', NULL, NULL , 39),
('Programmme Coordinator', NULL, NULL , 40),
('Pas.& AP Project Coordinator', NULL, NULL , 41),
('HR and Finance Manager', NULL, NULL , 42),
('Development Facilitator', NULL, NULL , 43),
('Partnership Development Officer', NULL, NULL , 44),
('Office Manager', NULL, NULL , 45),
('Driver/Clerk', NULL, NULL , 46),
('Cashier/Storekeeper', NULL, NULL , 47),
('Receptionist/Documentation', NULL, NULL , 48),
('Diriver mechanic', NULL, NULL , 49),
('Livestock Officer', NULL, NULL , 50),
('Field Assistant', NULL, NULL , 51),
('Guard', NULL, NULL , 52),
('Store Keeper', NULL, NULL , 53),
('Water Technician', NULL, NULL , 54),
('Com. Dev. Facilitator', NULL, NULL , 55),
('Cashier', NULL, NULL , 56),
('Director of Funding & Partnership', NULL, NULL , 173),
('Project Manager', NULL, NULL , 58),
('Project Officer', NULL, NULL , 59),
('Lively Hood Officer', NULL, NULL , 60),
('Institutional Dev. Coordinator', NULL, NULL , 61),
('Programme Development Advisor', NULL, NULL , 188),
('Accountant', NULL, NULL , 63),
('Secretary Cashier', NULL, NULL , 64),
('Finance & Adminstration Officer', NULL, NULL , 66),
('Liaison & Logistic Officer', NULL, NULL , 67),
('Executive Secretary', NULL, NULL , 68),
('HIV/AIDS Officer', NULL, NULL , 69),
('Capacitty building officer', NULL, NULL , 70),
('Food Security Officer', NULL, NULL , 71),
('HIV/AIDS Officer', NULL, NULL , 72),
('team Leader', NULL, NULL , 73),
('Loan Admin', NULL, NULL , 74),
('Credit officer', NULL, NULL , 75),
('Food Security Ass.Officer', NULL, NULL , 76),
('Administrator', NULL, NULL , 77),
('Field worker', NULL, NULL , 78),
('Ass.administrator', NULL, NULL , 79),
('Senior Social Worker', NULL, NULL , 80),
('HIV/AIDS Promoters', NULL, NULL , 81),
('Messenger', NULL, NULL , 82),
('Capacity building & Gender', NULL, NULL , 83),
('HIV/AIDS Officer', NULL, NULL , 84),
('Water& Agri.Officer', NULL, NULL , 85),
('Credit & training officer', NULL, NULL , 86),
('Finance & adminstration officer', NULL, NULL , 87),
('Online Communications Officer', NULL, NULL , 172),
('Receiptionist & cleaner', NULL, NULL , 89),
('Livelihoods Coordinator', NULL, NULL , 90),
('Wash Officer', NULL, NULL , 91),
('Communcation Officer', NULL, NULL , 92),
('Accountant/Admin Officer', NULL, NULL , 93),
('Gender/HIV Officer', NULL, NULL , 94),
('HIV/AIDS Officer', NULL, NULL , 95),
('Food Security Officer', NULL, NULL , 96),
('Assistant Wash Officer', NULL, NULL , 97),
('Cashier/Admin assistant', NULL, NULL , 98),
('Rig/Compressor driver', NULL, NULL , 99),
('Country Director', NULL, NULL , 100),
('Finance & Admin. Manager', NULL, NULL , 101),
('Director of Programs', NULL, NULL , 102),
('Finance Officer', NULL, NULL , 103),
('Human Resource & Admin.  Officer', NULL, NULL , 104),
('Proramm Officer Oxfam Joint-HIV and AIDS Mainstrea', NULL, NULL , 105),
('Policy & Advocacy Officer', NULL, NULL , 107),
('Program Assistant', NULL, NULL , 108),
('Program Coordinator', NULL, NULL , 109),
('Head Water & Sanitation', NULL, NULL , 110),
('Rural Development Worker', NULL, NULL , 111),
('Assistant Water Technician', NULL, NULL , 112),
('Office Secretary', NULL, NULL , 113),
('Accounts Assistant', NULL, NULL , 114),
('Project Coordinator', NULL, NULL , 115),
('Office Assistant', NULL, NULL , 116),
('Program Officer', NULL, NULL , 117),
('Finance and Admin Officer', NULL, NULL , 118),
('Field Officer', NULL, NULL , 120),
('Assistant Admin Officer', NULL, NULL , 121),
('Internet Operator', NULL, NULL , 122),
('Office Attendant', NULL, NULL , 123),
('Country Co-ordinator', NULL, NULL , 124),
('Thematic co-ordinator - Livelihood', NULL, NULL , 125),
('Research and Policy Co-ordinator', NULL, NULL , 126),
('Project Officer - Livelihood', NULL, NULL , 127),
('Project Coordinator', NULL, NULL , 128),
('Senior Project Officer', NULL, NULL , 129),
('Coordonateur Regional', NULL, NULL , 130),
('Resp Reg des Finances et Admin', NULL, NULL , 131),
('Charge de pastoralisme', NULL, NULL , 132),
('Assistante Administrative', NULL, NULL , 133),
('Gardien et Coursier de Bureau', NULL, NULL , 134),
('Gardien des locaux de Tbtou', NULL, NULL , 135),
('Responsable des Programmes', NULL, NULL , 136),
('RAF', NULL, NULL , 137),
('Chef de Projet', NULL, NULL , 138),
('Responsable OAP', NULL, NULL , 139),
('Chef d''Antenne', NULL, NULL , 140),
('Comptable', NULL, NULL , 141),
('Animateur', NULL, NULL , 142),
('Secretaire', NULL, NULL , 143),
('Chauffeur', NULL, NULL , 144),
('Gardien', NULL, NULL , 145),
('Responsable de volet', NULL, NULL , 146),
('Secretaire Comptable', NULL, NULL , 147),
('Coordonateur', NULL, NULL , 148),
('Responsable operations', NULL, NULL , 149),
('Assistant Comptable', NULL, NULL , 150),
('Logisticien', NULL, NULL , 151),
('Programmes Operations & Devt Coordinator', NULL, NULL , 171),
('Administrateur', NULL, NULL , 153),
('Gestionnaire Bourses', NULL, NULL , 154),
('Encadreur Technique', NULL, NULL , 155),
('Superviseur AGR', NULL, NULL , 156),
('Superviseur distribution', NULL, NULL , 157),
('Superviseur education', NULL, NULL , 158),
('Secretaire', NULL, NULL , 159),
('Animatrice', NULL, NULL , 160),
('Magasinier', NULL, NULL , 161),
('Nettoyeur', NULL, NULL , 162),
('Superviseur', NULL, NULL , 163),
('Coordinatrice Nationale', NULL, NULL , 164),
('Responsable des finances', NULL, NULL , 165),
('Caissier logisticien', NULL, NULL , 166),
('Animateur principal', NULL, NULL , 167),
('Animateur adjoint', NULL, NULL , 168),
('Caissiere', NULL, NULL , 169),
('Vigile', NULL, NULL , 170),
('Office Manager/Personal Assistant', NULL, NULL , 174),
('Projects Assistant', NULL, NULL , 175),
('Accountant (Operations)', NULL, NULL , 176),
('Financial Analyst', NULL, NULL , 177),
('Accounts Assistant', NULL, NULL , 178),
('Director of Funding & Partnership', NULL, NULL , 179),
('Senior Accountant', NULL, NULL , 180),
('Regional Programme Coordinator', NULL, NULL , 187),
('Accountant (Programmes)', NULL, NULL , 182),
('Programme Officer', NULL, NULL , 183),
('Assistant Funding Officer', NULL, NULL , 184),
('Temporary Admin Officer', NULL, NULL , 185),
('Financial Accountant', NULL, NULL , 186),
('Programme Development Advisor', NULL, NULL , 189);


CREATE TABLE mysqldb.hrsettings (
    id              integer,
    retirement      integer default NULL,
    leave           integer default NULL,
    contract        integer default NULL,
    retage          integer default NULL,
    useldap         char(1) default NULL,
    probation       integer default NULL
);
INSERT INTO mysqldb.hrsettings VALUES (8,1,30,3,65,NULL,NULL);


CREATE TABLE mysqldb.hrusers (
  id                integer,
  username          varchar(255) default NULL,
  password          varchar(255) default NULL,
  email             varchar(255) default NULL,
  isadmin           char(1) default NULL,
  loggedoff         char(1) default NULL,
  empid_fk          integer default NULL,
  loggedofftime     timestamp default NULL,
  cardnum           varchar(255) default NULL
);


INSERT INTO mysqldb.hrusers (id, username, password, email, isadmin, loggedoff, empid_fk, loggedofftime, cardnum) VALUES
(13, 'almonda', '6cb00b21c945df15f69ae74ea9443ed2', 'almonda.khabenje@acordinternational.org', 'y', '1', 2, '2011-02-03 03:42:28', '22553600000000'),
(63, 'vanessa', '4a4ee9175dce2cdd43431df13f5d9471', 'vanessa.dupont@acordinternational.org', '', '1', 9, '2012-05-30 03:48:49', NULL),
(58, 'dmudachi', '6a064cc81fe2ea8ea2f775010f0c9ea5', 'david.mudachi@acordinternational.org', '', '1', 32, '2012-04-23 02:44:03', '42346600000000'),
(49, 'ctestud', 'c23946c050885b2de6860f47f2bf6787', 'caroline.testud@acordinternational.org', '', '1', 30, '2012-01-25 04:14:51', '21706500000000'),
(69, 'andiaye', '1e97c4c06abed91eba53cf8487bae6d3', 'aminata.ndiaye@acordinternational.org', '', '1', 41, '2013-01-09 04:32:02', NULL),
(78, 'jmuturia', '5b88c4bf93b65eed45e497c1f7781f75', 'julian.muturia@acordinternational.org', '', NULL, 52, NULL, NULL),
(59, 'ousainou', 'de52d503b971cf0685c62a32ce4272b4', 'ousainou.ngum@acordinternational.org', '', '1', 33, '2012-04-27 11:06:13', '23367554000000'),
(28, 'nbevan', '16c58ec6945ba020bed67088469decb8', 'nicola.bevan@acordinternational.org', '', '1', 11, '2012-04-17 06:45:23', ''),
(29, 'hmukoko', 'c0d7d5380c3d0465915767eeab80d205', 'helen.mukoko@acordinternational.org', '', '1', 12, '2011-10-25 09:45:01', '73620400000000'),
(30, 'gndege', 'b6829b02aa73cfe2ea25cb8d0c356dff', 'grace.ndege@acordinternational.org', '', '1', 13, '2011-10-28 02:54:37', ''),
(31, 'mnzioki', '279db5c2c5a70a4c8e7ff28a192d873e', 'mary.nzioki@acordinternational.org', '', '1', 14, '2012-05-02 02:50:14', '35151400000000'),
(77, 'georine', 'dd13a337861f107652cf0103ad0b1cf2', 'georine.homawoo@acordinternational.org', '', '1', 50, '2013-12-13 02:01:55', NULL),
(71, 'wndegwa', '50040ae1fb28392b25239daf0948c0a7', 'wangare.ndegwa@acordinternational.org', '', '1', 43, '2013-02-08 03:20:44', NULL),
(33, 'salina', 'd9f530f5b9a3cb8f64ee5a57d6f67518', 'salina.sanou@acordinternational.org', '', '1', 17, '2012-03-23 10:56:37', '47415600000000'),
(36, 'raduol', 'f8d2186004f28c25b6fafc1c78dfe0a8', 'rose.aduol@acordinternational.org', '', '1', 20, '2012-03-21 10:05:35', '22736300000000'),
(35, 'sophie', '6988ec3aba1eaddf2435141bf10487ca', 'sophie.havyarimana@acordinternational.org', '', '1', 19, '2013-04-19 08:16:41', '05650654000000'),
(37, 'sotieno', 'bf3a66a531e7b93155ce3eafac68e99d', 'stephen.otieno@acordinternational.org', '', '1', 21, '2012-04-11 12:07:28', '71244600000000'),
(38, 'elutwama', 'a6ebe407fa6e2337cb2deb573d17791e', 'elijah.lutwama@acordinternational.org', '', '1', 22, '2012-03-28 10:16:33', '1715550000000'),
(39, 'woluoch', '534996691d5093a4e8d63b94d6f9f972', 'wilkister.oluoch@acordinternational.org', '', '1', 23, '2011-12-07 03:39:46', '35724600000000'),
(40, 'ntado', '2270066e6c91b82e2b082d7a91c56df4', 'nashon.tado@acordinternational.org', '', NULL, 24, NULL, '26166300000000'),
(41, 'hchira', '888b52e562783987d1de4fd5398906c9', 'hannah.chira@acordinternational.org', '', '1', 25, '2012-03-23 04:41:48', '74375554000000'),
(43, 'amsabeni', 'a111a0fe79fbee721663508d03e3cb07', 'annette.msabeni@acordinternational.org', '', '1', 27, '2012-03-21 04:45:15', '77022700000000'),
(47, 'jmacharia', '6aaa79f7e3e6513ad3ccf81aee428f7c', 'joseph.macharia@acordinternational.org', '', '1', 16, '2011-12-21 05:48:17', '55675300000000'),
(51, 'mwamukoya', '5f4dcc3b5aa765d61d8327deb882cf99', 'margaret.wamukoya@acordinternational.org', '', '1', 28, '2012-02-08 10:37:53', '65142600000000'),
(65, 'jwafula', '48f93bb382ff2ee53e8e863c06dae6db', 'james.wafula@acordinternational.org', '', '1', 35, '2012-08-06 10:22:53', '15146600000000'),
(54, 'lsendegeya', 'af58e0965b64b67028e1f40c69317bf1', 'leonie.sendegeya@acordinternational.org', '', '1', 26, '2012-04-02 04:03:44', '42016500000000'),
(60, 'ekajura', '73bae328d68c5ab86aef2acad7ac6cc5', 'ellen.bajenja@acordinternational.org', '', '1', 31, '2012-07-20 11:59:39', '10734600000000'),
(64, 'sellesor', '6f4deca387d5f109601114183f52a28a', 'sellesor.oduor@acordinternational.org', '', '1', 34, '2012-06-20 02:48:50', '14325600000000'),
(57, 'kseljeflot', '575d5a2d72d5520993ba3133823d542f', 'kristin.seljeflot@acordinternational.org', '', '1', 8, '2012-04-18 04:26:05', '36650654000000'),
(66, 'fmbaye', 'd9abccd8318fcf2ed11841f5cd235289', 'fatou.mbaye@acordinternational.org', '', '1', 37, '2012-08-07 11:09:30', '42401700000000'),
(67, 'michelle', '426cf13edc93d3cf955f9c748b5a9999', 'michelle.mathenge@acordinternational.org', '', '1', 38, '2012-08-24 05:54:40', NULL),
(68, 'enungari', 'e5ec87082d529c69327b1044e453b6f5', 'emmah.nungari@acordinternational.org', '', '1', 40, '2013-11-18 12:43:31', NULL),
(72, 'tomfry', '1200cf8ad328a60559cf5e7c5f46ee6d', 'tom.fry@acordinternational.org', '', '1', 44, '2014-02-27 08:28:23', NULL),
(73, 'aochieng', 'b304032b64461db957baccfad8419e62', 'anthony.ochieng@acordinternational.org', '', '1', 45, '2013-02-19 01:46:41', NULL),
(74, 'amunyoki', '371286100fbb0d82947066a81c6a770e', 'albanus.munyoki@acordinternational.org', '', '1', 46, '2013-02-25 10:54:17', NULL),
(75, 'szuriel', 'f3c8e05a28650b1bf42179ba64b0d1b9', 'salome.zuriel@acordinternational.org', '', '1', 47, '2013-03-25 04:56:14', NULL),
(76, 'sellesor', '6f4deca387d5f109601114183f52a28a', 'sellesor.oduor@acordinternational.org', '', '1', 34, '2013-08-28 04:42:10', NULL),
(79, 'bmutuku', 'ebcfd5a11d7cf5ba89f838fc766be7a4', 'benson.mutuku@acordinternational.org', '', '1', 51, '2013-08-19 02:41:57', NULL),
(80, 'skungu', 'c4c076d86f98c08c35b864b58b3921d4', 'samuel.kungu@acordinternational.org', '', '1', 49, '2014-01-24 02:22:20', NULL),
(81, 'ousainou', 'de52d503b971cf0685c62a32ce4272b4', 'ousainou.ngum@acordinternational.org', '', '1', 33, '2013-08-30 07:00:27', NULL),
(82, 'Gacheru', '55bcb5b22e126345d70814c13a99d22e', 'gacheru.maina@acordinternational.org', '', '1', 53, '2013-11-29 01:07:56', NULL),
(83, 'chuynh', '559a7f208866f0063b1ea8d5ca2ee816', 'chloe.huynh@acordinternational.org', '', NULL, 55, NULL, NULL),
(84, 'mcharles', '4edc288e43c52eaa2143260991acbef1', 'charles.mungai@acordinternational.org', '', '1', 56, '2014-02-19 12:13:30', NULL),
(85, 'test', '62fa51b4279677f3bab9f9604c539fdc', '', '', NULL, 39, NULL, NULL);


CREATE TABLE mysqldb.intranet_apps (
  id                integer,
  ApplicationName   varchar(255) default NULL
);

INSERT INTO mysqldb.intranet_apps (id, ApplicationName) VALUES
(1, 'Add/Edit Employee'),
(2, 'Add/Edit Banks'),
(4, 'Add/Edit Departments'),
(5, 'Add/Edit Designations'),
(6, 'Add/Edit Qualifications'),
(7, 'Add/Edit Leave Type'),
(8, 'View Amended Records'),
(9, 'Totals by Departments'),
(10, 'Add/Edit Nationality'),
(11, 'Add/Edit WorkStations'),
(12, 'Add/Edit Leave Type'),
(13, 'View Amended Records'),
(14, 'Totals By Departments'),
(15, 'Totals By Qualifications'),
(16, 'Totals By Status'),
(17, 'Totals By Service types'),
(18, 'Totals By Leave Types'),
(19, 'Totals By Designations'),
(20, 'Total Disciplinary Cases'),
(21, 'Total by Job Groups'),
(22, 'Convert Employees List to Excel'),
(23, 'Dependants Report'),
(24, 'Next of Kin Report'),
(25, 'Staff Training Report'),
(27, 'Staff Retirement Report'),
(28, 'Staff TurnOver Report'),
(29, 'Totals By Gender'),
(30, 'Attached Documents Report'),
(32, 'Totals By Station'),
(33, 'New Employees Report'),
(34, 'Suspended Staff Report'),
(35, 'Add/Edit HR Settings'),
(36, 'Add/Edit Job Groups'),
(37, 'Amend HR Details(Salary, job group, qualifications)'),
(38, 'Administer Leave'),
(39, 'Confirms Leave'),
(40, 'Approves Leave(Line Manager)'),
(44, 'Authorises leave(HR)'),
(45, 'View Staff Vacations Report');


CREATE TABLE mysqldb.intranet_perms (
  id                integer,
  userid_fk         integer default NULL,
  applicationid_fk  integer default NULL,
  deptid_fk         integer default NULL
);


INSERT INTO mysqldb.intranet_perms (id, userid_fk, applicationid_fk, deptid_fk) VALUES
(578, 11, 1, 45),
(579, 11, 2, 45),
(580, 11, 4, 45),
(581, 11, 5, 45),
(582, 11, 6, 45),
(583, 11, 7, 45),
(584, 11, 8, 45),
(585, 11, 9, 45),
(586, 11, 10, 45),
(587, 11, 11, 45),
(588, 11, 12, 45),
(589, 11, 13, 45),
(590, 11, 14, 45),
(591, 11, 15, 45),
(592, 11, 16, 45),
(593, 11, 17, 45),
(594, 11, 18, 45),
(595, 11, 19, 45),
(596, 11, 20, 45),
(597, 11, 21, 45),
(598, 11, 22, 45),
(599, 11, 23, 45),
(600, 11, 24, 45),
(601, 11, 25, 45),
(602, 11, 27, 45),
(603, 11, 28, 45),
(604, 11, 29, 45),
(605, 11, 30, 45),
(606, 11, 32, 45),
(607, 11, 33, 45),
(608, 11, 34, 45),
(609, 11, 35, 45),
(610, 11, 36, 45),
(611, 13, 1, 53),
(612, 13, 2, 53),
(613, 13, 4, 53),
(614, 13, 5, 53),
(615, 13, 6, 53),
(616, 13, 7, 53),
(617, 13, 8, 53),
(618, 13, 9, 53),
(619, 13, 10, 53),
(620, 13, 11, 53),
(621, 13, 12, 53),
(622, 13, 13, 53),
(623, 13, 14, 53),
(624, 13, 15, 53),
(625, 13, 16, 53),
(626, 13, 17, 53),
(627, 13, 18, 53),
(628, 13, 19, 53),
(629, 13, 20, 53),
(630, 13, 21, 53),
(631, 13, 22, 53),
(632, 13, 23, 53),
(633, 13, 24, 53),
(634, 13, 25, 53),
(635, 13, 27, 53),
(636, 13, 28, 53),
(637, 13, 29, 53),
(638, 13, 30, 53),
(639, 13, 32, 53),
(640, 13, 33, 53),
(641, 13, 34, 53),
(642, 13, 35, 53),
(643, 13, 36, 53),
(644, 30, 23, 5),
(679, 13, 1, 5),
(680, 13, 2, 5),
(681, 13, 4, 5),
(682, 13, 5, 5),
(683, 13, 6, 5),
(684, 13, 7, 5),
(685, 13, 8, 5),
(686, 13, 9, 5),
(687, 13, 10, 5),
(688, 13, 11, 5),
(689, 13, 12, 5),
(690, 13, 13, 5),
(691, 13, 14, 5),
(692, 13, 15, 5),
(693, 13, 16, 5),
(694, 13, 17, 5),
(695, 13, 18, 5),
(696, 13, 19, 5),
(697, 13, 20, 5),
(698, 13, 21, 5),
(699, 13, 22, 5),
(700, 13, 23, 5),
(701, 13, 24, 5),
(702, 13, 25, 5),
(703, 13, 27, 5),
(704, 13, 28, 5),
(705, 13, 29, 5),
(706, 13, 30, 5),
(707, 13, 32, 5),
(708, 13, 33, 5),
(709, 13, 34, 5),
(710, 13, 35, 5),
(711, 13, 36, 5),
(713, 13, 1, 5),
(714, 13, 2, 5),
(715, 13, 4, 5),
(716, 13, 5, 5),
(717, 13, 6, 5),
(718, 13, 7, 5),
(719, 13, 8, 5),
(720, 13, 9, 5),
(721, 13, 10, 5),
(722, 13, 11, 5),
(723, 13, 12, 5),
(724, 13, 13, 5),
(725, 13, 14, 5),
(726, 13, 15, 5),
(727, 13, 16, 5),
(728, 13, 17, 5),
(729, 13, 18, 5),
(730, 13, 19, 5),
(731, 13, 20, 5),
(732, 13, 21, 5),
(733, 13, 22, 5),
(734, 13, 23, 5),
(735, 13, 24, 5),
(736, 13, 25, 5),
(737, 13, 27, 5),
(738, 13, 28, 5),
(739, 13, 29, 5),
(740, 13, 30, 5),
(741, 13, 32, 5),
(742, 13, 33, 5),
(743, 13, 34, 5),
(744, 13, 35, 5),
(745, 13, 36, 5),
(998, 13, 1, 5),
(982, 51, 18, 5),
(996, 13, 4, 5),
(752, 51, 7, 5),
(995, 13, 2, 5),
(992, 38, 40, 6),
(755, 13, 1, 5),
(756, 13, 2, 5),
(757, 13, 4, 5),
(758, 13, 5, 5),
(759, 13, 6, 5),
(760, 13, 7, 5),
(761, 13, 8, 5),
(762, 13, 9, 5),
(763, 13, 10, 5),
(764, 13, 11, 5),
(765, 13, 12, 5),
(766, 13, 13, 5),
(767, 13, 14, 5),
(768, 13, 15, 5),
(769, 13, 16, 5),
(770, 13, 17, 5),
(771, 13, 18, 5),
(772, 13, 19, 5),
(773, 13, 20, 5),
(774, 13, 21, 5),
(775, 13, 22, 5),
(776, 13, 23, 5),
(777, 13, 24, 5),
(778, 13, 25, 5),
(779, 13, 27, 5),
(780, 13, 28, 5),
(781, 13, 29, 5),
(782, 13, 30, 5),
(783, 13, 32, 5),
(784, 13, 33, 5),
(785, 13, 34, 5),
(786, 13, 35, 5),
(787, 13, 36, 5),
(993, 38, 40, 6),
(866, 13, 40, 4),
(1199, 75, 40, 7),
(1198, 71, 45, 5),
(1197, 71, 18, 5),
(1196, 71, 39, 5),
(1195, 71, 38, 5),
(1194, 71, 12, 5),
(1193, 63, 40, 1),
(1192, 66, 40, 7),
(1191, 35, 40, 2),
(1190, 59, 45, 8),
(1189, 59, 40, 8),
(828, 33, 40, 7),
(867, 39, 40, 5),
(829, 38, 40, 6),
(830, 43, 40, 7),
(944, 59, 40, 5),
(832, 13, 1, 4),
(833, 13, 2, 4),
(834, 13, 4, 4),
(835, 13, 5, 4),
(836, 13, 6, 4),
(837, 13, 7, 4),
(838, 13, 8, 4),
(839, 13, 9, 4),
(840, 13, 10, 4),
(841, 13, 11, 4),
(842, 13, 12, 4),
(843, 13, 13, 4),
(844, 13, 14, 4),
(845, 13, 15, 4),
(846, 13, 16, 4),
(847, 13, 17, 4),
(848, 13, 18, 4),
(849, 13, 19, 4),
(850, 13, 20, 4),
(851, 13, 21, 4),
(852, 13, 22, 4),
(853, 13, 23, 4),
(854, 13, 24, 4),
(855, 13, 25, 4),
(856, 13, 27, 4),
(857, 13, 28, 4),
(858, 13, 29, 4),
(859, 13, 30, 4),
(860, 13, 32, 4),
(861, 13, 33, 4),
(862, 13, 34, 4),
(863, 13, 35, 4),
(864, 13, 36, 4),
(901, 13, 40, 4),
(868, 13, 1, 4),
(869, 13, 2, 4),
(870, 13, 4, 4),
(871, 13, 5, 4),
(872, 13, 6, 4),
(873, 13, 7, 4),
(874, 13, 8, 4),
(875, 13, 9, 4),
(876, 13, 10, 4),
(877, 13, 11, 4),
(878, 13, 12, 4),
(879, 13, 13, 4),
(880, 13, 14, 4),
(881, 13, 15, 4),
(882, 13, 16, 4),
(883, 13, 17, 4),
(884, 13, 18, 4),
(885, 13, 19, 4),
(886, 13, 20, 4),
(887, 13, 21, 4),
(888, 13, 22, 4),
(889, 13, 23, 4),
(890, 13, 24, 4),
(891, 13, 25, 4),
(892, 13, 27, 4),
(893, 13, 28, 4),
(894, 13, 29, 4),
(895, 13, 30, 4),
(896, 13, 32, 4),
(897, 13, 33, 4),
(898, 13, 34, 4),
(899, 13, 35, 4),
(900, 13, 36, 4),
(990, 49, 40, 1),
(994, 38, 45, 6),
(997, 13, 5, 5),
(906, 13, 1, 5),
(907, 13, 2, 5),
(908, 13, 4, 5),
(909, 13, 5, 5),
(910, 13, 6, 5),
(911, 13, 7, 5),
(912, 13, 8, 5),
(913, 13, 9, 5),
(914, 13, 10, 5),
(915, 13, 11, 5),
(916, 13, 12, 5),
(917, 13, 13, 5),
(918, 13, 14, 5),
(919, 13, 15, 5),
(920, 13, 16, 5),
(921, 13, 17, 5),
(922, 13, 18, 5),
(923, 13, 19, 5),
(924, 13, 20, 5),
(925, 13, 21, 5),
(926, 13, 22, 5),
(927, 13, 23, 5),
(928, 13, 24, 5),
(929, 13, 25, 5),
(930, 13, 27, 5),
(931, 13, 28, 5),
(932, 13, 29, 5),
(933, 13, 30, 5),
(934, 13, 32, 5),
(935, 13, 33, 5),
(936, 13, 34, 5),
(937, 13, 35, 5),
(938, 13, 36, 5),
(946, 13, 1, 5),
(940, 13, 40, 5),
(942, 57, 40, 1),
(945, 57, 40, 1),
(947, 13, 2, 5),
(948, 13, 4, 5),
(949, 13, 5, 5),
(950, 13, 6, 5),
(951, 13, 7, 5),
(952, 13, 8, 5),
(953, 13, 9, 5),
(954, 13, 10, 5),
(955, 13, 11, 5),
(956, 13, 12, 5),
(957, 13, 13, 5),
(958, 13, 14, 5),
(959, 13, 15, 5),
(960, 13, 16, 5),
(961, 13, 17, 5),
(962, 13, 18, 5),
(963, 13, 19, 5),
(964, 13, 20, 5),
(965, 13, 21, 5),
(966, 13, 22, 5),
(967, 13, 23, 5),
(968, 13, 24, 5),
(969, 13, 25, 5),
(970, 13, 27, 5),
(971, 13, 28, 5),
(972, 13, 29, 5),
(973, 13, 30, 5),
(974, 13, 32, 5),
(975, 13, 33, 5),
(976, 13, 34, 5),
(977, 13, 35, 5),
(978, 13, 36, 5),
(979, 13, 40, 5),
(980, 13, 44, 5),
(983, 51, 29, 5),
(984, 51, 38, 5),
(985, 51, 39, 5),
(1202, 67, 40, 6),
(1201, 29, 40, 6),
(1200, 29, 40, 6),
(999, 13, 35, 5),
(1000, 13, 36, 5),
(1001, 13, 7, 5),
(1002, 13, 12, 5),
(1003, 13, 10, 5),
(1004, 13, 6, 5),
(1005, 13, 11, 5),
(1006, 13, 40, 5),
(1007, 13, 30, 5),
(1008, 13, 44, 5),
(1009, 13, 22, 5),
(1010, 13, 23, 5),
(1011, 13, 33, 5),
(1012, 13, 24, 5),
(1013, 13, 27, 5),
(1014, 13, 25, 5),
(1015, 13, 28, 5),
(1016, 13, 34, 5),
(1017, 13, 21, 5),
(1018, 13, 20, 5),
(1019, 13, 9, 5),
(1020, 13, 14, 5),
(1021, 13, 19, 5),
(1022, 13, 29, 5),
(1023, 13, 18, 5),
(1024, 13, 15, 5),
(1025, 13, 17, 5),
(1026, 13, 32, 5),
(1027, 13, 16, 5),
(1028, 13, 13, 5),
(1029, 13, 8, 5),
(1030, 13, 45, 5),
(1031, 51, 7, 5),
(1032, 51, 38, 5),
(1033, 51, 39, 5),
(1034, 51, 29, 5),
(1035, 51, 18, 5),
(1036, 51, 45, 5),
(1188, 13, 45, 4),
(1187, 13, 8, 4),
(1186, 13, 13, 4),
(1185, 13, 16, 4),
(1184, 13, 32, 4),
(1183, 13, 17, 4),
(1182, 13, 15, 4),
(1181, 13, 18, 4),
(1180, 13, 29, 4),
(1179, 13, 19, 4),
(1178, 13, 14, 4),
(1177, 13, 9, 4),
(1176, 13, 20, 4),
(1175, 13, 21, 4),
(1174, 13, 34, 4),
(1173, 13, 28, 4),
(1172, 13, 25, 4),
(1171, 13, 27, 4),
(1170, 13, 24, 4),
(1169, 13, 33, 4),
(1168, 13, 23, 4),
(1167, 13, 22, 4),
(1166, 13, 44, 4),
(1165, 13, 30, 4),
(1164, 13, 40, 4),
(1163, 13, 37, 4),
(1162, 13, 38, 4),
(1161, 13, 11, 4),
(1160, 13, 6, 4),
(1159, 13, 10, 4),
(1158, 13, 12, 4),
(1157, 13, 7, 4),
(1156, 13, 36, 4),
(1155, 13, 35, 4),
(1154, 13, 1, 4),
(1153, 13, 5, 4),
(1152, 13, 4, 4),
(1151, 13, 2, 4),
(1150, 68, 40, 2),
(1076, 13, 2, 5),
(1077, 13, 4, 5),
(1078, 13, 5, 5),
(1079, 13, 1, 5),
(1080, 13, 35, 5),
(1081, 13, 36, 5),
(1082, 13, 7, 5),
(1083, 13, 12, 5),
(1084, 13, 10, 5),
(1085, 13, 6, 5),
(1086, 13, 11, 5),
(1087, 13, 40, 5),
(1088, 13, 30, 5),
(1089, 13, 44, 5),
(1090, 13, 22, 5),
(1091, 13, 23, 5),
(1092, 13, 33, 5),
(1093, 13, 24, 5),
(1094, 13, 27, 5),
(1095, 13, 25, 5),
(1096, 13, 28, 5),
(1097, 13, 34, 5),
(1098, 13, 21, 5),
(1099, 13, 20, 5),
(1100, 13, 9, 5),
(1101, 13, 14, 5),
(1102, 13, 19, 5),
(1103, 13, 29, 5),
(1104, 13, 18, 5),
(1105, 13, 15, 5),
(1106, 13, 17, 5),
(1107, 13, 32, 5),
(1108, 13, 16, 5),
(1109, 13, 13, 5),
(1110, 13, 8, 5),
(1111, 13, 45, 5),
(1112, 13, 2, 5),
(1113, 13, 4, 5),
(1114, 13, 5, 5),
(1115, 13, 1, 5),
(1116, 13, 35, 5),
(1117, 13, 36, 5),
(1118, 13, 7, 5),
(1119, 13, 12, 5),
(1120, 13, 10, 5),
(1121, 13, 6, 5),
(1122, 13, 11, 5),
(1123, 13, 38, 5),
(1124, 13, 37, 5),
(1125, 13, 40, 5),
(1126, 13, 30, 5),
(1127, 13, 44, 5),
(1128, 13, 22, 5),
(1129, 13, 23, 5),
(1130, 13, 33, 5),
(1131, 13, 24, 5),
(1132, 13, 27, 5),
(1133, 13, 25, 5),
(1134, 13, 28, 5),
(1135, 13, 34, 5),
(1136, 13, 21, 5),
(1137, 13, 20, 5),
(1138, 13, 9, 5),
(1139, 13, 14, 5),
(1140, 13, 19, 5),
(1141, 13, 29, 5),
(1142, 13, 18, 5),
(1143, 13, 15, 5),
(1144, 13, 17, 5),
(1145, 13, 32, 5),
(1146, 13, 16, 5),
(1147, 13, 13, 5),
(1148, 13, 8, 5),
(1149, 13, 45, 5);



CREATE TABLE mysqldb.jobgroup (
  JobGroup          varchar(20) NOT NULL default '',
  Description       varchar(35) default NULL,
  Lower             varchar(50) NOT NULL default '0',
  Upper             varchar(50) NOT NULL default '0',
  Increment         varchar(10) NOT NULL default '',
  TransDate         timestamp default NULL
);

INSERT INTO mysqldb.jobgroup 
        VALUES ('MMT','Middle Management Team','','','','2000-01-01'),
                ('SMT','Senior Management','0','0','','2000-01-01'),
                ('JS','Junior Staff','0','0','','2000-01-01');


CREATE TABLE mysqldb.prbank (
    BankCode    varchar(10) NOT NULL default '',
    BankName    varchar(100) NOT NULL default '',
    BankGroup   varchar(10) NOT NULL default '',
    BankAddr1   varchar(200) NOT NULL default '',
    BankAddr2   varchar(200) NOT NULL default '',
    BankAddr3   varchar(200) NOT NULL default '',
    BankAddr4   varchar(200) NOT NULL default ''
);



INSERT INTO mysqldb.prbank (BankCode, BankName, BankGroup, BankAddr1, BankAddr2, BankAddr3, BankAddr4) VALUES
('001', 'Barclays Bank', '', 'Argwings Kodheck R', 'Hurlingham', '', ''),
('003', 'CFC Stanbic', '', 'Ralph Bunche Road', 'Upper Hill', '', ''),
('004', 'Standard Chartered', '', 'Yaya Centre', 'Kilimani', '', ''),
('005', 'KCB', '', 'Bishop Road', 'Nairobi', '', ''),
('006', 'CO-OP Bank', '', 'University Way', 'Nairobi', '', ''),
('007', 'CO-OP Bank', '', 'Stima plaza', 'Nairobi', '', ''),
('008', 'NIC', '', 'Prestige', 'Nairobi', '', ''),
('009', 'Equity', '', 'Community', 'Nairobi', '', ''),
('010', 'CFC Stanbic', '', 'Westlands', 'Nairobi', '', ''),
('011', 'NIC', '', 'Westlands', 'Nairobi', '', ''),
('012', 'CFC Stanbic', '', 'Kenyatta Avenue', 'Nairobi', '', ''),
('013', 'Family', '', 'Kenyatta Avenue', 'Nairobi', '', ''),
('014', 'I & M', '', 'Parklands', 'Nairobi', '', ''),
('015', 'Equity', '', 'Kimathi Street', 'Nairobi', '', ''),
('016', 'Bank of Africa', '', 'Westlands', 'Nairobi', '', ''),
('017', 'KCB', '', 'Tom Mboya Street', 'Nairobi', '', ''),
('018', 'National Bank', '', 'Kenyatta Avenue', 'Nairobi', '', ''),
('019', 'Family', '', 'Doonholm', 'Nairobi', '', ''),
('020', 'Barclays', '', 'Enterprise', 'Nairobi', '', ''),
('002', 'Standard Chartered', '', 'Kenyatta Avenue', 'Nairobi', '', ''),
('021', 'Commercial Bank of Africa', '', 'Upper Hill', 'Nairobi', '', ''),
('022', 'Barclays', '', 'Kampala', 'Uganda', '', ''),
('023', 'ECO Bank', '', 'Ndjamena', 'Chad', '', ''),
('024', 'Barclays', '', 'Kisumu', 'Kenya', '', ''),
('025', 'KCB', '', 'Capital Hill', 'Nairobi', '', ''),
('026', 'Barclays', '', 'Rahumtullah', 'Nairobi', '', ''),
('027', 'NIC', '', 'NIC House Branch', 'Upper Hill', '', ''),
('028', 'KCB', '', 'University Way', 'Nairobi', '', ''),
('029', 'CO-OP Bank', '', 'NBC', 'Ngong Road', '', ''),
('030', 'Standard Chartered', '', 'Upper Hill', 'Nairobi', '', ''),
('031', 'Barclays Moorgate', '', 'London', 'UK', '', ''),
('032', 'KCB', '', 'Moi Avenue', 'Nairobi', '', ''),
('033', 'HSBC', '', '63 64 St Andrews Street, Cambridge', 'Cambridgeshire, UK', '', ''),
('034', 'BILANCOURT PNT DU JOUR(03741)', '', '1 CRS DES LONGS PRES', 'FRANCE', '', '');

CREATE TABLE mysqldb.prdept (
    DeptCode    varchar(10) NOT NULL default '',
    DeptName    varchar(25) NOT NULL default '',
    TransDate   timestamp default '2000-01-01',
    Suspended   integer NOT NULL default '0',
    id          integer,
    depthead    integer default NULL
);

INSERT INTO mysqldb.prdept 
    VALUES ('PDU','PARTNERSHIP DEVELOPMENT','2009-02-06 00:00:00',0,1,8),
    ('PROG','PROGRAMMING','2000-01-01',0,2,17),
    ('ICT','INFORMATION & COMM. TECHN','2000-01-01',0,3,2),
    ('HROD','HUMAN RES. & ORG. DEVT','2000-01-01',0,4,2),
    ('ADMIN','ADMINISTRATION','2000-01-01',0,5,2),
    ('FIN','FINANCE','2000-01-01',0,6,22),
    ('PAP','PAN-AFRICAN PROG.','2000-01-01',0,7,17),
    ('DIR','DIRECTORATE','2000-01-01',0,8,NULL);




CREATE TABLE mysqldb.prmember (
  MemberNo      varchar(10) default NULL,
  LastName      varchar(15) NOT NULL default '',
  OtherNames    varchar(30) default NULL,
  FullName      varchar(60) NOT NULL default '',
  Designation   varchar(10) NOT NULL default '',
  DesigDesc     varchar(25) NOT NULL default '',
  JobGroup      varchar(10) default '',
  Sex           varchar(7) NOT NULL default '',
  MaritalStatus varchar(11) NOT NULL default '',
  NSSFNo        varchar(13) default '',
  NHIFNO        varchar(13) default '',
  IDNumber      varchar(13) NOT NULL default '',
  PINNumber     varchar(13) NOT NULL default '',
  BirthDate     date default NULL,
  EmpDate       date default NULL,
    Photo         bytea default NULL,
  PhotoPath     varchar(50) NOT NULL default '',
  sign          bytea,
  Reference     varchar(20) NOT NULL default '',
  QuitDate      date default NULL,
  EndPrd        varchar(10) NOT NULL default '',
  M_days_Hrs    float NOT NULL default 0,
  Hr_PayRate    float NOT NULL default 0,
  AnnIncrement  float default NULL,
  IncrementDate date default NULL,
  IncrMonth     integer NOT NULL default 0,
  MaxSalary     float NOT NULL default 0,
  MPR_Original  float NOT NULL default 0,
  MPR_Revised   float NOT NULL default 0,
  MPR_CF        float NOT NULL default 0,
  MPR_OrigDate  date default NULL,
  MPR_RevDate   date default NULL,
  Station       varchar(10) default '',
  StationDesc   varchar(25) default '',
  Dept          varchar(10) NOT NULL default '',
  DeptDesc      varchar(25) NOT NULL default '',
  BankCode      varchar(10) NOT NULL default '',
  BankName      varchar(45) NOT NULL default '',
  AccountNo     varchar(20) NOT NULL default '',
  Pensionable   integer NOT NULL default 0,
  PensionLimit  float NOT NULL default 0,
  Housed        integer NOT NULL default 0,
  HouseCost     float NOT NULL default 0,
  Suspended     integer NOT NULL default 0,
  Suspend_bk    integer NOT NULL default 0,
  UnionMember   integer NOT NULL default 0,
  OwnerOccupier integer NOT NULL default 0,
  TaxFree       integer NOT NULL default 0,
  HOSP          integer NOT NULL default 0,
  HospAmt       float NOT NULL default 0,
  OOIAmt        float NOT NULL default 0,
  PrevEmpName   varchar(30) NOT NULL default '',
  PrevEmpAddress varchar(30) NOT NULL default '',
  NewEmpName    varchar(30) NOT NULL default '',
  NewEmpAddr    varchar(30) NOT NULL default '',
  BasicPay      float NOT NULL default '0',
  HseAllow      float NOT NULL default '0',
  GrossPay      float NOT NULL default '0',
  Deductions    float NOT NULL default '0',
  TaxableAmount float NOT NULL default '0',
  revTaxableAmt float NOT NULL default '0',
  TaxableCashPay float NOT NULL default '0',
  TaxableBenefit float NOT NULL default '0',
  Tax           float NOT NULL default '0',
  PAYEAmt       float NOT NULL default '0',
  NSSFAmt       float NOT NULL default '0',
  NHIFAmt       float NOT NULL default '0',
  PensionAmt    float NOT NULL default '0',
  PayFor        varchar(20) NOT NULL default '',
  Period        varchar(10) NOT NULL default '',
  TimeStamp     varchar(20) NOT NULL default '',
  nationality   integer default 0,
  empstatus_fk  integer default 0,
  emptitle      integer default 0,
  placeofbirth  varchar(255) default '',
  curr_res      varchar(255) default '',
  homeres       varchar(255) default '',
  physical      varchar(255) default '',
  province      varchar(255) default '',
  currdescrip   varchar(255) default '',
  district      varchar(255) default '',
  street        varchar(255) default '',
  division      varchar(255) default '',
  estate        varchar(255) default '',
  location      varchar(255) default '',
  town          varchar(255) default '',
  sublocation   varchar(255) default '',
  postaladdr    varchar(255) default '',
  phonenum      varchar(255) default '',
  unit_fk       integer default 0,
  dlnum         varchar(30) default '',
  datedlissued  date default NULL,
  position_fk   integer default 0,
  dlclasses     varchar(30) default '',
  depart_fk     integer default 0,
  bankid_fk     integer default 0,
  branchid_fk   integer default 0,
  termsid_fk    integer default 0,
  effdate       date default NULL,
  filetype      varchar(100) default '',
  actposition   integer default 0,
  actscale      varchar(10) default '',
  acteffdate    date default NULL,
  addedon       timestamp default NULL,
  addedby       varchar(255) default '',
  updatedon     timestamp default NULL,
  updatedby     varchar(255) default '',
  rowid         integer default 0,
  prmember      varchar(255) default NULL,
  email         varchar(255) default NULL,
  salcurrency   integer default NULL,
  linemanager   integer default NULL
);


INSERT INTO mysqldb.prmember (MemberNo, LastName, OtherNames, FullName, Designation, DesigDesc, JobGroup, Sex, MaritalStatus, NSSFNo, NHIFNO, IDNumber, PINNumber, BirthDate, EmpDate, Photo, PhotoPath, sign, Reference, QuitDate, EndPrd, M_days_Hrs, Hr_PayRate, AnnIncrement, IncrementDate, IncrMonth, MaxSalary, MPR_Original, MPR_Revised, MPR_CF, MPR_OrigDate, MPR_RevDate, Station, StationDesc, Dept, DeptDesc, BankCode, BankName, AccountNo, Pensionable, PensionLimit, Housed, HouseCost, Suspended, Suspend_bk, UnionMember, OwnerOccupier, TaxFree, HOSP, HospAmt, OOIAmt, PrevEmpName, PrevEmpAddress, NewEmpName, NewEmpAddr, BasicPay, HseAllow, GrossPay, Deductions, TaxableAmount, revTaxableAmt, TaxableCashPay, TaxableBenefit, Tax, PAYEAmt, NSSFAmt, NHIFAmt, PensionAmt, PayFor, Period, TimeStamp, nationality, empstatus_fk, emptitle, placeofbirth, curr_res, homeres, physical, province, currdescrip, district, street, division, estate, location, town, sublocation, postaladdr, phonenum, unit_fk, dlnum, datedlissued, position_fk, dlclasses, depart_fk, bankid_fk, branchid_fk, termsid_fk, effdate, filetype, actposition, actscale, acteffdate, addedon, addedby, updatedon, updatedby, rowid, prmember, email, salcurrency, linemanager) VALUES
('', 'David', 'Ndungi Muturi', 'David Ndungi Muturi', '', '', 'MMT', 'M', '2', '417214928', '1577112', '20925354', 'A002740642N', '1978-09-11 00:00:00', '2010-08-15 00:00:00',NULL, '', NULL, '', '2012-10-31 00:00:00', '2012 10', 0, 0, NULL, NULL, 0, 0, 0, 0, 0, NULL, NULL, NULL, '', 'ICT', '', '020', '', '1331710', 0, 0, 0, 0, 0, 0, 0, 0, 0, 0, 0, 0, '', '', '', '', 0, 0, 0, 0, 0, 0, 0, 0, 0, 0, 0, 0, 0, '', '2011 02', '', 1, 2, 7, 'Nairobi', '33450 - 00600 Nairobi, Ngara', 'Mucatha', 'Banana-Raini Road', 'Kenya', 'hse no. E27 Guango Estate', 'Kiambu', NULL, 'Kiambaa', 'Kiambu', 'Ruaka', 'Nairobi', NULL, NULL, NULL, 9, NULL, NULL, 5, NULL, 0, 20, 0, 1, '2010-08-15', 'image/jpeg', NULL, NULL, NULL, '2011-02-24 05:02:33', 'admin', '2012-11-16 04:11:36', 'Almonda', 1, NULL, 'david.muturi@acordinternational.org', 1, 22);
INSERT INTO mysqldb.prmember (MemberNo, LastName, OtherNames, FullName, Designation, DesigDesc, JobGroup, Sex, MaritalStatus, NSSFNo, NHIFNO, IDNumber, PINNumber, BirthDate, EmpDate, Photo, PhotoPath, sign, Reference, QuitDate, EndPrd, M_days_Hrs, Hr_PayRate, AnnIncrement, IncrementDate, IncrMonth, MaxSalary, MPR_Original, MPR_Revised, MPR_CF, MPR_OrigDate, MPR_RevDate, Station, StationDesc, Dept, DeptDesc, BankCode, BankName, AccountNo, Pensionable, PensionLimit, Housed, HouseCost, Suspended, Suspend_bk, UnionMember, OwnerOccupier, TaxFree, HOSP, HospAmt, OOIAmt, PrevEmpName, PrevEmpAddress, NewEmpName, NewEmpAddr, BasicPay, HseAllow, GrossPay, Deductions, TaxableAmount, revTaxableAmt, TaxableCashPay, TaxableBenefit, Tax, PAYEAmt, NSSFAmt, NHIFAmt, PensionAmt, PayFor, Period, TimeStamp, nationality, empstatus_fk, emptitle, placeofbirth, curr_res, homeres, physical, province, currdescrip, district, street, division, estate, location, town, sublocation, postaladdr, phonenum, unit_fk, dlnum, datedlissued, position_fk, dlclasses, depart_fk, bankid_fk, branchid_fk, termsid_fk, effdate, filetype, actposition, actscale, acteffdate, addedon, addedby, updatedon, updatedby, rowid, prmember, email, salcurrency, linemanager) VALUES
('', 'Almonda', 'Patricia Foday-Khabenje', 'Almonda Patricia Foday-Khabenje', '', '', 'SMT', 'F', '2', '', '1111', '0157324', '', NULL, '2010-08-09 00:00:00', NULL, '', NULL, '', NULL, '', 0, 0, NULL, NULL, 0, 0, 0, 0, 0, NULL, NULL, NULL, '', 'HROD', '', '004', '', '', 0, 0, 0, 0, 0, 0, 0, 0, 0, 0, 0, 0, '', '', '', '', 0, 0, 0, 0, 0, 0, 0, 0, 0, 0, 0, 0, 0, '', '2011 04', '', 14, 1, NULL, 'Freetown', NULL, '2 Lewis Drive', 'Tamarind Court', 'Freetown', 'Apartment B3', '+232 76 640593', 'Kingara Road', NULL, 'Lavington', NULL, 'NAIROBI', NULL, NULL, NULL, 9, NULL, NULL, 6, NULL, 0, 4, 0, 1, '2010-08-09', 'image/jpeg', NULL, 'SMT', NULL, '2011-04-26 02:04:01', 'almonda', '2015-01-15 07:01:16', 'almonda', 2, NULL, 'almonda.foday-khabenje@acordinternational.org', 4, 33);
INSERT INTO mysqldb.prmember (MemberNo, LastName, OtherNames, FullName, Designation, DesigDesc, JobGroup, Sex, MaritalStatus, NSSFNo, NHIFNO, IDNumber, PINNumber, BirthDate, EmpDate, Photo, PhotoPath, sign, Reference, QuitDate, EndPrd, M_days_Hrs, Hr_PayRate, AnnIncrement, IncrementDate, IncrMonth, MaxSalary, MPR_Original, MPR_Revised, MPR_CF, MPR_OrigDate, MPR_RevDate, Station, StationDesc, Dept, DeptDesc, BankCode, BankName, AccountNo, Pensionable, PensionLimit, Housed, HouseCost, Suspended, Suspend_bk, UnionMember, OwnerOccupier, TaxFree, HOSP, HospAmt, OOIAmt, PrevEmpName, PrevEmpAddress, NewEmpName, NewEmpAddr, BasicPay, HseAllow, GrossPay, Deductions, TaxableAmount, revTaxableAmt, TaxableCashPay, TaxableBenefit, Tax, PAYEAmt, NSSFAmt, NHIFAmt, PensionAmt, PayFor, Period, TimeStamp, nationality, empstatus_fk, emptitle, placeofbirth, curr_res, homeres, physical, province, currdescrip, district, street, division, estate, location, town, sublocation, postaladdr, phonenum, unit_fk, dlnum, datedlissued, position_fk, dlclasses, depart_fk, bankid_fk, branchid_fk, termsid_fk, effdate, filetype, actposition, actscale, acteffdate, addedon, addedby, updatedon, updatedby, rowid, prmember, email, salcurrency, linemanager) VALUES
('xx', 'Kristin', NULL, 'Kristin Seljeflot', '', '', 'SMT', 'F', '2', '', '1721395', '925/2005', 'A003543555w', NULL, '2005-09-05 00:00:00',NULL, '', NULL, '', NULL, '', 0, 0, NULL, NULL, 0, 0, 0, 0, 0, NULL, NULL, NULL, '', 'PDU', '', '002', '', '2800525164600', 0, 0, 0, 0, 0, 0, 0, 0, 0, 0, 0, 0, '', '', '', '', 0, 0, 0, 0, 0, 0, 0, 0, 0, 0, 0, 0, 0, '', '2011 07', '', 17, 1, 8, 'Arendal,', '51, Ruaka Road', 'Rannekleiv, terr.30', NULL, 'N-4824 Bjorbekk', 'Second house to the right after old main road into Runda Estate', NULL, 'Ruaka Road', NULL, 'Runda', NULL, 'Nairobi', 'Norway', 'P.O. Box 61216, 00200 Nairobi, Kenya', '+4737094580', 9, 'C742019', NULL, 179, NULL, 0, 2, 0, 2, NULL, 'image/jpeg', 24, 'SMT', NULL, '2011-07-01 04:07:17', '', '2014-08-27 07:08:19', 'almonda', 8, NULL, 'kristin.seljeflot@acordinternational.org', 4, 33);
INSERT INTO mysqldb.prmember (MemberNo, LastName, OtherNames, FullName, Designation, DesigDesc, JobGroup, Sex, MaritalStatus, NSSFNo, NHIFNO, IDNumber, PINNumber, BirthDate, EmpDate, Photo, PhotoPath, sign, Reference, QuitDate, EndPrd, M_days_Hrs, Hr_PayRate, AnnIncrement, IncrementDate, IncrMonth, MaxSalary, MPR_Original, MPR_Revised, MPR_CF, MPR_OrigDate, MPR_RevDate, Station, StationDesc, Dept, DeptDesc, BankCode, BankName, AccountNo, Pensionable, PensionLimit, Housed, HouseCost, Suspended, Suspend_bk, UnionMember, OwnerOccupier, TaxFree, HOSP, HospAmt, OOIAmt, PrevEmpName, PrevEmpAddress, NewEmpName, NewEmpAddr, BasicPay, HseAllow, GrossPay, Deductions, TaxableAmount, revTaxableAmt, TaxableCashPay, TaxableBenefit, Tax, PAYEAmt, NSSFAmt, NHIFAmt, PensionAmt, PayFor, Period, TimeStamp, nationality, empstatus_fk, emptitle, placeofbirth, curr_res, homeres, physical, province, currdescrip, district, street, division, estate, location, town, sublocation, postaladdr, phonenum, unit_fk, dlnum, datedlissued, position_fk, dlclasses, depart_fk, bankid_fk, branchid_fk, termsid_fk, effdate, filetype, actposition, actscale, acteffdate, addedon, addedby, updatedon, updatedby, rowid, prmember, email, salcurrency, linemanager) VALUES
('', 'Vanessa', NULL, 'Vanessa Dupont', '', '', NULL, 'F', '2', '', NULL, '10ad90315', '', NULL, '2010-01-04 00:00:00', '', '', NULL, '', NULL, '2012 12', 0, 0, NULL, NULL, 0, 0, 0, 0, 0, NULL, NULL, NULL, '', 'PDU', '', '020', '', '20-71-64', 0, 0, 0, 0, 0, 0, 0, 0, 0, 0, 0, 0, '', '', '', '', 0, 0, 0, 0, 0, 0, 0, 0, 0, 0, 0, 0, 0, '', '2011 07', '', 20, 1, 9, 'france', NULL, NULL, NULL, NULL, NULL, NULL, '16D warrington crescent', NULL, NULL, NULL, 'London', NULL, 'w9 1el', '+44 781 312 9705', 9, NULL, NULL, 14, NULL, 0, 20, 0, 1, '2010-01-04', '', 14, NULL, '2010-01-04', '2011-07-01 07:07:11', '', '2015-01-15 07:01:16', 'almonda', 9, NULL, 'vanessa.dupont@acordinternational.org', 4, 8);
INSERT INTO mysqldb.prmember (MemberNo, LastName, OtherNames, FullName, Designation, DesigDesc, JobGroup, Sex, MaritalStatus, NSSFNo, NHIFNO, IDNumber, PINNumber, BirthDate, EmpDate, Photo, PhotoPath, sign, Reference, QuitDate, EndPrd, M_days_Hrs, Hr_PayRate, AnnIncrement, IncrementDate, IncrMonth, MaxSalary, MPR_Original, MPR_Revised, MPR_CF, MPR_OrigDate, MPR_RevDate, Station, StationDesc, Dept, DeptDesc, BankCode, BankName, AccountNo, Pensionable, PensionLimit, Housed, HouseCost, Suspended, Suspend_bk, UnionMember, OwnerOccupier, TaxFree, HOSP, HospAmt, OOIAmt, PrevEmpName, PrevEmpAddress, NewEmpName, NewEmpAddr, BasicPay, HseAllow, GrossPay, Deductions, TaxableAmount, revTaxableAmt, TaxableCashPay, TaxableBenefit, Tax, PAYEAmt, NSSFAmt, NHIFAmt, PensionAmt, PayFor, Period, TimeStamp, nationality, empstatus_fk, emptitle, placeofbirth, curr_res, homeres, physical, province, currdescrip, district, street, division, estate, location, town, sublocation, postaladdr, phonenum, unit_fk, dlnum, datedlissued, position_fk, dlclasses, depart_fk, bankid_fk, branchid_fk, termsid_fk, effdate, filetype, actposition, actscale, acteffdate, addedon, addedby, updatedon, updatedby, rowid, prmember, email, salcurrency, linemanager) VALUES
('', 'JOSEPH', NULL, 'JOSEPH MACHARIA', '', '', 'JS', 'M', '2', '216458919', 'R2229238', '22538120', 'A003796671Z', '1980-12-01 00:00:00', '2008-04-16 00:00:00',NULL, '', NULL, '', NULL, '', 0, 0, NULL, NULL, 0, 0, 0, 0, 0, NULL, NULL, NULL, '', 'FIN', '', '015', '', '011019204674200', 0, 0, 0, 0, 0, 0, 0, 0, 0, 0, 0, 0, '', '', '', '', 0, 0, 0, 0, 0, 0, 0, 0, 0, 0, 0, 0, 0, '', '2011 08', '', 1, 2, 7, 'MURANGA', 'NGARA', 'KARUNGANGI', 'PARKROAD', 'CENTRAL', 'KWANJE HOUSE', 'MURANGA SOUTH', 'MOGIRA ROAD', 'MARAGUA', 'NGARA', 'MAKUYU', 'NAIROBI', 'KIMORORI', '18084-00500', '0723 432 722', 16, NULL, NULL, 176, 'E', 0, 15, 0, 1, '2010-11-01', 'image/jpeg', NULL, 'JS', NULL, '2011-08-08 12:08:06', '', '2013-01-17 03:01:03', 'almonda', 16, NULL, 'Joseph.Macharia@acordinternational.org', 1, 22);
INSERT INTO mysqldb.prmember (MemberNo, LastName, OtherNames, FullName, Designation, DesigDesc, JobGroup, Sex, MaritalStatus, NSSFNo, NHIFNO, IDNumber, PINNumber, BirthDate, EmpDate, Photo, PhotoPath, sign, Reference, QuitDate, EndPrd, M_days_Hrs, Hr_PayRate, AnnIncrement, IncrementDate, IncrMonth, MaxSalary, MPR_Original, MPR_Revised, MPR_CF, MPR_OrigDate, MPR_RevDate, Station, StationDesc, Dept, DeptDesc, BankCode, BankName, AccountNo, Pensionable, PensionLimit, Housed, HouseCost, Suspended, Suspend_bk, UnionMember, OwnerOccupier, TaxFree, HOSP, HospAmt, OOIAmt, PrevEmpName, PrevEmpAddress, NewEmpName, NewEmpAddr, BasicPay, HseAllow, GrossPay, Deductions, TaxableAmount, revTaxableAmt, TaxableCashPay, TaxableBenefit, Tax, PAYEAmt, NSSFAmt, NHIFAmt, PensionAmt, PayFor, Period, TimeStamp, nationality, empstatus_fk, emptitle, placeofbirth, curr_res, homeres, physical, province, currdescrip, district, street, division, estate, location, town, sublocation, postaladdr, phonenum, unit_fk, dlnum, datedlissued, position_fk, dlclasses, depart_fk, bankid_fk, branchid_fk, termsid_fk, effdate, filetype, actposition, actscale, acteffdate, addedon, addedby, updatedon, updatedby, rowid, prmember, email, salcurrency, linemanager) VALUES
('-', 'Nicola', NULL, 'Nicola Bevan', '', '', 'MMT', 'F', '1', '', NULL, '-', '-', NULL, '2009-03-02 00:00:00', '', '', NULL, '', NULL, '', 0, 0, NULL, NULL, 0, 0, 0, 0, 0, NULL, NULL, NULL, '', 'PDU', '', '016', '', '-', 0, 0, 0, 0, 0, 0, 0, 0, 0, 0, 0, 0, '', '', '', '', 0, 0, 0, 0, 0, 0, 0, 0, 0, 0, 0, 0, 0, '', '2011 07', '', 5, 1, 9, 'Dublin,', '17a Eccleston Square', NULL, NULL, NULL, NULL, NULL, NULL, NULL, NULL, NULL, 'London', NULL, 'SW1V 1NS', NULL, 9, NULL, '2011-03-01', 15, NULL, 0, 16, 0, 2, NULL, '', NULL, 'MMT', NULL, '2011-07-06 06:07:24', '', '2015-01-15 06:01:27', 'almonda', 11, NULL, 'nicola.bevan@acordinternational.org', NULL, 8);
INSERT INTO mysqldb.prmember (MemberNo, LastName, OtherNames, FullName, Designation, DesigDesc, JobGroup, Sex, MaritalStatus, NSSFNo, NHIFNO, IDNumber, PINNumber, BirthDate, EmpDate, Photo, PhotoPath, sign, Reference, QuitDate, EndPrd, M_days_Hrs, Hr_PayRate, AnnIncrement, IncrementDate, IncrMonth, MaxSalary, MPR_Original, MPR_Revised, MPR_CF, MPR_OrigDate, MPR_RevDate, Station, StationDesc, Dept, DeptDesc, BankCode, BankName, AccountNo, Pensionable, PensionLimit, Housed, HouseCost, Suspended, Suspend_bk, UnionMember, OwnerOccupier, TaxFree, HOSP, HospAmt, OOIAmt, PrevEmpName, PrevEmpAddress, NewEmpName, NewEmpAddr, BasicPay, HseAllow, GrossPay, Deductions, TaxableAmount, revTaxableAmt, TaxableCashPay, TaxableBenefit, Tax, PAYEAmt, NSSFAmt, NHIFAmt, PensionAmt, PayFor, Period, TimeStamp, nationality, empstatus_fk, emptitle, placeofbirth, curr_res, homeres, physical, province, currdescrip, district, street, division, estate, location, town, sublocation, postaladdr, phonenum, unit_fk, dlnum, datedlissued, position_fk, dlclasses, depart_fk, bankid_fk, branchid_fk, termsid_fk, effdate, filetype, actposition, actscale, acteffdate, addedon, addedby, updatedon, updatedby, rowid, prmember, email, salcurrency, linemanager) VALUES
('', 'Helen', 'Wangechi Gikonyo-Mukoko', 'Helen Wangechi Gikonyo-Mukoko', '', '', 'MMT', 'F', '2', '621157813', 'R0844289', '14656066', 'A002680359X', NULL, '2003-06-16 00:00:00',NULL, '', NULL, '', NULL, '', 0, 0, NULL, NULL, 0, 0, 0, 0, 0, NULL, NULL, NULL, '', 'FIN', '', '008', '', '1370025781', 0, 0, 0, 0, 0, 0, 0, 0, 0, 0, 0, 0, '', '', '', '', 0, 0, 0, 0, 0, 0, 0, 0, 0, 0, 0, 0, 0, '', '2011 07', '', 1, 1, 8, 'NYERI', 'AKILLA II', NULL, NULL, 'NAIROBI', NULL, 'NAIROBI', 'MBAGATHI ROAD', 'DAGORETI', 'AKILLA II, B4F6', NULL, 'NAIROBI', NULL, '25637', '254 722 597 505', 16, 'C440067', '2004-04-05', 186, 'E', 0, 8, 0, 2, '2003-06-16', 'image/jpeg', NULL, NULL, NULL, '2011-07-18 03:07:23', '', '2015-01-15 06:01:49', 'almonda', 12, NULL, NULL, NULL, 22);
INSERT INTO mysqldb.prmember (MemberNo, LastName, OtherNames, FullName, Designation, DesigDesc, JobGroup, Sex, MaritalStatus, NSSFNo, NHIFNO, IDNumber, PINNumber, BirthDate, EmpDate, Photo, PhotoPath, sign, Reference, QuitDate, EndPrd, M_days_Hrs, Hr_PayRate, AnnIncrement, IncrementDate, IncrMonth, MaxSalary, MPR_Original, MPR_Revised, MPR_CF, MPR_OrigDate, MPR_RevDate, Station, StationDesc, Dept, DeptDesc, BankCode, BankName, AccountNo, Pensionable, PensionLimit, Housed, HouseCost, Suspended, Suspend_bk, UnionMember, OwnerOccupier, TaxFree, HOSP, HospAmt, OOIAmt, PrevEmpName, PrevEmpAddress, NewEmpName, NewEmpAddr, BasicPay, HseAllow, GrossPay, Deductions, TaxableAmount, revTaxableAmt, TaxableCashPay, TaxableBenefit, Tax, PAYEAmt, NSSFAmt, NHIFAmt, PensionAmt, PayFor, Period, TimeStamp, nationality, empstatus_fk, emptitle, placeofbirth, curr_res, homeres, physical, province, currdescrip, district, street, division, estate, location, town, sublocation, postaladdr, phonenum, unit_fk, dlnum, datedlissued, position_fk, dlclasses, depart_fk, bankid_fk, branchid_fk, termsid_fk, effdate, filetype, actposition, actscale, acteffdate, addedon, addedby, updatedon, updatedby, rowid, prmember, email, salcurrency, linemanager) VALUES
('N/A', 'Grace', 'Akinyi Ndege', 'Grace Akinyi Ndege', '', '', 'JS', 'F', '1', '68755781X', '1417385', '22690509', 'A', '1981-12-19 00:00:00', '2007-01-22 00:00:00', '', '', NULL, '', '2011-11-30 00:00:00', '2011 11', 0, 0, NULL, NULL, 0, 0, 0, 0, 0, NULL, NULL, NULL, '', 'ADMIN', '', '012', '', '0121225601301', 0, 0, 0, 0, 0, 0, 0, 0, 0, 0, 0, 0, '', '', '', '', 0, 0, 0, 0, 0, 0, 0, 0, 0, 0, 0, 0, 0, '', '2011 07', '', 1, 2, 9, 'Nairobi', NULL, NULL, NULL, NULL, NULL, NULL, 'Ngong', NULL, 'Santack', NULL, 'Nairobi', NULL, '271 - 00200', NULL, 9, NULL, NULL, 2, NULL, 0, 12, 0, 1, '2009-12-01', '', NULL, 'JS', NULL, '2011-07-25 01:07:10', '', '2012-06-15 04:06:48', 'Almonda', 13, NULL, NULL, NULL, 23),
('', 'MARY', 'WAMBUI NZIOKI', 'MARY WAMBUI NZIOKI', '', '', 'MMT', 'F', '3', '544033/81', '1346497', 'B035114', 'A002558567M', '1970-06-13 00:00:00', '2004-08-02 00:00:00', '', '', NULL, '', NULL, '2012 08', 0, 0, NULL, NULL, 0, 0, 0, 0, 0, NULL, NULL, NULL, '', 'PDU', '', '004', '', '10181055130', 0, 0, 0, 0, 0, 0, 0, 0, 0, 0, 0, 0, '', '', '', '', 0, 0, 0, 0, 0, 0, 0, 0, 0, 0, 0, 0, 0, '', '2011 08', '', 1, 2, 9, 'NAIROBI', 'FLAT No. D31', NULL, 'RIARA MEADOWS', NULL, 'FLATS, AFTER NAKUMMAT JUNCTION, A LITTLE PAST VALENCIA GARDENS', NULL, 'RIARA ROAD', NULL, NULL, NULL, 'NAIROBI', NULL, '61216, 00200', '0722800482', 16, 'C 313223', '2010-08-30', 21, 'E- Motor Car & Commercial Vehi', 0, 4, 0, 1, '2006-08-02', '', NULL, 'MMT', NULL, '2011-08-08 11:08:46', '', '2014-10-06 07:10:51', 'almonda', 14, NULL, NULL, NULL, 8),
('', 'MUNJUA', 'MARY', 'MUNJUA MARY', '', '', NULL, 'F', '2', '948969814', 'R2138180', '22641976', 'A004418271Z', '2011-11-29 00:00:00', '2007-04-17 00:00:00', '', '', NULL, '', NULL, '2012 12', 0, 0, NULL, NULL, 0, 0, 0, 0, 0, NULL, NULL, NULL, '', 'FIN', '', '002', '', '0100309984400', 0, 0, 0, 0, 0, 0, 0, 0, 0, 0, 0, 0, '', '', '', '', 0, 0, 0, 0, 0, 0, 0, 0, 0, 0, 0, 0, 0, '', '2011 08', '', 1, 2, 9, 'UASIN Gishu', 'KINOO', 'ELDORET', 'WAIYAKI WAY', 'RIFT VALLEY', NULL, 'UASIN GISHU', NULL, 'KAPSERET', 'KINOO', 'PIONEER', 'KIKUYU TOWN', 'LANGAS', '104315-00101 NRB', '+254(0)721-245-949', 9, '315836', NULL, 28, 'E', 0, 2, 0, 2, '2011-01-02', '', NULL, NULL, NULL, '2011-08-08 11:08:22', '', '2012-02-17 01:02:55', 'admin', 15, NULL, 'mary.munjua@acordinternational.org', NULL, 0),
('', 'Salina', 'Cheserem Sanou', 'Salina Cheserem Sanou', '', '', NULL, 'F', '2', '245', NULL, 'B0024949', 'A003708886S', NULL, '2011-07-18 00:00:00', '', '', NULL, '', NULL, '2013 07', 0, 0, NULL, NULL, 0, 0, 0, 0, 0, NULL, NULL, NULL, '', 'PAP', '', '001', '', '1607367', 0, 0, 0, 0, 0, 0, 0, 0, 0, 0, 0, 0, '', '', '', '', 0, 0, 0, 0, 0, 0, 0, 0, 0, 0, 0, 0, 0, '', '2011 08', '', 27, 1, 8, 'Marakwet,', 'Kenya', 'Mali', NULL, 'Bamako', NULL, '6me Arrondisement', 'Hatheru Road', NULL, 'Lavington', NULL, 'Nairobi', NULL, 'P.O. Box 25419-00603', '+254 727 163 981', 9, NULL, NULL, 33, NULL, 0, 1, 0, 1, '2011-07-18', '', NULL, NULL, NULL, '2011-08-08 04:08:02', '', '2014-08-27 07:08:30', 'almonda', 17, NULL, NULL, NULL, 33);
INSERT INTO mysqldb.prmember (MemberNo, LastName, OtherNames, FullName, Designation, DesigDesc, JobGroup, Sex, MaritalStatus, NSSFNo, NHIFNO, IDNumber, PINNumber, BirthDate, EmpDate, Photo, PhotoPath, sign, Reference, QuitDate, EndPrd, M_days_Hrs, Hr_PayRate, AnnIncrement, IncrementDate, IncrMonth, MaxSalary, MPR_Original, MPR_Revised, MPR_CF, MPR_OrigDate, MPR_RevDate, Station, StationDesc, Dept, DeptDesc, BankCode, BankName, AccountNo, Pensionable, PensionLimit, Housed, HouseCost, Suspended, Suspend_bk, UnionMember, OwnerOccupier, TaxFree, HOSP, HospAmt, OOIAmt, PrevEmpName, PrevEmpAddress, NewEmpName, NewEmpAddr, BasicPay, HseAllow, GrossPay, Deductions, TaxableAmount, revTaxableAmt, TaxableCashPay, TaxableBenefit, Tax, PAYEAmt, NSSFAmt, NHIFAmt, PensionAmt, PayFor, Period, TimeStamp, nationality, empstatus_fk, emptitle, placeofbirth, curr_res, homeres, physical, province, currdescrip, district, street, division, estate, location, town, sublocation, postaladdr, phonenum, unit_fk, dlnum, datedlissued, position_fk, dlclasses, depart_fk, bankid_fk, branchid_fk, termsid_fk, effdate, filetype, actposition, actscale, acteffdate, addedon, addedby, updatedon, updatedby, rowid, prmember, email, salcurrency, linemanager) VALUES
('0000', 'PATRICK', 'OLANG MISAWO', 'PATRICK OLANG MISAWO', '', '', 'MMT', 'M', '2', '788317628', '1116469', '9788650', 'A001181428Y', '1968-01-31 00:00:00', '2010-04-01 00:00:00',NULL, '', NULL, '', NULL, '', 0, 0, NULL, NULL, 0, 0, 0, 0, 0, NULL, NULL, NULL, '', 'FIN', '', '021', '', '6721300019', 0, 0, 0, 0, 0, 0, 0, 0, 0, 0, 0, 0, '', '', '', '', 0, 0, 0, 0, 0, 0, 0, 0, 0, 0, 0, 0, 0, '', '2011 08', '', 1, 2, 7, 'NAIROBI', 'P.O.BOX 22608 00400 NAIROBI', 'ROO', 'NEW DOONHOLM ESTATE', 'NYANZA', 'BANSORA COURT', NULL, NULL, 'MBITA', 'NAIROBI', 'KAKSINGRI', 'NAIROBI', '0722600239', 'P.O.BOX 22608 00400', '0722608655', 9, NULL, NULL, 17, NULL, 0, 21, 0, 1, '2010-04-01', 'image/jpeg', NULL, 'MMT', NULL, '2011-08-08 05:08:07', '', '2012-06-15 04:06:14', 'Almonda', 18, NULL, NULL, NULL, 22);
INSERT INTO mysqldb.prmember (MemberNo, LastName, OtherNames, FullName, Designation, DesigDesc, JobGroup, Sex, MaritalStatus, NSSFNo, NHIFNO, IDNumber, PINNumber, BirthDate, EmpDate, Photo, PhotoPath, sign, Reference, QuitDate, EndPrd, M_days_Hrs, Hr_PayRate, AnnIncrement, IncrementDate, IncrMonth, MaxSalary, MPR_Original, MPR_Revised, MPR_CF, MPR_OrigDate, MPR_RevDate, Station, StationDesc, Dept, DeptDesc, BankCode, BankName, AccountNo, Pensionable, PensionLimit, Housed, HouseCost, Suspended, Suspend_bk, UnionMember, OwnerOccupier, TaxFree, HOSP, HospAmt, OOIAmt, PrevEmpName, PrevEmpAddress, NewEmpName, NewEmpAddr, BasicPay, HseAllow, GrossPay, Deductions, TaxableAmount, revTaxableAmt, TaxableCashPay, TaxableBenefit, Tax, PAYEAmt, NSSFAmt, NHIFAmt, PensionAmt, PayFor, Period, TimeStamp, nationality, empstatus_fk, emptitle, placeofbirth, curr_res, homeres, physical, province, currdescrip, district, street, division, estate, location, town, sublocation, postaladdr, phonenum, unit_fk, dlnum, datedlissued, position_fk, dlclasses, depart_fk, bankid_fk, branchid_fk, termsid_fk, effdate, filetype, actposition, actscale, acteffdate, addedon, addedby, updatedon, updatedby, rowid, prmember, email, salcurrency, linemanager) VALUES
('', 'Sophie', 'Havyarimana -', 'Sophie Havyarimana -', '', '', 'MMT', 'F', '2', '-', '-', '163097', '-', NULL, '2011-07-17 00:00:00', '', '', NULL, '', NULL, '2013 08', 0, 0, NULL, NULL, 0, 0, 0, 0, 0, NULL, NULL, NULL, '', 'PROG', '', '004', '', '2800115825600', 0, 0, 0, 0, 0, 0, 0, 0, 0, 0, 0, 0, '', '', '', '', 0, 0, 0, 0, 0, 0, 0, 0, 0, 0, 0, 0, 0, '', '2011 08', '', 18, 1, 8, 'Higiro', 'Nairobi', 'Kigobe', 'Kayahwe Road, chesnut court, B2', 'Bujumbura', 'Kilimani', 'Bujumbura', 'Kayahwe Road', '-', 'Kenya', '-', 'Nairobi', 'Gihosha', '-', '254 0704 913 686', 9, '907/2000', '2011-08-17', 171, 'B', 0, 4, 0, 1, NULL, '', NULL, 'MMT', NULL, '2011-08-17 01:08:04', '', '2014-08-27 07:08:17', 'almonda', 19, NULL, NULL, 4, 27),
('', 'Rose', NULL, 'Rose Aduol', '', '', NULL, 'F', '4', '63', 'RO512676', '21017044', 'A002596892Q', NULL, '2011-02-01 00:00:00', '', '', NULL, '', NULL, '', 0, 0, NULL, NULL, 0, 0, 0, 0, 0, NULL, NULL, NULL, '', 'PAP', '', '024', '', '009', 0, 0, 0, 0, 0, 0, 0, 0, 0, 0, 0, 0, '', '', '', '', 0, 0, 0, 0, 0, 0, 0, 0, 0, 0, 0, 0, 0, '', '2011 08', '', 1, 1, 12, 'KENYA', 'P.O. Box 61216, 00200', 'Lilly of Sharon Apartments', 'Opposite ILRI, Off Naivasha road', 'Kenya', 'Apartments', '-', 'Naivasha Road', NULL, NULL, NULL, 'Nairobi', NULL, NULL, '+254 715605968', 9, NULL, NULL, 11, NULL, 0, 24, 0, 1, '2011-02-01', '', NULL, NULL, NULL, '2011-08-17 03:08:54', '', '2014-08-27 07:08:15', 'almonda', 20, NULL, 'rose.aduol@acordinternational.org', 1, 37),
('', 'Stephen', 'Odiwuor Otieno', 'Stephen Odiwuor Otieno', '', '', 'MMT', 'M', '2', '642968926', '1845674', '20905663/B008', 'A0031259442K', NULL, '2011-07-01 00:00:00',NULL, '', NULL, '', '2014-12-29 00:00:00', '2014 12', 0, 0, NULL, NULL, 0, 0, 0, 0, 0, NULL, NULL, NULL, '', 'PROG', '', '024', '', '009', 0, 0, 0, 0, 0, 0, 0, 0, 0, 0, 0, 0, '', '', '', '', 0, 0, 0, 0, 0, 0, 0, 0, 0, 0, 0, 0, 0, '', '2011 08', '', 1, 1, 7, 'Kisumu,', 'Westlands', 'Rachuonyo', 'Mogotio Road 5', 'Nyanza', 'Gitere Appartments', 'Rachuonyo', 'Mogotio Road', 'Kabondo', 'Westlands/Parklands', 'Kawuor', 'Nairobi', 'Kowidi', '39955 - 00623 Nairobi', '+254 721 231219', 9, 'C1609277', NULL, 7, NULL, 0, 24, 0, 1, '2011-07-01', 'image/jpeg', NULL, 'MMT', NULL, '2011-08-19 11:08:37', '', '2014-08-27 07:08:06', 'almonda', 21, NULL, 'stephen.otieno@acordinternational.org', NULL, 27),
('', 'Elijah', NULL, 'Elijah Lutwama', '', '', 'SMT', 'M', '2', '', NULL, 'B0647645', 'A003153199S', NULL, '2002-01-01 00:00:00', '', '', NULL, '', NULL, '', 0, 0, NULL, NULL, 0, 0, 0, 0, 0, NULL, NULL, '001', '', 'FIN', '', '001', '', '075-', 0, 0, 0, 0, 0, 0, 0, 0, 0, 0, 0, 0, '', '', '', '', 0, 0, 0, 0, 0, 0, 0, 0, 0, 0, 0, 0, 0, '', '2011 08', '', 3, 1, 7, 'Kampala', 'P . O. Box 61216- 00200 Nairobi Kenya', NULL, 'Hse M64 Hazina Estate', NULL, 'South B Nairobi', 'Kampala', 'Plainsview Road', 'Kampala', 'Nairobi', 'Najanamkumbi', 'Nairobi', NULL, '00200', NULL, 9, 'C437821', NULL, 27, 'E', 0, 1, 0, 1, NULL, '', NULL, 'SMT', NULL, '2011-08-19 11:08:12', '', '2014-08-27 07:08:17', 'almonda', 22, NULL, 'elijah.lutwama@acordinternational.org', NULL, 33),
('', 'WILKISTER', 'AKINYI OLUOCH', 'WILKISTER AKINYI OLUOCH', '', '', 'MMT', 'F', '2', '690394810', '1544467', '13426221', 'A003114235Z', NULL, '2004-11-17 00:00:00', '', '', NULL, '', NULL, '', 0, 0, NULL, NULL, 0, 0, 0, 0, 0, NULL, NULL, NULL, '', 'ADMIN', '', '010', '', '0140029172401', 0, 0, 0, 0, 0, 0, 0, 0, 0, 0, 0, 0, '', '', '', '', 0, 0, 0, 0, 0, 0, 0, 0, 0, 0, 0, 0, 0, '', '2011 08', '', 1, 1, 8, 'NAIROBI', 'LANGATA', 'SIAYA', 'OFF LANGATA ROAD', 'NYANZA', NULL, 'SIAYA', 'KITENGELA ROAD', 'URANGA', 'UHURU GARDENS II', 'ALEGO SOUTH WEST', 'NAIROBI', 'UDENDA', '61216', '0722458276', 9, NULL, NULL, 45, NULL, 0, 10, 0, 1, '2006-06-01', '', NULL, NULL, NULL, '2011-08-19 03:08:55', '', '2015-01-15 06:01:21', 'almonda', 23, NULL, 'wilkister.oluoch@acordinternational.org', NULL, 2),
('', 'Nashon', 'Crispus TADO', 'Nashon Crispus TADO', '', '', 'MMT', 'M', '1', '659479923', '1775336', 'A705480', 'A003328562Z', '1978-11-20 00:00:00', '2008-08-18 00:00:00', '', '', NULL, '', NULL, '', 0, 0, NULL, NULL, 0, 0, 0, 0, 0, NULL, NULL, NULL, '', 'PDU', '', '016', '', '0003000050005', 0, 0, 0, 0, 0, 0, 0, 0, 0, 0, 0, 0, '', '', '', '', 0, 0, 0, 0, 0, 0, 0, 0, 0, 0, 0, 0, 0, '', '2011 08', '', 1, 2, 7, 'Muranga', 'Nairobi', 'Nyanza', 'Kangemi', 'Nyanza', NULL, 'Siaya', 'Mount', 'N/A', 'Kangemi', 'Wagai', 'Nairobi', 'Gem', 'PO Box 59712-00200', '+254720931035', 9, NULL, NULL, 22, 'BCE', 0, 16, 0, 1, '2010-08-18', '', NULL, 'MMT', NULL, '2011-08-22 10:08:33', '', '2013-03-20 10:03:44', 'almonda', 24, NULL, NULL, NULL, 8),
('do', 'Chira', 'Hannah Wanjiku', 'Chira Hannah Wanjiku', '', '', 'JS', 'F', '1', 'will', 'will', '22273835', 'will', '2012-05-17 00:00:00', '2009-11-01 00:00:00', '', '', NULL, '', NULL, '', 0, 0, NULL, NULL, 0, 0, 0, 0, 0, NULL, NULL, NULL, '', 'PROG', '', '018', '', '0124514295400', 0, 0, 0, 0, 0, 0, 0, 0, 0, 0, 0, 0, '', '', '', '', 0, 0, 0, 0, 0, 0, 0, 0, 0, 0, 0, 0, 0, '', '2011 08', '', 1, 2, 9, 'Gatanga', 'Hse', 'Karangi', 'Ngumo', 'Central', NULL, 'Thika', NULL, 'Gatanga', 'Newa', 'Mbugiti', 'Nairobi', 'Gaceria', '00200-61216', '+254-721-1467-27', 16, NULL, NULL, NULL, 'Yes!', 0, 18, 0, 1, '2011-06-01', '', NULL, 'JS', NULL, '2011-08-26 04:08:12', '', '2014-07-07 08:07:34', 'almonda', 25, NULL, NULL, NULL, 40),
('', 'SENDEGEYA', 'ABELA LEONIE', 'SENDEGEYA ABELA LEONIE', '', '', 'MMT', 'F', '2', '', NULL, 'PC063972', 'DONT', NULL, '2007-04-27 00:00:00', '', '', NULL, '', NULL, '', 0, 0, NULL, NULL, 0, 0, 0, 0, 0, NULL, NULL, NULL, '', 'PROG', '', '014', '', '01000421262410', 0, 0, 0, 0, 0, 0, 0, 0, 0, 0, 0, 0, '', '', '', '', 0, 0, 0, 0, 0, 0, 0, 0, 0, 0, 0, 0, 0, '', '2011 09', '', 21, 1, 8, 'KAMPALA/UGANDA', 'WORK', NULL, 'NAIROBI', NULL, NULL, NULL, 'KABETE', NULL, 'SPRING', NULL, 'NAIROBI', NULL, '4287-00200 NAIROBI', NULL, 16, NULL, NULL, 23, NULL, 0, 14, 0, 1, NULL, '', NULL, NULL, NULL, '2011-09-01 11:09:44', '', '2014-08-27 07:08:03', 'almonda', 26, NULL, 'leonie.sendegeya@acordinternational.org', NULL, 47),
('', 'Annette', 'Rwezenda Msabeni-Ngoye', 'Annette Rwezenda Msabeni-Ngoye', '', '', 'SMT', 'F', '2', '', NULL, '13429968', 'A002721130B', NULL, '2009-09-15 00:00:00', '', '', NULL, '', NULL, '2012 12', 0, 0, NULL, NULL, 0, 0, 0, 0, 0, NULL, NULL, NULL, '', 'PROG', '', '027', '', '1372000120', 0, 0, 0, 0, 0, 0, 0, 0, 0, 0, 0, 0, '', '', '', '', 0, 0, 0, 0, 0, 0, 0, 0, 0, 0, 0, 0, 0, '', '2011 09', '', 1, 1, 8, 'Nairobi', 'Mbaazi Court', 'Mbaazi Court', 'APT A5', 'Nairobi', NULL, 'Nairobi', 'Mbaazi Avenue', NULL, 'Lavington', NULL, 'Nairobi', NULL, 'P O Box 16774 - 00100', '+254 723389156/733775117', 9, NULL, NULL, 25, NULL, 0, 27, 0, 1, '2009-09-15', '', NULL, 'SMT', NULL, '2011-09-01 12:09:42', '', '2015-01-15 06:01:15', 'almonda', 27, NULL, 'annette.msabeni@acordinternational.org', NULL, 33),
('', 'Margaret', NULL, 'Margaret Wamukoya', '', '', 'JS', 'F', '2', '035826827', '1229109', '11094339/B109', 'A00278274GA', NULL, NULL, '', '', NULL, '', NULL, '', 0, 0, NULL, NULL, 0, 0, 0, 0, 0, NULL, NULL, NULL, '', 'HROD', '', '006', '', '01100062473600', 0, 0, 0, 0, 0, 0, 0, 0, 0, 0, 0, 0, '', '', '', '', 0, 0, 0, 0, 0, 0, 0, 0, 0, 0, 0, 0, 0, '', '2011 09', '', 1, 1, 9, 'Busia', 'Syokimau', 'Oyugis', 'Baraka Court', 'Nyanza', 'Off Mombasa', 'Rachuonyo East', 'Katani Road', 'Kaspul', 'Syokimau', 'Kaspul West', 'Machakos', 'Kotieno', '265 00300, Nairobi.', '0713 657 077', 16, 'C618583', NULL, 1, 'E', 0, 6, 0, 1, NULL, '', NULL, NULL, NULL, '2011-09-02 09:09:04', '', '2014-08-27 07:08:02', 'almonda', 28, NULL, 'margaret.wamukoya@acordinternational.org', NULL, 2),
('', 'Emime', 'Ndihokubwayo Njokuku', 'Emime Ndihokubwayo Njokuku', '', '', 'SMT', 'F', '2', '', NULL, '131495', 'A005390077S', '1970-01-10 00:00:00', '2009-11-01 00:00:00', '', '', NULL, '', '2011-10-31 00:00:00', '2011 10', 0, 0, NULL, NULL, 0, 0, 0, 0, 0, NULL, NULL, NULL, '', 'PROG', '', '026', '', '7262850', 0, 0, 0, 0, 0, 0, 0, 0, 0, 0, 0, 0, '', '', '', '', 0, 0, 0, 0, 0, 0, 0, 0, 0, 0, 0, 0, 0, '', '2011 09', '', 18, 2, 8, 'Gisanze-Burundi', NULL, 'Burundi', 'Kenya', 'Bujumbura', NULL, 'Rohero', 'Denis', NULL, 'Kilimani', NULL, 'Nairobi', NULL, '61216,00200', NULL, 9, NULL, '2009-11-01', 33, NULL, 0, 26, 0, 1, '2009-11-01', '', NULL, 'SMT', NULL, '2011-09-16 05:09:36', '', '2012-03-05 08:03:44', 'Almonda', 29, NULL, 'emime.ndihokubwayo@acordinternational.org', NULL, 0),
('', 'Mudachi', NULL, 'Mudachi David', '', '', 'MMT', 'M', '1', '', NULL, '24101283', 'A005198584H', '1985-02-19 00:00:00', '2012-03-01 00:00:00', '', '', NULL, '', NULL, '', 0, 0, NULL, NULL, 0, 0, 0, 0, 0, NULL, NULL, NULL, '', 'PDU', '', '028', '', '1132735750', 0, 0, 0, 0, -1, 0, 0, 0, 0, 0, 0, 0, '', '', '', '', 0, 0, 0, 0, 0, 0, 0, 0, 0, 0, 0, 0, 0, '', '2012 03', '', 1, 4, 7, 'Kenya', 'Kilimani', 'Kilimani', 'Execter Court Apartments', 'Nairobi', NULL, 'Kilifi', 'Kindaruma', 'Kaloleni', 'Kilimani', 'Mariakani', 'Nairobi', 'Liukingo', '1599-00200', '0720835858', 16, NULL, NULL, 172, NULL, 0, 28, 0, 1, '2012-02-01', '', 172, 'MMT', '2012-02-01', '2012-03-01 11:03:55', '', '2013-08-15 10:08:11', 'almonda', 32, NULL, 'david.mudachi@acordinternational.org', NULL, 30);
INSERT INTO mysqldb.prmember (MemberNo, LastName, OtherNames, FullName, Designation, DesigDesc, JobGroup, Sex, MaritalStatus, NSSFNo, NHIFNO, IDNumber, PINNumber, BirthDate, EmpDate, Photo, PhotoPath, sign, Reference, QuitDate, EndPrd, M_days_Hrs, Hr_PayRate, AnnIncrement, IncrementDate, IncrMonth, MaxSalary, MPR_Original, MPR_Revised, MPR_CF, MPR_OrigDate, MPR_RevDate, Station, StationDesc, Dept, DeptDesc, BankCode, BankName, AccountNo, Pensionable, PensionLimit, Housed, HouseCost, Suspended, Suspend_bk, UnionMember, OwnerOccupier, TaxFree, HOSP, HospAmt, OOIAmt, PrevEmpName, PrevEmpAddress, NewEmpName, NewEmpAddr, BasicPay, HseAllow, GrossPay, Deductions, TaxableAmount, revTaxableAmt, TaxableCashPay, TaxableBenefit, Tax, PAYEAmt, NSSFAmt, NHIFAmt, PensionAmt, PayFor, Period, TimeStamp, nationality, empstatus_fk, emptitle, placeofbirth, curr_res, homeres, physical, province, currdescrip, district, street, division, estate, location, town, sublocation, postaladdr, phonenum, unit_fk, dlnum, datedlissued, position_fk, dlclasses, depart_fk, bankid_fk, branchid_fk, termsid_fk, effdate, filetype, actposition, actscale, acteffdate, addedon, addedby, updatedon, updatedby, rowid, prmember, email, salcurrency, linemanager) VALUES
('', 'Caroline', NULL, 'Caroline TESTUD', '', '', 'MMT', 'F', '1', '', NULL, '03TH41477', 'N/A', '1976-06-22 00:00:00', '2007-09-17 00:00:00',NULL, '', NULL, '', '2013-09-16 00:00:00', '2013 09', 0, 0, NULL, NULL, 0, 0, 0, 0, 0, NULL, NULL, NULL, '', 'PDU', '', '025', '', '1103183095', 0, 0, 0, 0, 0, 0, 0, 0, 0, 0, 0, 0, '', '', '', '', 0, 0, 0, 0, 0, 0, 0, 0, 0, 0, 0, 0, 0, '', '2012 01', '', 20, 2, 9, 'Paris,', 'Nairobi', 'Nairobi', 'Sohail Residence, Siaya Road, Kileleshwa', 'Nairobi', NULL, '+254710904448', 'Siaya Road', NULL, 'Nairobi', 'Kileleshwa', 'Nairobi', NULL, NULL, '+254710904448', 9, 'FACD-062', NULL, 37, 'E', 0, 25, 0, 1, '2007-09-17', 'image/jpeg', 37, 'MMT', NULL, '2012-01-25 01:01:56', '', '2014-07-07 08:07:02', 'almonda', 30, NULL, 'caroline.testud@acordinternational.org', NULL, 8);
INSERT INTO mysqldb.prmember (MemberNo, LastName, OtherNames, FullName, Designation, DesigDesc, JobGroup, Sex, MaritalStatus, NSSFNo, NHIFNO, IDNumber, PINNumber, BirthDate, EmpDate, Photo, PhotoPath, sign, Reference, QuitDate, EndPrd, M_days_Hrs, Hr_PayRate, AnnIncrement, IncrementDate, IncrMonth, MaxSalary, MPR_Original, MPR_Revised, MPR_CF, MPR_OrigDate, MPR_RevDate, Station, StationDesc, Dept, DeptDesc, BankCode, BankName, AccountNo, Pensionable, PensionLimit, Housed, HouseCost, Suspended, Suspend_bk, UnionMember, OwnerOccupier, TaxFree, HOSP, HospAmt, OOIAmt, PrevEmpName, PrevEmpAddress, NewEmpName, NewEmpAddr, BasicPay, HseAllow, GrossPay, Deductions, TaxableAmount, revTaxableAmt, TaxableCashPay, TaxableBenefit, Tax, PAYEAmt, NSSFAmt, NHIFAmt, PensionAmt, PayFor, Period, TimeStamp, nationality, empstatus_fk, emptitle, placeofbirth, curr_res, homeres, physical, province, currdescrip, district, street, division, estate, location, town, sublocation, postaladdr, phonenum, unit_fk, dlnum, datedlissued, position_fk, dlclasses, depart_fk, bankid_fk, branchid_fk, termsid_fk, effdate, filetype, actposition, actscale, acteffdate, addedon, addedby, updatedon, updatedby, rowid, prmember, email, salcurrency, linemanager) VALUES
('', 'Bajenja', 'Ellen Kajura', 'Bajenja Ellen Kajura', '', '', 'MMT', 'F', '4', '', '034/B0054/01', 'b0625341', 'A005981606T', NULL, '2011-02-01 00:00:00',NULL, '', NULL, '', NULL, '2012 02', 0, 0, NULL, NULL, 0, 0, 0, 0, 0, NULL, NULL, NULL, '', 'PROG', '', '005', '', '1124887067', 0, 0, 0, 0, -1, 0, 0, 0, 0, 0, 0, 0, '', '', '', '', 0, 0, 0, 0, 0, 0, 0, 0, 0, 0, 0, 0, 0, '', '2012 01', '', 3, 1, 8, 'Fort', 'Arrow Apartments', 'Entebbe', '5th Ngong Avenue', 'Central', NULL, 'Wakiso', '5th Ngong Avenue', 'Ward B', 'Arrow estate', 'Lunyo', 'Nairobi', 'Entebbe', NULL, '+256 772 603905', 9, 'NA', NULL, 12, 'No', 0, 5, 0, 1, '2011-02-01', 'image/jpeg', NULL, 'MMT', NULL, '2012-01-25 08:01:09', '', '2015-01-15 06:01:51', 'almonda', 31, NULL, 'ellen.bajenja@ug.acordinternational.org', NULL, 17);
INSERT INTO mysqldb.prmember (MemberNo, LastName, OtherNames, FullName, Designation, DesigDesc, JobGroup, Sex, MaritalStatus, NSSFNo, NHIFNO, IDNumber, PINNumber, BirthDate, EmpDate, Photo, PhotoPath, sign, Reference, QuitDate, EndPrd, M_days_Hrs, Hr_PayRate, AnnIncrement, IncrementDate, IncrMonth, MaxSalary, MPR_Original, MPR_Revised, MPR_CF, MPR_OrigDate, MPR_RevDate, Station, StationDesc, Dept, DeptDesc, BankCode, BankName, AccountNo, Pensionable, PensionLimit, Housed, HouseCost, Suspended, Suspend_bk, UnionMember, OwnerOccupier, TaxFree, HOSP, HospAmt, OOIAmt, PrevEmpName, PrevEmpAddress, NewEmpName, NewEmpAddr, BasicPay, HseAllow, GrossPay, Deductions, TaxableAmount, revTaxableAmt, TaxableCashPay, TaxableBenefit, Tax, PAYEAmt, NSSFAmt, NHIFAmt, PensionAmt, PayFor, Period, TimeStamp, nationality, empstatus_fk, emptitle, placeofbirth, curr_res, homeres, physical, province, currdescrip, district, street, division, estate, location, town, sublocation, postaladdr, phonenum, unit_fk, dlnum, datedlissued, position_fk, dlclasses, depart_fk, bankid_fk, branchid_fk, termsid_fk, effdate, filetype, actposition, actscale, acteffdate, addedon, addedby, updatedon, updatedby, rowid, prmember, email, salcurrency, linemanager) VALUES
('', 'James', 'Were Wafula', 'James Were Wafula', '', '', 'JS', 'M', '', '', NULL, '', '', NULL, NULL, '', '', NULL, '', NULL, '', 0, 0, NULL, NULL, 0, 0, 0, 0, 0, NULL, NULL, '', '', '', '', '', '', '', 0, 0, 0, 0, 0, 0, 0, 0, 0, 0, 0, 0, '', '', '', '', 0, 0, 0, 0, 0, 0, 0, 0, 0, 0, 0, 0, 0, '', '2012 06', '', 1, 1, NULL, '', NULL, NULL, NULL, NULL, NULL, NULL, NULL, NULL, NULL, NULL, NULL, NULL, NULL, NULL, 9, NULL, NULL, 3, NULL, 0, 0, 0, 0, NULL, '', NULL, NULL, NULL, '2012-06-15 04:06:18', 'Almonda', '2013-09-20 10:09:16', 'almonda', 35, NULL, NULL, NULL, 23),
('', 'Ousainou', NULL, 'Ousainou Ngum', '', '', 'SMT', 'M', '2', '', NULL, '761306920', 'A002982216Q', NULL, '2003-11-01 00:00:00', '', '', NULL, '', NULL, '', 0, 0, NULL, NULL, 0, 0, 0, 0, 0, NULL, NULL, NULL, '', 'DIR', '', '004', '', '0101513836600', 0, 0, 0, 0, -1, 0, 0, 0, 0, 0, 0, 0, '', '', '', '', 0, 0, 0, 0, 0, 0, 0, 0, 0, 0, 0, 0, 0, '', '2012 03', '', 8, 1, 7, 'Banjul', NULL, NULL, NULL, NULL, NULL, NULL, NULL, NULL, NULL, NULL, NULL, NULL, NULL, NULL, 9, NULL, NULL, 10, NULL, 0, 4, 0, 2, NULL, '', NULL, NULL, NULL, '2012-03-21 05:03:19', '', '2015-01-15 06:01:46', 'almonda', 33, NULL, 'ousainou.ngum@acordinternational.org', NULL, 33),
('', 'Sellesor', NULL, 'Sellesor Oduor', '', '', 'JS', 'F', '1', 'U', 'U', '3498928', 'U', NULL, '2004-02-01 00:00:00', '', '', NULL, '', NULL, '', 0, 0, NULL, NULL, 0, 0, 0, 0, 0, NULL, NULL, NULL, '', 'ADMIN', '', '009', '', '999999999', 0, 0, 0, 0, -1, 0, 0, 0, 0, 0, 0, 0, '', '', '', '', 0, 0, 0, 0, 0, 0, 0, 0, 0, 0, 0, 0, 0, '', '2012 03', '', 1, 1, NULL, 'Kisumu', NULL, NULL, NULL, NULL, NULL, NULL, NULL, NULL, NULL, NULL, NULL, NULL, NULL, NULL, 16, NULL, NULL, 18, NULL, 0, 9, 0, 2, NULL, '', NULL, NULL, NULL, '2012-03-30 12:03:06', '', '2015-01-15 06:01:14', 'almonda', 34, NULL, 'sellesor.oduor@acordinternational.org', NULL, 23),
('', 'Michelle', 'Nyawira Mathenge', 'Michelle Nyawira Mathenge', '', '', 'MMT', 'F', '2', '987373811', '1812248', '22784463', 'A002797632G', NULL, '2012-08-23 00:00:00', '', '', NULL, '', '2014-08-22 00:00:00', '2014 08', 0, 0, NULL, NULL, 0, 0, 0, 0, 0, NULL, NULL, NULL, '', 'FIN', '', '002', '', '0101804157200', 0, 0, 0, 0, -1, 0, 0, 0, 0, 0, 0, 0, '', '', '', '', 0, 0, 0, 0, 0, 0, 0, 0, 0, 0, 0, 0, 0, '', '2012 08', '', 1, 1, NULL, 'Nairobi', 'Nairobi', NULL, NULL, NULL, NULL, NULL, NULL, NULL, 'Pangani', NULL, 'Nairobi', NULL, NULL, NULL, 16, NULL, NULL, 177, NULL, 0, 2, 0, 1, '2012-08-23', '', NULL, NULL, NULL, '2012-08-24 05:08:51', '', '2015-01-15 06:01:09', 'almonda', 38, NULL, NULL, NULL, 22),
('', 'Fatou', NULL, 'Fatou Mbaye', '', '', 'MMT', 'F', '3', '', NULL, 'A00346964', '', NULL, '2012-03-19 00:00:00',NULL, '', NULL, '', NULL, '2014 03', 0, 0, NULL, NULL, 0, 0, 0, 0, 0, NULL, NULL, NULL, '', 'PAP', '', '004', '', '9', 0, 0, 0, 0, -1, 0, 0, 0, 0, 0, 0, 0, '', '', '', '', 0, 0, 0, 0, 0, 0, 0, 0, 0, 0, 0, 0, 0, '', '2012 08', '', 42, 1, 8, 'Ziguinchor', NULL, NULL, NULL, NULL, NULL, NULL, NULL, NULL, NULL, NULL, NULL, NULL, NULL, NULL, 16, NULL, NULL, 9, NULL, 0, 4, 0, 1, '2012-03-19', 'image/jpeg', NULL, 'MMT', NULL, '2012-08-07 10:08:19', '', '2014-08-27 07:08:38', 'almonda', 37, NULL, NULL, NULL, 17),
('21431', 'test', 'test test', 'test test test', '', '', 'MMT', 'M', '1', '', '696579', '324234', '647967', '1995-11-01 00:00:00', '2012-09-01 00:00:00', '', '', NULL, '', NULL, '', 8, 0, NULL, NULL, 0, 0, 0, 0, 0, NULL, NULL, '001', '', 'ADMIN', '', '018', '', '43245626', 0, 0, 0, 0, -1, 0, 0, 0, 0, 0, 0, 0, '', '', '', '', 36000, 0, 0, 0, 0, 0, 0, 0, 0, 0, 0, 0, 0, '', '2012 11', '', 1, 4, 7, 'nairobi', NULL, NULL, NULL, 'Nairobi', NULL, NULL, '54238', NULL, NULL, NULL, NULL, NULL, NULL, NULL, 16, NULL, NULL, 1, NULL, 0, 18, 0, 2, NULL, '', 1, 'MMT', NULL, '2012-11-09 11:11:33', 'admin', '2015-01-15 07:01:14', 'almonda', 39, NULL, NULL, NULL, 0),
('', 'Emmah', 'Nungari M.', 'Emmah Nungari M.', '', '', NULL, 'F', '2', '', '1288345', '21723880', 'A003107461M', '1979-12-27 00:00:00', '2012-11-05 00:00:00', '', '', NULL, '', '2014-11-05 00:00:00', '2014 11', 0, 0, NULL, NULL, 0, 0, 0, 0, 0, NULL, NULL, NULL, '', 'PROG', '', '001', '', '045-1195972', 0, 0, 0, 0, -1, 0, 0, 0, 0, 0, 0, 0, '', '', '', '', 0, 0, 0, 0, 0, 0, 0, 0, 0, 0, 0, 0, 0, '', '2012 11', '', 1, 2, 8, 'Nairobi-Kenya', 'Syokimau', NULL, 'Mombasa Road', NULL, 'Off- Mombasa Road', NULL, NULL, NULL, 'Syokimau', NULL, NULL, NULL, '17394 00100', '+254722 693594', 16, NULL, '2012-11-05', 35, NULL, 0, 1, 0, 1, '2012-11-05', '', NULL, NULL, NULL, '2012-11-16 02:11:22', '', '2014-07-07 08:07:29', 'almonda', 40, NULL, NULL, 1, 19),
('', 'Aminata', NULL, 'Aminata NDIAYE', '', '', 'MMT', 'F', '2', '', NULL, 'JX361672', '*****', NULL, '2012-11-19 00:00:00', '', '', NULL, '', NULL, '2014 11', 0, 0, NULL, NULL, 0, 0, 0, 0, 0, NULL, NULL, NULL, '', 'PAP', '', '030', '', '01-018-261562-00', 0, 0, 0, 0, -1, 0, 0, 0, 0, 0, 0, 0, '', '', '', '', 0, 0, 0, 0, 0, 0, 0, 0, 0, 0, 0, 0, 0, '', '2013 01', '', 43, 1, 8, 'SENEGAL', 'N. 1/1161, sandalwood', '12, rue flamand, nord', NULL, 'Saint-Louis', NULL, NULL, 'LENANA ROAD, KILIMANI', NULL, NULL, 'SENEGAL', 'NAIROBI', NULL, NULL, '+22133214498', 9, NULL, NULL, 19, NULL, 0, 30, 0, 1, '2012-11-19', '', NULL, 'MMT', NULL, '2013-01-09 04:01:47', '', '2014-08-27 07:08:56', 'almonda', 41, NULL, NULL, NULL, 17),
('', 'Dessite', 'Caroline Dessite', 'Dessite Caroline Dessite', '', '', NULL, 'F', '1', '', NULL, '120363201185', '152632', '1978-10-04 00:00:00', '2012-06-01 00:00:00', '', '', NULL, '', NULL, '2013 03', 0, 0, NULL, NULL, 0, 0, 0, 0, 0, NULL, NULL, NULL, '', 'PDU', '', '031', '', '4658584312994007', 0, 0, 0, 0, -1, 0, 0, 0, 0, 0, 0, 0, '', '', '', '', 0, 0, 0, 0, 0, 0, 0, 0, 0, 0, 0, 0, 0, '', '2013 01', '', 20, 2, 9, 'Clermont-Ferrand', NULL, NULL, NULL, NULL, NULL, NULL, '119C Pepys Road', NULL, NULL, NULL, 'London', NULL, 'SE145SE', NULL, 9, NULL, NULL, 184, NULL, 0, 31, 0, 1, '2012-06-01', '', 184, NULL, '2012-06-01', '2013-01-21 01:01:18', '', '2013-07-31 11:07:44', 'almonda', 42, NULL, NULL, NULL, 0),
('', 'Wangare', 'Carolyne Ndegwa', 'Wangare Carolyne Ndegwa', '', '', NULL, 'F', '1', '843674814', '1576169', '22870166', 'A003427321M', '1982-01-02 00:00:00', '2013-02-01 00:00:00', '', '', NULL, '', '2013-06-28 00:00:00', '2013 06', 0, 0, NULL, NULL, 0, 0, 0, 0, 0, NULL, NULL, NULL, '', 'ADMIN', '', '005', '', '1111765405', 0, 0, 0, 0, -1, 0, 0, 0, 0, 0, 0, 0, '', '', '', '', 0, 0, 0, 0, 0, 0, 0, 0, 0, 0, 0, 0, 0, '', '2013 02', '', 1, 4, 9, 'Kitale', 'NAIROBI', 'KITALE', 'NAIROBI', 'RIFT', NULL, 'TRANSZOIA', NULL, 'CHERANGANY', 'DONHOLM', 'MAKUTANO', 'NAIROBI', 'KAPSARA', NULL, '+254788306111', 9, NULL, NULL, 185, NULL, 0, 5, 0, 5, '2013-02-01', '', 1, NULL, '2013-02-01', '2013-02-08 10:02:15', '', '2013-07-31 12:07:19', 'almonda', 43, NULL, NULL, NULL, 0),
('4', 'Thomas', 'Jake Fry', 'Thomas Jake Fry', '', '', 'MMT', 'M', '1', '', NULL, '652579087', '20', NULL, '2012-09-17 00:00:00', '', '', NULL, '', '2014-09-17 00:00:00', '2014 09', 0, 0, NULL, NULL, 0, 0, 0, 0, 0, NULL, NULL, NULL, '', 'PAP', '', '031', '', '20766380', 0, 0, 0, 0, -1, 0, 0, 0, 0, 0, 0, 0, '', '', '', '', 0, 0, 0, 0, 0, 0, 0, 0, 0, 0, 0, 0, 0, '', '2013 02', '', 5, 1, 7, 'London', NULL, NULL, NULL, 'Not', NULL, NULL, 'Springfield', NULL, '2', 'United', 'London', NULL, 'E5 9DX', NULL, 9, NULL, NULL, 13, NULL, 0, 31, 0, 1, '2012-09-17', '', NULL, NULL, NULL, '2013-02-12 05:02:28', '', '2015-01-15 06:01:09', 'almonda', 44, NULL, NULL, 4, 17),
('', 'Anthony', NULL, 'Anthony Ochieng', '', '', 'JS', 'M', '1', '158686918', '1990624', '22373155', 'A003378641Y', NULL, '2013-02-07 00:00:00', '', '', NULL, '', NULL, '', 0, 0, NULL, NULL, 0, 0, 0, 0, 0, NULL, NULL, NULL, '', 'FIN', '', '032', '', '17133250107', 0, 0, 0, 0, -1, 0, 0, 0, 0, 0, 0, 0, '', '', '', '', 0, 0, 0, 0, 0, 0, 0, 0, 0, 0, 0, 0, 0, '', '2013 02', '', 1, 1, 7, 'Rachuonyo', 'Umoja 1', NULL, 'Umoja 1', NULL, NULL, NULL, 'Off Moi drive', NULL, 'Thugi court', NULL, NULL, NULL, '46168-0100', NULL, 9, NULL, NULL, 182, 'B/C/E', 0, 32, 0, 1, '2012-02-07', '', NULL, NULL, NULL, '2013-02-19 11:02:14', '', '2014-08-27 07:08:13', 'almonda', 45, NULL, NULL, NULL, 38);
INSERT INTO mysqldb.prmember (MemberNo, LastName, OtherNames, FullName, Designation, DesigDesc, JobGroup, Sex, MaritalStatus, NSSFNo, NHIFNO, IDNumber, PINNumber, BirthDate, EmpDate, Photo, PhotoPath, sign, Reference, QuitDate, EndPrd, M_days_Hrs, Hr_PayRate, AnnIncrement, IncrementDate, IncrMonth, MaxSalary, MPR_Original, MPR_Revised, MPR_CF, MPR_OrigDate, MPR_RevDate, Station, StationDesc, Dept, DeptDesc, BankCode, BankName, AccountNo, Pensionable, PensionLimit, Housed, HouseCost, Suspended, Suspend_bk, UnionMember, OwnerOccupier, TaxFree, HOSP, HospAmt, OOIAmt, PrevEmpName, PrevEmpAddress, NewEmpName, NewEmpAddr, BasicPay, HseAllow, GrossPay, Deductions, TaxableAmount, revTaxableAmt, TaxableCashPay, TaxableBenefit, Tax, PAYEAmt, NSSFAmt, NHIFAmt, PensionAmt, PayFor, Period, TimeStamp, nationality, empstatus_fk, emptitle, placeofbirth, curr_res, homeres, physical, province, currdescrip, district, street, division, estate, location, town, sublocation, postaladdr, phonenum, unit_fk, dlnum, datedlissued, position_fk, dlclasses, depart_fk, bankid_fk, branchid_fk, termsid_fk, effdate, filetype, actposition, actscale, acteffdate, addedon, addedby, updatedon, updatedby, rowid, prmember, email, salcurrency, linemanager) VALUES
('', 'ALBANUS', 'MUNYOKI MULINDA', 'ALBANUS MUNYOKI MULINDA', '', '', 'JS', 'M', '1', '397934912', 'R2875467', '23491996', 'A005562972D', NULL, '2013-01-03 00:00:00',NULL, '', NULL, '', NULL, '2015 01', 0, 0, NULL, NULL, 0, 0, 0, 0, 0, NULL, NULL, NULL, '', 'FIN', '', '020', '', '073', 0, 0, 0, 0, -1, 0, 0, 0, 0, 0, 0, 0, '', '', '', '', 0, 0, 0, 0, 0, 0, 0, 0, 0, 0, 0, 0, 0, '', '2013 02', '', 1, 1, 7, 'KITUI', 'NAIROBI', 'KITUI', 'UMOJA 2 - NASRA ESTATE', 'EASTERN', 'NEAR NAIVAS SUPERMARKET', 'MUTONGUNI', 'N/A', 'MUTONGUNI', 'NASRA ESTATE', 'MUSENGO', 'NAIROBI', 'MUSENGO', '58565 00200', '723 640 869', 9, 'N/A', NULL, 176, 'N/A', 0, 20, 0, 1, '2013-01-03', 'application/octet-stream', NULL, 'JS', NULL, '2013-02-25 10:02:13', '', '2015-01-15 06:01:59', 'almonda', 46, NULL, NULL, NULL, 12);
INSERT INTO mysqldb.prmember (MemberNo, LastName, OtherNames, FullName, Designation, DesigDesc, JobGroup, Sex, MaritalStatus, NSSFNo, NHIFNO, IDNumber, PINNumber, BirthDate, EmpDate, Photo, PhotoPath, sign, Reference, QuitDate, EndPrd, M_days_Hrs, Hr_PayRate, AnnIncrement, IncrementDate, IncrMonth, MaxSalary, MPR_Original, MPR_Revised, MPR_CF, MPR_OrigDate, MPR_RevDate, Station, StationDesc, Dept, DeptDesc, BankCode, BankName, AccountNo, Pensionable, PensionLimit, Housed, HouseCost, Suspended, Suspend_bk, UnionMember, OwnerOccupier, TaxFree, HOSP, HospAmt, OOIAmt, PrevEmpName, PrevEmpAddress, NewEmpName, NewEmpAddr, BasicPay, HseAllow, GrossPay, Deductions, TaxableAmount, revTaxableAmt, TaxableCashPay, TaxableBenefit, Tax, PAYEAmt, NSSFAmt, NHIFAmt, PensionAmt, PayFor, Period, TimeStamp, nationality, empstatus_fk, emptitle, placeofbirth, curr_res, homeres, physical, province, currdescrip, district, street, division, estate, location, town, sublocation, postaladdr, phonenum, unit_fk, dlnum, datedlissued, position_fk, dlclasses, depart_fk, bankid_fk, branchid_fk, termsid_fk, effdate, filetype, actposition, actscale, acteffdate, addedon, addedby, updatedon, updatedby, rowid, prmember, email, salcurrency, linemanager) VALUES
('', 'Salome', 'Mwende Zuriel', 'Salome Mwende Zuriel', '', '', 'MMT', 'F', '2', '005492823', NULL, 'B000864', 'A003206122D', NULL, '2012-10-15 00:00:00', '', '', NULL, '', NULL, '2014 10', 0, 0, NULL, NULL, 0, 0, 0, 0, 0, NULL, NULL, NULL, '', 'PAP', '', '029', '', '03100128795200', 0, 0, 0, 0, -1, 0, 0, 0, 0, 0, 0, 0, '', '', '', '', 0, 0, 0, 0, 0, 0, 0, 0, 0, 0, 0, 0, 0, '', '2013 03', '', 1, 1, 8, 'Nairobi', 'Nairobi', NULL, 'Hse # 179', NULL, 'off Mbaruk Rd', NULL, 'Kanjaro Rd', NULL, 'Golf Course', NULL, 'Nairobi', NULL, '73166-00200', '+254 703 358578', 9, 'C413593', NULL, 4, 'C', 0, 29, 0, 1, '2012-10-15', '', NULL, 'MMT', NULL, '2013-03-25 03:03:36', '', '2014-08-27 07:08:01', 'almonda', 47, NULL, NULL, NULL, 17),
('4', 'Georine', 'Georine Homawoo-Sokpe', 'Georine Georine Homawoo-Sokpe', '', '', NULL, 'f', '1', '', NULL, '04FC085789', '03', '1985-01-03 00:00:00', '2013-07-01 00:00:00', '', '', NULL, '', '2014-06-30 00:00:00', '2014 06', 0, 0, NULL, NULL, 0, 0, 0, 0, 0, NULL, NULL, NULL, '', 'PDU', '', '033', '', '22710277', 0, 0, 0, 0, -1, 0, 0, 0, 0, 0, 0, 0, '', '', '', '', 0, 0, 0, 0, 0, 0, 0, 0, 0, 0, 0, 0, 0, '', '2013 07', '', 20, NULL, NULL, 'France', 'flat 3a', NULL, '127-129', NULL, NULL, NULL, 'Cleveland street', NULL, NULL, NULL, 'London', NULL, 'w1t6qd', NULL, 9, NULL, NULL, 184, NULL, 0, 33, 0, 1, '2013-07-01', '', 184, NULL, NULL, '2013-07-30 12:07:02', '', NULL, '', 48, NULL, '', NULL, 0),
('', 'Karanja', 'Samuel Kungu', 'Karanja Samuel Kungu', '', '', 'JS', 'M', '1', '252195930', NULL, '24585432', 'A006711870V', '1986-12-03 00:00:00', '2013-07-30 00:00:00', '', '', NULL, '', '2014-01-29 00:00:00', '2014 01', 0, 0, NULL, NULL, 0, 0, 0, 0, 0, NULL, NULL, NULL, '', 'FIN', '', '015', '', '0470192002166', 0, 0, 0, 0, -1, 0, 0, 0, 0, 0, 0, 0, '', '', '', '', 0, 0, 0, 0, 0, 0, 0, 0, 0, 0, 0, 0, 0, '', '2013 08', '', 1, 4, 7, 'NAIROBI', 'KABETE', 'UTHIRU', 'UTHIRU', 'CENTRAL', NULL, NULL, 'NDUMBUINI', NULL, 'FORTSMITH', 'UTHIRU', 'UTHIRU', 'NDUMBUINI', '00200-51907', '0724909202', 9, '0377631', '2009-01-01', 114, 'BCE', 0, 15, 0, 5, '2013-07-30', '', 114, NULL, '2013-07-30', '2013-08-01 08:08:12', '', '2014-04-28 01:04:54', 'almonda', 49, NULL, NULL, NULL, 12),
('4', 'Georine', 'Homawoo Sokpe', 'Georine Homawoo Sokpe', '', '', 'JS', 'F', '1', '_', '_', '130595302431', '03', NULL, '2013-07-01 00:00:00', '', '', NULL, '', '2014-06-30 00:00:00', '2014 06', 0, 0, NULL, NULL, 0, 0, 0, 0, 0, NULL, NULL, NULL, '', 'PDU', '', '033', '', '22710277', 0, 0, 0, 0, -1, 0, 0, 0, 0, 0, 0, 0, '', '', '', '', 0, 0, 0, 0, 0, 0, 0, 0, 0, 0, 0, 0, 0, '', '2013 08', '', 20, 2, NULL, 'France', 'Flat 3a', NULL, '127-129', NULL, NULL, NULL, 'Cleveland St', NULL, NULL, NULL, 'London', NULL, 'W1T 6QD', NULL, 9, 'n/a', '2014-06-30', 184, 'n/a', 0, 33, 0, 1, '2013-08-08', '', 184, 'JS', '2013-08-08', '2013-08-08 12:08:59', '', '2015-01-15 07:01:57', 'almonda', 50, NULL, NULL, NULL, 8),
('', 'Benson', 'Mutuku Muthama', 'Benson Mutuku Muthama', '', '', 'JS', 'M', '2', '161700918', '2014109', '23313298', 'A004024752K', NULL, '2013-08-01 00:00:00', '', '', NULL, '', NULL, '2013 08', 0, 0, NULL, NULL, 0, 0, 0, 0, 0, NULL, NULL, NULL, '', 'PROG', '', '030', '', '0100327385200', 0, 0, 0, 0, -1, 0, 0, 0, 0, 0, 0, 0, '', '', '', '', 0, 0, 0, 0, 0, 0, 0, 0, 0, 0, 0, 0, 0, '', '2013 08', '', 1, 1, 7, 'Machakos', 'Rwaka', 'Machakos', 'Kariuki Drive', 'Eastern', 'Mongoose Apartment', 'Machakos', 'Kariuki Drive', 'Central', 'Rwaka', 'Mutituni', 'Nairobi', 'Kyanda', '27598', '0724872354', 16, NULL, '2015-08-08', 183, 'E', 0, 30, 0, 1, '2013-08-01', '', NULL, 'MMT', NULL, '2013-08-15 09:08:49', '', '2015-01-15 06:01:03', 'almonda', 51, NULL, NULL, NULL, 40),
('', 'JULIAN', 'KAGWIRIA MUTURIA', 'JULIAN KAGWIRIA MUTURIA', '', '', 'JS', 'F', '2', '289534-828', '3153145', 'B108412', 'A005944016R', NULL, '2013-08-01 00:00:00', '', '', NULL, '', NULL, 'A', 0, 0, NULL, NULL, 0, 0, 0, 0, 0, NULL, NULL, NULL, '', 'PROG', '', '006', '', '01108082290100', 0, 0, 0, 0, -1, 0, 0, 0, 0, 0, 0, 0, '', '', '', '', 0, 0, 0, 0, 0, 0, 0, 0, 0, 0, 0, 0, 0, '', '2013 08', '', 1, 1, 8, 'MERU-KENYA', 'NAIROBI', 'MERU', 'MESSO COMPLEX', 'EASTERN', 'NEXT TO EABL', 'IGEMBE', 'THIKA ROAD', 'LAARE', 'NGUMBA', 'NTUNENE', 'NAIROBI', 'KIRINDARA', 'C/O 44953-00100', '0723844484', 16, 'N/A', NULL, 23, 'N/A', 0, 6, 0, 1, '2013-08-01', '', NULL, 'JS', NULL, '2013-08-15 10:08:04', '', '2014-08-27 07:08:41', 'almonda', 52, NULL, NULL, NULL, 40),
('', 'John', 'Gacheru Maina', 'John Gacheru Maina', '', '', 'JS', 'M', '1', '208282912', '2296346', '11591735', 'A004433642M', NULL, '2013-10-15 00:00:00', '', '', NULL, '', NULL, '2015 10', 0, 0, NULL, NULL, 0, 0, 0, 0, 0, NULL, NULL, NULL, '', 'PDU', '', '001', '', '2028660777', 0, 0, 0, 0, -1, 0, 0, 0, 0, 0, 0, 0, '', '', '', '', 0, 0, 0, 0, 0, 0, 0, 0, 0, 0, 0, 0, 0, '', '2013 10', '', 1, 1, 7, 'Nairobi', NULL, NULL, NULL, 'Nairobi', NULL, NULL, 'Shanzu Road, off Lower Kabete Road', NULL, 'Spring Valley', NULL, 'Nairobi', NULL, '39955-00623', '0728067799', 9, NULL, NULL, 22, NULL, 0, 1, 0, 1, '2013-10-15', '', NULL, NULL, NULL, '2013-10-23 03:10:08', '', '2014-08-27 07:08:45', 'almonda', 53, NULL, NULL, NULL, 8),
('', 'John', 'Gacheru Maina', 'John Gacheru Maina', '', '', NULL, 'm', '1', '', NULL, '11591735', 'A004433642M', '1972-06-21 00:00:00', '2013-10-15 00:00:00', '', '', NULL, '', '2015-10-14 00:00:00', '2015 10', 0, 0, NULL, NULL, 0, 0, 0, 0, 0, NULL, NULL, NULL, '', 'PDU', '', '029', '', '01120152085500', 0, 0, 0, 0, -1, 0, 0, 0, 0, 0, 0, 0, '', '', '', '', 0, 0, 0, 0, 0, 0, 0, 0, 0, 0, 0, 0, 0, '', '2013 11', '', 1, NULL, 7, 'Nairobi', NULL, NULL, NULL, NULL, NULL, NULL, NULL, NULL, NULL, NULL, NULL, NULL, NULL, NULL, 9, NULL, NULL, 22, NULL, 0, 29, 0, 1, '2013-10-15', '', NULL, NULL, NULL, '2013-11-07 03:11:31', '', NULL, '', 54, NULL, '', NULL, 0),
('', 'Chlo?', 'Fang-Mei Huynh', 'Chlo? Fang-Mei Huynh', '', '', 'MMT', 'F', '1', '', NULL, '13CC18766', '8589', NULL, '2013-11-04 00:00:00', '', '', NULL, '', '2015-11-03 00:00:00', '2015 11', 0, 0, NULL, NULL, 0, 0, 0, 0, 0, NULL, NULL, NULL, '', 'PDU', '', '034', '', '03741', 0, 0, 0, 0, -1, 0, 0, 0, 0, 0, 0, 0, '', '', '', '', 0, 0, 0, 0, 0, 0, 0, 0, 0, 0, 0, 0, 0, '', '2013 12', '', 20, 1, NULL, 'Toulouse', NULL, NULL, 'Batiment 10', NULL, 'Appt 1041', NULL, NULL, NULL, 'Residence Espace Virage', NULL, 'Dakar -Yoff', NULL, NULL, NULL, 25, NULL, NULL, 189, NULL, 0, 34, 0, 1, '2013-11-04', '', NULL, 'MMT', NULL, '2013-12-03 06:12:19', '', '2015-01-15 07:01:41', 'almonda', 55, NULL, NULL, NULL, 8),
('', 'Mungai', 'Charles', 'Mungai Charles', '', '', 'JS', 'M', '2', '199211914', '2115638', '25133674', 'A004222940G', NULL, '2013-10-01 00:00:00', '', '', NULL, '', NULL, '2015 10', 0, 0, NULL, NULL, 0, 0, 0, 0, 0, NULL, NULL, NULL, '', 'PDU', '', '025', '', '1140909223', 0, 0, 0, 0, -1, 0, 0, 0, 0, 0, 0, 0, '', '', '', '', 0, 0, 0, 0, 0, 0, 0, 0, 0, 0, 0, 0, 0, '', '2013 12', '', 1, 1, 7, 'Nairobi', 'Kikuyu', 'Kikuyu', 'Mukiriti', 'Kiambu County', 'Along Kikuyu Road, after Dagoreti', 'Kiambu', 'Kikuyu Road', 'Kikuyu', 'Mugo Apartments', 'Dagoretti', 'Kikuyu', 'Mukiriti', NULL, '0726502620', 9, NULL, '2013-10-01', 172, NULL, 0, 25, 0, 1, '2013-10-01', '', NULL, 'JS', NULL, '2013-12-05 02:12:54', '', '2014-08-27 07:08:16', 'almonda', 56, NULL, NULL, NULL, 8);






CREATE TABLE mysqldb.prstn (
    StationCode     varchar(10) NOT NULL default '',
    StationName     varchar(25) NOT NULL default '',
    TransDate       timestamp default NULL,
    Suspended       integer default 0
);

INSERT INTO mysqldb.prstn VALUES ('001','Communications',NULL,0);


CREATE TABLE mysqldb.tbl_beneficiaries (
  id            integer,
  relation      varchar(100) default NULL,
  percentage    float NOT NULL,
  mname         varchar(50) default NULL,
  fname         varchar(100) NOT NULL default '',
  lname         varchar(100) NOT NULL default '',
  gender        character(1) NOT NULL default '',
  dob           date ,
  empid_fk      integer default 0
);

INSERT INTO mysqldb.tbl_beneficiaries (id, relation, percentage, mname, fname, lname, gender, dob, empid_fk) VALUES
(253, 'Daughter', 60, 'Ngendo', 'Emmanuella', 'Ndungi', 'f', '2008-03-10', 1),
(254, 'wife', 40, 'Nyambura', 'Lilian', 'Nganga', 'm', '1982-07-31', 1),
(255, 'Spouse', 100, 'Dorkuh', 'Aiah', 'Foday-Khabenje', 'm', '1958-08-17', 2),
(256, 'Mother', 25, 'Theresa', 'Mary', 'Wamukoya', 'f', NULL, 28),
(257, 'Husban', 25, 'Onyango', 'Moses', 'Onyango', 'm', '1968-09-09', 28),
(258, 'Daughter', 50, 'Atieno', 'Ivy', 'Onyango', 'f', '2011-03-05', 28),
(259, 'WIFE', 0, 'WACHERA', 'LUCY', 'MBOGO', 'f', NULL, 18),
(260, 'Son', 30, 'Walter Adienge', 'Kelvin', 'Sigar', 'm', '1993-08-16', 20),
(261, 'Son', 35, 'Joseph Aduol', 'Kennedy', 'Sigar', 'm', '1995-03-10', 20),
(262, 'Son', 35, 'Junior Sigar', 'Jeremiah', 'Sigar', 'm', '1998-11-28', 20),
(263, 'Daughter', 30, 'Achieng', 'Claire', 'Onyango', 'f', '2013-02-10', 28),
(264, 'Mother', 10, 'Theresa', 'Mary', 'Wamukoya', 'f', NULL, 28);





CREATE TABLE mysqldb.tbl_countries1 (
  id            integer,
  countryname   varchar(50) default NULL
);

INSERT INTO mysqldb.tbl_countries1 VALUES (1,'Kenyan'),(2,'Tanzanian'),(3,'Ugandan'),(4,'American'),(5,'British'),(6,'German'),(34,'South African'),(8,'Gambian'),(9,'Indian'),(33,'Nigerian'),(32,'Dutch'),(31,'South African'),(13,'Lebanese'),(14,'Sierra Leonean'),(15,'Portuguese'),(17,'Norwegian'),(18,'Burundian'),(19,'Chadian'),(20,'French'),(21,'Rwandan'),(22,'Congolese'),(23,'Mozambican'),(24,'Ethiopian'),(25,'Burkinabe'),(26,'Guinean'),(27,'Malian'),(28,'Mauritanian'),(29,'Cameroonian'),(30,'Sudanese'),(35,'Ghanaian'),(36,'Central African'),(37,'Angolan'),(38,'Zimbabwean'),(39,'Liberian'),(40,'Ivorian'),(41,'Eritrean'),(42,'Senegalese'),(43,'Canadian');

CREATE TABLE mysqldb.tbl_currencies (
  id            integer,
  currtype      varchar(100) NOT NULL
);

INSERT INTO mysqldb.tbl_currencies VALUES (1,'KSHS.'),(2,'USHS.'),(3,'BIRR.'),(4,'GBP'),(5,'USD'),(6,'CFA');





CREATE TABLE mysqldb.tbl_departments1 (
  id            integer,
  department    varchar(255) default NULL,
  depcat        varchar(255) default NULL,
  depthead      integer default NULL
);
INSERT INTO mysqldb.tbl_departments1 VALUES (1,'Transport','1',0);



CREATE TABLE mysqldb.tbl_dependants1 (
    id            integer,
    relation      varchar(100) default NULL,
    percentage    float NOT NULL,
    mname         varchar(50) default NULL,
    fname         varchar(100) NOT NULL default '',
    lname         varchar(100) NOT NULL default '',
    gender        character(1) NOT NULL default '',
    dob           date,
    empid_fk      integer default 0
);

INSERT INTO mysqldb.tbl_dependants1 (id, relation, percentage, mname, fname, lname, gender, dob, empid_fk) VALUES
(253, 'Daughter', 60, 'Ngendo', 'Emmanuella', 'Ndungi', 'f', '2008-03-10', 1),
(254, 'wife', 40, 'Nyambura', 'Lilian', 'Nganga', 'f', '1982-07-31', 1),
(255, NULL, 0, 'Sahr Nornie', 'Melvin', 'Foday-Khabenje', 'm', '1989-10-02', 2),
(257, NULL, 0, 'Satta Nema', 'Melinda', 'Foday-Khabenje', 'f', '1996-01-30', 2),
(259, NULL, 0, 'Dorkuh', 'Aiah', 'Foday-Khabenje', 'm', '1958-08-17', 2),
(260, NULL, 0, 'Shitandi', 'Joseph', 'Mukoko', 'm', '1975-12-20', 12),
(261, NULL, 0, NULL, 'Mike', 'Ngabo', 'm', '2002-01-25', 26),
(262, NULL, 0, NULL, 'Ryan', 'Shyaka', 'm', '2004-01-16', 26),
(263, NULL, 0, NULL, 'Jean Claude', 'Rubyogo', 'm', '1963-03-20', 26),
(264, NULL, 0, 'Onyango', 'Moses', 'Onyango', 'm', '1968-09-09', 28),
(265, NULL, 0, 'Akinyi', 'Anitahill', 'Onyango', 'f', '2001-06-05', 28),
(266, NULL, 0, 'Anyango', 'Sylvia', 'Onya', 'f', '2005-06-21', 28),
(267, NULL, 0, 'Atieno', 'Ivy', 'Onyango', 'f', '2011-03-05', 28),
(268, NULL, 0, 'MBOGO', 'LEON', 'OLANG', 'm', '2006-03-16', 18),
(269, NULL, 0, 'Kabuki', 'Helena', 'Seljeflot Nartey', 'f', '2007-10-17', 8),
(270, NULL, 0, 'Kartey', 'Filip', 'Seljeflot Nartey', 'm', '2009-10-30', 8),
(271, NULL, 0, 'Waigumo', 'Kadenyi', 'Shitandi', 'f', '2008-03-30', 12),
(272, NULL, 0, 'Gikonyo', 'Okana', 'Shitandi', 'm', '2010-12-16', 12),
(273, NULL, 0, 'Joseph Aduol', 'Kennedy', 'Sigar', 'm', '1995-03-10', 20),
(274, NULL, 0, 'Junior Sigar', 'Jeremiah', 'Sigar', 'm', '1998-11-28', 20),
(275, NULL, 0, 'Walter Adienge', 'Kelvin', 'Sigar', 'm', '1993-08-16', 20),
(276, NULL, 0, 'MAKAU', 'NIGEL', 'NZIOKI', 'm', '1995-10-17', 14),
(277, NULL, 0, 'MACHARIA', 'NAYTHAN', 'NZIOKI', 'm', '1999-10-29', 14),
(278, NULL, 0, 'MUSILI', 'MALCOLM', 'NZIOKI', 'm', '2003-02-07', 14),
(279, NULL, 0, 'Achieng', 'Claire', 'Onyango', 'f', '2013-02-10', 28);

CREATE TABLE  mysqldb.tbl_empstatus (
    id      integer,
    status  varchar(20) NOT NULL DEFAULT ''
); 

INSERT INTO mysqldb.tbl_empstatus (id, status) VALUES
(1, 'Active'),
(2, 'Resigned'),
(3, 'Retired'),
(4, 'Terminated'),
(5, 'Transferred'),
(6, 'Deceased');


CREATE TABLE mysqldb.tbl_languages (
    id          integer,
    abbrev      character(2) NOT NULL,
    language    varchar(25) NOT NULL
);

INSERT INTO mysqldb.tbl_languages(id, abbrev, language) VALUES
(1, 'en', 'English'),
(2, 'fr', 'French');




CREATE TABLE mysqldb.tbl_languagesdet (
    id              integer,
    langid_fk       integer,
    engmenu_name    varchar(200) NOT NULL,
    menu_name       varchar(200) NOT NULL
) ;


INSERT INTO mysqldb.tbl_languagesdet (id, langid_fk, engmenu_name, menu_name) VALUES
(1, 2, 'Admin', 'L''Admin'),
(2, 2, 'Employee', 'Des Employ?s'),
(3, 2, 'Training', 'La Formation'),
(4, 2, 'Conduct', 'La Conduite'),
(5, 2, 'Documents', 'Les Documents'),
(6, 2, 'Payroll', 'La Paie'),
(7, 2, 'Reports', 'Les Rapports'),
(8, 2, 'General Settings', 'Param?tres G?n?raux'),
(9, 2, 'Add Banks', 'Les Banques'),
(12, 2, 'Add Sections', 'Les Sections'),
(10, 2, 'Add Area Offices', 'Les Bureaux de zone'),
(11, 2, 'Add Departments', 'Les D?partements'),
(13, 2, 'Add Sections', 'Les Sections'),
(14, 2, 'Add Designations', 'Les D?signations'),
(15, 2, 'Add Job Groups', 'Groupes d''Emploi'),
(16, 2, 'Add Nationalities', 'Les Nationalit?s'),
(17, 2, 'Add Leave Types', 'Types Des vacances'),
(18, 2, 'Add Qualification Types', 'Types Des Qualifications'),
(22, 2, 'Add Employee', 'Ajouter Des Employ?s'),
(19, 2, 'User Management', 'Gestion Des Utilisateurs'),
(20, 2, 'Manage Users', 'G?rer Les Utilisateurs'),
(21, 2, 'Manage Permissions', 'G?rer Les Autorisations'),
(23, 2, 'Employee List', 'Liste Des Employ?s'),
(24, 2, 'Emergency Contact(s)', 'Contacts d''Urgence'),
(25, 2, 'Dependants', 'Personnes ? Charge'),
(26, 2, 'Qualifications', 'Les Qualifications'),
(27, 2, 'Training', 'La Formation'),
(28, 2, 'Self Appraisal', 'L''Evaluation'),
(29, 2, 'Vacation', 'Les vacances'),
(30, 2, 'Promotion', 'Les Promotions'),
(31, 2, 'Appointments', 'Les candidatures'),
(32, 2, 'Appointments', 'Les Nominations'),
(35, 2, 'Upload Photo', 'Ajouter Une Photo'),
(34, 2, 'Disciplinary', 'La Disciplinaires'),
(36, 2, 'Attach Docs', 'Joindre Docs'),
(37, 2, 'View Attachments', 'Afficher Les Pi?ces Jointes'),
(38, 2, 'Tax Tables', 'Table de Taxe'),
(39, 2, 'Benefits', 'Les Avantages'),
(40, 2, 'Deductions', 'Les Retenues Sur La'),
(41, 2, 'Process Payroll', 'En Mati?re de Paie'),
(42, 2, 'Payslips', 'Fiches de Salaire'),
(43, 2, 'Employees', 'Des Employ?s'),
(44, 2, 'Totals by Gender', 'Les totaux par Sexe'),
(45, 2, 'Totals by Status', 'Les totaux par Statut'),
(46, 2, 'Totals by Designation', 'Totaux par D?signation'),
(47, 2, 'Totals by Job Groups', 'Totaux par Groupe d''emploi'),
(48, 2, 'Totals by Department', 'Totaux par le Minist?re'),
(49, 2, 'Totals by Station', 'Totaux par la station'),
(50, 2, 'Totals by Branches', 'Totaux par les divisions'),
(51, 2, 'Totals by Service Type', 'Totaux par type de Service'),
(52, 2, 'Staff Retirement', 'Retraite du Personnel'),
(53, 2, 'New Employees', 'Les Nouveaux Employ?s'),
(54, 2, 'Staff Turnover', 'Rotation du Personnel'),
(55, 2, 'Emergency Contacts', 'Contacts d''urgence'),
(56, 2, 'Totals By Qualifications', 'Totaux par Qualifications'),
(57, 2, 'Staff Training', 'Formation du Personnel'),
(58, 2, 'Staff Appraisal', 'D''?valuation du Personnel'),
(59, 2, 'Suspended Employees', 'Les Employ?s Suspendus'),
(60, 2, 'Staff Vacations', 'Vacances Personnel'),
(61, 2, 'Staff Discipline', 'Le Personnel de Discipline'),
(62, 2, 'Documents', 'Les Documents'),
(63, 2, 'Attached Documents', 'Documents Joints'),
(64, 2, 'Change Password', 'Changer mot de Passe'),
(65, 2, 'Logged in as', 'Connect? en tant Que'),
(66, 2, 'Logout', 'Deconnexion'),
(67, 2, 'Add Currency Type', 'Ajouter un type de monnaie'),
(68, 2, 'Leave Application', 'Application de Vacances'),
(69, 2, 'Leave Approval', 'l''approbation de vacances'),
(70, 2, 'Beneficiaries', 'B?n?ficiaires'),
(71, 2, 'Individual Objectives', 'Objectifs Individuels'),
(72, 2, 'Performance Management System Assessment', '?valuation de la performance du syst?me de gestion'),
(73, 2, 'Areas For Improvements', 'Domaines o?? des Am?liorations'),
(74, 2, 'Areas for Improvements', 'Domaines o?? des am?liorations'),
(75, 2, 'Development Plans', 'Plans de D?veloppement'),
(76, 2, 'Overall Assessment', '?valuation Globale'),
(77, 0, '360 Degrees Feedback', 'R?troaction ? 360 Degr?s'),
(78, 2, '360 Degrees Feedback', 'R?troaction ? 360 Degr?s'),
(79, 2, 'Active', 'Actif'),
(80, 2, 'Resigned', 'D?missionn?'),
(81, 2, 'Lay Offs', 'Licenciements'),
(82, 2, 'Retired', 'Retraite'),
(83, 2, 'Transferred', 'Transf?r?es'),
(84, 2, 'Terminated', 'Termin?'),
(85, 2, 'Departed', 'Infiltr?s'),
(86, 2, 'Full Name', 'Nom complet'),
(87, 2, 'Last Name', 'Nom'),
(88, 2, 'Payroll Number', 'Nombre de paie'),
(89, 2, 'Search By', 'Recherche par'),
(90, 2, 'Designation', 'Designation'),
(91, 2, 'Department', 'Departement'),
(92, 2, 'Status', 'Statut'),
(93, 2, 'Search Value', 'Valeur de Recherche'),
(94, 2, 'View In Excel', 'Voir dans Excel'),
(95, 2, 'Total No. of Records', 'Nombre total de dossiers'),
(96, 2, 'Gender', 'Sexe'),
(97, 2, 'Station', 'Poste de Travail'),
(98, 2, 'Nationality', 'Nationalite');


CREATE TABLE mysqldb.tbl_leaveapplic (
    empid_fk        integer,
    id              integer,
    datefrom        date DEFAULT NULL,
    dateto          date DEFAULT NULL,
    numdays         integer,
    leaveaddress    varchar(255) DEFAULT NULL,
    leavebal        integer,
    dateapplied     timestamp DEFAULT NULL,
    approved        integer,
    approvedby      varchar(255) DEFAULT NULL,
    dateapproved    timestamp DEFAULT NULL,
    authorised      integer DEFAULT NULL,
    authorisedby    varchar(255) DEFAULT NULL,
    dateauthorised  timestamp DEFAULT NULL,
    pnumber         varchar(25) DEFAULT NULL,
    confirmed       integer DEFAULT NULL,
    confirmedby     varchar(255) NOT NULL,
    dateconfirmed   timestamp,
    addedby         varchar(200) DEFAULT NULL,
    dateadded       timestamp DEFAULT NULL,
    sessid          varchar(200) DEFAULT NULL,
    lastupdated     timestamp DEFAULT NULL,
    leavetype       integer DEFAULT NULL,
    entitlement     integer,
    comments        varchar(255) NOT NULL
);

INSERT INTO mysqldb.tbl_leaveapplic (empid_fk, id, datefrom, dateto, numdays, leaveaddress, leavebal, dateapplied, approved, approvedby, dateapproved, authorised, authorisedby, dateauthorised, pnumber, confirmed, confirmedby, dateconfirmed, addedby, dateadded, sessid, lastupdated, leavetype, entitlement, comments) VALUES
(28, 4, '2012-02-10', '2012-02-12', 2, 'P.O box', 13, '2012-02-08 04:33:08', 1, 'Almonda', '2012-02-14 11:02:35', 1, 'Almonda', '2012-02-28 11:02:04', NULL, 1, 'mwamukoya', '2012-02-08 04:02:06', '', '2012-02-08 04:33:08', NULL, NULL, 1, 13, ''),
(1, 5, '2012-02-29', '2012-02-29', 1, 'Nairobi', 22, '2012-02-28 11:15:20', 1, 'Almonda', '2012-02-28 11:02:29', 1, 'Almonda', '2012-02-28 11:02:58', NULL, 1, 'mwamukoya', '2012-02-28 11:02:34', '', '2012-02-28 11:15:20', NULL, NULL, 1, 24, ''),
(28, 6, '2012-03-12', '2012-03-13', 2, 'syiokimau', 0, '2012-03-08 04:08:05', 1, 'Almonda', '2012-03-08 04:03:56', 1, 'Almonda', '2012-03-22 11:03:55', NULL, 1, 'mwamukoya', '2012-03-08 04:03:58', '', '2012-03-08 04:08:05', NULL, NULL, 1, 32, ''),
(28, 7, '2012-03-19', '2012-03-20', 2, 'syiokimau', 30, '2012-03-08 04:09:16', 1, 'Almonda', '2012-09-03 12:09:50', 1, 'Almonda', '2012-09-03 12:09:56', NULL, 1, 'mwamukoya', '2012-03-09 10:03:57', '', '2012-03-08 04:09:16', NULL, NULL, 1, 32, ''),
(2, 8, '2012-03-09', '2012-03-09', 1, 'Lavington', 25, '2012-03-08 04:25:00', 1, 'ousainou', '2012-04-27 04:04:06', 1, 'Almonda', '2012-07-17 05:07:18', NULL, 1, 'mwamukoya', '2012-03-09 10:03:25', '', '2012-03-08 04:25:00', NULL, NULL, 1, 26, ''),
(2, 9, '2012-03-16', '2012-03-16', 1, 'Lavington', 25, '2012-03-08 04:25:31', 1, 'ousainou', '2012-04-27 04:04:29', 1, 'Almonda', '2012-07-17 05:07:08', NULL, 1, 'mwamukoya', '2012-03-09 10:03:35', '', '2012-03-08 04:25:31', NULL, NULL, 1, 26, ''),
(1, 12, '2012-03-16', '2012-03-16', 1, NULL, 21, '2012-03-15 03:13:45', 1, 'Almonda', '2012-03-22 11:03:51', 1, 'admin', '2012-03-22 11:03:44', NULL, 1, 'mwamukoya', '2012-03-21 10:03:11', '', '2012-03-15 03:13:45', NULL, NULL, 1, 24, 'I need one day to attend to a court procedure at the high court.'),
(20, 13, '2012-03-25', '2012-04-02', 6, NULL, 28, '2012-03-21 10:23:53', 1, 'salina', '2012-03-23 11:03:21', 1, 'Almonda', '2012-03-25 11:03:10', NULL, 1, 'mwamukoya', '2012-03-21 10:03:33', '', '2012-03-21 10:23:53', NULL, NULL, 1, 28, '2011 leave balance'),
(25, 17, '2012-03-26', '2012-03-26', 1, NULL, 23, '2012-03-23 04:38:05', 1, 'Almonda', '2012-03-25 11:03:46', 1, 'Almonda', '2012-03-25 11:03:23', NULL, 1, 'mwamukoya', '2012-03-23 04:03:50', '', '2012-03-23 04:38:05', NULL, NULL, 1, 24, ''),
(27, 14, '2012-03-23', '2012-03-23', 1, NULL, 26, '2012-03-21 04:43:54', 1, 'Almonda', '2012-03-22 11:03:33', 1, 'admin', '2012-03-22 11:03:34', NULL, 1, 'mwamukoya', '2012-03-21 04:03:42', '', '2012-03-21 04:43:54', NULL, NULL, 1, 27, 'Annual leave'),
(31, 16, '2012-03-26', '2012-03-27', 2, NULL, 23, '2012-03-22 04:15:01', 1, 'salina', '2012-03-23 10:03:00', 1, 'Almonda', '2012-03-25 11:03:55', NULL, 1, 'mwamukoya', '2012-03-23 10:03:09', '', '2012-03-22 04:15:01', NULL, NULL, 1, 25, ''),
(16, 18, '2012-03-29', '2012-03-29', 1, NULL, 39, '2012-03-27 04:40:14', 1, 'Almonda', '2012-03-27 07:03:49', 1, 'Almonda', '2012-04-03 04:04:32', NULL, 1, 'mwamukoya', '2012-03-27 04:03:12', '', '2012-03-27 04:40:14', NULL, NULL, 1, 40, 'Annual leave'),
(34, 19, '2012-04-10', '2012-04-13', 4, NULL, 24, '2012-03-30 12:43:57', 1, 'woluoch', '2012-04-03 03:04:10', 1, 'Almonda', '2012-04-03 05:04:07', NULL, 1, 'mwamukoya', '2012-04-03 01:04:37', '', '2012-03-30 12:43:57', NULL, NULL, 1, 24, ''),
(17, 20, '2012-04-05', '2012-04-11', 3, NULL, 27, '2012-04-02 10:13:32', 1, 'ousainou', '2012-04-27 11:04:58', 1, 'Almonda', '2012-07-17 05:07:01', NULL, 1, 'mwamukoya', '2012-04-02 12:04:53', '', '2012-04-02 10:13:32', NULL, NULL, 1, 30, ''),
(26, 21, '2012-04-10', '2012-04-13', 4, NULL, 24, '2012-04-02 04:02:34', 1, 'amsabeni', '2012-07-04 01:07:40', 1, 'Almonda', '2012-07-17 05:07:54', NULL, 1, 'mwamukoya', '2012-04-02 04:04:13', '', '2012-04-02 04:02:34', NULL, NULL, 1, 24, ''),
(18, 22, '2012-04-04', '2012-04-04', 1, NULL, 20, '2012-04-03 09:45:38', 1, 'elutwama', '2012-04-11 06:04:36', 1, 'Almonda', '2012-04-13 05:04:48', NULL, 1, 'mwamukoya', '2012-04-03 09:04:43', '', '2012-04-03 09:45:38', NULL, NULL, 1, 21, ''),
(23, 23, '2012-04-10', '2012-04-11', 2, NULL, 33, '2012-04-04 10:57:29', 1, 'Almonda', '2012-04-04 01:04:24', 1, 'Almonda', '2012-04-04 02:04:10', NULL, 1, 'mwamukoya', '2012-04-04 11:04:40', '', '2012-04-04 10:57:29', NULL, NULL, 1, 35, ''),
(1, 25, '2012-04-15', '2012-04-20', 5, NULL, 0, '2012-04-10 11:38:35', 1, 'Almonda', '2012-04-13 05:04:07', 1, 'Almonda', '2012-04-13 05:04:03', NULL, 1, 'mwamukoya', '2012-04-10 12:04:06', '', '2012-04-10 11:38:35', NULL, NULL, 6, 5, ''),
(13, 26, '2012-04-13', '2012-04-13', 1, NULL, 22, '2012-04-10 12:11:29', 1, 'woluoch', '2012-04-12 02:04:37', 1, 'Almonda', '2012-04-13 05:04:36', NULL, 1, 'mwamukoya', '2012-04-10 12:04:12', '', '2012-04-10 12:11:29', NULL, NULL, 1, 23, ''),
(18, 27, '2012-04-12', '2012-04-13', 2, NULL, 18, '2012-04-11 12:45:48', 1, 'elutwama', '2012-05-30 11:05:54', 1, 'Almonda', '2012-07-17 05:07:47', NULL, 1, 'mwamukoya', '2012-04-11 02:04:17', '', '2012-04-11 12:45:48', NULL, NULL, 1, 21, ''),
(21, 28, '2012-04-12', '2012-04-16', 3, NULL, 33, '2012-04-11 02:00:17', 1, 'amsabeni', '2012-07-04 01:07:19', 1, 'Almonda', '2012-07-17 05:07:39', NULL, 1, 'mwamukoya', '2012-04-11 02:04:11', '', '2012-04-11 02:00:17', NULL, '2012-04-11 02:01:37', 6, 36, ''),
(1, 29, '2012-04-11', '2012-04-12', 2, NULL, 3, '2012-04-13 12:24:28', 1, 'Almonda', '2012-04-13 05:04:52', 1, 'Almonda', '2012-04-13 05:04:56', NULL, 1, 'mwamukoya', '2012-04-13 03:04:06', '', '2012-04-13 12:24:28', NULL, NULL, 2, 5, 'I have attached the sick off note under attached docs'),
(12, 30, '2012-05-21', '2012-06-04', 10, NULL, 21, '2012-04-13 02:59:23', 1, 'elutwama', '2012-05-30 11:05:05', 1, 'Almonda', '2012-05-30 12:05:16', NULL, 1, 'mwamukoya', '2012-04-13 03:04:12', '', '2012-04-13 02:59:23', NULL, '2012-04-13 03:06:37', 1, 31, ''),
(30, 31, '2012-07-23', '2012-08-10', 15, NULL, 9, '2012-04-17 03:58:05', 1, 'kseljeflot', '2012-04-18 05:04:16', 1, 'Almonda', '2012-04-27 04:04:47', NULL, 1, 'mwamukoya', '2012-04-17 04:04:12', '', '2012-04-17 03:58:05', NULL, NULL, 1, 24, ''),
(11, 32, '2012-05-25', '2012-05-25', 1, NULL, 20, '2012-04-18 11:51:46', 1, 'kseljeflot', '2012-04-18 05:04:18', 1, 'Almonda', '2012-04-27 04:04:16', NULL, 1, 'mwamukoya', '2012-04-18 12:04:28', '', '2012-04-18 11:51:46', NULL, NULL, 1, 21, 'My entitlement was shown as 23, but in reality it currently stands at 21 (when leave since January is taken into account)'),
(9, 33, '2012-05-04', '2012-05-08', 2, NULL, 21, '2012-04-18 01:05:39', 1, 'kseljeflot', '2012-04-18 05:04:41', 1, 'Almonda', '2012-04-27 04:04:03', NULL, 1, 'mwamukoya', '2012-04-19 10:04:35', '', '2012-04-18 01:05:39', NULL, NULL, 1, 23, 'May, 7th is bank holiday in the UK'),
(9, 34, '2012-07-13', '2012-07-27', 11, NULL, 10, '2012-04-18 01:07:20', 1, 'kseljeflot', '2012-04-18 05:04:47', 1, 'Almonda', '2012-05-30 12:05:41', NULL, 1, 'mwamukoya', '2012-04-23 03:04:10', '', '2012-04-18 01:07:20', NULL, NULL, 1, 23, 'Summer holidays'),
(8, 35, '2012-07-23', '2012-08-10', 15, NULL, 3, '2012-04-18 05:28:04', 1, 'ousainou', '2012-04-27 11:04:24', 1, 'Almonda', '2012-04-27 04:04:46', NULL, 1, 'mwamukoya', '2012-04-27 10:04:57', '', '2012-04-18 05:28:04', NULL, NULL, 1, 18, 'Home leave to Norway with the family'),
(32, 36, '2012-04-26', '2012-04-27', 2, NULL, 3, '2012-04-23 03:12:04', 0, 'ctestud', '2012-06-21 03:06:02', NULL, NULL, NULL, NULL, 1, 'mwamukoya', '2012-04-23 03:04:02', '', '2012-04-23 03:12:04', NULL, '2012-04-23 03:13:53', 6, 5, ''),
(28, 38, '2012-04-30', '2012-04-30', 1, NULL, 29, '2012-04-24 03:29:57', 1, 'Almonda', '2012-09-03 12:09:40', 1, 'Almonda', '2012-09-03 12:09:49', NULL, 1, 'mwamukoya', '2012-04-27 10:04:21', '', '2012-04-24 03:29:57', NULL, '2012-04-27 04:35:33', 1, 32, ''),
(27, 39, '2012-04-30', '2012-04-30', 1, NULL, 25, '2012-04-26 07:26:18', 1, 'ousainou', '2012-04-27 11:04:36', 1, 'Almonda', '2012-04-27 04:04:01', NULL, 1, 'mwamukoya', '2012-04-27 10:04:37', '', '2012-04-26 07:26:18', NULL, NULL, 1, 27, ''),
(2, 40, '2012-04-30', '2012-04-30', 1, NULL, 24, '2012-04-27 03:08:14', 1, 'ousainou', '2012-04-27 04:04:21', 1, 'Almonda', '2012-07-17 05:07:32', NULL, 1, 'mwamukoya', NULL, '', '2012-04-27 03:08:14', NULL, NULL, 1, 26, ''),
(28, 41, '2012-04-30', '2012-04-30', 1, NULL, 28, '2012-04-27 04:31:45', 1, 'Almonda', '2012-04-27 04:04:28', 1, 'Almonda', '2012-04-27 04:04:42', NULL, 1, 'mwamukoya', NULL, '', '2012-04-27 04:31:45', NULL, NULL, 1, 32, ''),
(31, 42, '2012-05-07', '2012-05-14', 6, NULL, 23, '2012-05-02 10:01:55', 1, 'salina', '2012-05-02 04:05:12', 1, 'Almonda', '2012-05-03 10:05:42', NULL, 1, 'mwamukoya', '2012-05-02 03:05:11', '', '2012-05-02 10:01:55', NULL, NULL, 1, 25, ''),
(14, 43, '2012-08-06', '2012-08-21', 13, NULL, 9, '2012-05-02 02:49:28', 1, 'kseljeflot', '2012-05-03 11:05:56', 1, 'almonda', '2012-07-02 11:07:22', NULL, 1, 'mwamukoya', '2012-05-02 03:05:26', '', '2012-05-02 02:49:28', NULL, '2012-06-28 12:58:02', 1, 24, ''),
(14, 74, '2012-06-29', '2012-06-29', 1, NULL, 8, '2012-06-28 12:59:31', 1, 'kseljeflot', '2012-07-02 10:07:21', 1, 'almonda', '2012-07-02 11:07:44', NULL, 1, 'mwamukoya', '2012-07-02 11:07:28', '', '2012-06-28 12:59:31', NULL, NULL, 1, 24, 'I will be attending my cousins wedding'),
(23, 45, '2012-05-07', '2012-05-08', 2, NULL, 31, '2012-05-02 04:26:40', 1, 'Almonda', '2012-05-02 04:05:02', 1, 'Almonda', '2012-05-03 10:05:11', NULL, 1, 'mwamukoya', '2012-05-02 04:05:28', '', '2012-05-02 04:26:40', NULL, NULL, 1, 35, ''),
(21, 72, '2012-06-29', '2012-07-06', 6, NULL, 33, '2012-06-28 12:40:15', 1, 'amsabeni', '2012-07-04 01:07:42', 1, 'Almonda', '2012-07-17 05:07:22', NULL, 1, 'mwamukoya', '2012-06-28 01:06:22', '', '2012-06-28 12:40:15', NULL, NULL, 1, 36, ''),
(8, 76, '2012-08-16', '2012-08-17', 2, NULL, 3, '2012-07-02 10:42:47', 1, 'ousainou', '2012-07-24 09:07:58', 1, 'Almonda', '2012-07-24 12:07:19', NULL, 1, 'mwamukoya', '2012-07-02 11:07:18', '', '2012-07-02 10:42:47', NULL, NULL, 1, 18, 'Note I will work 3 already approved days 23-24-25 July, and instead be away 13-14-15 Aug.'),
(28, 47, '2012-05-22', '2012-05-23', 2, NULL, 27, '2012-05-17 02:50:34', 1, 'Almonda', '2012-05-17 03:05:20', 1, 'Almonda', '2012-05-17 05:05:56', NULL, 1, 'mwamukoya', '2012-05-17 02:05:01', '', '2012-05-17 02:50:34', NULL, NULL, 1, 32, ''),
(23, 48, '2012-05-31', '2012-05-31', 1, NULL, 30, '2012-05-17 05:07:59', 1, 'Almonda', '2012-05-23 05:05:28', 1, 'Almonda', '2012-05-30 12:05:50', NULL, 1, 'mwamukoya', '2012-05-21 12:05:01', '', '2012-05-17 05:07:59', NULL, NULL, 1, 35, ''),
(32, 51, '2012-05-21', '2012-05-21', 1, NULL, 23, '2012-05-21 12:54:23', 1, 'ctestud', '2012-06-21 03:06:45', 1, 'Almonda', '2012-07-17 05:07:13', NULL, 1, 'mwamukoya', '2012-05-25 02:05:59', '', '2012-05-21 12:54:23', NULL, NULL, 1, 24, ''),
(16, 53, '2012-05-31', '2012-05-31', 1, NULL, 38, '2012-05-28 04:37:10', 1, 'elutwama', '2012-05-30 11:05:25', 1, 'Almonda', '2012-05-30 12:05:32', NULL, 1, 'mwamukoya', '2012-05-28 04:05:41', '', '2012-05-28 04:37:10', NULL, NULL, 1, 40, ''),
(2, 54, '2012-05-29', '2012-05-29', 1, NULL, 23, '2012-05-28 04:52:42', 1, 'ousainou', '2012-07-24 09:07:39', 1, 'Almonda', '2012-07-24 12:07:10', NULL, 1, 'mwamukoya', '2012-05-28 05:05:04', '', '2012-05-28 04:52:42', NULL, NULL, 1, 26, ''),
(22, 55, '2012-06-08', '2012-06-14', 5, NULL, 40, '2012-06-05 11:48:17', 1, 'ousainou', '2012-07-24 09:07:47', 1, 'Almonda', '2012-07-24 12:07:57', NULL, 1, 'mwamukoya', '2012-06-05 12:06:26', '', '2012-06-05 11:48:17', NULL, NULL, 1, 40, ''),
(28, 56, '2012-06-08', '2012-06-08', 1, NULL, 26, '2012-06-06 04:36:14', 1, 'Almonda', '2012-06-15 02:06:01', 1, 'Almonda', '2012-07-17 05:07:06', NULL, 1, 'mwamukoya', '2012-06-20 02:06:41', '', '2012-06-06 04:36:14', NULL, NULL, 1, 32, ''),
(26, 57, '2012-06-11', '2012-06-20', 9, NULL, 24, '2012-06-12 03:09:10', 1, 'amsabeni', '2012-07-04 01:07:06', 1, 'Almonda', '2012-07-04 02:07:50', NULL, 1, 'mwamukoya', '2012-06-12 03:06:48', '', '2012-06-12 03:09:10', NULL, NULL, 1, 24, ''),
(24, 58, '2012-07-02', '2012-07-06', 5, NULL, 21, '2012-06-15 12:36:12', 1, 'kseljeflot', '2012-06-15 01:06:36', 1, 'Almonda', '2012-06-15 02:06:56', NULL, 1, 'mwamukoya', '2012-06-15 01:06:15', '', '2012-06-15 12:36:12', NULL, NULL, 1, 26, 'Annual leave 5 days (2 July to 6 July 2012)'),
(2, 59, '2012-06-22', '2012-06-22', 1, NULL, 22, '2012-06-19 03:16:10', 1, 'ousainou', '2012-07-24 09:07:31', 1, 'Almonda', '2012-07-24 12:07:47', NULL, 1, 'mwamukoya', '2012-06-19 03:06:51', '', '2012-06-19 03:16:10', NULL, NULL, 1, 26, ''),
(16, 60, '2012-06-22', '2012-06-22', 1, NULL, 37, '2012-06-20 02:32:15', 1, 'elutwama', '2012-06-26 06:06:43', 1, 'Almonda', '2012-07-04 02:07:31', NULL, 1, 'mwamukoya', '2012-06-20 02:06:46', '', '2012-06-20 02:32:15', NULL, NULL, 1, 40, ''),
(34, 63, '2012-06-25', '2012-06-29', 5, NULL, 24, '2012-06-22 03:18:54', 1, 'woluoch', '2012-06-22 03:06:50', 1, 'Almonda', '2012-06-26 05:06:58', NULL, 1, 'mwamukoya', '2012-06-22 03:06:09', '', '2012-06-22 03:18:54', NULL, NULL, 1, 24, ''),
(32, 62, '2012-06-25', '2012-06-25', 1, NULL, 22, '2012-06-21 02:44:25', 1, 'ctestud', '2012-06-21 03:06:10', 1, 'Almonda', '2012-06-26 05:06:49', NULL, 1, 'mwamukoya', '2012-06-21 02:06:31', '', '2012-06-21 02:44:25', NULL, NULL, 1, 24, ''),
(27, 64, '2012-08-27', '2012-08-31', 5, NULL, 25, '2012-06-22 05:07:29', 1, 'ousainou', '2012-07-24 09:07:14', 1, 'Almonda', '2012-07-24 12:07:38', NULL, 1, 'mwamukoya', '2012-06-22 05:06:48', '', '2012-06-22 05:07:29', NULL, NULL, 1, 27, ''),
(25, 67, '2012-11-28', '2012-12-14', 13, NULL, 10, '2012-06-26 09:50:21', 1, 'amsabeni', '2012-07-04 01:07:08', 1, 'Almonda', '2012-07-04 02:07:19', NULL, 1, 'mwamukoya', '2012-06-26 10:06:17', '', '2012-06-26 09:50:21', NULL, NULL, 1, 24, 'Annual leave to facilitate revising for end of semester exams.'),
(19, 68, '2012-07-20', '2012-08-20', 20, NULL, 5, '2012-06-26 01:01:14', 1, 'amsabeni', '2012-07-04 01:07:16', 1, 'Almonda', '2012-07-04 02:07:03', NULL, 1, 'mwamukoya', '2012-06-26 04:06:28', '', '2012-06-26 01:01:14', NULL, NULL, 1, 25, ''),
(12, 69, '2012-09-17', '2012-09-21', 5, NULL, 21, '2012-06-26 02:48:41', 1, 'elutwama', '2012-09-13 05:09:59', 1, 'Almonda', '2012-09-13 05:09:22', NULL, 1, 'mwamukoya', '2012-06-26 04:06:09', '', '2012-06-26 02:48:41', NULL, '2012-08-23 11:07:12', 6, 31, 'To sit for my final examinations'),
(12, 70, '2012-09-23', '2012-09-26', 3, NULL, 21, '2012-06-26 02:50:45', 1, 'elutwama', '2012-09-13 05:09:08', 1, 'Almonda', '2012-09-13 05:09:54', NULL, 1, 'mwamukoya', '2012-06-26 04:06:42', '', '2012-06-26 02:50:45', NULL, '2012-09-13 04:29:40', 1, 31, 'More days needed for my final examinations'),
(23, 71, '2012-06-29', '2012-06-29', 1, NULL, 29, '2012-06-26 03:15:45', 1, 'Almonda', '2012-06-26 05:06:07', 1, 'Almonda', '2012-06-26 05:06:35', NULL, 1, 'mwamukoya', '2012-06-26 04:06:49', '', '2012-06-26 03:15:45', NULL, NULL, 1, 35, ''),
(21, 73, '2012-08-22', '2012-08-24', 3, NULL, 30, '2012-06-28 12:41:49', 1, 'amsabeni', '2012-07-31 02:07:20', 1, 'Almonda', '2012-07-31 02:07:48', NULL, 1, 'mwamukoya', '2012-06-28 01:06:14', '', '2012-06-28 12:41:49', NULL, NULL, 1, 36, ''),
(28, 75, '2012-08-20', '2012-08-31', 10, NULL, 16, '2012-06-28 02:01:19', 1, 'almonda', '2012-07-02 11:07:20', 1, 'almonda', '2012-07-02 11:07:58', NULL, 1, 'mwamukoya', '2012-07-02 11:07:57', '', '2012-06-28 02:01:19', NULL, NULL, 1, 32, ''),
(25, 77, '2012-07-06', '2012-07-06', 1, NULL, 9, '2012-07-04 08:53:27', 1, 'amsabeni', '2012-07-04 01:07:23', 1, 'Almonda', '2012-07-04 02:07:47', NULL, 1, 'mwamukoya', '2012-07-04 09:07:24', '', '2012-07-04 08:53:27', NULL, NULL, 1, 24, ''),
(30, 79, '2012-07-06', '2012-07-06', 1, NULL, 8, '2012-07-05 11:44:00', 1, 'kseljeflot', '2012-07-05 06:07:49', 1, 'Almonda', '2012-07-17 05:07:36', NULL, 1, 'mwamukoya', '2012-07-06 09:07:57', '', '2012-07-05 11:44:00', NULL, '2012-07-05 11:45:06', 1, 24, 'Taking a day off for attending end of year school''s event'),
(12, 80, '2012-08-02', '2012-08-02', 1, NULL, 20, '2012-07-09 12:34:50', 1, 'elutwama', '2012-08-22 04:08:16', 1, 'Almonda', '2012-08-22 05:08:40', NULL, 1, 'mwamukoya', '2012-07-10 09:07:49', '', '2012-07-09 12:34:50', NULL, NULL, 1, 31, 'To attend a function at my daughter''s school'),
(16, 86, '2012-08-09', '2012-08-17', 7, NULL, 36, '2012-07-11 10:43:40', 1, 'elutwama', '2012-08-22 04:08:54', 1, 'Almonda', '2012-08-22 05:08:52', NULL, 1, 'mwamukoya', '2012-07-11 03:07:28', '', '2012-07-11 10:43:40', NULL, NULL, 1, 40, 'To sit for Exam'),
(28, 82, '2012-07-09', '2012-07-09', 1, NULL, 15, '2012-07-10 09:35:24', 1, 'almonda', '2012-07-10 10:07:32', 1, 'almonda', '2012-07-10 10:07:31', NULL, 1, 'mwamukoya', '2012-07-10 09:07:58', '', '2012-07-10 09:35:24', NULL, NULL, 1, 32, ''),
(23, 83, '2012-07-13', '2012-07-13', 1, NULL, 28, '2012-07-10 03:05:47', 1, 'Almonda', '2012-07-17 05:07:18', 1, 'Almonda', '2012-07-17 05:07:09', NULL, 1, 'mwamukoya', '2012-07-11 10:07:30', '', '2012-07-10 03:05:47', NULL, NULL, 1, 35, 'I will be attending a prize giving day at my daughter''s school which will begin at 10am.'),
(27, 84, '2012-07-13', '2012-07-13', 1, NULL, 24, '2012-07-10 03:13:31', 1, 'ousainou', '2012-07-24 09:07:00', 1, 'Almonda', '2012-07-24 12:07:25', NULL, 1, 'mwamukoya', '2012-07-11 10:07:37', '', '2012-07-10 03:13:31', NULL, NULL, 1, 27, ''),
(16, 85, '2012-08-06', '2012-08-06', 1, NULL, 36, '2012-07-11 10:40:46', 1, 'elutwama', '2012-08-22 04:08:09', 1, 'Almonda', '2012-08-22 05:08:59', NULL, 1, 'mwamukoya', '2012-07-11 03:07:32', '', '2012-07-11 10:40:46', NULL, NULL, 1, 40, 'To sit for exam'),
(16, 87, '2012-08-21', '2012-08-22', 2, NULL, 34, '2012-07-11 10:44:57', 1, 'elutwama', '2012-08-22 04:08:41', 1, 'Almonda', '2012-08-22 05:08:06', NULL, 1, 'mwamukoya', '2012-07-11 03:07:39', '', '2012-07-11 10:44:57', NULL, NULL, 1, 40, 'To sit for Exam'),
(23, 88, '2012-07-19', '2012-07-23', 3, NULL, 28, '2012-07-16 01:35:49', 1, 'Almonda', '2012-07-17 05:07:06', 1, 'Almonda', '2012-07-17 05:07:56', NULL, 1, 'mwamukoya', '2012-07-16 02:07:14', '', '2012-07-16 01:35:49', NULL, NULL, 1, 35, ''),
(1, 89, '2012-07-17', '2012-07-30', 10, NULL, 0, '2012-07-16 02:56:23', 1, 'elutwama', '2012-08-09 03:08:44', 1, 'Almonda', '2012-08-13 11:08:48', NULL, 1, 'mwamukoya', '2012-07-20 09:07:14', '', '2012-07-16 02:56:23', NULL, NULL, 8, 10, 'Paternity Leave'),
(17, 90, '2012-08-07', '2012-08-31', 19, NULL, 8, '2012-07-19 05:10:25', 1, 'ousainou', '2012-07-24 09:07:14', 1, 'Almonda', '2012-07-24 12:07:08', NULL, 1, 'mwamukoya', '2012-07-20 09:07:24', '', '2012-07-19 05:10:25', NULL, NULL, 1, 30, 'From September 1st, I will be working in the Mali Office awaiting the requirements of and CD and Gender Officer '),
(31, 91, '2012-08-23', '2012-09-03', 8, NULL, 23, '2012-07-20 10:24:07', 1, 'salina', '2012-07-20 10:07:22', 1, 'Almonda', '2012-07-20 11:07:52', NULL, 1, 'mwamukoya', '2012-07-20 10:07:19', '', '2012-07-20 10:24:07', NULL, NULL, 1, 25, ''),
(11, 98, '2012-08-28', '2012-09-07', 9, NULL, 11, '2012-07-27 04:10:51', 1, 'kseljeflot', '2012-08-21 04:08:05', 1, 'almonda', '2012-08-21 04:08:11', NULL, 1, 'mwamukoya', '2012-07-27 04:07:00', '', '2012-07-27 04:10:51', NULL, '2012-07-27 04:12:35', 1, 21, 'I have resubmitted the request as I thought leave balance would automatically update. once the 9 leave days are applied the balance would be 11 days.'),
(25, 95, '2012-08-01', '2012-08-05', 4, NULL, 5, '2012-07-23 11:01:10', 1, 'amsabeni', '2012-07-31 02:07:23', 1, 'Almonda', '2012-07-31 02:07:04', NULL, 1, 'mwamukoya', '2012-07-23 12:07:36', '', '2012-07-23 11:01:10', NULL, NULL, 1, 24, 'Leave days to seat for my end of Semester exams.'),
(28, 96, '2012-07-25', '2012-07-25', 1, NULL, 14, '2012-07-23 12:10:21', 1, 'Almonda', '2012-09-03 12:09:23', 1, 'Almonda', '2012-09-03 12:09:40', NULL, 1, 'mwamukoya', '2012-07-23 12:07:53', '', '2012-07-23 12:10:21', NULL, NULL, 1, 32, ''),
(33, 97, '2012-08-06', '2012-09-03', 19, NULL, 51, '2012-07-24 09:46:32', 1, 'ousainou', '2013-08-30 06:08:33', 1, 'almonda', '2013-08-30 08:08:35', NULL, 1, 'mwamukoya', '2012-07-26 10:07:38', '', '2012-07-24 09:46:32', NULL, '2012-07-26 10:33:38', 1, 30, 'One day less for Eid which is a public holiday'),
(14, 99, '2012-08-03', '2012-08-03', 1, NULL, 7, '2012-08-01 03:15:22', 1, 'kseljeflot', '2012-08-21 04:08:25', 1, 'almonda', '2012-08-21 04:08:25', NULL, 1, 'mwamukoya', '2012-08-01 03:08:12', '', '2012-08-01 03:15:22', NULL, NULL, 1, 24, 'Would like a day to prepare for members of my family arriving home from overseas'),
(9, 100, '2012-09-20', '2012-09-21', 2, NULL, 10, '2012-08-01 03:25:30', 1, 'kseljeflot', '2012-08-21 04:08:43', 1, 'almonda', '2012-08-21 04:08:36', NULL, 1, 'mwamukoya', '2012-08-01 03:08:19', '', '2012-08-01 03:25:30', NULL, '2012-08-01 03:26:22', 1, 23, ''),
(35, 101, '2012-08-13', '2012-08-24', 11, NULL, 13, '2012-08-06 10:21:40', 1, 'woluoch', '2012-08-09 12:08:05', 1, 'Almonda', '2012-08-09 01:08:37', NULL, 1, 'mwamukoya', '2012-08-06 10:08:04', '', '2012-08-06 10:21:40', NULL, NULL, 1, 24, ''),
(37, 102, '2012-08-15', '2012-08-24', 8, NULL, 24, '2012-08-07 11:03:14', 1, 'salina', '2012-08-07 01:08:14', 1, 'Almonda', '2012-08-07 02:08:32', NULL, 1, 'mwamukoya', '2012-08-07 11:08:42', '', '2012-08-07 11:03:14', NULL, NULL, 1, 24, ''),
(1, 103, '2012-08-09', '2012-08-09', 1, NULL, 13, '2012-08-07 07:49:41', 1, 'elutwama', '2012-08-22 04:08:59', 1, 'Almonda', '2012-08-22 05:08:14', NULL, 1, 'mwamukoya', '2012-08-08 10:08:18', '', '2012-08-07 07:49:41', NULL, '2012-08-22 09:57:33', 1, 24, ''),
(1, 104, '2012-08-13', '2012-08-13', 1, NULL, 12, '2012-08-07 07:50:23', 1, 'elutwama', '2012-08-22 04:08:12', 1, 'Almonda', '2012-08-22 05:08:20', NULL, 1, 'mwamukoya', '2012-08-08 10:08:29', '', '2012-08-07 07:50:23', NULL, '2012-08-22 09:57:46', 1, 24, ''),
(1, 105, '2012-08-17', '2012-08-17', 1, NULL, 11, '2012-08-08 02:33:50', 1, 'elutwama', '2012-08-22 04:08:30', 1, 'almonda', '2012-08-24 11:08:00', NULL, 1, 'mwamukoya', '2012-08-09 01:08:50', '', '2012-08-08 02:33:50', NULL, '2012-08-22 09:57:58', 1, 24, ''),
(32, 106, '2012-08-17', '2012-08-17', 1, NULL, 21, '2012-08-10 01:11:28', 1, 'ctestud', '2012-08-13 11:08:13', 1, 'Almonda', '2012-08-13 11:08:11', NULL, 1, 'mwamukoya', '2012-08-10 03:08:08', '', '2012-08-10 01:11:28', NULL, NULL, 1, 24, ''),
(23, 107, '2012-08-21', '2012-08-22', 2, NULL, 26, '2012-08-17 12:19:17', 1, 'almonda', '2012-08-21 12:08:06', 1, 'almonda', '2012-08-21 12:08:28', NULL, 1, 'mwamukoya', '2012-08-17 12:08:22', '', '2012-08-17 12:19:17', NULL, NULL, 1, 35, ''),
(1, 109, '2012-08-27', '2012-08-31', 5, NULL, 6, '2012-08-22 09:59:05', 1, 'elutwama', '2012-08-24 12:08:27', 1, 'almonda', '2012-08-24 05:08:55', NULL, 1, 'mwamukoya', '2012-08-22 04:08:10', '', '2012-08-22 09:59:05', NULL, '2012-08-24 11:10:14', 1, 24, ''),
(12, 110, '2012-08-24', '2012-08-27', 2, NULL, 18, '2012-08-23 11:03:10', 1, 'elutwama', '2012-08-24 10:08:21', 1, 'Almonda', '2012-08-24 10:08:20', NULL, 1, 'mwamukoya', '2012-08-24 09:08:21', '', '2012-08-23 11:03:10', NULL, NULL, 7, 31, 'This is for the working weekend while on mission and the Eid holiday.'),
(14, 111, '2012-08-27', '2012-08-27', 1, NULL, 6, '2012-08-28 10:46:33', 1, 'kseljeflot', '2012-09-03 11:09:51', 1, 'Almonda', '2012-09-03 12:09:29', NULL, 1, 'mwamukoya', '2012-09-03 11:09:47', '', '2012-08-28 10:46:33', NULL, NULL, 1, 24, 'I attended my sons prize giving day'),
(23, 112, '2012-09-04', '2012-09-04', 1, NULL, 25, '2012-09-03 09:33:17', 1, 'Almonda', '2012-09-03 12:09:16', 1, 'Almonda', '2012-09-03 12:09:14', NULL, 1, 'mwamukoya', '2012-09-03 11:09:47', '', '2012-09-03 09:33:17', NULL, NULL, 1, 35, ''),
(21, 113, '2012-09-10', '2012-09-11', 2, NULL, 28, '2012-09-07 09:39:09', 1, 'amsabeni', '2012-10-16 08:10:58', 1, 'Almonda', '2012-10-16 09:10:27', NULL, 1, 'mwamukoya', '2012-09-07 10:09:27', '', '2012-09-07 09:39:09', NULL, NULL, 1, 36, ''),
(1, 114, '2012-09-11', '2012-09-14', 4, NULL, 4, '2012-09-07 10:51:28', 1, 'elutwama', '2012-09-13 05:09:08', 1, 'Almonda', '2012-09-13 05:09:45', NULL, 1, 'mwamukoya', '2012-09-07 11:09:03', '', '2012-09-07 10:51:28', NULL, NULL, 1, 24, ''),
(34, 115, '2012-09-11', '2012-09-17', 5, NULL, 15, '2012-09-10 03:20:19', 1, 'woluoch', '2012-09-10 03:09:33', 1, 'Almonda', '2012-09-10 05:09:39', NULL, 1, 'mwamukoya', '2012-09-10 03:09:51', '', '2012-09-10 03:20:19', NULL, NULL, 1, 24, ''),
(32, 116, '2012-09-11', '2012-09-11', 1, NULL, 20, '2012-09-10 04:27:30', 1, 'ctestud', '2013-02-28 11:02:52', 1, 'almonda', '2013-02-28 12:02:30', NULL, 1, 'mwamukoya', '2012-09-10 04:09:42', '', '2012-09-10 04:27:30', NULL, NULL, 1, 24, ''),
(11, 117, '2012-10-01', '2012-10-04', 4, NULL, 7, '2012-09-12 12:38:35', 1, 'kseljeflot', '2012-09-12 01:09:52', 1, 'Almonda', '2012-09-12 01:09:50', NULL, 1, 'mwamukoya', '2012-09-12 09:09:19', '', '2012-09-12 12:38:35', NULL, NULL, 1, 21, ''),
(2, 118, '2012-09-14', '2012-09-14', 1, NULL, 21, '2012-09-12 01:10:52', 1, 'ousainou', '2012-12-04 12:12:14', 1, 'almonda', '2012-12-04 02:12:32', NULL, 1, 'mwamukoya', '2012-09-12 02:09:36', '', '2012-09-12 01:10:52', NULL, NULL, 1, 26, ''),
(2, 119, '2012-09-17', '2012-09-17', 1, NULL, 20, '2012-09-12 01:11:08', 1, 'ousainou', '2012-12-04 12:12:21', 1, 'almonda', '2012-12-04 02:12:24', NULL, 1, 'mwamukoya', '2012-09-12 02:09:46', '', '2012-09-12 01:11:08', NULL, NULL, 1, 26, ''),
(12, 120, '2012-09-28', '2012-09-28', 1, NULL, 20, '2012-09-13 04:30:18', 1, 'elutwama', '2012-09-13 05:09:21', 1, 'Almonda', '2012-09-13 05:09:33', NULL, 1, 'mwamukoya', '2012-09-13 04:09:24', '', '2012-09-13 04:30:18', NULL, NULL, 1, 31, 'Final exam day'),
(38, 121, '2012-10-08', '2012-10-12', 5, NULL, 0, '2012-09-28 03:48:04', 1, 'elutwama', '2012-10-09 10:10:34', 1, 'Almonda', '2012-10-10 12:10:16', NULL, 1, 'mwamukoya', '2012-10-05 01:10:59', '', '2012-09-28 03:48:04', NULL, NULL, 6, 5, 'For your kind approval'),
(16, 122, '2012-10-09', '2012-10-10', 2, NULL, 32, '2012-10-05 04:20:16', 0, 'elutwama', '2012-10-09 10:10:54', NULL, NULL, NULL, NULL, 1, 'mwamukoya', '2012-10-05 04:10:45', '', '2012-10-05 04:20:16', NULL, NULL, 1, 40, ''),
(22, 123, '2012-10-12', '2012-10-16', 3, NULL, 37, '2012-10-09 10:59:30', 1, 'ousainou', '2012-12-04 12:12:50', 1, 'almonda', '2012-12-04 02:12:16', NULL, 1, 'mwamukoya', '2012-10-09 11:10:25', '', '2012-10-09 10:59:30', NULL, NULL, 1, 40, ''),
(23, 124, '2012-10-11', '2012-10-12', 2, NULL, 23, '2012-10-10 01:57:11', 1, 'Almonda', '2012-10-10 02:10:51', 1, 'Almonda', '2012-10-10 02:10:37', NULL, 1, 'mwamukoya', '2012-10-10 02:10:25', '', '2012-10-10 01:57:11', NULL, NULL, 1, 35, ''),
(9, 125, '2012-10-12', '2012-10-12', 1, NULL, 9, '2012-10-11 12:09:44', 1, 'kseljeflot', '2012-10-11 04:10:53', 1, 'Almonda', '2012-10-11 05:10:26', NULL, 1, 'mwamukoya', '2012-10-11 01:10:10', '', '2012-10-11 12:09:44', NULL, NULL, 1, 23, 'only the afternoon.\r\nThank you.'),
(23, 127, '2012-10-18', '2012-10-18', 1, NULL, 22, '2012-10-16 02:45:41', 1, 'almonda', '2012-12-06 05:12:16', 1, 'almonda', '2012-12-06 10:12:23', NULL, 1, 'mwamukoya', '2012-10-16 02:10:35', '', '2012-10-16 02:45:41', NULL, NULL, 1, 35, 'Attending My daughter''s Academic Day which was postponed due to the teachers strike initially scheduled for 27th September.'),
(32, 131, '2012-10-26', '2012-11-02', 6, NULL, 14, '2012-10-23 11:17:19', 1, 'ctestud', '2012-10-25 03:10:27', 1, 'Almonda', '2012-10-25 05:10:20', NULL, 1, 'mwamukoya', '2012-10-23 05:10:51', '', '2012-10-23 11:17:19', NULL, '2012-10-23 11:39:09', 1, 24, 'I would like to apply for my annual leave for 6days. '),
(1, 128, '2012-10-18', '2012-10-19', 2, NULL, 4, '2012-10-16 05:23:49', 1, 'elutwama', '2012-11-21 04:11:37', 1, 'almonda', '2012-12-03 05:12:21', NULL, 1, 'mwamukoya', '2012-10-17 09:10:16', '', '2012-10-16 05:23:49', NULL, NULL, 1, 24, ''),
(1, 129, '2012-10-26', '2012-10-31', 4, NULL, 0, '2012-10-16 05:24:14', 1, 'elutwama', '2012-11-21 04:11:50', 1, 'almonda', '2012-12-03 05:12:34', NULL, 1, 'mwamukoya', '2012-10-17 09:10:22', '', '2012-10-16 05:24:14', NULL, NULL, 1, 24, ''),
(35, 130, '2012-10-24', '2012-10-26', 3, NULL, 10, '2012-10-22 11:22:49', 1, 'woluoch', '2012-10-23 04:10:35', 1, 'Almonda', '2012-10-25 05:10:44', NULL, 1, 'mwamukoya', '2012-10-22 03:10:40', '', '2012-10-22 11:22:49', NULL, '2012-10-22 11:23:11', 1, 24, ''),
(2, 132, '2012-11-05', '2012-11-15', 9, NULL, 10, '2012-10-23 03:50:59', 1, 'ousainou', '2012-12-04 12:12:27', 1, 'almonda', '2012-12-04 02:12:06', NULL, 1, 'mwamukoya', '2012-10-23 05:10:00', '', '2012-10-23 03:50:59', NULL, NULL, 1, 26, ''),
(34, 133, '2012-10-26', '2012-10-26', 1, NULL, 14, '2012-10-25 12:54:40', 1, 'woluoch', '2012-10-25 01:10:57', 1, 'Almonda', '2012-10-25 05:10:51', NULL, 1, 'mwamukoya', '2012-10-25 12:10:03', '', '2012-10-25 12:54:40', NULL, NULL, 1, 24, ''),
(12, 134, '2012-11-06', '2012-11-06', 1, NULL, 19, '2012-10-30 03:09:11', 1, 'elutwama', '2012-10-30 04:10:03', 1, 'Almonda', '2012-10-30 08:10:15', NULL, 1, 'mwamukoya', '2012-10-30 03:10:28', '', '2012-10-30 03:09:11', NULL, NULL, 1, 31, 'Post graduate proposal defense date'),
(21, 135, '2012-11-14', '2012-11-16', 3, NULL, 28, '2012-11-12 09:51:19', 1, 'woluoch', '2012-11-13 01:11:52', 1, 'Almonda', '2012-11-15 01:11:03', NULL, 1, 'mwamukoya', '2012-11-12 10:11:50', '', '2012-11-12 09:51:19', NULL, NULL, 1, 36, 'Attending a training in Kampala, may meet Uganda team to discuss details of M&E support after the retreat'),
(34, 136, '2012-11-14', '2012-11-16', 3, NULL, 14, '2012-11-13 01:22:39', NULL, NULL, NULL, NULL, NULL, NULL, NULL, 1, 'admin', '2012-11-13 01:11:09', '', '2012-11-13 01:22:39', NULL, NULL, 1, 24, ''),
(24, 137, '2012-11-19', '2012-11-21', 3, NULL, 21, '2012-11-14 12:08:07', 1, 'kseljeflot', '2012-11-15 05:11:44', 1, 'Almonda', '2012-11-16 11:11:45', NULL, 1, 'mwamukoya', '2012-11-15 02:11:06', '', '2012-11-14 12:08:07', NULL, NULL, 1, 26, 'Annual leave. Traveling upcountry to attend and community event.'),
(27, 138, '2012-11-16', '2012-11-16', 1, NULL, 23, '2012-11-15 02:15:23', 1, 'ousainou', '2012-12-04 12:12:33', 1, 'almonda', '2012-12-04 02:12:58', NULL, 1, 'mwamukoya', '2012-11-15 02:11:46', '', '2012-11-15 02:15:23', NULL, NULL, 1, 27, ''),
(9, 139, '2012-12-21', '2012-12-21', 1, NULL, 8, '2012-11-19 07:37:18', 1, 'kseljeflot', '2012-11-20 06:11:20', 1, 'almonda', '2012-11-20 09:11:41', NULL, 1, 'mwamukoya', '2012-11-20 05:11:50', '', '2012-11-19 07:37:18', NULL, NULL, 1, 23, ''),
(19, 299, '2013-07-29', '2013-08-25', 20, NULL, 7, '2013-07-26 12:15:49', 1, 'Amsabeni', '2013-07-26 06:07:31', 1, 'almonda', '2013-07-26 10:07:20', NULL, 1, 'mwamukoya', '2013-07-26 12:07:52', '', '2013-07-26 12:15:49', NULL, NULL, 1, 25, ''),
(16, 141, '2012-11-23', '2012-11-23', 1, NULL, 31, '2012-11-20 03:48:46', 1, 'elutwama', '2012-11-21 04:11:34', 1, 'almonda', '2012-11-21 04:11:07', NULL, 1, 'mwamukoya', '2012-11-20 05:11:05', '', '2012-11-20 03:48:46', NULL, NULL, 1, 40, 'Attend a cousin''s burial'),
(22, 142, '2012-12-07', '2012-12-21', 11, NULL, 26, '2012-11-20 04:40:01', 1, 'ousainou', '2012-12-04 12:12:43', 1, 'almonda', '2012-12-04 02:12:48', NULL, 1, 'mwamukoya', '2012-11-20 05:11:14', '', '2012-11-20 04:40:01', NULL, NULL, 1, 40, ''),
(23, 218, '2013-03-21', '2013-03-21', 1, NULL, 19, '2013-03-20 08:49:14', 1, 'almonda', '2013-03-20 11:03:17', 1, 'almonda', '2013-03-20 02:03:49', NULL, 1, 'wndegwa', '2013-03-20 10:03:34', '', '2013-03-20 08:49:14', NULL, NULL, 1, 35, ''),
(14, 143, '2012-11-23', '2012-11-23', 1, NULL, 5, '2012-11-22 12:12:38', 1, 'kseljeflot', '2012-12-03 06:12:44', 1, 'almonda', '2012-12-03 06:12:17', NULL, 1, 'mwamukoya', '2012-12-03 04:12:29', '', '2012-11-22 12:12:38', NULL, NULL, 1, 24, 'I need to sort out some urgent domestic issues ahead of the annual strategic retreat '),
(23, 144, '2012-12-07', '2012-12-07', 1, NULL, 21, '2012-11-30 02:51:41', 1, 'almonda', '2012-12-03 06:12:06', 1, 'almonda', '2012-12-03 06:12:34', NULL, 1, 'mwamukoya', '2012-12-03 04:12:42', '', '2012-11-30 02:51:41', NULL, NULL, 1, 35, ''),
(8, 145, '2012-12-05', '2012-12-05', 1, NULL, 2, '2012-12-03 06:16:50', 1, 'ousainou', '2012-12-04 12:12:13', 1, 'almonda', '2012-12-04 02:12:34', NULL, 1, 'mwamukoya', '2012-12-04 10:12:49', '', '2012-12-03 06:16:50', NULL, NULL, 1, 18, 'To attend school closing ceremony in my children''s school on Wednesday 5 December'),
(27, 146, '2012-12-19', '2013-01-15', 11, NULL, 12, '2012-12-04 11:31:56', 1, 'ousainou', '2012-12-04 12:12:58', 1, 'almonda', '2012-12-04 02:12:18', NULL, 1, 'mwamukoya', '2012-12-04 11:12:26', '', '2012-12-04 11:31:56', NULL, NULL, 1, 27, ''),
(2, 147, '2012-12-11', '2012-12-21', 8, NULL, 2, '2012-12-04 12:38:53', 1, 'ousainou', '2012-12-04 12:12:15', 1, 'almonda', '2012-12-04 02:12:04', NULL, 1, 'mwamukoya', '2012-12-04 12:12:45', '', '2012-12-04 12:38:53', NULL, NULL, 1, 26, ''),
(2, 148, '2013-01-03', '2013-01-04', 2, NULL, 0, '2012-12-04 12:39:25', 1, 'ousainou', '2012-12-04 12:12:23', 1, 'almonda', '2012-12-04 01:12:57', NULL, 1, 'mwamukoya', '2012-12-04 12:12:55', '', '2012-12-04 12:39:25', NULL, NULL, 1, 26, ''),
(31, 149, '2012-12-10', '2012-12-10', 1, NULL, 22, '2012-12-04 03:22:25', 1, 'salina', '2012-12-17 10:12:48', 1, 'almonda', '2012-12-19 08:12:05', NULL, 1, 'mwamukoya', '2012-12-04 04:12:37', '', '2012-12-04 03:22:25', NULL, NULL, 7, 25, ''),
(31, 150, '2012-12-11', '2012-12-11', 1, NULL, 21, '2012-12-04 03:22:51', 1, 'salina', '2012-12-17 10:12:06', 1, 'almonda', '2012-12-19 08:12:46', NULL, 1, 'mwamukoya', '2012-12-04 04:12:28', '', '2012-12-04 03:22:51', NULL, NULL, 1, 25, ''),
(32, 151, '2012-12-05', '2012-12-07', 3, NULL, 0, '2012-12-04 04:19:15', 1, 'ctestud', '2012-12-04 05:12:34', 1, 'almonda', '2012-12-04 10:12:00', NULL, 1, 'mwamukoya', '2012-12-04 05:12:13', '', '2012-12-04 04:19:15', NULL, '2012-12-04 05:23:06', 6, 5, 'Applying for Study leave to do my end of year exams'),
(33, 155, '2012-12-10', '2012-12-21', 9, NULL, 48, '2012-12-04 05:11:15', 1, 'ousainou', '2013-08-30 06:08:45', 1, 'almonda', '2013-08-30 08:08:26', NULL, 1, 'mwamukoya', '2012-12-04 05:12:47', '', '2012-12-04 05:11:15', NULL, NULL, 1, 30, ''),
(33, 154, '2013-01-03', '2013-01-08', 3, NULL, 48, '2012-12-04 05:10:42', 1, 'ousainou', '2013-08-30 06:08:58', 1, 'almonda', '2013-08-30 08:08:18', NULL, 1, 'mwamukoya', '2012-12-04 05:12:01', '', '2012-12-04 05:10:42', NULL, NULL, 1, 30, ''),
(32, 156, '2012-12-10', '2012-12-11', 2, NULL, 12, '2012-12-04 05:24:25', 1, 'ctestud', '2012-12-04 05:12:42', 1, 'almonda', '2012-12-04 10:12:49', NULL, 1, 'mwamukoya', '2012-12-04 06:12:17', '', '2012-12-04 05:24:25', NULL, NULL, 1, 14, 'Study leave for 2days'),
(30, 157, '2012-12-20', '2012-12-21', 2, NULL, 6, '2012-12-04 05:36:29', 1, 'kseljeflot', '2012-12-04 06:12:46', 1, 'almonda', '2012-12-04 10:12:36', NULL, 1, 'mwamukoya', '2012-12-04 06:12:09', '', '2012-12-04 05:36:29', NULL, NULL, 1, 24, ''),
(38, 158, '2013-01-03', '2013-01-04', 2, NULL, 8, '2012-12-04 05:54:21', 1, 'elutwama', '2013-02-05 10:02:45', 1, 'almonda', '2013-02-05 11:02:26', NULL, 1, 'mwamukoya', '2012-12-04 06:12:00', '', '2012-12-04 05:54:21', NULL, NULL, 1, 10, 'For your kind approval'),
(30, 214, '2013-06-10', '2013-06-28', 15, NULL, -11, '2013-03-12 10:55:42', 1, 'kseljeflot', '2013-03-13 04:03:36', 1, 'almonda', '2013-03-13 04:03:34', NULL, 1, 'wndegwa', '2013-03-13 12:03:58', '', '2013-03-12 10:55:42', NULL, NULL, 1, 24, 'Annual leave traveling to France with my daughter Thalia Suban Testud-Dirir'),
(12, 161, '2012-12-21', '2012-12-21', 1, NULL, 18, '2012-12-05 10:49:58', 1, 'elutwama', '2013-02-05 10:02:18', 1, 'almonda', '2013-02-05 11:02:17', NULL, 1, 'mwamukoya', '2012-12-05 11:12:22', '', '2012-12-05 10:49:58', NULL, NULL, 1, 31, ''),
(12, 162, '2013-01-03', '2013-01-07', 4, NULL, 18, '2012-12-05 10:55:13', 1, 'elutwama', '2013-02-05 10:02:37', 1, 'almonda', '2013-02-05 11:02:11', NULL, 1, 'mwamukoya', '2012-12-05 11:12:51', '', '2012-12-05 10:55:13', NULL, NULL, 1, 31, ''),
(31, 163, '2012-12-21', '2013-01-11', 8, NULL, 21, '2012-12-05 01:09:50', 1, 'salina', '2012-12-17 10:12:01', 1, 'almonda', '2012-12-19 08:12:35', NULL, 1, 'mwamukoya', '2012-12-05 02:12:29', '', '2012-12-05 01:09:50', NULL, NULL, 1, 25, ''),
(14, 164, '2012-12-03', '2012-12-04', 2, NULL, 5, '2012-12-05 02:06:50', 1, 'kseljeflot', '2012-12-06 10:12:40', 1, 'almonda', '2012-12-06 01:12:44', NULL, 1, 'mwamukoya', '2012-12-05 02:12:57', '', '2012-12-05 02:06:50', NULL, NULL, 2, 24, 'I got a bad asthmatic attack after being rained on Sunday 2nd December'),
(40, 165, '2013-01-03', '2013-01-04', 2, NULL, 0, '2012-12-05 04:38:06', 1, 'sophie', '2012-12-06 06:12:14', 1, 'almonda', '2012-12-06 10:12:43', NULL, 1, 'mwamukoya', '2012-12-05 04:12:35', '', '2012-12-05 04:38:06', NULL, NULL, 1, 2, 'Requesting for two days off because i will be traveling back'),
(40, 166, '2012-12-07', '2012-12-07', 1, NULL, 0, '2012-12-06 09:57:10', 1, 'sophie', '2012-12-06 06:12:52', 1, 'almonda', '2012-12-06 10:12:54', NULL, 1, 'mwamukoya', '2012-12-06 10:12:13', '', '2012-12-06 09:57:10', NULL, NULL, 1, 2, 'To attend graduation for my daughter.'),
(30, 167, '2012-12-07', '2012-12-07', 1, NULL, 6, '2012-12-06 10:44:58', 1, 'kseljeflot', '2012-12-06 10:12:54', 1, 'almonda', '2012-12-06 01:12:37', NULL, 1, 'mwamukoya', '2012-12-06 10:12:40', '', '2012-12-06 10:44:58', NULL, NULL, 7, 24, 'Day in lieu of the worked Sunday 25th November 2012.'),
(23, 168, '2013-01-03', '2013-01-09', 5, NULL, 21, '2012-12-06 10:50:12', 1, 'almonda', '2012-12-06 05:12:27', 1, 'almonda', '2012-12-06 10:12:12', NULL, 1, 'mwamukoya', '2012-12-06 10:12:59', '', '2012-12-06 10:50:12', NULL, NULL, 1, 35, ''),
(26, 169, '2012-12-17', '2013-01-08', 9, NULL, 24, '2012-12-06 01:31:03', NULL, NULL, NULL, NULL, NULL, NULL, NULL, 1, 'mwamukoya', '2012-12-06 03:12:14', '', '2012-12-06 01:31:03', NULL, NULL, 1, 24, 'Merry Christmas and Happy new Year 2013. May Peace prevail in most parts of the World.'),
(9, 170, '2013-01-04', '2013-01-04', 1, NULL, 7, '2012-12-14 03:50:58', 1, 'kseljeflot', '2012-12-17 10:12:15', 1, 'almonda', '2012-12-19 09:12:25', NULL, 1, 'mwamukoya', '2012-12-17 10:12:54', '', '2012-12-14 03:50:58', NULL, NULL, 1, 23, ''),
(21, 171, '2013-01-03', '2013-01-11', 7, NULL, 28, '2012-12-17 04:45:45', 1, 'amsabeni', '2013-02-27 01:02:37', 1, 'almonda', '2013-02-27 01:02:10', NULL, 1, 'mwamukoya', '2012-12-17 05:12:09', '', '2012-12-17 04:45:45', NULL, NULL, 1, 36, ''),
(11, 172, '2013-01-03', '2013-01-04', 2, NULL, 5, '2012-12-17 06:02:57', 1, 'kseljeflot', '2012-12-18 12:12:26', 1, 'almonda', '2012-12-19 09:12:13', NULL, 1, 'mwamukoya', '2012-12-18 11:12:03', '', '2012-12-17 06:02:57', NULL, NULL, 1, 21, 'I am planning to take Friday the 21st of December as TOIL for weekends worked in Ethiopia during my mission earlier this month. I would also like to request permission to carry forward the balance of 5 leave days from 2012 and use them before the end of M'),
(37, 173, '2013-01-04', '2013-01-07', 2, NULL, 14, '2013-01-03 12:42:41', 1, 'salina', '2013-01-03 01:01:27', 1, 'almonda', '2013-01-07 10:01:28', NULL, 1, 'mwamukoya', '2013-01-03 01:01:46', '', '2013-01-03 12:42:41', NULL, '2013-01-03 01:26:34', 1, 16, ''),
(9, 174, '2013-01-03', '2013-01-03', 1, NULL, 6, '2013-01-07 01:16:44', 1, 'kseljeflot', '2013-01-07 02:01:41', 1, 'almonda', '2013-01-07 03:01:34', NULL, 1, 'mwamukoya', '2013-01-07 02:01:52', '', '2013-01-07 01:16:44', NULL, NULL, 2, 23, ''),
(14, 175, '2013-01-03', '2013-01-04', 2, NULL, 3, '2013-01-09 04:50:58', 1, 'kseljeflot', '2013-01-10 10:01:27', 1, 'almonda', '2013-01-10 11:01:24', NULL, 1, 'mwamukoya', '2013-01-10 10:01:50', '', '2013-01-09 04:50:58', NULL, NULL, 1, 24, 'I extended the end year festive season break to spend additional time with my children'),
(14, 176, '2013-01-10', '2013-01-10', 1, NULL, 2, '2013-01-09 04:55:30', 1, 'kseljeflot', '2013-01-10 10:01:36', 1, 'almonda', '2013-01-10 11:01:17', NULL, 1, 'mwamukoya', '2013-01-10 10:01:55', '', '2013-01-09 04:55:30', NULL, NULL, 1, 24, 'I need time to conclude my eldest son''s admission to high school and make the necessary logistical preparations  '),
(32, 177, '2013-01-18', '2013-01-18', 1, NULL, 11, '2013-01-16 09:53:13', 1, 'ctestud', '2013-02-06 02:02:06', 1, 'almonda', '2013-02-06 02:02:52', NULL, 1, 'mwamukoya', '2013-01-23 10:01:34', '', '2013-01-16 09:53:13', NULL, NULL, 1, 14, ''),
(38, 178, '2013-01-25', '2013-01-25', 1, NULL, 7, '2013-01-23 10:01:38', 1, 'elutwama', '2013-02-05 10:02:59', 1, 'almonda', '2013-02-05 11:02:04', NULL, 1, 'mwamukoya', '2013-01-23 10:01:46', '', '2013-01-23 10:01:38', NULL, NULL, 1, 10, 'Kindly approve, I need to attend a relative''s funeral'),
(42, 179, '2013-01-25', '2013-01-25', 1, NULL, 19, '2013-01-23 03:48:53', 1, 'vanessa', '2013-01-23 04:01:36', 1, 'almonda', '2013-01-23 08:01:47', NULL, 1, 'mwamukoya', '2013-01-23 04:01:30', '', '2013-01-23 03:48:53', NULL, NULL, 1, 24, ''),
(42, 180, '2013-02-15', '2013-02-15', 1, NULL, 18, '2013-01-23 03:51:12', 1, 'vanessa', '2013-01-23 04:01:13', 1, 'almonda', '2013-01-23 08:01:06', NULL, 1, 'mwamukoya', '2013-01-23 04:01:11', '', '2013-01-23 03:51:12', NULL, NULL, 1, 24, ''),
(42, 181, '2013-02-18', '2013-02-22', 5, NULL, 18, '2013-01-23 03:54:14', 1, 'vanessa', '2013-01-23 04:01:23', 1, 'almonda', '2013-01-23 08:01:51', NULL, 1, 'mwamukoya', '2013-01-23 04:01:21', '', '2013-01-23 03:54:14', NULL, NULL, 2, 24, 'This sick leave concerns a surgery that I have to undergo in Paris in February. On 15th February 2013, I have a preoperative consultation as well as an anaesthesia consultation prior to the surgery on 18th February 2013 which requires one week sick leave '),
(11, 182, '2013-02-12', '2013-02-18', 5, NULL, 0, '2013-01-24 03:48:00', 1, 'kseljeflot', '2013-01-25 04:01:17', 1, 'almonda', '2013-01-25 05:01:50', NULL, 1, 'mwamukoya', '2013-01-25 03:01:22', '', '2013-01-24 03:48:00', NULL, NULL, 1, 5, 'using remaining 5 days of leave carried forward from 2012'),
(35, 185, '2013-01-28', '2013-02-01', 5, NULL, 0, '2013-01-25 03:58:39', 1, 'almonda', '2013-03-18 01:03:02', 1, 'almonda', '2013-03-19 11:03:30', NULL, 1, 'almonda', '2013-03-18 01:03:12', '', '2013-01-25 03:58:39', NULL, NULL, 1, 24, ''),
(35, 184, '2013-01-28', '2013-02-01', 5, NULL, 5, '2013-01-25 03:57:33', NULL, NULL, NULL, NULL, NULL, NULL, NULL, 1, 'mwamukoya', '2013-02-05 09:02:20', '', '2013-01-25 03:57:33', NULL, NULL, 1, 24, ''),
(23, 186, '2013-01-29', '2013-02-01', 4, NULL, 21, '2013-01-28 08:57:30', 1, 'almonda', '2013-01-28 10:01:22', 1, 'almonda', '2013-01-28 10:01:02', NULL, 1, 'mwamukoya', '2013-01-28 09:01:13', '', '2013-01-28 08:57:30', NULL, NULL, 1, 35, ''),
(14, 187, '2013-01-29', '2013-01-29', 1, NULL, 1, '2013-01-30 03:07:12', 1, 'kseljeflot', '2013-01-30 05:01:27', 1, 'almonda', '2013-01-31 09:01:36', NULL, 1, 'mwamukoya', '2013-01-30 05:01:05', '', '2013-01-30 03:07:12', NULL, NULL, 1, 24, 'I needed to urgently address a family matter'),
(11, 188, '2013-04-18', '2013-04-22', 3, NULL, 21, '2013-01-30 03:28:41', 1, 'kseljeflot', '2013-01-30 05:01:30', 1, 'almonda', '2013-01-31 09:01:59', NULL, 1, 'mwamukoya', '2013-01-30 05:01:15', '', '2013-01-30 03:28:41', NULL, NULL, 1, 24, ''),
(12, 189, '2013-08-04', '2013-08-23', 13, NULL, 5, '2013-02-04 08:14:48', 1, 'elutwama', '2013-02-13 01:02:37', 1, 'almonda', '2013-02-13 09:02:23', NULL, 1, 'mwamukoya', '2013-07-04 04:07:44', '', '2013-02-04 08:14:48', NULL, '2013-02-06 04:32:16', 1, 31, ''),
(12, 190, '2013-02-15', '2013-02-15', 2, NULL, 3, '2013-02-04 08:15:55', 1, 'elutwama', '2013-02-13 01:02:25', 1, 'almonda', '2013-02-13 09:02:09', NULL, 1, 'mwamukoya', '2013-02-05 09:02:06', '', '2013-02-04 08:15:55', NULL, '2013-02-13 12:20:50', 1, 31, ''),
(30, 191, '2013-02-08', '2013-02-11', 2, NULL, 4, '2013-02-06 02:08:15', 1, 'kseljeflot', '2013-02-06 03:02:24', 1, 'almonda', '2013-02-06 05:02:39', NULL, 1, 'mwamukoya', '2013-02-06 02:02:57', '', '2013-02-06 02:08:15', NULL, NULL, 1, 24, ''),
(42, 192, '2013-02-04', '2013-02-05', 2, NULL, 18, '2013-02-06 04:01:58', 1, 'vanessa', '2013-02-11 05:02:54', 1, 'almonda', '2013-02-12 09:02:03', NULL, 1, 'mwamukoya', '2013-02-07 11:02:19', '', '2013-02-06 04:01:58', NULL, NULL, 2, 24, '2 days of sick leave: 04/02/2013 and 05/02/2013.'),
(28, 193, '2013-02-11', '2013-03-04', 11, NULL, 11, '2013-02-07 10:02:45', 0, 'almonda', '2013-02-07 12:02:51', NULL, NULL, NULL, NULL, 1, 'wndegwa', '2013-03-07 03:03:04', '', '2013-02-07 10:02:45', NULL, NULL, 1, 32, ''),
(28, 194, '2013-02-11', '2013-02-25', 11, NULL, 0, '2013-02-07 10:06:25', 1, 'almonda', '2013-02-07 12:02:07', 1, 'almonda', '2013-02-07 12:02:23', NULL, 1, 'mwamukoya', '2013-02-07 11:02:40', '', '2013-02-07 10:06:25', NULL, NULL, 1, 11, ''),
(28, 195, '2013-02-26', '2013-07-04', 90, NULL, 90, '2013-02-07 10:09:45', 0, 'almonda', '2013-02-07 12:02:23', NULL, NULL, NULL, NULL, 1, 'mwamukoya', '2013-02-07 11:02:52', '', '2013-02-07 10:09:45', NULL, NULL, 4, 90, ''),
(24, 196, '2013-02-18', '2013-03-08', 15, NULL, 6, '2013-02-08 12:18:29', 1, 'kseljeflot', '2013-02-08 04:02:45', 1, 'almonda', '2013-02-10 09:02:01', NULL, 1, 'mwamukoya', '2013-02-08 02:02:13', '', '2013-02-08 12:18:29', NULL, NULL, 1, 26, 'Annual leave, days not taken from 2012.'),
(9, 197, '2013-05-07', '2013-05-07', 1, NULL, 5, '2013-02-12 03:01:35', 1, 'kseljeflot', '2013-02-13 07:02:34', 1, 'almonda', '2013-02-13 09:02:56', NULL, 1, 'wndegwa', '2013-02-13 09:02:52', '', '2013-02-12 03:01:35', NULL, NULL, 1, 23, ''),
(9, 198, '2013-03-22', '2013-03-22', 1, NULL, 4, '2013-02-12 03:02:07', 1, 'kseljeflot', '2013-02-13 07:02:44', 1, 'almonda', '2013-02-13 09:02:49', NULL, 1, 'wndegwa', '2013-02-13 09:02:28', '', '2013-02-12 03:02:07', NULL, NULL, 1, 23, ''),
(27, 199, '2013-02-15', '2013-02-18', 2, NULL, 12, '2013-02-13 11:07:54', 1, 'ousainou', '2013-08-30 06:08:10', 1, 'almonda', '2013-08-30 08:08:16', NULL, 1, 'wndegwa', '2013-02-13 11:02:28', '', '2013-02-13 11:07:54', NULL, NULL, 1, 27, ''),
(22, 200, '2013-02-15', '2013-02-15', 1, NULL, 25, '2013-02-13 01:47:33', 1, 'salina', '2013-04-25 09:04:11', 1, 'almonda', '2013-04-25 10:04:30', NULL, 1, 'wndegwa', '2013-02-13 01:02:37', '', '2013-02-13 01:47:33', NULL, NULL, 1, 40, ''),
(44, 201, '2013-02-15', '2013-02-16', 1, NULL, 30, '2013-02-13 05:25:31', 1, 'salina', '2013-07-03 02:07:33', 1, 'almonda', '2013-07-03 03:07:13', NULL, 1, 'wndegwa', '2013-02-14 09:02:28', '', '2013-02-13 05:25:31', NULL, NULL, 1, 31, 'I have 7 days from 2012 that I haven''t used, plus the 24 I''m entitled to in 2013.'),
(9, 202, '2013-03-26', '2013-03-26', 1, NULL, 25, '2013-02-13 08:44:45', 1, 'kseljeflot', '2013-02-14 10:02:37', 1, 'almonda', '2013-02-14 10:02:42', NULL, 1, 'wndegwa', '2013-02-14 09:02:34', '', '2013-02-13 08:44:45', NULL, '2013-02-13 08:45:16', 1, 29, 'only the afternoon'),
(38, 213, '2013-04-02', '2013-04-05', 4, NULL, 3, '2013-03-11 10:50:56', 1, 'elutwama', '2013-03-12 01:03:39', 1, 'almonda', '2013-03-12 02:03:22', NULL, 1, 'wndegwa', '2013-03-11 03:03:05', '', '2013-03-11 10:50:56', NULL, NULL, 1, 13, 'Elijah,\r\nFor your kind approval as discussed'),
(44, 204, '2013-03-13', '2013-02-15', 3, NULL, 27, '2013-02-20 05:00:10', 1, 'salina', '2013-04-25 09:04:33', 1, 'almonda', '2013-04-25 10:04:16', NULL, 1, 'wndegwa', '2013-02-21 11:02:19', '', '2013-02-20 05:00:10', NULL, '2013-04-08 07:29:20', 1, 31, ''),
(14, 205, '2013-02-22', '2013-02-22', 1, NULL, 0, '2013-02-21 11:25:31', 1, 'kseljeflot', '2013-02-21 11:02:35', 1, 'almonda', '2013-02-22 12:02:20', NULL, 1, 'wndegwa', '2013-02-21 11:02:34', '', '2013-02-21 11:25:31', NULL, NULL, 1, 24, 'I have an urgent matter to attend to'),
(21, 206, '2013-02-25', '2013-03-01', 5, NULL, 28, '2013-02-22 12:13:41', 1, 'amsabeni', '2013-02-27 01:02:07', 1, 'almonda', '2013-02-27 01:02:56', NULL, 1, 'wndegwa', '2013-02-22 12:02:06', '', '2013-02-22 12:13:41', NULL, NULL, 1, 36, ''),
(38, 212, '2013-03-25', '2013-03-28', 4, NULL, 3, '2013-03-11 10:49:04', 1, 'elutwama', '2013-03-12 01:03:29', 1, 'almonda', '2013-03-12 02:03:14', NULL, 1, 'wndegwa', '2013-03-11 03:03:00', '', '2013-03-11 10:49:04', NULL, NULL, 1, 10, 'Elijah,\r\nFor your kind approval as discussed'),
(9, 239, '2013-08-05', '2013-08-23', 15, NULL, 6, '2013-04-10 08:56:15', 1, 'kseljeflot', '2013-04-11 12:04:59', 1, 'almonda', '2013-04-11 12:04:41', NULL, 1, 'mwamukoya', '2013-07-04 04:07:01', '', '2013-04-10 08:56:15', NULL, NULL, 1, 29, ''),
(44, 209, '2013-04-03', '2013-04-05', 3, NULL, 24, '2013-02-27 04:01:50', 1, 'salina', '2013-04-25 09:04:53', 1, 'almonda', '2013-04-25 10:04:57', NULL, 1, 'wndegwa', '2013-03-07 03:03:33', '', '2013-02-27 04:01:50', NULL, '2013-04-08 07:29:36', 1, 31, ''),
(9, 237, '2013-05-28', '2013-05-29', 2, NULL, 22, '2013-04-10 08:54:24', 1, 'kseljeflot', '2013-04-11 12:04:14', 1, 'almonda', '2013-04-11 12:04:33', NULL, 1, 'wndegwa', '2013-04-11 11:04:51', '', '2013-04-10 08:54:24', NULL, NULL, 1, 29, ''),
(9, 238, '2013-06-14', '2013-06-14', 1, NULL, 21, '2013-04-10 08:55:11', 1, 'kseljeflot', '2013-04-11 12:04:24', 1, 'almonda', '2013-04-11 12:04:20', NULL, 1, 'wndegwa', '2013-04-11 11:04:25', '', '2013-04-10 08:55:11', NULL, NULL, 1, 29, ''),
(32, 210, '2013-03-05', '2013-03-12', 5, NULL, 6, '2013-02-28 11:03:43', 1, 'ctestud', '2013-02-28 11:02:15', 1, 'almonda', '2013-02-28 12:02:22', NULL, 1, 'wndegwa', '2013-03-07 03:03:21', '', '2013-02-28 11:03:43', NULL, '2013-02-28 11:31:15', 1, 14, ''),
(21, 211, '2013-03-05', '2013-03-05', 1, NULL, 27, '2013-03-06 02:32:40', 1, 'amsabeni', '2013-03-07 07:03:42', 1, 'almonda', '2013-03-07 08:03:43', NULL, 1, 'wndegwa', '2013-03-07 03:03:13', '', '2013-03-06 02:32:40', NULL, NULL, 1, 36, ''),
(23, 217, '2013-03-22', '2013-03-22', 1, NULL, 20, '2013-03-19 10:43:29', 1, 'almonda', '2013-03-19 11:03:02', 1, 'almonda', '2013-03-19 11:03:22', NULL, 1, 'wndegwa', '2013-03-19 11:03:44', '', '2013-03-19 10:43:29', NULL, NULL, 1, 35, '');
INSERT INTO mysqldb.tbl_leaveapplic (empid_fk, id, datefrom, dateto, numdays, leaveaddress, leavebal, dateapplied, approved, approvedby, dateapproved, authorised, authorisedby, dateauthorised, pnumber, confirmed, confirmedby, dateconfirmed, addedby, dateadded, sessid, lastupdated, leavetype, entitlement, comments) VALUES
(31, 219, '2013-03-22', '2013-03-22', 1, NULL, 20, '2013-03-20 05:27:19', 1, 'salina', '2013-03-21 12:03:33', 1, 'almonda', '2013-03-21 12:03:59', NULL, 1, 'wndegwa', '2013-03-21 09:03:16', '', '2013-03-20 05:27:19', NULL, NULL, 1, 25, ''),
(11, 220, '2013-03-28', '2013-03-28', 1, NULL, 20, '2013-03-20 08:12:05', 1, 'kseljeflot', '2013-03-21 10:03:27', 1, 'almonda', '2013-03-21 11:03:12', NULL, 1, 'wndegwa', '2013-03-21 09:03:19', '', '2013-03-20 08:12:05', NULL, NULL, 1, 24, 'rather than one full day, leave request is for half day on the 28th march and another half day on the 5th april'),
(30, 221, '2013-03-22', '2013-03-22', 1, NULL, -11, '2013-03-21 01:34:15', 1, 'kseljeflot', '2013-03-21 02:03:59', 1, 'almonda', '2013-03-21 02:03:00', NULL, 1, 'wndegwa', '2013-03-21 02:03:20', '', '2013-03-21 01:34:15', NULL, NULL, 1, 24, ''),
(20, 222, '2013-03-28', '2013-03-28', 1, NULL, 51, '2013-03-21 02:12:56', 1, 'fmbaye', '2013-03-21 03:03:11', 1, 'almonda', '2013-03-21 04:03:28', NULL, 1, 'wndegwa', '2013-03-21 02:03:20', '', '2013-03-21 02:12:56', NULL, NULL, 1, 52, ''),
(20, 223, '2013-02-05', '2013-04-05', 1, NULL, 50, '2013-03-21 02:14:45', 1, 'fmbaye', '2013-03-21 03:03:43', 1, 'almonda', '2013-03-21 04:03:37', NULL, 1, 'wndegwa', '2013-03-21 02:03:13', '', '2013-03-21 02:14:45', NULL, NULL, 1, 52, ''),
(20, 224, '2013-04-29', '2013-04-29', 1, NULL, 49, '2013-03-21 02:17:59', 1, 'fmbaye', '2013-03-21 03:03:17', 1, 'almonda', '2013-03-21 04:03:42', NULL, 1, 'wndegwa', '2013-03-21 02:03:07', '', '2013-03-21 02:17:59', NULL, NULL, 1, 52, ''),
(22, 225, '2013-03-22', '2013-03-25', 2, NULL, 23, '2013-03-21 04:56:45', 1, 'ousainou', '2013-08-30 06:08:24', 1, 'almonda', '2013-08-30 08:08:37', NULL, 1, 'wndegwa', '2013-03-22 10:03:18', '', '2013-03-21 04:56:45', NULL, NULL, 1, 40, ''),
(47, 226, '2013-03-28', '2013-03-28', 1, NULL, 24, '2013-03-25 04:54:55', 1, 'salina', '2013-05-23 05:05:30', 1, 'almonda', '2013-05-23 08:05:40', NULL, 1, 'wndegwa', '2013-03-26 10:03:46', '', '2013-03-25 04:54:55', NULL, NULL, 1, 25, ''),
(27, 227, '2013-04-02', '2013-04-05', 4, NULL, 12, '2013-03-26 02:26:34', 1, 'ousainou', '2013-08-30 06:08:46', 1, 'almonda', '2013-08-30 08:08:42', NULL, 1, 'wndegwa', '2013-03-26 03:03:56', '', '2013-03-26 02:26:34', NULL, NULL, 1, 27, ''),
(12, 228, '2013-03-28', '2013-03-28', 1, NULL, 2, '2013-03-27 09:38:57', 1, 'elutwama', '2013-03-27 04:03:41', 1, 'almonda', '2013-03-27 04:03:00', NULL, 1, 'wndegwa', '2013-03-27 11:03:57', '', '2013-03-27 09:38:57', NULL, NULL, 1, 31, ''),
(21, 229, '2013-04-02', '2013-04-02', 1, NULL, 26, '2013-03-27 05:05:45', 1, 'Amsabeni', '2013-07-26 06:07:54', 1, 'almonda', '2013-07-26 10:07:13', NULL, 1, 'wndegwa', '2013-03-28 10:03:36', '', '2013-03-27 05:05:45', NULL, NULL, 1, 36, ''),
(17, 230, '2013-04-02', '2013-04-05', 4, NULL, 4, '2013-03-28 12:48:35', 1, 'ousainou', '2013-08-30 06:08:32', 1, 'almonda', '2013-08-30 08:08:27', NULL, 1, 'wndegwa', '2013-03-28 12:03:44', '', '2013-03-28 12:48:35', NULL, NULL, 1, 30, ''),
(8, 231, '2013-03-26', '2013-03-28', 3, NULL, 2, '2013-04-02 03:33:12', 1, 'ousainou', '2013-08-30 06:08:02', 1, 'almonda', '2013-08-30 08:08:06', NULL, 1, 'wndegwa', '2013-04-02 03:04:05', '', '2013-04-02 03:33:12', NULL, NULL, 2, 18, 'Sick leave for child to take care of my son Filip who was admitted in Gertrude''s Children''s Hospital from Tuesday 26 March to Friday 29 March (Good Friday - public holiday).'),
(8, 232, '2013-05-17', '2013-05-17', 1, NULL, 1, '2013-04-02 04:07:14', 1, 'ousainou', '2013-08-30 06:08:13', 1, 'almonda', '2013-08-30 08:08:52', NULL, 1, 'wndegwa', '2013-04-03 12:04:45', '', '2013-04-02 04:07:14', NULL, NULL, 1, 18, 'To celebrate the Norwegian national day with the kids'),
(20, 233, '2013-04-22', '2013-04-26', 5, NULL, 49, '2013-04-03 11:52:25', 1, 'fmbaye', '2013-04-03 02:04:58', 1, 'almonda', '2013-04-03 04:04:31', NULL, 1, 'wndegwa', '2013-04-03 12:04:11', '', '2013-04-03 11:52:25', NULL, NULL, 1, 52, ''),
(8, 234, '2013-04-08', '2013-04-08', 1, NULL, 0, '2013-04-04 01:40:44', 1, 'ousainou', '2013-08-30 06:08:22', 1, 'almonda', '2013-08-30 08:08:27', NULL, 1, 'wndegwa', '2013-04-04 02:04:33', '', '2013-04-04 01:40:44', NULL, NULL, 1, 18, 'Planning trip to Amboseli in conjunction with Tuesday being public holiday'),
(9, 235, '2013-04-26', '2013-04-26', 1, NULL, 24, '2013-04-04 03:24:46', 1, 'kseljeflot', '2013-04-11 11:04:28', 1, 'almonda', '2013-04-11 12:04:12', NULL, 1, 'wndegwa', '2013-04-04 03:04:41', '', '2013-04-04 03:24:46', NULL, NULL, 1, 29, ''),
(32, 236, '2013-04-08', '2013-04-08', 1, NULL, 6, '2013-04-05 03:19:24', 1, 'ctestud', '2013-04-05 04:04:10', 1, 'almonda', '2013-04-05 05:04:13', NULL, 1, 'wndegwa', '2013-04-05 03:04:25', '', '2013-04-05 03:19:24', NULL, NULL, 1, 14, 'Applying for 1 leave day to compensate for working on Good Friday. Applying for flexi leave.'),
(32, 240, '2013-04-18', '2013-04-18', 1, NULL, 2, '2013-04-18 12:18:22', 1, 'ctestud', '2013-04-18 12:04:32', 1, 'almonda', '2013-04-18 01:04:06', NULL, 1, 'wndegwa', '2013-04-18 12:04:27', '', '2013-04-18 12:18:22', NULL, NULL, 2, 14, ''),
(21, 241, '2013-04-19', '2013-04-19', 1, NULL, 25, '2013-04-18 12:33:04', 1, 'Amsabeni', '2013-07-26 06:07:37', 1, 'almonda', '2013-07-26 10:07:05', NULL, 1, 'wndegwa', '2013-04-18 12:04:32', '', '2013-04-18 12:33:04', NULL, NULL, 1, 36, ''),
(20, 242, '2013-05-06', '2013-05-08', 3, NULL, 46, '2013-04-18 12:58:32', 1, 'fmbaye', '2013-04-18 10:04:55', 1, 'almonda', '2013-04-25 10:04:40', NULL, 1, 'wndegwa', '2013-04-18 03:04:56', '', '2013-04-18 12:58:32', NULL, NULL, 1, 52, ''),
(31, 243, '2013-04-22', '2013-04-22', 1, NULL, 20, '2013-04-18 01:13:57', 1, 'salina', '2013-04-18 03:04:54', 1, 'almonda', '2013-04-25 10:04:20', NULL, 1, 'wndegwa', '2013-04-18 03:04:12', '', '2013-04-18 01:13:57', NULL, NULL, 7, 25, 'trying to follow up on my national social security fund'),
(19, 246, '2013-04-26', '2013-04-29', 2, NULL, 3, '2013-04-19 08:16:14', 1, 'Amsabeni', '2013-07-26 06:07:28', 1, 'almonda', '2013-07-26 10:07:56', NULL, 1, 'wndegwa', '2013-04-22 12:04:39', '', '2013-04-19 08:16:14', NULL, NULL, 1, 25, ''),
(44, 247, '2013-04-26', '2013-05-09', 9, NULL, 24, '2013-04-22 02:16:12', 1, 'salina', '2013-07-03 02:07:01', 1, 'almonda', '2013-07-03 03:07:06', NULL, 1, 'wndegwa', '2013-04-25 03:04:41', '', '2013-04-22 02:16:12', NULL, NULL, 2, 31, ''),
(40, 248, '2013-05-02', '2013-05-03', 2, NULL, 0, '2013-04-25 01:36:29', 1, 'sophie', '2013-04-25 03:04:03', 1, 'almonda', '2013-04-25 10:04:04', NULL, 1, 'wndegwa', '2013-04-25 03:04:32', '', '2013-04-25 01:36:29', NULL, NULL, 1, 2, ''),
(23, 249, '2013-05-06', '2013-05-08', 3, NULL, 19, '2013-04-26 04:24:19', 1, 'almonda', '2013-04-26 06:04:02', 1, 'almonda', '2013-04-29 09:04:48', NULL, 1, 'wndegwa', '2013-04-26 05:04:24', '', '2013-04-26 04:24:19', NULL, NULL, 1, 35, ''),
(30, 250, '2013-04-29', '2013-04-29', 1, NULL, -11, '2013-04-26 04:49:52', 1, 'kseljeflot', '2013-04-26 05:04:48', 1, 'almonda', '2013-04-26 06:04:17', NULL, 1, 'wndegwa', '2013-04-26 05:04:54', '', '2013-04-26 04:49:52', NULL, '2013-04-26 04:52:02', 1, 24, 'Pending 2012 annual leave'),
(30, 251, '2013-05-20', '2013-05-20', 1, NULL, -11, '2013-04-26 04:51:46', 1, 'kseljeflot', '2013-04-26 07:04:49', 1, 'almonda', '2013-04-29 09:04:01', NULL, 1, 'wndegwa', '2013-04-26 05:04:33', '', '2013-04-26 04:51:46', NULL, '2013-04-26 05:19:03', 1, 24, 'Pending 2012 leave'),
(30, 252, '2013-05-24', '2013-05-24', 1, NULL, -11, '2013-04-26 04:52:40', 1, 'kseljeflot', '2013-04-26 05:04:36', 1, 'almonda', '2013-04-26 06:04:56', NULL, 1, 'wndegwa', '2013-04-26 05:04:29', '', '2013-04-26 04:52:40', NULL, NULL, 1, 24, 'Pending 2012 Leave'),
(26, 253, '2013-05-02', '2013-05-03', 2, NULL, 22, '2013-04-29 11:50:30', NULL, NULL, NULL, NULL, NULL, NULL, NULL, 1, 'wndegwa', '2013-04-29 12:04:40', '', '2013-04-29 11:50:30', NULL, '2013-04-30 01:09:29', 1, 24, ''),
(43, 254, '2013-05-10', '2013-05-10', 1, NULL, 1, '2013-04-30 01:44:45', 1, 'almonda', '2013-05-04 07:05:26', 1, 'almonda', '2013-05-06 10:05:30', NULL, 1, 'wndegwa', '2013-04-30 02:04:54', '', '2013-04-30 01:44:45', NULL, NULL, 1, 10, ''),
(25, 255, '2013-05-02', '2013-05-07', 4, NULL, 20, '2013-04-30 04:49:59', 1, 'enungari', '2013-05-06 09:05:44', 1, 'almonda', '2013-05-06 10:05:01', NULL, 1, 'wndegwa', '2013-05-02 11:05:46', '', '2013-04-30 04:49:59', NULL, NULL, 6, 24, ''),
(47, 256, '2013-05-13', '2013-05-13', 1, NULL, 23, '2013-05-08 03:57:59', NULL, NULL, NULL, NULL, NULL, NULL, NULL, 1, 'wndegwa', '2013-05-08 04:05:20', '', '2013-05-08 03:57:59', NULL, NULL, 1, 25, ''),
(23, 257, '2013-05-10', '2013-05-10', 1, NULL, 18, '2013-05-09 04:19:17', 1, 'almonda', '2013-05-09 05:05:51', 1, 'almonda', '2013-05-09 05:05:19', NULL, 1, 'wndegwa', '2013-05-09 04:05:06', '', '2013-05-09 04:19:17', NULL, NULL, 1, 35, ''),
(31, 258, '2013-05-16', '2013-05-27', 9, NULL, 20, '2013-05-10 12:55:03', 1, 'salina', '2013-05-13 01:05:44', 1, 'almonda', '2013-05-13 02:05:56', NULL, 1, 'wndegwa', '2013-05-13 01:05:14', '', '2013-05-10 12:55:03', NULL, NULL, 1, 25, ''),
(25, 259, '2013-05-14', '2013-05-14', 1, NULL, 19, '2013-05-13 03:20:52', 1, 'enungari', '2013-05-13 04:05:22', 1, 'almonda', '2013-05-13 11:05:07', NULL, 1, 'wndegwa', '2013-05-13 03:05:18', '', '2013-05-13 03:20:52', NULL, NULL, 6, 24, ''),
(43, 278, '2013-06-20', '2013-06-28', 7, NULL, 1, '2013-06-03 04:15:50', 0, 'almonda', '2013-08-14 09:08:32', NULL, NULL, NULL, NULL, 1, 'wndegwa', '2013-06-05 02:06:23', '', '2013-06-03 04:15:50', NULL, NULL, 1, 10, ''),
(21, 260, '2013-05-07', '2013-05-10', 4, NULL, 25, '2013-05-13 04:07:11', 1, 'Amsabeni', '2013-07-26 06:07:40', 1, 'almonda', '2013-07-26 10:07:45', NULL, 1, 'wndegwa', '2013-05-13 04:05:30', '', '2013-05-13 04:07:11', NULL, NULL, 1, 36, ''),
(21, 506, '2014-04-24', '2014-04-24', 1, NULL, 22, '2014-04-23 03:06:09', 1, 'amsabeni', '2014-05-29 10:05:52', 1, 'almonda', '2014-05-29 11:05:37', NULL, 1, 'mwamukoya', '2014-05-02 10:05:26', '', '2014-04-23 03:06:09', NULL, NULL, 1, 36, ''),
(12, 262, '2013-05-17', '2013-05-17', 1, NULL, 1, '2013-05-15 09:40:45', 1, 'elutwama', '2013-05-17 10:05:05', 1, 'almonda', '2013-05-17 12:05:14', NULL, 1, 'wndegwa', '2013-05-15 12:05:21', '', '2013-05-15 09:40:45', NULL, NULL, 1, 31, ''),
(9, 263, '2013-07-08', '2013-07-12', 5, NULL, 1, '2013-05-16 12:40:13', 1, 'kseljeflot', '2013-05-20 11:05:35', 1, 'almonda', '2013-05-20 12:05:51', NULL, 1, 'wndegwa', '2013-05-17 11:05:44', '', '2013-05-16 12:40:13', NULL, NULL, 1, 29, ''),
(38, 264, '2013-05-20', '2013-05-21', 2, NULL, 1, '2013-05-16 03:12:09', 1, 'elutwama', '2013-05-17 10:05:16', 1, 'almonda', '2013-05-17 12:05:32', NULL, 1, 'wndegwa', '2013-05-16 03:05:31', '', '2013-05-16 03:12:09', NULL, '2013-05-16 03:16:38', 1, 13, 'Elijah, for your kind approval'),
(2, 265, '2013-07-19', '2013-07-29', 7, NULL, 17, '2013-05-16 05:56:30', 1, 'ousainou', '2013-08-30 06:08:34', 1, 'almonda', '2013-08-30 08:08:12', NULL, 1, 'wndegwa', '2013-05-17 11:05:49', '', '2013-05-16 05:56:30', NULL, '2013-05-16 05:57:41', 1, 24, ''),
(17, 593, '2014-08-11', '2014-08-15', 5, NULL, 25, '2014-08-07 02:05:52', 1, 'ousainou', '2014-08-09 11:08:01', 1, 'almonda', '2014-08-09 11:08:56', NULL, 1, 'mwamukoya', '2014-08-07 02:08:38', '', '2014-08-07 02:05:52', NULL, NULL, 1, 30, ''),
(47, 268, '2013-05-27', '2013-05-31', 5, NULL, 18, '2013-05-21 05:24:35', NULL, NULL, NULL, NULL, NULL, NULL, NULL, 1, 'wndegwa', '2013-05-22 11:05:29', '', '2013-05-21 05:24:35', NULL, NULL, 1, 25, ''),
(46, 270, '2013-05-27', '2013-05-27', 1, NULL, 23, '2013-05-23 10:26:56', 1, 'elutwama', '2013-05-24 03:05:25', 1, 'almonda', '2013-05-24 05:05:48', NULL, 1, 'wndegwa', '2013-05-23 03:05:51', '', '2013-05-23 10:26:56', NULL, '2013-05-23 03:04:23', 1, 24, 'Attend a family function'),
(22, 273, '2013-05-31', '2013-05-30', 1, NULL, 22, '2013-05-29 09:56:56', 1, 'ousainou', '2013-08-30 06:08:35', 1, 'almonda', '2013-08-30 08:08:56', NULL, 1, 'wndegwa', '2013-05-29 10:05:26', '', '2013-05-29 09:56:56', NULL, NULL, 1, 40, ''),
(23, 271, '2013-05-31', '2013-05-31', 1, NULL, 17, '2013-05-27 03:08:48', 1, 'almonda', '2013-06-05 03:06:40', 1, 'almonda', '2013-06-05 03:06:30', NULL, 1, 'wndegwa', '2013-05-27 03:05:48', '', '2013-05-27 03:08:48', NULL, NULL, 1, 35, 'I will be having a main orientation for the University at P.C.E.A St. Andrews church; new students will be meeting with the Management.'),
(23, 272, '2013-06-07', '2013-06-07', 1, NULL, 16, '2013-05-27 03:10:35', 1, 'almonda', '2013-06-05 03:06:58', 1, 'almonda', '2013-06-05 03:06:39', NULL, 1, 'wndegwa', '2013-05-27 03:05:53', '', '2013-05-27 03:10:35', NULL, NULL, 1, 35, 'I will be having a meeting at my daughters'' school on selection of subjects for Form 3 together with the teachers and performance progress.'),
(22, 274, '2013-06-17', '2013-06-21', 5, NULL, 22, '2013-05-29 09:58:49', 1, 'ousainou', '2013-08-30 06:08:57', 1, 'almonda', '2013-08-30 08:08:39', NULL, 1, 'wndegwa', '2013-05-29 10:05:30', '', '2013-05-29 09:58:49', NULL, NULL, 1, 40, ''),
(32, 275, '2013-06-03', '2013-06-06', 4, NULL, 2, '2013-05-29 10:09:53', 1, 'ctestud', '2013-05-29 10:05:10', 1, 'almonda', '2013-05-29 08:05:13', NULL, 1, 'wndegwa', '2013-05-29 10:05:34', '', '2013-05-29 10:09:53', NULL, NULL, 1, 14, 'Application for annual leave'),
(44, 277, '2013-08-02', '2013-08-19', 12, NULL, 12, '2013-05-29 06:32:56', NULL, NULL, NULL, NULL, NULL, NULL, NULL, 1, 'wndegwa', '2013-06-05 02:06:39', '', '2013-05-29 06:32:56', NULL, '2013-07-03 02:53:08', 1, 31, ''),
(34, 279, '2013-06-07', '2013-06-10', 2, NULL, 22, '2013-06-04 12:35:20', 1, 'woluoch', '2013-06-05 03:06:10', 1, 'almonda', '2013-06-05 03:06:50', NULL, 1, 'wndegwa', '2013-06-05 02:06:53', '', '2013-06-04 12:35:20', NULL, NULL, 1, 24, ''),
(11, 304, '2013-08-05', '2013-08-05', 1, NULL, 19, '2013-07-31 02:25:22', 1, 'almonda', '2013-07-31 03:07:41', 1, 'almonda', '2013-07-31 03:07:58', NULL, 1, 'mwamukoya', '2013-07-31 02:07:32', '', '2013-07-31 02:25:22', NULL, NULL, 1, 24, ''),
(26, 280, '2013-06-10', '2013-06-13', 4, NULL, 22, '2013-06-06 03:20:28', 1, 'szuriel', '2013-06-07 12:06:21', 1, 'almonda', '2013-06-07 01:06:41', NULL, 1, 'wndegwa', '2013-06-06 03:06:56', '', '2013-06-06 03:20:28', NULL, NULL, 1, 24, 'Part of annual leave'),
(45, 281, '2013-07-16', '2013-07-24', 6, NULL, 21, '2013-06-11 01:04:14', 1, 'hmukoko', '2013-10-15 04:10:42', 1, 'almonda', '2013-10-15 04:10:14', NULL, 1, 'wndegwa', '2013-06-12 03:06:35', '', '2013-06-11 01:04:14', NULL, NULL, 1, 22, 'Attend a younger sibling graduation at Leicester, United Kingdom'),
(14, 282, '2013-06-13', '2013-06-13', 1, NULL, 23, '2013-06-12 01:10:04', 1, 'kseljeflot', '2013-06-12 04:06:53', 1, 'almonda', '2013-06-12 04:06:01', NULL, 1, 'wndegwa', '2013-06-12 03:06:07', '', '2013-06-12 01:10:04', NULL, NULL, 1, 24, 'I wish to celebrate my birthday with family'),
(14, 283, '2013-06-17', '2013-06-18', 2, NULL, 21, '2013-06-12 01:13:28', 1, 'kseljeflot', '2013-06-12 04:06:34', 1, 'almonda', '2013-06-12 04:06:15', NULL, 1, 'wndegwa', '2013-06-12 03:06:15', '', '2013-06-12 01:13:28', NULL, NULL, 1, 24, 'I need some rest time'),
(20, 284, '2013-07-05', '2013-07-05', 1, NULL, 45, '2013-06-26 12:35:28', 1, 'fmbaye', '2013-06-28 05:06:09', 1, 'almonda', '2013-07-03 03:07:55', NULL, 1, 'wndegwa', '2013-06-26 12:06:28', '', '2013-06-26 12:35:28', NULL, '2013-07-01 02:40:32', 1, 52, ''),
(44, 286, '2013-07-08', '2013-07-09', 2, NULL, 10, '2013-06-26 05:11:05', 1, 'salina', '2013-07-03 02:07:18', 1, 'almonda', '2013-07-03 03:07:44', NULL, 1, 'wndegwa', '2013-06-28 03:06:29', '', '2013-06-26 05:11:05', NULL, NULL, 1, 31, ''),
(26, 287, '2013-07-14', '2013-07-19', 5, NULL, 22, '2013-07-03 01:38:01', 1, 'szuriel', '2013-07-10 11:07:47', 1, 'almonda', '2013-07-10 12:07:15', NULL, 1, 'wndegwa', '2013-07-03 02:07:45', '', '2013-07-03 01:38:01', NULL, NULL, 1, 24, 'Part of annual leave'),
(14, 288, '2013-07-05', '2013-07-05', 1, NULL, 20, '2013-07-04 04:11:21', 1, 'kseljeflot', '2013-07-04 04:07:11', 1, 'almonda', '2013-07-04 05:07:50', NULL, 1, 'mwamukoya', '2013-07-04 04:07:09', '', '2013-07-04 04:11:21', NULL, NULL, 1, 24, 'I need to attend two of my children''s school functions - a  Riara Primary school sports day (10a.m. - 1p.m.) and a parents-teacher''s-students meeting at Consolata Primary school tomorrow afternoon.'),
(35, 289, '2013-07-08', '2013-07-08', 1, NULL, 19, '2013-07-05 12:26:33', NULL, NULL, NULL, NULL, NULL, NULL, NULL, 1, 'mwamukoya', '2013-07-05 12:07:51', '', '2013-07-05 12:26:33', NULL, '2013-07-05 12:27:01', 1, 24, ''),
(32, 291, '2013-07-18', '2013-07-31', 10, NULL, 0, '2013-07-11 10:19:08', 1, 'ctestud', '2013-07-11 11:07:49', 1, 'almonda', '2013-07-11 11:07:32', NULL, 1, 'mwamukoya', '2013-07-11 11:07:49', '', '2013-07-11 10:19:08', NULL, NULL, 1, 14, 'Application for leave days 2013'),
(25, 298, '2013-08-12', '2013-08-16', 5, NULL, 19, '2013-07-25 02:52:40', 1, 'enungari', '2013-07-25 03:07:09', 1, 'almonda', '2013-07-26 02:07:14', NULL, 1, 'mwamukoya', '2013-07-25 02:07:27', '', '2013-07-25 02:52:40', NULL, NULL, 1, 24, ''),
(12, 292, '2013-08-01', '2013-08-01', 1, NULL, 0, '2013-07-11 01:23:47', 1, 'elutwama', '2013-08-22 05:08:31', 1, 'almonda', '2013-08-22 05:08:03', NULL, 1, 'mwamukoya', '2013-07-11 02:07:52', '', '2013-07-11 01:23:47', NULL, NULL, 1, 31, 'To attend my daughter''s graduation'),
(14, 293, '2013-07-23', '2013-08-02', 9, NULL, 20, '2013-07-11 01:37:01', 1, 'kseljeflot', '2013-07-11 03:07:07', 1, 'almonda', '2013-07-11 04:07:52', NULL, 1, 'mwamukoya', '2013-07-11 02:07:40', '', '2013-07-11 01:37:01', NULL, NULL, 1, 24, 'I''d like to take some time to rest and spend time with my family'),
(37, 294, '2013-08-05', '2013-08-28', 18, NULL, 6, '2013-07-19 12:00:39', 1, 'salina', '2013-07-19 02:07:27', 1, 'almonda', '2013-07-19 02:07:39', NULL, 1, 'mwamukoya', '2013-07-19 12:07:28', '', '2013-07-19 12:00:39', NULL, NULL, 1, 16, ''),
(20, 295, '2013-08-05', '2013-08-09', 5, NULL, 40, '2013-07-19 04:17:08', NULL, NULL, NULL, NULL, NULL, NULL, NULL, 1, 'mwamukoya', '2013-07-19 04:07:29', '', '2013-07-19 04:17:08', NULL, '2013-07-30 03:31:23', 1, 52, ''),
(31, 296, '2013-07-26', '2013-07-29', 2, NULL, 18, '2013-07-24 06:13:37', 1, 'salina', '2013-07-25 09:07:46', 1, 'almonda', '2013-07-25 10:07:27', NULL, 1, 'mwamukoya', '2013-07-25 09:07:15', '', '2013-07-24 06:13:37', NULL, NULL, 7, 25, ''),
(40, 297, '2013-08-16', '2013-08-26', 7, NULL, 12, '2013-07-25 02:46:27', 1, 'sophie', '2013-07-26 12:07:44', 1, 'almonda', '2013-07-26 12:07:43', NULL, 1, 'mwamukoya', '2013-07-25 02:07:11', '', '2013-07-25 02:46:27', NULL, NULL, 1, 19, ''),
(17, 302, '2013-08-12', '2013-08-30', 15, NULL, -11, '2013-07-29 10:20:00', 1, 'ousainou', '2013-08-30 06:08:47', 1, 'almonda', '2013-08-30 08:08:30', NULL, 1, 'mwamukoya', '2013-07-29 10:07:53', '', '2013-07-29 10:20:00', NULL, NULL, 1, 30, ''),
(20, 303, '2013-09-02', '2013-09-04', 3, NULL, 37, '2013-07-30 03:33:12', NULL, NULL, NULL, NULL, NULL, NULL, NULL, 1, 'mwamukoya', '2013-07-30 03:07:02', '', '2013-07-30 03:33:12', NULL, NULL, 1, 52, ''),
(27, 305, '2013-08-05', '2013-08-09', 5, NULL, 12, '2013-07-31 03:58:52', 1, 'ousainou', '2013-08-30 06:08:12', 1, 'almonda', '2013-08-30 08:08:12', NULL, 1, 'mwamukoya', '2013-07-31 04:07:19', '', '2013-07-31 03:58:52', NULL, NULL, 1, 27, ''),
(38, 307, '2013-08-12', '2013-12-13', 90, NULL, 90, '2013-08-02 10:40:48', 1, 'elutwama', '2013-08-22 05:08:51', 1, 'almonda', '2013-08-22 05:08:58', NULL, 1, 'mwamukoya', '2013-08-02 11:08:43', '', '2013-08-02 10:40:48', NULL, NULL, 4, 90, ''),
(38, 308, '2013-12-16', '2013-12-20', 5, NULL, 16, '2013-08-02 10:43:48', 1, 'elutwama', '2013-08-22 05:08:02', 1, 'almonda', '2013-08-22 05:08:52', NULL, 1, 'mwamukoya', '2013-08-02 11:08:50', '', '2013-08-02 10:43:48', NULL, '2013-08-02 11:09:30', 1, 21, ''),
(38, 309, '2014-01-06', '2014-01-24', 15, NULL, 1, '2013-08-02 10:53:10', 1, 'elutwama', '2013-08-22 05:08:09', 1, 'almonda', '2013-08-22 05:08:45', NULL, 1, 'mwamukoya', '2013-08-02 11:08:02', '', '2013-08-02 10:53:10', NULL, '2013-08-02 11:10:09', 1, 16, ''),
(23, 310, '2013-08-06', '2013-08-06', 1, NULL, 15, '2013-08-02 12:16:04', 1, 'almonda', '2013-08-02 04:08:06', 1, 'almonda', '2013-08-02 04:08:10', NULL, 1, 'mwamukoya', '2013-08-02 02:08:43', '', '2013-08-02 12:16:04', NULL, NULL, 1, 35, ''),
(23, 311, '2013-08-08', '2013-08-08', 1, NULL, 14, '2013-08-02 12:16:54', 1, 'almonda', '2013-08-02 04:08:25', 1, 'almonda', '2013-08-02 04:08:23', NULL, 1, 'mwamukoya', '2013-08-02 02:08:53', '', '2013-08-02 12:16:54', NULL, NULL, 1, 35, ''),
(23, 312, '2013-08-12', '2013-08-15', 4, NULL, 14, '2013-08-02 12:19:41', 1, 'almonda', '2013-08-02 04:08:42', 1, 'almonda', '2013-08-02 04:08:31', NULL, 1, 'mwamukoya', '2013-08-02 02:08:01', '', '2013-08-02 12:19:41', NULL, NULL, 1, 35, ''),
(21, 313, '2013-08-05', '2013-08-09', 5, NULL, 23, '2013-08-02 03:29:28', 1, 'amsabeni', '2013-11-21 07:11:07', 1, 'almonda', '2013-11-21 09:11:53', NULL, 1, 'mwamukoya', '2013-08-02 04:08:45', '', '2013-08-02 03:29:28', NULL, NULL, 1, 36, ''),
(31, 314, '2013-08-28', '2013-09-10', 10, NULL, 10, '2013-08-07 03:26:43', 1, 'salina', '2013-08-07 04:08:30', 1, 'almonda', '2013-08-08 10:08:34', NULL, 1, 'mwamukoya', '2013-08-07 03:08:35', '', '2013-08-07 03:26:43', NULL, NULL, 7, 25, ''),
(26, 315, '2013-08-26', '2013-08-27', 2, NULL, 20, '2013-08-14 11:26:29', 1, 'szuriel', '2013-08-14 03:08:17', 1, 'almonda', '2013-08-14 03:08:30', NULL, 1, 'mwamukoya', '2013-08-14 11:08:32', '', '2013-08-14 11:26:29', NULL, NULL, 1, 24, 'annual leave'),
(11, 316, '2013-09-12', '2013-09-13', 2, NULL, 17, '2013-08-19 11:46:55', 1, 'kseljeflot', '2013-08-19 12:08:23', 1, 'almonda', '2013-08-19 02:08:57', NULL, 1, 'mwamukoya', '2013-08-19 12:08:55', '', '2013-08-19 11:46:55', NULL, NULL, 1, 24, ''),
(30, 320, '2013-08-16', '2013-08-16', 1, NULL, 14, '2013-08-19 05:48:54', 1, 'kseljeflot', '2013-08-20 10:08:17', 1, 'almonda', '2013-08-20 11:08:42', NULL, 1, 'mwamukoya', '2013-08-20 09:08:04', '', '2013-08-19 05:48:54', NULL, NULL, 9, 15, ''),
(22, 321, '2013-08-23', '2013-08-25', 2, NULL, 20, '2013-08-22 05:11:54', 1, 'ousainou', '2013-08-30 06:08:21', 1, 'almonda', '2013-08-30 08:08:57', NULL, 1, 'mwamukoya', '2013-08-26 09:08:56', '', '2013-08-22 05:11:54', NULL, NULL, 1, 40, ''),
(28, 324, '2013-09-02', '2013-09-02', 1, NULL, 23, '2013-08-29 09:16:07', 1, 'almonda', '2013-08-29 09:08:08', 1, 'almonda', '2013-08-30 08:08:33', NULL, 1, 'mwamukoya', '2013-08-29 09:08:47', '', '2013-08-29 09:16:07', NULL, NULL, 1, 24, ''),
(34, 323, '2013-09-02', '2013-09-06', 5, NULL, 17, '2013-08-28 04:41:52', 1, 'woluoch', '2013-08-29 09:08:35', 1, 'almonda', '2013-08-30 08:08:18', NULL, 1, 'mwamukoya', '2013-08-29 09:08:59', '', '2013-08-28 04:41:52', NULL, NULL, 1, 24, ''),
(28, 325, '2013-08-30', '2013-08-30', 1, NULL, 23, '2013-09-03 10:59:25', 1, 'almonda', '2013-09-03 11:09:18', 1, 'almonda', '2013-09-03 11:09:21', NULL, 1, 'mwamukoya', '2013-09-03 11:09:09', '', '2013-09-03 10:59:25', NULL, NULL, 9, 24, ''),
(46, 489, '2014-03-31', '2014-03-31', 1, NULL, 17, '2014-03-28 11:33:11', 1, 'hmukoko', '2014-05-23 09:05:40', 1, 'almonda', '2014-05-23 09:05:41', NULL, 1, 'mwamukoya', '2014-03-31 08:03:36', '', '2014-03-28 11:33:11', NULL, NULL, 1, 24, 'Annual leave'),
(46, 326, '2013-09-06', '2013-09-09', 2, NULL, 20, '2013-09-03 11:04:31', 1, 'hmukoko', '2013-09-03 11:09:52', 1, 'almonda', '2013-09-03 12:09:51', NULL, 1, 'mwamukoya', '2013-09-03 11:09:17', '', '2013-09-03 11:04:31', NULL, NULL, 1, 24, 'Join family in organizing and attending my auntie''s funeral'),
(11, 327, '2013-11-08', '2013-11-11', 2, NULL, 15, '2013-09-03 12:23:39', 1, 'kseljeflot', '2013-09-03 01:09:36', 1, 'almonda', '2013-09-03 01:09:02', NULL, 1, 'mwamukoya', '2013-09-03 01:09:07', '', '2013-09-03 12:23:39', NULL, NULL, 1, 24, ''),
(23, 328, '2013-09-06', '2013-09-06', 1, NULL, 13, '2013-09-03 03:34:31', 1, 'almonda', '2013-09-03 05:09:56', 1, 'almonda', '2013-09-03 09:09:33', NULL, 1, 'mwamukoya', '2013-09-03 04:09:11', '', '2013-09-03 03:34:31', NULL, NULL, 1, 35, ''),
(14, 329, '2013-09-13', '2013-09-13', 1, NULL, 19, '2013-09-09 12:05:36', 1, 'kseljeflot', '2013-09-09 12:09:19', 1, 'almonda', '2013-09-09 12:09:08', NULL, 1, 'mwamukoya', '2013-09-09 12:09:10', '', '2013-09-09 12:05:36', NULL, NULL, 1, 24, 'I have a personal matter that needs my attention'),
(47, 330, '2013-09-15', '2013-09-27', 10, NULL, 8, '2013-09-10 04:50:35', 1, 'salina', '2013-09-12 11:09:58', 1, 'almonda', '2013-09-12 11:09:23', NULL, 1, 'mwamukoya', '2013-09-11 10:09:57', '', '2013-09-10 04:50:35', NULL, NULL, 1, 25, ''),
(45, 331, '2013-09-23', '2013-10-01', 7, NULL, 21, '2013-09-11 10:58:02', 1, 'elutwama', '2013-10-10 04:10:33', 1, 'almonda', '2013-10-10 05:10:27', NULL, 1, 'mwamukoya', '2013-09-11 11:09:08', '', '2013-09-11 10:58:02', NULL, NULL, 1, 22, ''),
(12, 332, '2013-09-17', '2013-09-17', 1, NULL, 11, '2013-09-11 04:20:49', 1, 'elutwama', '2013-09-17 01:09:32', 1, 'almonda', '2013-09-17 10:09:40', NULL, 1, 'mwamukoya', '2013-09-13 10:09:37', '', '2013-09-11 04:20:49', NULL, NULL, 1, 31, 'To attend a funeral'),
(28, 333, '2013-09-25', '2013-09-25', 1, NULL, 22, '2013-09-13 11:35:39', 1, 'almonda', '2013-09-13 12:09:12', 1, 'almonda', '2013-09-17 10:09:58', NULL, 1, 'mwamukoya', '2013-09-13 11:09:11', '', '2013-09-13 11:35:39', NULL, NULL, 1, 24, ''),
(46, 334, '2013-10-01', '2013-10-03', 3, NULL, 20, '2013-09-17 11:16:32', 1, 'elutwama', '2013-10-10 04:10:24', 1, 'almonda', '2013-10-10 05:10:36', NULL, 1, 'mwamukoya', '2013-09-17 11:09:57', '', '2013-09-17 11:16:32', NULL, NULL, 1, 24, 'Exams'),
(46, 335, '2013-10-08', '2013-09-08', 1, NULL, 19, '2013-09-17 11:18:38', 1, 'elutwama', '2013-10-10 04:10:15', 1, 'almonda', '2013-10-10 05:10:44', NULL, 1, 'mwamukoya', '2013-09-17 11:09:03', '', '2013-09-17 11:18:38', NULL, NULL, 1, 24, 'Exams'),
(46, 336, '2013-10-11', '2013-10-16', 4, NULL, 19, '2013-09-17 11:20:02', 1, 'elutwama', '2013-10-10 04:10:55', 1, 'almonda', '2013-10-10 05:10:56', NULL, 1, 'mwamukoya', '2013-09-17 11:09:08', '', '2013-09-17 11:20:02', NULL, NULL, 1, 24, 'exams'),
(35, 337, '2013-09-18', '2013-09-20', 3, NULL, 18, '2013-09-17 01:01:58', NULL, NULL, NULL, NULL, NULL, NULL, NULL, 1, 'mwamukoya', '2013-09-17 01:09:45', '', '2013-09-17 01:01:58', NULL, NULL, 1, 24, ''),
(50, 338, '2013-10-18', '2013-10-25', 6, NULL, 6, '2013-09-18 04:23:35', 1, 'vanessa', '2013-09-27 01:09:38', 1, 'almonda', '2013-10-10 05:10:26', NULL, 1, 'mwamukoya', '2013-09-19 10:09:25', '', '2013-09-18 04:23:35', NULL, NULL, 1, 12, 'Holidays'),
(40, 339, '2013-10-17', '2013-10-18', 2, NULL, 10, '2013-10-07 10:52:56', 1, 'sophie', '2013-10-11 12:10:49', 1, 'almonda', '2013-10-11 12:10:53', NULL, 1, 'mwamukoya', '2013-10-07 11:10:59', '', '2013-10-07 10:52:56', NULL, '2013-10-07 10:53:18', 1, 24, ''),
(49, 340, '2013-10-11', '2013-10-11', 1, NULL, 11, '2013-10-10 08:04:32', 1, 'elutwama', '2013-10-10 04:10:29', 1, 'almonda', '2013-10-10 05:10:36', NULL, 1, 'mwamukoya', '2013-10-10 10:10:34', '', '2013-10-10 08:04:32', NULL, NULL, 1, 12, 'Needed to attend an immediate meeting upcountry over the weekend and will be back by Monday.'),
(30, 341, '2013-11-04', '2013-11-08', 5, NULL, 14, '2013-10-15 10:10:11', 1, 'kseljeflot', '2013-10-18 01:10:49', 1, 'almonda', '2013-10-18 03:10:06', NULL, 1, 'mwamukoya', '2013-10-18 10:10:58', '', '2013-10-15 10:10:11', NULL, NULL, 1, 15, ''),
(14, 342, '2013-10-17', '2013-10-17', 1, NULL, 18, '2013-10-15 12:27:14', 1, 'kseljeflot', '2013-10-18 01:10:11', 1, 'almonda', '2013-10-18 03:10:24', NULL, 1, 'mwamukoya', '2013-10-18 10:10:04', '', '2013-10-15 12:27:14', NULL, NULL, 1, 24, 'My eldest son - Nigel - turns 18 years on Thursday and I''d like to prepare a special birthday celebration for him and family.'),
(12, 343, '2013-10-18', '2013-10-18', 1, NULL, 10, '2013-10-15 04:33:53', 1, 'elutwama', '2013-10-18 11:10:53', 1, 'almonda', '2013-10-18 12:10:55', NULL, 1, 'mwamukoya', '2013-10-18 10:10:09', '', '2013-10-15 04:33:53', NULL, NULL, 1, 31, ''),
(20, 344, '2013-10-21', '2013-10-22', 2, NULL, 35, '2013-10-18 04:39:26', 1, 'fmbaye', '2013-10-18 05:10:08', 1, 'almonda', '2013-10-21 02:10:51', NULL, 1, 'mwamukoya', '2013-10-18 04:10:39', '', '2013-10-18 04:39:26', NULL, NULL, 1, 52, ''),
(23, 345, '2013-10-25', '2013-10-25', 1, NULL, 12, '2013-10-24 08:30:04', 1, 'almonda', '2013-10-24 03:10:44', 1, 'almonda', '2013-10-24 04:10:11', NULL, 1, 'mwamukoya', '2013-10-24 09:10:33', '', '2013-10-24 08:30:04', NULL, NULL, 1, 35, ''),
(26, 346, '2013-11-07', '2013-11-08', 2, NULL, 18, '2013-11-01 08:56:24', 1, 'szuriel', '2013-11-04 12:11:47', 1, 'almonda', '2013-11-04 12:11:03', NULL, 1, 'mwamukoya', '2013-11-01 10:11:24', '', '2013-11-01 08:56:24', NULL, NULL, 1, 24, 'No comment'),
(25, 347, '2013-12-16', '2013-12-20', 5, NULL, 14, '2013-11-05 03:32:08', 1, 'enungari', '2014-01-27 01:01:41', 1, 'almonda', '2014-01-27 02:01:43', NULL, 1, 'mwamukoya', '2013-11-05 03:11:48', '', '2013-11-05 03:32:08', NULL, '2013-11-06 03:48:09', 1, 24, 'part of annual Leave days'),
(28, 348, '2013-11-07', '2013-11-10', 3, NULL, 19, '2013-11-05 03:54:17', 1, 'almonda', '2013-11-05 04:11:42', 1, 'almonda', '2013-11-05 04:11:03', NULL, 1, 'mwamukoya', '2013-11-05 03:11:55', '', '2013-11-05 03:54:17', NULL, NULL, 1, 22, ''),
(20, 349, '2013-11-12', '2013-11-14', 3, NULL, 32, '2013-11-06 11:39:50', NULL, NULL, NULL, NULL, NULL, NULL, NULL, 1, 'mwamukoya', '2013-11-06 01:11:29', '', '2013-11-06 11:39:50', NULL, NULL, 1, 52, ''),
(20, 350, '2013-11-20', '2013-11-22', 3, NULL, 29, '2013-11-06 11:42:03', 1, 'fmbaye', '2014-05-29 09:05:52', 1, 'almonda', '2014-05-29 11:05:52', NULL, 1, 'mwamukoya', '2013-11-06 01:11:35', '', '2013-11-06 11:42:03', NULL, NULL, 1, 52, ''),
(14, 351, '2013-11-12', '2013-11-12', 1, NULL, 17, '2013-11-11 10:50:30', 1, 'kseljeflot', '2013-11-19 02:11:51', 1, 'almonda', '2013-11-19 03:11:25', NULL, 1, 'mwamukoya', '2013-11-15 02:11:09', '', '2013-11-11 10:50:30', NULL, NULL, 1, 24, 'I have a personal matter I need to attend to'),
(28, 352, '2013-11-27', '2013-11-27', 1, NULL, 18, '2013-11-15 02:37:50', 1, 'almonda', '2013-11-15 03:11:49', 1, 'almonda', '2013-11-15 04:11:03', NULL, 1, 'mwamukoya', '2013-11-15 02:11:15', '', '2013-11-15 02:37:50', NULL, NULL, 1, 22, ''),
(45, 353, '2013-11-21', '2013-11-21', 1, NULL, 20, '2013-11-18 12:46:36', 1, 'hmukoko', '2013-12-02 12:12:29', 1, 'almonda', '2013-12-02 01:12:25', NULL, 1, 'mwamukoya', '2013-11-18 03:11:42', '', '2013-11-18 12:46:36', NULL, NULL, 1, 22, 'I will be sitting for exams and would wish to be excused for the day'),
(23, 354, '2013-12-02', '2013-12-02', 1, NULL, 4, '2013-11-18 03:32:11', 1, 'almonda', '2013-11-19 03:11:32', 1, 'almonda', '2013-11-19 03:11:33', NULL, 1, 'mwamukoya', '2013-11-18 03:11:53', '', '2013-11-18 03:32:11', NULL, NULL, 6, 5, 'For end of Semester Exams '),
(23, 355, '2013-12-04', '2013-12-06', 3, NULL, 1, '2013-11-18 03:32:42', 1, 'almonda', '2013-11-19 03:11:44', 1, 'almonda', '2013-11-19 03:11:49', NULL, 1, 'mwamukoya', '2013-11-18 03:11:00', '', '2013-11-18 03:32:42', NULL, NULL, 6, 5, ''),
(23, 356, '2013-12-10', '2013-12-10', 1, NULL, 0, '2013-11-18 03:33:09', 1, 'almonda', '2013-11-19 03:11:56', 1, 'almonda', '2013-11-19 03:11:41', NULL, 1, 'mwamukoya', '2013-11-18 03:11:09', '', '2013-11-18 03:33:09', NULL, NULL, 6, 5, ''),
(8, 357, '2013-12-02', '2013-12-03', 2, NULL, 16, '2013-11-19 03:24:35', 1, 'ousainou', '2014-06-15 01:06:43', 1, 'almonda', '2014-06-15 06:06:21', NULL, 1, 'mwamukoya', '2013-11-19 03:11:59', '', '2013-11-19 03:24:35', NULL, NULL, 1, 18, ''),
(8, 358, '2013-12-05', '2013-12-06', 2, NULL, 14, '2013-11-19 03:49:05', 1, 'ousainou', '2014-06-15 01:06:59', 1, 'almonda', '2014-06-15 06:06:34', NULL, 1, 'mwamukoya', '2013-11-20 04:11:12', '', '2013-11-19 03:49:05', NULL, '2013-11-20 03:23:55', 1, 18, ''),
(40, 359, '2013-12-09', '2014-01-06', 10, NULL, 1, '2013-11-20 04:14:19', 1, 'sophie', '2013-11-21 09:11:49', 1, 'almonda', '2013-11-22 10:11:53', NULL, 1, 'mwamukoya', '2013-11-20 04:11:19', '', '2013-11-20 04:14:19', NULL, '2013-11-20 04:15:36', 1, 11, ''),
(46, 360, '2013-12-09', '2013-12-10', 2, NULL, 19, '2013-11-22 05:10:59', 1, 'hmukoko', '2013-11-29 11:11:20', 1, 'almonda', '2013-11-29 12:11:41', NULL, 1, 'mwamukoya', '2013-11-29 10:11:32', '', '2013-11-22 05:10:59', NULL, NULL, 1, 24, 'Annual leave'),
(2, 361, '2013-12-09', '2013-12-11', 3, NULL, 17, '2013-11-29 12:16:22', 1, 'ousainou', '2014-06-15 01:06:12', 1, 'almonda', '2014-06-15 06:06:46', NULL, 1, 'mwamukoya', '2013-11-29 04:11:31', '', '2013-11-29 12:16:22', NULL, NULL, 1, 24, ''),
(2, 362, '2013-12-13', '2013-12-23', 7, NULL, 17, '2013-11-29 12:17:51', 1, 'ousainou', '2014-06-15 01:06:23', 1, 'almonda', '2014-06-15 06:06:57', NULL, 1, 'mwamukoya', '2013-11-29 04:11:37', '', '2013-11-29 12:17:51', NULL, NULL, 1, 24, ''),
(2, 363, '2014-01-06', '2014-01-06', 1, NULL, 16, '2013-11-29 12:18:55', 1, 'ousainou', '2014-06-15 01:06:35', 1, 'almonda', '2014-06-15 06:06:10', NULL, 1, 'mwamukoya', '2013-11-29 04:11:44', '', '2013-11-29 12:18:55', NULL, NULL, 1, 24, ''),
(47, 364, '2013-12-16', '2013-11-20', 5, NULL, 3, '2013-11-29 11:26:59', 1, 'salina', '2013-12-05 12:12:28', 1, 'almonda', '2013-12-05 10:12:36', NULL, 1, 'mwamukoya', '2013-12-06 02:12:33', '', '2013-11-29 11:26:59', NULL, NULL, 1, 25, ''),
(12, 365, '2013-12-16', '2013-12-16', 1, NULL, 9, '2013-12-02 12:10:23', 1, 'elutwama', '2013-12-20 04:12:45', 1, 'almonda', '2013-12-24 02:12:44', NULL, 1, 'mwamukoya', '2013-12-02 03:12:07', '', '2013-12-02 12:10:23', NULL, NULL, 1, 31, 'To attend a memorial service.'),
(27, 366, '2013-10-22', '2013-10-23', 2, NULL, 12, '2013-12-02 05:28:08', 1, 'ousainou', '2014-06-15 01:06:56', 1, 'almonda', '2014-06-15 06:06:20', NULL, 1, 'mwamukoya', '2013-12-03 09:12:43', '', '2013-12-02 05:28:08', NULL, NULL, 1, 27, ''),
(27, 367, '2013-12-17', '2014-01-15', 13, NULL, 12, '2013-12-02 05:30:11', 1, 'ousainou', '2014-06-15 01:06:20', 1, 'almonda', '2014-06-15 06:06:30', NULL, 1, 'mwamukoya', '2013-12-03 09:12:15', '', '2013-12-02 05:30:11', NULL, NULL, 1, 27, ''),
(41, 368, '2013-12-16', '2013-12-20', 5, NULL, 20, '2013-12-03 04:40:49', 1, 'salina', '2013-12-05 12:12:20', 1, 'almonda', '2013-12-05 10:12:49', NULL, 1, 'mwamukoya', '2013-12-04 10:12:15', '', '2013-12-03 04:40:49', NULL, NULL, 1, 25, ''),
(41, 369, '2014-01-06', '2014-01-10', 5, NULL, 15, '2013-12-03 04:41:29', 1, 'salina', '2013-12-05 12:12:42', 1, 'almonda', '2013-12-05 10:12:05', NULL, 1, 'mwamukoya', '2013-12-04 10:12:22', '', '2013-12-03 04:41:29', NULL, NULL, 1, 25, ''),
(20, 370, '2013-12-11', '2013-12-18', 5, NULL, 29, '2013-12-04 10:00:27', 1, 'fmbaye', '2013-12-04 10:12:32', 1, 'almonda', '2013-12-04 12:12:18', NULL, 1, 'mwamukoya', '2013-12-04 10:12:47', '', '2013-12-04 10:00:27', NULL, NULL, 1, 52, ''),
(14, 371, '2013-11-29', '2013-12-03', 3, NULL, 17, '2013-12-04 12:01:51', 1, 'kseljeflot', '2013-12-04 04:12:42', 1, 'almonda', '2013-12-04 05:12:25', NULL, 1, 'mwamukoya', '2013-12-04 02:12:46', '', '2013-12-04 12:01:51', NULL, '2013-12-04 12:02:22', 2, 24, 'Recuperating from severe stomach infection and dehydration'),
(51, 372, '2013-12-09', '2013-12-09', 1, NULL, 7, '2013-12-04 01:31:35', 1, 'enungari', '2013-12-05 05:12:50', 1, 'almonda', '2013-12-05 10:12:14', NULL, 1, 'mwamukoya', '2013-12-04 02:12:56', '', '2013-12-04 01:31:35', NULL, NULL, 1, 8, ''),
(45, 374, '2013-12-16', '2013-12-17', 2, NULL, 18, '2013-12-05 12:03:09', 1, 'elutwama', '2013-12-20 04:12:30', 1, 'almonda', '2013-12-24 02:12:19', NULL, 1, 'mwamukoya', '2013-12-05 02:12:31', '', '2013-12-05 12:03:09', NULL, NULL, 1, 22, 'Registrations  issues'),
(26, 375, '2013-12-10', '2013-12-11', 2, NULL, 18, '2013-12-05 12:17:07', 1, 'szuriel', '2013-12-05 10:12:42', 1, 'almonda', '2013-12-06 01:12:34', NULL, 1, 'mwamukoya', '2013-12-05 02:12:41', '', '2013-12-05 12:17:07', NULL, '2013-12-05 12:17:59', 1, 24, 'annual leave'),
(26, 376, '2013-12-20', '2013-12-20', 1, NULL, 17, '2013-12-05 12:18:59', 1, 'szuriel', '2013-12-05 10:12:56', 1, 'almonda', '2013-12-06 01:12:45', NULL, 1, 'mwamukoya', '2013-12-05 02:12:51', '', '2013-12-05 12:18:59', NULL, NULL, 1, 24, 'annual leave'),
(26, 377, '2014-01-06', '2014-01-10', 5, NULL, 17, '2013-12-05 12:20:12', 1, 'szuriel', '2013-12-05 10:12:12', 1, 'almonda', '2013-12-06 01:12:04', NULL, 1, 'mwamukoya', '2013-12-05 02:12:57', '', '2013-12-05 12:20:12', NULL, NULL, 1, 24, 'annual leave'),
(12, 378, '2013-12-19', '2013-12-20', 2, NULL, 7, '2013-12-06 09:47:13', 1, 'elutwama', '2013-12-20 04:12:45', 1, 'almonda', '2013-12-24 02:12:12', NULL, 1, 'mwamukoya', '2013-12-06 02:12:39', '', '2013-12-06 09:47:13', NULL, NULL, 1, 31, ''),
(12, 379, '2013-12-23', '2013-12-23', 1, NULL, 6, '2013-12-06 09:47:39', 1, 'elutwama', '2013-12-20 04:12:04', 1, 'almonda', '2013-12-24 02:12:41', NULL, 1, 'mwamukoya', '2013-12-06 02:12:45', '', '2013-12-06 09:47:39', NULL, NULL, 1, 31, ''),
(12, 380, '2014-01-05', '2014-01-08', 4, NULL, 1, '2013-12-06 09:50:58', 1, 'elutwama', '2013-12-20 04:12:16', 1, 'almonda', '2013-12-24 02:12:09', NULL, 1, 'mwamukoya', '2013-12-06 02:12:51', '', '2013-12-06 09:50:58', NULL, NULL, 1, 31, ''),
(12, 381, '2014-01-03', '2014-01-03', 1, NULL, 0, '2013-12-06 09:51:35', 1, 'elutwama', '2013-12-20 04:12:30', 1, 'almonda', '2013-12-24 02:12:29', NULL, 1, 'mwamukoya', '2013-12-09 03:12:41', '', '2013-12-06 09:51:35', NULL, NULL, 1, 31, ''),
(35, 382, '2013-12-16', '2013-12-19', 4, NULL, 14, '2013-12-06 11:17:31', 1, 'woluoch', '2013-12-11 03:12:18', 1, 'almonda', '2013-12-18 12:12:15', NULL, 1, 'mwamukoya', '2013-12-06 02:12:03', '', '2013-12-06 11:17:31', NULL, NULL, 1, 18, ''),
(35, 383, '2013-12-20', '2013-12-23', 2, NULL, 14, '2013-12-06 11:18:25', 1, 'woluoch', '2013-12-11 03:12:39', 1, 'almonda', '2013-12-19 09:12:21', NULL, 1, 'mwamukoya', '2013-12-06 02:12:25', '', '2013-12-06 11:18:25', NULL, NULL, 7, 18, ''),
(53, 384, '2013-12-23', '2013-12-23', 1, NULL, 4, '2013-12-06 12:01:35', 1, 'ctestud', '2013-12-10 10:12:06', 1, 'almonda', '2013-12-10 02:12:14', NULL, 1, 'mwamukoya', '2013-12-06 02:12:34', '', '2013-12-06 12:01:35', NULL, NULL, 1, 5, ''),
(53, 385, '2014-01-03', '2014-01-03', 1, NULL, 3, '2013-12-06 12:02:20', 1, 'ctestud', '2013-12-10 10:12:16', 1, 'almonda', '2013-12-10 02:12:08', NULL, 1, 'mwamukoya', '2013-12-06 02:12:50', '', '2013-12-06 12:02:20', NULL, NULL, 1, 5, ''),
(26, 386, '2013-12-23', '2013-12-23', 1, NULL, 16, '2013-12-06 12:19:19', 1, 'szuriel', '2013-12-09 12:12:44', 1, 'almonda', '2013-12-09 06:12:24', NULL, 1, 'mwamukoya', '2013-12-06 02:12:58', '', '2013-12-06 12:19:19', NULL, NULL, 1, 24, 'Annual leave'),
(55, 387, '2013-12-23', '2014-01-03', 2, NULL, 2, '2013-12-06 01:31:52', 1, 'kseljeflot', '2013-12-06 09:12:01', 1, 'almonda', '2013-12-07 11:12:54', NULL, 1, 'mwamukoya', '2013-12-06 02:12:05', '', '2013-12-06 01:31:52', NULL, NULL, 1, 4, 'Leave for Christmas holidays'),
(52, 388, '2013-12-23', '2013-12-23', 1, NULL, 8, '2013-12-09 11:10:37', 1, 'enungari', '2014-01-27 01:01:35', 1, 'almonda', '2014-01-27 02:01:34', NULL, 1, 'mwamukoya', '2013-12-09 03:12:46', '', '2013-12-09 11:10:37', NULL, NULL, 1, 10, ''),
(52, 389, '2014-01-03', '2014-01-03', 1, NULL, 7, '2013-12-09 11:15:36', 1, 'enungari', '2014-01-27 01:01:45', 1, 'almonda', '2014-01-27 02:01:24', NULL, 1, 'mwamukoya', '2013-12-09 03:12:50', '', '2013-12-09 11:15:36', NULL, NULL, 1, 10, ''),
(52, 390, '2014-01-06', '2014-01-10', 5, NULL, 2, '2013-12-09 11:17:30', 1, 'enungari', '2014-01-27 01:01:55', 1, 'almonda', '2014-01-27 02:01:16', NULL, 1, 'mwamukoya', '2013-12-09 03:12:54', '', '2013-12-09 11:17:30', NULL, NULL, 1, 10, ''),
(11, 391, '2013-12-23', '2013-12-23', 1, NULL, 14, '2013-12-09 06:21:19', 1, 'kseljeflot', '2013-12-10 12:12:54', 1, 'almonda', '2013-12-10 02:12:00', NULL, 1, 'mwamukoya', '2013-12-10 10:12:21', '', '2013-12-09 06:21:19', NULL, NULL, 1, 24, ''),
(51, 392, '2014-01-03', '2014-01-10', 6, NULL, 2, '2013-12-10 08:22:29', 1, 'enungari', '2014-01-27 01:01:09', 1, 'almonda', '2014-01-27 02:01:07', NULL, 1, 'mwamukoya', '2013-12-10 10:12:16', '', '2013-12-10 08:22:29', NULL, '2013-12-20 11:55:08', 1, 8, 'Annual leave'),
(30, 393, '2013-12-09', '2013-12-10', 2, NULL, 14, '2013-12-10 10:48:00', 1, 'kseljeflot', '2013-12-10 12:12:10', 1, 'almonda', '2013-12-10 02:12:40', NULL, 1, 'mwamukoya', '2013-12-10 03:12:15', '', '2013-12-10 10:48:00', NULL, NULL, 9, 15, ''),
(30, 394, '2013-12-23', '2013-12-23', 1, NULL, 13, '2013-12-10 10:51:10', 1, 'kseljeflot', '2013-12-10 12:12:24', 1, 'almonda', '2013-12-10 02:12:20', NULL, 1, 'mwamukoya', '2013-12-10 03:12:22', '', '2013-12-10 10:51:10', NULL, NULL, 1, 15, ''),
(30, 395, '2014-01-03', '2014-01-03', 1, NULL, 12, '2013-12-10 10:51:31', 1, 'kseljeflot', '2013-12-10 12:12:39', 1, 'almonda', '2013-12-10 02:12:46', NULL, 1, 'mwamukoya', '2013-12-10 03:12:27', '', '2013-12-10 10:51:31', NULL, NULL, 1, 15, ''),
(34, 396, '2014-01-03', '2014-01-08', 4, NULL, 13, '2013-12-10 03:03:14', 1, 'woluoch', '2013-12-11 08:12:42', 1, 'almonda', '2013-12-19 09:12:47', NULL, 1, 'mwamukoya', '2013-12-10 03:12:34', '', '2013-12-10 03:03:14', NULL, NULL, 1, 17, ''),
(11, 397, '2013-12-16', '2013-12-16', 1, NULL, 13, '2013-12-11 11:27:47', 1, 'kseljeflot', '2013-12-16 11:12:57', 1, 'almonda', '2013-12-19 09:12:18', NULL, 1, 'mwamukoya', '2013-12-16 11:12:41', '', '2013-12-11 11:27:47', NULL, NULL, 1, 24, ''),
(50, 398, '2013-12-16', '2013-12-16', 1, NULL, 0, '2013-12-13 02:01:17', 1, 'vanessa', '2013-12-16 02:12:48', 1, 'almonda', '2013-12-19 09:12:50', NULL, 1, 'mwamukoya', '2013-12-16 11:12:47', '', '2013-12-13 02:01:17', NULL, NULL, 1, 12, 'Holiday'),
(56, 399, '2013-12-02', '2013-12-03', 2, NULL, 4, '2013-12-16 09:00:53', 1, 'ctestud', '2013-12-16 11:12:05', 1, 'almonda', '2013-12-19 09:12:14', NULL, 1, 'mwamukoya', '2013-12-16 11:12:53', '', '2013-12-16 09:00:53', NULL, NULL, 1, 6, 'Application for Leave to take my exams.\r\n\r\nKind Regards,\r\nMungai Charles'),
(56, 400, '2013-12-23', '2013-12-23', 1, NULL, 3, '2013-12-16 09:02:11', 1, 'ctestud', '2013-12-16 11:12:14', 1, 'almonda', '2013-12-19 09:12:48', NULL, 1, 'mwamukoya', '2013-12-16 11:12:58', '', '2013-12-16 09:02:11', NULL, NULL, 1, 6, 'Application to take Leave for this day,'),
(56, 401, '2014-01-03', '2014-01-03', 1, NULL, 2, '2013-12-16 09:03:26', 1, 'ctestud', '2013-12-16 11:12:18', 1, 'almonda', '2013-12-18 12:12:24', NULL, 1, 'mwamukoya', '2013-12-16 11:12:02', '', '2013-12-16 09:03:26', NULL, NULL, 1, 6, 'Application to take leave for this day.\r\n\r\nKind Regards,\r\nMungai Charles'),
(14, 402, '2014-01-06', '2014-01-08', 3, NULL, 17, '2013-12-16 12:43:23', 1, 'kseljeflot', '2013-12-16 12:12:20', 1, 'almonda', '2013-12-19 09:12:21', NULL, 1, 'mwamukoya', '2013-12-16 12:12:37', '', '2013-12-16 12:43:23', NULL, NULL, 1, 24, 'To facilitate my family''s adjustment to the new year e.g. my children will all be in new classes and needing new school uniform and books '),
(49, 404, '2013-12-23', '2013-12-23', 1, NULL, 10, '2013-12-16 04:25:54', 1, 'hmukoko', '2013-12-17 03:12:46', 1, 'almonda', '2013-12-17 09:12:08', NULL, 1, 'mwamukoya', '2013-12-17 10:12:01', '', '2013-12-16 04:25:54', NULL, '2013-12-16 04:26:07', 1, 12, ''),
(49, 405, '2014-01-03', '2014-01-03', 1, NULL, 9, '2013-12-16 04:26:55', 1, 'hmukoko', '2013-12-17 03:12:55', 1, 'almonda', '2013-12-17 09:12:50', NULL, 1, 'mwamukoya', '2013-12-17 10:12:08', '', '2013-12-16 04:26:55', NULL, NULL, 1, 12, ''),
(31, 406, '2013-12-23', '2013-12-23', 1, NULL, 3, '2013-12-17 01:22:44', 1, 'salina', '2013-12-17 03:12:08', 1, 'almonda', '2013-12-17 09:12:25', NULL, 1, 'mwamukoya', '2013-12-17 02:12:40', '', '2013-12-17 01:22:44', NULL, NULL, 1, 25, ''),
(31, 407, '2014-01-03', '2014-01-03', 1, NULL, 2, '2013-12-17 01:23:26', 1, 'salina', '2013-12-17 03:12:33', 1, 'almonda', '2013-12-17 09:12:36', NULL, 1, 'mwamukoya', '2013-12-17 02:12:46', '', '2013-12-17 01:23:26', NULL, NULL, 1, 25, ''),
(11, 408, '2014-01-03', '2014-01-03', 1, NULL, 12, '2013-12-17 05:25:16', 1, 'kseljeflot', '2013-12-18 11:12:38', 1, 'almonda', '2013-12-19 09:12:55', NULL, 1, 'mwamukoya', '2013-12-18 10:12:25', '', '2013-12-17 05:25:16', NULL, NULL, 1, 24, ''),
(23, 409, '2014-01-03', '2014-01-07', 3, NULL, 10, '2013-12-19 02:46:37', 1, 'almonda', '2014-01-05 05:01:41', 1, 'almonda', '2014-01-05 05:01:48', NULL, 1, 'mwamukoya', '2013-12-19 03:12:16', '', '2013-12-19 02:46:37', NULL, NULL, 1, 5, ''),
(37, 410, '2014-01-03', '2014-01-10', 6, NULL, 13, '2013-12-19 04:41:08', 1, 'salina', '2013-12-20 07:12:15', 1, 'almonda', '2013-12-24 02:12:47', NULL, 1, 'mwamukoya', '2013-12-20 10:12:03', '', '2013-12-19 04:41:08', NULL, NULL, 1, 16, ''),
(50, 411, '2014-01-03', '2014-01-03', 1, NULL, 6, '2013-12-20 02:37:22', 1, 'kseljeflot', '2014-01-20 02:01:26', 1, 'almonda', '2014-01-20 02:01:42', NULL, 1, 'mwamukoya', '2013-12-20 03:12:35', '', '2013-12-20 02:37:22', NULL, NULL, 1, 14, 'Holiday'),
(46, 412, '2014-01-03', '2014-01-03', 1, NULL, 18, '2013-12-20 03:54:46', 1, 'elutwama', '2013-12-20 04:12:44', 1, 'almonda', '2013-12-24 02:12:35', NULL, 1, 'mwamukoya', '2013-12-20 04:12:18', '', '2013-12-20 03:54:46', NULL, NULL, 1, 24, 'Annual leave'),
(45, 413, '2014-01-03', '2014-01-03', 1, NULL, 17, '2014-01-02 11:14:29', 1, 'elutwama', '2014-01-15 03:01:41', 1, 'almonda', '2014-01-15 04:01:41', NULL, 1, 'mwamukoya', '2014-01-03 09:01:07', '', '2014-01-02 11:14:29', NULL, NULL, 1, 24, 'I wish to apply for a day''s leave to be deducted from my leave days carried forward  from year 2013 as i will be traveling to my workstation (Nairobi).\r\nBest regards'),
(44, 414, '2013-12-23', '2014-02-07', 2, NULL, 8, '2014-01-08 08:51:25', 1, 'salina', '2014-01-09 10:01:49', 1, 'almonda', '2014-01-09 10:01:29', NULL, 1, 'mwamukoya', '2014-01-09 09:01:03', '', '2014-01-08 08:51:25', NULL, '2014-01-08 08:51:44', 1, 31, ''),
(11, 415, '2014-06-13', '2014-07-11', 21, NULL, 15, '2014-01-08 08:59:03', 1, 'kseljeflot', '2014-01-09 09:01:35', 1, 'almonda', '2014-01-09 10:01:11', NULL, 1, 'mwamukoya', '2014-01-09 09:01:07', '', '2014-01-08 08:59:03', NULL, NULL, 1, 36, ''),
(53, 416, '2014-01-13', '2014-01-13', 1, NULL, 2, '2014-01-09 10:38:23', 1, 'ctestud', '2014-01-10 10:01:52', 1, 'almonda', '2014-01-10 11:01:11', NULL, 1, 'mwamukoya', '2014-01-09 12:01:34', '', '2014-01-09 10:38:23', NULL, NULL, 1, 5, ''),
(12, 417, '2014-01-30', '2014-01-31', 2, NULL, 22, '2014-01-14 12:20:00', 1, 'elutwama', '2014-01-15 03:01:24', 1, 'almonda', '2014-01-15 04:01:33', NULL, 1, 'mwamukoya', '2014-01-14 01:01:22', '', '2014-01-14 12:20:00', NULL, NULL, 1, 31, ''),
(28, 418, '2014-01-29', '2014-01-31', 3, NULL, 15, '2014-01-14 02:12:55', 1, 'almonda', '2014-01-14 03:01:40', 1, 'almonda', '2014-01-14 05:01:27', NULL, 1, 'mwamukoya', '2014-01-14 02:01:57', '', '2014-01-14 02:12:55', NULL, NULL, 1, 18, ''),
(30, 419, '2014-01-16', '2014-01-17', 2, NULL, 12, '2014-01-17 08:49:13', 1, 'kseljeflot', '2014-01-20 02:01:00', 1, 'almonda', '2014-01-20 02:01:57', NULL, 1, 'mwamukoya', '2014-01-17 11:01:55', '', '2014-01-17 08:49:13', NULL, NULL, 2, 15, 'Sick with gastroenteritis and not in a position to be in the office. Regards'),
(14, 420, '2014-01-21', '2014-01-21', 1, NULL, 16, '2014-01-20 10:26:07', 1, 'kseljeflot', '2014-01-20 02:01:50', 1, 'almonda', '2014-01-20 02:01:12', NULL, 1, 'mwamukoya', '2014-01-20 02:01:04', '', '2014-01-20 10:26:07', NULL, NULL, 1, 24, 'I have an urgent family matter to attend to'),
(9, 421, '2014-02-23', '2014-02-28', 5, NULL, 21, '2014-01-20 05:10:07', 1, 'kseljeflot', '2014-01-21 09:01:11', 1, 'almonda', '2014-01-21 04:01:49', NULL, 1, 'mwamukoya', '2014-01-21 09:01:58', '', '2014-01-20 05:10:07', NULL, NULL, 1, 25, ''),
(53, 422, '2014-01-17', '2014-01-17', 1, NULL, 2, '2014-01-21 07:51:23', 1, 'ctestud', '2014-01-21 09:01:46', 1, 'almonda', '2014-01-21 04:01:06', NULL, 1, 'mwamukoya', '2014-01-21 09:01:05', '', '2014-01-21 07:51:23', NULL, NULL, 2, 5, ''),
(31, 424, '2014-01-27', '2014-01-27', 1, NULL, 1, '2014-01-21 12:08:59', 1, 'salina', '2014-01-21 12:01:12', 1, 'almonda', '2014-01-21 04:01:25', NULL, 1, 'mwamukoya', '2014-01-21 12:01:55', '', '2014-01-21 12:08:59', NULL, NULL, 1, 25, ''),
(51, 425, '2014-01-24', '2014-01-24', 1, NULL, 2, '2014-01-23 02:32:58', 1, 'enungari', '2014-01-27 01:01:18', 1, 'almonda', '2014-01-27 02:01:59', NULL, 1, 'mwamukoya', '2014-01-23 03:01:23', '', '2014-01-23 02:32:58', NULL, NULL, 1, 8, ''),
(49, 427, '2014-01-27', '2014-01-31', 5, NULL, 4, '2014-01-24 02:33:19', 1, 'hmukoko', '2014-01-28 03:01:13', 1, 'almonda', '2014-01-28 04:01:26', NULL, 1, 'mwamukoya', '2014-01-24 02:01:16', '', '2014-01-24 02:33:19', NULL, NULL, 1, 12, ''),
(40, 428, '2014-01-28', '2014-01-28', 1, NULL, 1, '2014-01-27 01:58:06', 1, 'sophie', '2014-01-27 04:01:27', 1, 'almonda', '2014-01-27 05:01:36', NULL, 1, 'mwamukoya', '2014-01-27 02:01:12', '', '2014-01-27 01:58:06', NULL, NULL, 1, 11, ''),
(45, 429, '2014-02-03', '2014-02-03', 1, NULL, 16, '2014-01-28 05:17:36', 1, 'elutwama', '2014-05-21 10:05:37', 1, 'almonda', '2014-05-21 01:05:37', NULL, 1, 'mwamukoya', '2014-02-03 08:02:53', '', '2014-01-28 05:17:36', NULL, NULL, 1, 24, 'This should be recovered from the 4 days pending leave days from year 2013'),
(50, 431, '2014-03-31', '2014-04-11', 10, NULL, 6, '2014-01-30 04:36:48', 1, 'vanessa', '2014-02-03 02:02:49', 1, 'almonda', '2014-02-03 03:02:34', NULL, 1, 'mwamukoya', '2014-02-03 08:02:04', '', '2014-01-30 04:36:48', NULL, '2014-01-30 04:48:04', 1, 16, 'Holidays'),
(11, 433, '2014-02-17', '2014-02-18', 2, NULL, 13, '2014-01-31 10:23:35', 1, 'kseljeflot', '2014-02-03 12:02:46', 1, 'almonda', '2014-02-03 02:02:51', NULL, 1, 'mwamukoya', '2014-02-03 08:02:09', '', '2014-01-31 10:23:35', NULL, NULL, 1, 36, '');
INSERT INTO mysqldb.tbl_leaveapplic (empid_fk, id, datefrom, dateto, numdays, leaveaddress, leavebal, dateapplied, approved, approvedby, dateapproved, authorised, authorisedby, dateauthorised, pnumber, confirmed, confirmedby, dateconfirmed, addedby, dateadded, sessid, lastupdated, leavetype, entitlement, comments) VALUES
(45, 491, '2014-05-21', '2014-05-23', 3, NULL, 16, '2014-03-31 03:19:45', 1, 'michelle', '2014-03-31 04:03:56', 1, 'almonda', '2014-03-31 04:03:22', NULL, 1, 'mwamukoya', '2014-03-31 04:03:28', '', '2014-03-31 03:19:45', NULL, NULL, 1, 24, 'I wish to apply leave for three days for year 2013'),
(30, 434, '2014-02-07', '2014-02-07', 1, NULL, 11, '2014-02-03 04:26:01', 1, 'kseljeflot', '2014-02-03 04:02:40', 1, 'almonda', '2014-02-03 05:02:14', NULL, 1, 'mwamukoya', '2014-02-03 04:02:06', '', '2014-02-03 04:26:01', NULL, NULL, 1, 15, ''),
(30, 435, '2014-02-23', '2014-03-04', 7, NULL, 11, '2014-02-03 04:26:37', 1, 'kseljeflot', '2014-02-03 04:02:56', 1, 'almonda', '2014-02-03 05:02:23', NULL, 1, 'mwamukoya', '2014-02-03 04:02:50', '', '2014-02-03 04:26:37', NULL, NULL, 1, 15, ''),
(23, 436, '2014-02-06', '2014-02-06', 1, NULL, 9, '2014-02-04 07:53:25', 1, 'almonda', '2014-02-06 11:02:39', 1, 'almonda', '2014-02-06 11:02:52', NULL, 1, 'mwamukoya', '2014-02-04 09:02:31', '', '2014-02-04 07:53:25', NULL, NULL, 1, 5, ''),
(25, 437, '2014-02-07', '2014-02-07', 1, NULL, 21, '2014-02-05 12:42:55', 1, 'enungari', '2014-02-25 09:02:34', 1, 'almonda', '2014-02-25 10:02:09', NULL, 1, 'mwamukoya', '2014-02-06 09:02:52', '', '2014-02-05 12:42:55', NULL, '2014-02-05 12:49:11', 1, 22, ''),
(46, 438, '2014-02-10', '2014-02-12', 3, NULL, 18, '2014-02-05 07:24:50', 1, 'hmukoko', '2014-02-06 09:02:04', 1, 'almonda', '2014-02-06 11:02:42', NULL, 1, 'mwamukoya', '2014-02-06 09:02:47', '', '2014-02-05 07:24:50', NULL, NULL, 1, 24, 'STUDY LEAVE '),
(46, 439, '2014-02-17', '2014-02-20', 4, NULL, 18, '2014-02-05 07:26:23', 1, 'hmukoko', '2014-02-06 09:02:14', 1, 'almonda', '2014-02-06 11:02:32', NULL, 1, 'mwamukoya', '2014-02-06 09:02:40', '', '2014-02-05 07:26:23', NULL, NULL, 1, 24, 'LEAVE'),
(46, 440, '2014-02-25', '2014-02-27', 3, NULL, 18, '2014-02-05 07:29:43', 1, 'hmukoko', '2014-02-06 09:02:22', 1, 'almonda', '2014-02-06 11:02:24', NULL, 1, 'mwamukoya', '2014-02-06 09:02:32', '', '2014-02-05 07:29:43', NULL, NULL, 1, 24, 'EXAMS'),
(44, 441, '2014-02-28', '2014-03-03', 2, NULL, 6, '2014-02-11 02:31:08', 1, 'salina', '2014-02-11 03:02:46', 1, 'almonda', '2014-02-11 05:02:37', NULL, 1, 'mwamukoya', '2014-02-11 03:02:31', '', '2014-02-11 02:31:08', NULL, NULL, 1, 31, ''),
(9, 443, '2014-02-07', '2014-02-07', 1, NULL, 20, '2014-02-11 05:04:46', 1, 'kseljeflot', '2014-02-13 04:02:13', 1, 'almonda', '2014-02-13 04:02:19', NULL, 1, 'mwamukoya', '2014-02-12 10:02:49', '', '2014-02-11 05:04:46', NULL, NULL, 2, 25, ''),
(56, 444, '2014-02-03', '2014-02-03', 1, NULL, 0, '2014-02-12 01:24:07', 1, 'ctestud', '2014-02-14 09:02:49', 1, 'almonda', '2014-02-14 11:02:25', NULL, 1, 'mwamukoya', '2014-02-14 09:02:40', '', '2014-02-12 01:24:07', NULL, NULL, 2, 0, ''),
(9, 474, '2014-03-21', '2014-03-21', 1, NULL, 19, '2014-03-12 07:37:07', 1, 'kseljeflot', '2014-05-02 10:05:21', 1, 'almonda', '2014-05-02 11:05:49', NULL, 1, 'mwamukoya', '2014-03-13 09:03:59', '', '2014-03-12 07:37:07', NULL, NULL, 1, 25, 'Half day leave for the 21/03 afternoon.'),
(8, 445, '2014-02-10', '2014-02-12', 3, NULL, 14, '2014-02-13 04:24:27', 1, 'ousainou', '2014-06-15 01:06:32', 1, 'almonda', '2014-06-15 06:06:47', NULL, 1, 'mwamukoya', '2014-02-14 09:02:45', '', '2014-02-13 04:24:27', NULL, NULL, 2, 18, 'Was Attacked on Sunday 9th Feb and did not come to the office for these three days 10-12th February. Sick leave.'),
(53, 446, '2014-02-17', '2014-02-17', 1, NULL, 0, '2014-02-18 09:25:36', 1, 'ctestud', '2014-02-18 10:02:22', 1, 'almonda', '2014-02-18 11:02:45', NULL, 1, 'mwamukoya', '2014-02-18 10:02:24', '', '2014-02-18 09:25:36', NULL, NULL, 1, 5, ''),
(27, 447, '2014-02-20', '2014-02-21', 2, NULL, 12, '2014-02-18 10:57:14', 1, 'ousainou', '2014-06-15 01:06:54', 1, 'almonda', '2014-06-15 06:06:56', NULL, 1, 'mwamukoya', '2014-02-18 02:02:53', '', '2014-02-18 10:57:14', NULL, NULL, 1, 27, ''),
(35, 448, '2014-02-21', '2014-02-24', 2, NULL, 12, '2014-02-19 02:19:40', 1, 'woluoch', '2014-03-17 03:03:30', 1, 'almonda', '2014-03-17 11:03:34', NULL, 1, 'mwamukoya', '2014-02-19 02:02:59', '', '2014-02-19 02:19:40', NULL, NULL, 7, 14, ''),
(35, 449, '2014-02-21', '2014-02-24', 2, NULL, 12, '2014-02-19 02:44:00', 1, 'woluoch', '2014-03-17 03:03:37', 1, 'almonda', '2014-03-17 11:03:43', NULL, 1, 'mwamukoya', '2014-02-19 02:02:05', '', '2014-02-19 02:44:00', NULL, NULL, 1, 14, ''),
(14, 453, '2014-02-26', '2014-02-26', 1, NULL, 15, '2014-02-24 12:26:32', 1, 'kseljeflot', '2014-02-24 12:02:27', 1, 'almonda', '2014-02-24 01:02:41', NULL, 1, 'mwamukoya', '2014-02-24 12:02:07', '', '2014-02-24 12:26:32', NULL, NULL, 1, 24, 'I have an urgent family matter to attend to'),
(52, 451, '2014-02-18', '2014-02-19', 2, NULL, 1, '2014-02-20 10:12:12', 1, 'enungari', '2014-02-25 09:02:17', 1, 'almonda', '2014-02-25 10:02:00', NULL, 1, 'mwamukoya', '2014-02-20 10:02:55', '', '2014-02-20 10:12:12', NULL, NULL, 1, 10, ''),
(23, 452, '2014-02-24', '2014-02-24', 1, NULL, 8, '2014-02-20 02:04:42', 1, 'almonda', '2014-07-07 08:07:18', 1, 'almonda', '2014-07-07 08:07:49', NULL, 1, 'mwamukoya', '2014-02-20 02:02:45', '', '2014-02-20 02:04:42', NULL, NULL, 1, 5, ''),
(40, 454, '2014-02-24', '2014-02-24', 1, NULL, 0, '2014-02-25 09:24:31', 1, 'sophie', '2014-02-26 03:02:19', 1, 'almonda', '2014-02-26 10:02:27', NULL, 1, 'mwamukoya', '2014-02-25 10:02:17', '', '2014-02-25 09:24:31', NULL, NULL, 1, 11, ''),
(31, 455, '2014-02-27', '2014-02-27', 1, NULL, 0, '2014-02-25 03:32:14', 1, 'salina', '2014-10-15 06:10:40', 1, 'almonda', '2014-10-15 07:10:09', NULL, 1, 'mwamukoya', '2014-03-03 09:03:18', '', '2014-02-25 03:32:14', NULL, NULL, 7, 25, ''),
(31, 456, '2014-02-28', '2014-02-28', 1, NULL, 4, '2014-02-25 03:38:04', 1, 'salina', '2014-02-25 04:02:37', 1, 'almonda', '2014-02-25 05:02:41', NULL, 1, 'mwamukoya', '2014-02-25 03:02:48', '', '2014-02-25 03:38:04', NULL, NULL, 1, 5, ''),
(44, 457, '2014-03-23', '2014-03-26', 3, NULL, 3, '2014-02-27 08:28:08', NULL, NULL, NULL, NULL, NULL, NULL, NULL, 1, 'mwamukoya', '2014-03-03 09:03:13', '', '2014-02-27 08:28:08', NULL, '2014-03-12 03:19:08', 1, 31, ''),
(25, 458, '2014-03-07', '2014-03-07', 1, NULL, 20, '2014-02-28 09:58:37', 1, 'enungari', '2014-05-02 10:05:47', 1, 'almonda', '2014-05-02 10:05:27', NULL, 1, 'mwamukoya', '2014-03-03 09:03:05', '', '2014-02-28 09:58:37', NULL, '2014-02-28 10:54:00', 1, 22, ''),
(25, 459, '2014-03-04', '2014-03-04', 1, NULL, 19, '2014-02-28 10:54:43', 1, 'enungari', '2014-05-02 10:05:36', 1, 'almonda', '2014-05-02 10:05:19', NULL, 1, 'mwamukoya', '2014-03-03 09:03:19', '', '2014-02-28 10:54:43', NULL, NULL, 1, 22, ''),
(28, 460, '2014-02-28', '2014-02-28', 1, NULL, 15, '2014-03-03 09:44:36', 1, 'almonda', '2014-07-07 08:07:03', 1, 'almonda', '2014-07-07 08:07:58', NULL, 1, 'mwamukoya', '2014-03-03 09:03:10', '', '2014-03-03 09:44:36', NULL, NULL, 9, 18, ''),
(51, 461, '2014-03-10', '2014-03-11', 2, NULL, 0, '2014-03-03 02:39:56', 1, 'enungari', '2014-05-02 10:05:58', 1, 'almonda', '2014-05-02 10:05:10', NULL, 1, 'mwamukoya', '2014-03-03 03:03:28', '', '2014-03-03 02:39:56', NULL, NULL, 1, 8, 'Annual leave'),
(55, 462, '2014-03-20', '2014-03-21', 2, NULL, 0, '2014-03-04 01:53:28', 1, 'kseljeflot', '2014-03-04 04:03:28', 1, 'almonda', '2014-03-04 05:03:31', NULL, 1, 'mwamukoya', '2014-03-04 02:03:03', '', '2014-03-04 01:53:28', NULL, NULL, 1, 4, 'This is to use the two days remaining I had from 2013 before expiration. I would like to couple it with another day off on 19/03/14 to compensate for working weekends this weekend (both days) and the last (Saturday)if that''s ok.'),
(47, 463, '2014-03-26', '2014-03-28', 3, NULL, 3, '2014-03-05 06:28:09', 1, 'salina', '2014-05-07 01:05:57', 1, 'almonda', '2014-05-07 05:05:57', NULL, 1, 'mwamukoya', '2014-03-06 11:03:01', '', '2014-03-05 06:28:09', NULL, NULL, 1, 25, ''),
(28, 464, '2014-03-17', '2014-03-17', 1, NULL, 14, '2014-03-12 11:58:02', 1, 'almonda', '2014-03-12 02:03:19', 1, 'almonda', '2014-03-12 02:03:45', NULL, 1, 'mwamukoya', '2014-03-12 12:03:38', '', '2014-03-12 11:58:02', NULL, NULL, 1, 18, ''),
(28, 465, '2014-03-26', '2014-03-28', 3, NULL, 11, '2014-03-12 11:58:41', 1, 'almonda', '2014-03-12 02:03:33', 1, 'almonda', '2014-03-12 02:03:37', NULL, 1, 'mwamukoya', '2014-03-12 12:03:45', '', '2014-03-12 11:58:41', NULL, NULL, 1, 14, ''),
(2, 466, '2014-03-14', '2014-03-17', 2, NULL, 16, '2014-03-12 11:59:32', 1, 'ousainou', '2014-06-15 01:06:19', 1, 'almonda', '2014-06-15 06:06:13', NULL, 1, 'mwamukoya', '2014-03-12 12:03:05', '', '2014-03-12 11:59:32', NULL, NULL, 1, 24, ''),
(56, 467, '2014-03-14', '2014-03-14', 1, NULL, 1, '2014-03-12 12:17:29', 1, 'ctestud', '2014-03-12 01:03:29', 1, 'almonda', '2014-03-12 02:03:26', NULL, 1, 'mwamukoya', '2014-03-12 12:03:12', '', '2014-03-12 12:17:29', NULL, NULL, 1, 6, ''),
(14, 468, '2014-03-13', '2014-03-13', 1, NULL, 14, '2014-03-12 02:51:37', 1, 'kseljeflot', '2014-03-12 04:03:16', 1, 'almonda', '2014-03-12 04:03:51', NULL, 1, 'mwamukoya', '2014-03-12 03:03:49', '', '2014-03-12 02:51:37', NULL, NULL, 1, 24, 'To attend a one day workshop on youth empowerment'),
(44, 469, '2014-03-17', '2014-03-17', 1, NULL, 2, '2014-03-12 03:19:40', NULL, NULL, NULL, NULL, NULL, NULL, NULL, 1, 'mwamukoya', '2014-03-13 09:03:04', '', '2014-03-12 03:19:40', NULL, '2014-03-12 04:00:24', 1, 31, ''),
(50, 470, '2014-03-28', '2014-03-28', 1, NULL, 5, '2014-03-12 05:26:09', 1, 'vanessa', '2014-03-12 07:03:44', 1, 'almonda', '2014-03-12 09:03:49', NULL, 1, 'mwamukoya', '2014-03-13 09:03:10', '', '2014-03-12 05:26:09', NULL, NULL, 1, 6, 'Holidays'),
(50, 471, '2014-05-23', '2014-05-29', 4, NULL, 1, '2014-03-12 05:26:53', 1, 'vanessa', '2014-03-12 07:03:32', 1, 'almonda', '2014-03-12 09:03:19', NULL, 1, 'mwamukoya', '2014-03-13 09:03:16', '', '2014-03-12 05:26:53', NULL, NULL, 1, 5, 'Holidays'),
(50, 472, '2014-06-09', '2014-06-09', 1, NULL, 0, '2014-03-12 05:27:25', 1, 'vanessa', '2014-03-12 07:03:05', 1, 'almonda', '2014-03-12 09:03:05', NULL, 1, 'mwamukoya', '2014-03-13 09:03:22', '', '2014-03-12 05:27:25', NULL, NULL, 1, 1, 'Holidays'),
(9, 473, '2014-03-10', '2014-03-10', 1, NULL, 20, '2014-03-12 07:35:05', 1, 'kseljeflot', '2014-03-13 10:03:58', 1, 'almonda', '2014-03-13 11:03:36', NULL, 1, 'mwamukoya', '2014-03-13 09:03:28', '', '2014-03-12 07:35:05', NULL, NULL, 2, 25, ''),
(9, 475, '2014-06-04', '2014-06-09', 4, NULL, 16, '2014-03-12 07:45:05', 1, 'kseljeflot', '2014-03-13 10:03:10', 1, 'almonda', '2014-03-13 11:03:52', NULL, 1, 'mwamukoya', '2014-03-13 09:03:33', '', '2014-03-12 07:45:05', NULL, '2014-03-12 07:45:33', 1, 25, ''),
(35, 476, '2014-04-07', '2014-04-11', 5, NULL, 9, '2014-03-13 12:16:54', 1, 'woluoch', '2014-03-17 03:03:07', 1, 'almonda', '2014-03-17 11:03:23', NULL, 1, 'mwamukoya', '2014-03-13 02:03:44', '', '2014-03-13 12:16:54', NULL, '2014-03-13 01:10:30', 1, 14, ''),
(34, 477, '2014-03-28', '2014-04-15', 13, NULL, 0, '2014-03-13 02:51:09', 1, 'woluoch', '2014-03-17 03:03:30', 1, 'almonda', '2014-03-17 11:03:56', NULL, 1, 'mwamukoya', '2014-03-13 03:03:08', '', '2014-03-13 02:51:09', NULL, NULL, 1, 17, ''),
(22, 478, '2014-03-17', '2014-03-17', 1, NULL, 19, '2014-03-13 05:23:35', 1, 'ousainou', '2014-06-15 01:06:32', 1, 'almonda', '2014-06-15 06:06:22', NULL, 1, 'mwamukoya', '2014-03-14 10:03:55', '', '2014-03-13 05:23:35', NULL, NULL, 1, 40, ''),
(53, 479, '2014-03-21', '2014-03-21', 1, NULL, 23, '2014-03-17 08:07:18', 1, 'ctestud', '2014-03-18 11:03:02', 1, 'almonda', '2014-03-18 11:03:57', NULL, 1, 'mwamukoya', '2014-03-18 09:03:22', '', '2014-03-17 08:07:18', NULL, NULL, 1, 24, ''),
(11, 480, '2014-05-02', '2014-05-07', 3, NULL, 10, '2014-03-20 01:12:25', 1, 'kseljeflot', '2014-03-20 04:03:22', 1, 'almonda', '2014-03-20 04:03:51', NULL, 1, 'mwamukoya', '2014-03-20 03:03:35', '', '2014-03-20 01:12:25', NULL, NULL, 1, 36, 'Monday 5th May is a public holiday in the UK'),
(26, 481, '2014-03-27', '2014-03-28', 2, NULL, 6, '2014-03-20 03:36:18', 1, 'szuriel', '2014-03-31 10:03:27', 1, 'almonda', '2014-03-31 11:03:55', NULL, 1, 'mwamukoya', '2014-03-20 03:03:39', '', '2014-03-20 03:36:18', NULL, NULL, 1, 24, 'Taking off for 2 days leave from last 2013'),
(26, 482, '2014-03-27', '2014-03-28', 2, NULL, 4, '2014-03-20 03:38:27', 1, 'szuriel', '2014-03-31 10:03:50', 1, 'almonda', '2014-04-22 09:04:56', NULL, 1, 'mwamukoya', '2014-03-31 08:03:44', '', '2014-03-20 03:38:27', NULL, NULL, 1, 24, ''),
(38, 494, '2014-04-17', '2014-04-17', 1, NULL, 0, '2014-04-03 04:37:00', 1, 'elutwama', '2014-05-21 10:05:05', 1, 'almonda', '2014-05-21 01:05:00', NULL, 1, 'mwamukoya', '2014-04-04 09:04:24', '', '2014-04-03 04:37:00', NULL, NULL, 1, 16, 'Elijah for your kind approval'),
(41, 484, '2014-03-24', '2014-03-28', 5, NULL, 14, '2014-03-20 04:01:06', 1, 'salina', '2014-03-24 02:03:57', 1, 'almonda', '2014-03-25 09:03:15', NULL, 1, 'mwamukoya', '2014-03-20 04:03:24', '', '2014-03-20 04:01:06', NULL, NULL, 1, 25, ''),
(20, 485, '2014-03-28', '2014-04-02', 4, NULL, 49, '2014-03-24 10:45:10', NULL, NULL, NULL, NULL, NULL, NULL, NULL, 1, 'mwamukoya', '2014-03-24 11:03:19', '', '2014-03-24 10:45:10', NULL, '2014-03-24 11:22:17', 1, 53, ''),
(28, 486, '2014-04-14', '2014-04-30', 11, NULL, 6, '2014-03-24 11:24:13', 1, 'almonda', '2014-03-31 10:03:33', 1, 'almonda', '2014-03-31 11:03:04', NULL, 1, 'mwamukoya', '2014-03-31 08:03:03', '', '2014-03-24 11:24:13', NULL, NULL, 1, 17, ''),
(30, 487, '2014-03-24', '2014-03-25', 2, NULL, 11, '2014-03-24 12:45:17', 1, 'kseljeflot', '2014-03-24 01:03:55', 1, 'almonda', '2014-03-25 09:03:28', NULL, 1, 'mwamukoya', '2014-03-24 12:03:38', '', '2014-03-24 12:45:17', NULL, NULL, 2, 15, ''),
(31, 488, '2014-03-28', '2014-03-30', 2, NULL, 2, '2014-03-26 03:38:01', 1, 'salina', '2014-03-31 02:03:12', 1, 'almonda', '2014-03-31 02:03:17', NULL, 1, 'mwamukoya', '2014-03-31 08:03:30', '', '2014-03-26 03:38:01', NULL, NULL, 1, 5, ''),
(9, 490, '2014-05-02', '2014-05-02', 1, NULL, 15, '2014-03-31 12:08:01', 1, 'kseljeflot', '2014-03-31 02:03:35', 1, 'almonda', '2014-03-31 02:03:18', NULL, 1, 'mwamukoya', '2014-03-31 02:03:31', '', '2014-03-31 12:08:01', NULL, NULL, 1, 25, ''),
(41, 492, '2014-04-07', '2014-04-11', 5, NULL, 14, '2014-04-03 12:56:59', 1, 'salina', '2014-05-07 01:05:55', 1, 'almonda', '2014-05-07 05:05:10', NULL, 1, 'mwamukoya', '2014-04-03 03:04:41', '', '2014-04-03 12:56:59', NULL, NULL, 1, 25, ''),
(38, 495, '2014-04-22', '2014-04-22', 1, NULL, 6, '2014-04-03 04:38:11', 1, 'elutwama', '2014-05-21 10:05:14', 1, 'almonda', '2014-05-21 01:05:11', NULL, 1, 'mwamukoya', '2014-04-04 09:04:30', '', '2014-04-03 04:38:11', NULL, NULL, 1, 16, 'Elijah for your kind approval'),
(2, 496, '2014-04-14', '2014-04-15', 2, NULL, 16, '2014-04-05 06:44:56', 1, 'ousainou', '2014-06-15 01:06:53', 1, 'almonda', '2014-06-15 06:06:31', NULL, 1, 'mwamukoya', '2014-04-07 09:04:40', '', '2014-04-05 06:44:56', NULL, NULL, 1, 24, ''),
(2, 497, '2014-04-22', '2014-04-22', 1, NULL, 15, '2014-04-05 06:45:38', 1, 'ousainou', '2014-06-15 01:06:06', 1, 'almonda', '2014-06-15 06:06:41', NULL, 1, 'mwamukoya', '2014-04-07 09:04:46', '', '2014-04-05 06:45:38', NULL, NULL, 1, 24, ''),
(26, 498, '2014-04-14', '2014-04-14', 1, NULL, 3, '2014-04-09 09:32:25', 1, 'szuriel', '2014-05-05 09:05:51', 1, 'almonda', '2014-05-05 10:05:09', NULL, 1, 'mwamukoya', '2014-04-09 10:04:03', '', '2014-04-09 09:32:25', NULL, NULL, 3, 24, 'Attend 20th Commemoration of Genocide against Tutsi in which my husband lost his family members'),
(52, 499, '2014-04-22', '2014-04-25', 5, NULL, 8, '2014-04-15 03:06:09', 1, 'enungari', '2014-05-02 10:05:17', 1, 'almonda', '2014-05-02 10:05:13', NULL, 1, 'mwamukoya', '2014-05-02 10:05:34', '', '2014-04-15 03:06:09', NULL, '2014-04-16 09:17:28', 1, 24, ''),
(23, 500, '2014-04-17', '2014-04-17', 1, NULL, 7, '2014-04-16 02:29:59', 1, 'almonda', '2014-04-22 07:04:15', 1, 'almonda', '2014-04-22 09:04:20', NULL, 1, 'mwamukoya', '2014-05-02 10:05:44', '', '2014-04-16 02:29:59', NULL, NULL, 1, 5, ''),
(40, 501, '2014-04-22', '2014-04-29', 6, NULL, 6, '2014-04-17 10:17:24', 0, 'sophie', '2014-04-22 11:04:30', NULL, NULL, NULL, NULL, 1, 'mwamukoya', '2014-05-02 10:05:54', '', '2014-04-17 10:17:24', NULL, NULL, 1, 11, 'Annual Leave'),
(26, 502, '2014-05-01', '2014-05-05', 2, NULL, 1, '2014-04-17 11:06:17', 1, 'szuriel', '2014-05-05 09:05:45', 1, 'almonda', '2014-05-05 10:05:19', NULL, 1, 'mwamukoya', '2014-05-02 10:05:01', '', '2014-04-17 11:06:17', NULL, NULL, 1, 24, 'annual leave'),
(14, 503, '2014-04-22', '2014-04-22', 1, NULL, 13, '2014-04-17 11:18:49', 1, 'kseljeflot', '2014-05-02 10:05:46', 1, 'almonda', '2014-05-02 11:05:38', NULL, 1, 'mwamukoya', '2014-05-02 10:05:07', '', '2014-04-17 11:18:49', NULL, NULL, 1, 24, 'To conclude a family event we''re having over the Easter period'),
(45, 504, '2014-05-25', '2014-05-30', 5, NULL, 16, '2014-04-22 09:29:19', 1, 'michelle', '2014-05-12 03:05:34', 1, 'almonda', '2014-05-12 03:05:18', NULL, 1, 'mwamukoya', '2014-05-02 10:05:19', '', '2014-04-22 09:29:19', NULL, NULL, 1, 24, 'Annual leave '),
(20, 505, '2014-05-05', '2014-05-09', 5, NULL, 45, '2014-04-22 04:36:17', 1, 'fmbaye', '2014-05-09 12:05:30', 1, 'almonda', '2014-05-09 12:05:14', NULL, 1, 'mwamukoya', '2014-05-02 10:05:28', '', '2014-04-22 04:36:17', NULL, NULL, 1, 53, ''),
(19, 507, '2014-05-27', '2014-05-30', 4, NULL, 7, '2014-04-24 03:43:07', 1, 'amsabeni', '2014-05-19 04:05:35', 1, 'almonda', '2014-05-20 09:05:16', NULL, 1, 'mwamukoya', '2014-05-02 10:05:38', '', '2014-04-24 03:43:07', NULL, NULL, 1, 25, ''),
(31, 509, '2014-05-02', '2014-05-07', 4, NULL, 2, '2014-04-25 03:29:33', 1, 'salina', '2014-05-07 01:05:11', 1, 'almonda', '2014-05-07 05:05:22', NULL, 1, 'mwamukoya', '2014-05-02 10:05:46', '', '2014-04-25 03:29:33', NULL, NULL, 1, 5, ''),
(9, 510, '2014-04-28', '2014-04-28', 1, NULL, 13, '2014-04-25 03:54:27', 1, 'kseljeflot', '2014-05-02 10:05:08', 1, 'almonda', '2014-05-02 11:05:27', NULL, 1, 'mwamukoya', '2014-05-02 10:05:56', '', '2014-04-25 03:54:27', NULL, NULL, 1, 25, 'only the afternoon '),
(56, 511, '2014-04-25', '2014-04-25', 1, NULL, 23, '2014-04-28 09:10:38', 1, 'ctestud', '2014-05-02 10:05:18', 1, 'almonda', '2014-05-02 10:05:03', NULL, 1, 'mwamukoya', '2014-05-02 10:05:05', '', '2014-04-28 09:10:38', NULL, NULL, 1, 24, ''),
(53, 512, '2014-05-02', '2014-05-05', 2, NULL, 21, '2014-04-28 09:14:46', 1, 'ctestud', '2014-05-02 10:05:41', 1, 'almonda', '2014-05-02 10:05:56', NULL, 1, 'mwamukoya', '2014-05-02 10:05:12', '', '2014-04-28 09:14:46', NULL, NULL, 1, 24, ''),
(56, 513, '2014-04-30', '2014-05-09', 7, NULL, 16, '2014-04-28 09:19:48', 1, 'ctestud', '2014-05-02 10:05:48', 1, 'almonda', '2014-05-02 10:05:47', NULL, 1, 'mwamukoya', '2014-05-02 03:05:35', '', '2014-04-28 09:19:48', NULL, NULL, 1, 24, ''),
(47, 514, '2014-05-02', '2014-04-02', 1, NULL, 22, '2014-04-29 04:08:36', 1, 'salina', '2014-05-07 01:05:49', 1, 'almonda', '2014-05-07 05:05:34', NULL, 1, 'mwamukoya', '2014-05-02 10:05:19', '', '2014-04-29 04:08:36', NULL, NULL, 1, 25, ''),
(23, 515, '2014-05-05', '2014-05-09', 5, NULL, 2, '2014-04-30 08:28:44', 1, 'almonda', '2014-05-02 10:05:04', 1, 'almonda', '2014-05-02 10:05:38', NULL, 1, 'mwamukoya', '2014-05-02 10:05:25', '', '2014-04-30 08:28:44', NULL, NULL, 1, 5, ''),
(14, 516, '2014-05-19', '2014-05-27', 7, NULL, 13, '2014-04-30 10:29:36', 1, 'kseljeflot', '2014-05-02 10:05:33', 1, 'almonda', '2014-05-02 11:05:13', NULL, 1, 'mwamukoya', '2014-05-02 10:05:32', '', '2014-04-30 10:29:36', NULL, NULL, 1, 24, 'I will be attending my sister''s wedding abroad'),
(51, 517, '2014-05-04', '2014-05-09', 5, NULL, 0, '2014-04-30 11:16:41', 1, 'enungari', '2014-05-02 10:05:41', 1, 'almonda', '2014-05-02 10:05:28', NULL, 1, 'mwamukoya', '2014-05-02 10:05:47', '', '2014-04-30 11:16:41', NULL, NULL, 6, 5, 'Study Leave'),
(51, 518, '2014-04-13', '2014-04-14', 2, NULL, 6, '2014-04-30 11:17:32', 1, 'enungari', '2014-05-02 10:05:12', 1, 'almonda', '2014-05-02 10:05:19', NULL, 1, 'mwamukoya', '2014-05-02 10:05:56', '', '2014-04-30 11:17:32', NULL, NULL, 1, 8, 'Annual leave'),
(11, 519, '2014-05-23', '2014-05-23', 1, NULL, 9, '2014-05-01 10:24:16', 1, 'kseljeflot', '2014-05-02 10:05:23', 1, 'almonda', '2014-05-02 10:05:58', NULL, 1, 'mwamukoya', '2014-05-02 10:05:04', '', '2014-05-01 10:24:16', NULL, NULL, 1, 36, ''),
(11, 520, '2014-07-18', '2014-07-18', 1, NULL, 8, '2014-05-01 10:25:25', 1, 'kseljeflot', '2014-05-02 10:05:55', 1, 'almonda', '2014-05-02 10:05:47', NULL, 1, 'mwamukoya', '2014-05-02 10:05:11', '', '2014-05-01 10:25:25', NULL, NULL, 1, 36, ''),
(9, 521, '2014-05-23', '2014-05-23', 1, NULL, 13, '2014-05-01 12:20:37', 1, 'kseljeflot', '2014-05-02 10:05:29', 1, 'almonda', '2014-05-02 10:05:28', NULL, 1, 'mwamukoya', '2014-05-02 10:05:17', '', '2014-05-01 12:20:37', NULL, NULL, 1, 25, ''),
(30, 522, '2014-05-06', '2014-05-07', 2, NULL, 11, '2014-05-02 02:49:18', 1, 'kseljeflot', '2014-05-02 03:05:56', 1, 'almonda', '2014-05-02 04:05:52', NULL, 1, 'mwamukoya', '2014-05-02 03:05:45', '', '2014-05-02 02:49:18', NULL, NULL, 1, 15, ''),
(28, 523, '2014-05-13', '2014-05-13', 1, NULL, 9, '2014-05-08 10:19:28', 1, 'almonda', '2014-05-08 10:05:06', 1, 'almonda', '2014-05-08 10:05:09', NULL, 1, 'mwamukoya', '2014-05-08 10:05:13', '', '2014-05-08 10:19:28', NULL, NULL, 1, 10, ''),
(37, 524, '2014-05-14', '2014-05-22', 7, NULL, 10, '2014-05-12 03:52:34', 1, 'salina', '2014-05-14 09:05:58', 1, 'almonda', '2014-05-14 09:05:40', NULL, 1, 'mwamukoya', '2014-05-14 08:05:33', '', '2014-05-12 03:52:34', NULL, NULL, 1, 17, ''),
(37, 525, '2014-05-23', '2014-05-27', 3, NULL, 10, '2014-05-12 03:53:27', 1, 'salina', '2014-05-14 09:05:27', 1, 'almonda', '2014-05-14 09:05:50', NULL, 1, 'mwamukoya', '2014-05-14 08:05:42', '', '2014-05-12 03:53:27', NULL, NULL, 7, 17, ''),
(38, 526, '2014-05-18', '2014-05-19', 2, NULL, 6, '2014-05-12 03:54:38', 1, 'elutwama', '2014-05-21 10:05:36', 1, 'almonda', '2014-05-21 01:05:22', NULL, 1, 'mwamukoya', '2014-05-14 08:05:47', '', '2014-05-12 03:54:38', NULL, NULL, 1, 10, ''),
(38, 527, '2014-05-30', '2014-05-30', 1, NULL, 5, '2014-05-12 03:55:13', 1, 'elutwama', '2014-05-21 10:05:49', 1, 'almonda', '2014-05-21 01:05:30', NULL, 1, 'mwamukoya', '2014-05-14 08:05:26', '', '2014-05-12 03:55:13', NULL, NULL, 1, 12, ''),
(55, 528, '2014-08-18', '2014-09-08', 16, NULL, 8, '2014-05-12 05:24:31', 1, 'kseljeflot', '2014-05-21 10:05:24', 1, 'almonda', '2014-05-21 01:05:41', NULL, 1, 'mwamukoya', '2014-05-14 08:05:33', '', '2014-05-12 05:24:31', NULL, NULL, 1, 4, 'Summer holiday'),
(44, 529, '2014-07-21', '2014-07-29', 7, NULL, 26, '2014-05-14 02:34:08', 1, 'salina', '2014-05-14 05:05:41', 1, 'almonda', '2014-05-14 08:05:31', NULL, 1, 'mwamukoya', '2014-05-14 02:05:00', '', '2014-05-14 02:34:08', NULL, NULL, 1, 24, ''),
(21, 530, '2014-05-12', '2014-05-16', 5, NULL, 22, '2014-05-19 10:42:26', 1, 'amsabeni', '2014-05-19 04:05:11', 1, 'almonda', '2014-05-20 09:05:31', NULL, 1, 'mwamukoya', '2014-05-19 12:05:41', '', '2014-05-19 10:42:26', NULL, NULL, 1, 36, ''),
(46, 531, '2014-05-26', '2014-05-26', 1, NULL, 16, '2014-05-19 11:53:52', 1, 'hmukoko', '2014-05-23 09:05:14', 1, 'almonda', '2014-05-23 09:05:50', NULL, 1, 'mwamukoya', '2014-05-19 12:05:36', '', '2014-05-19 11:53:52', NULL, NULL, 1, 24, 'Annual leave'),
(53, 532, '2014-05-30', '2014-06-03', 2, NULL, 19, '2014-05-21 09:50:35', 1, 'kseljeflot', '2014-05-21 10:05:16', 1, 'almonda', '2014-05-21 01:05:57', NULL, 1, 'mwamukoya', '2014-05-21 10:05:39', '', '2014-05-21 09:50:35', NULL, NULL, 1, 24, ''),
(28, 533, '2014-05-29', '2014-05-29', 1, NULL, 8, '2014-05-21 10:44:32', 1, 'almonda', '2014-07-07 08:07:43', 1, 'almonda', '2014-07-07 08:07:10', NULL, 1, 'mwamukoya', '2014-05-21 10:05:57', '', '2014-05-21 10:44:32', NULL, NULL, 1, 10, ''),
(12, 534, '2014-05-30', '2014-05-30', 1, NULL, 21, '2014-05-23 09:18:36', 1, 'elutwama', '2014-07-30 08:07:06', 1, 'almonda', '2014-07-30 08:07:41', NULL, 1, 'mwamukoya', '2014-05-23 10:05:47', '', '2014-05-23 09:18:36', NULL, NULL, 1, 31, ''),
(12, 535, '2014-06-02', '2014-06-02', 1, NULL, 20, '2014-05-23 09:19:10', 1, 'elutwama', '2014-07-30 08:07:58', 1, 'almonda', '2014-07-30 08:07:57', NULL, 1, 'mwamukoya', '2014-05-23 10:05:52', '', '2014-05-23 09:19:10', NULL, NULL, 1, 31, ''),
(22, 536, '2014-06-03', '2014-06-09', 5, NULL, 19, '2014-05-28 08:36:50', 1, 'ousainou', '2014-06-15 01:06:19', 1, 'almonda', '2014-06-15 06:06:51', NULL, 1, 'mwamukoya', '2014-05-28 08:05:18', '', '2014-05-28 08:36:50', NULL, '2014-06-09 10:49:07', 1, 40, ''),
(47, 537, '2014-05-30', '2014-05-30', 1, NULL, 21, '2014-05-28 12:18:49', 1, 'salina', '2014-06-09 12:06:26', 1, 'almonda', '2014-06-09 01:06:19', NULL, 1, 'mwamukoya', '2014-05-28 01:05:32', '', '2014-05-28 12:18:49', NULL, NULL, 1, 25, ''),
(8, 538, '2014-05-30', '2014-05-30', 1, NULL, 13, '2014-05-29 05:53:50', 1, 'ousainou', '2014-06-15 01:06:01', 1, 'almonda', '2014-06-15 06:06:00', NULL, 1, 'mwamukoya', '2014-05-30 08:05:19', '', '2014-05-29 05:53:50', NULL, NULL, 1, 18, ''),
(27, 539, '2014-06-03', '2014-06-03', 1, NULL, 11, '2014-05-30 11:38:58', 1, 'ousainou', '2014-06-15 01:06:32', 1, 'almonda', '2014-06-15 06:06:13', NULL, 1, 'mwamukoya', '2014-05-30 01:05:15', '', '2014-05-30 11:38:58', NULL, NULL, 1, 27, ''),
(11, 540, '2014-07-21', '2014-07-21', 1, NULL, 7, '2014-06-02 11:38:43', 1, 'kseljeflot', '2014-06-03 09:06:20', 1, 'almonda', '2014-06-03 09:06:46', NULL, 1, 'mwamukoya', '2014-06-03 08:06:26', '', '2014-06-02 11:38:43', NULL, NULL, 1, 36, ''),
(53, 541, '2014-06-20', '2014-06-23', 2, NULL, 17, '2014-06-04 06:35:44', 1, 'kseljeflot', '2014-06-04 11:06:59', 1, 'almonda', '2014-06-04 12:06:03', NULL, 1, 'mwamukoya', '2014-06-04 09:06:33', '', '2014-06-04 06:35:44', NULL, NULL, 1, 24, ''),
(26, 542, NULL, NULL, 5, NULL, 12, '2014-06-05 08:39:07', NULL, NULL, NULL, NULL, NULL, NULL, NULL, 1, 'mwamukoya', '2014-06-05 10:06:56', '', '2014-06-05 08:39:07', NULL, NULL, 1, 24, ''),
(14, 543, '2014-05-28', '2014-05-28', 1, NULL, 12, '2014-06-05 11:33:33', 1, 'kseljeflot', '2014-06-05 01:06:30', 1, 'almonda', '2014-06-05 01:06:16', NULL, 1, 'mwamukoya', '2014-06-05 01:06:28', '', '2014-06-05 11:33:33', NULL, NULL, 1, 24, 'I extended my leave by an extra day'),
(22, 544, '2014-06-10', '2014-06-13', 2, NULL, 19, '2014-06-09 10:47:48', 1, 'ousainou', '2014-06-15 01:06:46', 1, 'almonda', '2014-06-15 06:06:25', NULL, 1, 'mwamukoya', '2014-06-09 11:06:16', '', '2014-06-09 10:47:48', NULL, '2014-06-09 11:21:28', 1, 40, ''),
(31, 545, '2014-06-16', '2014-06-16', 1, NULL, 1, '2014-06-09 12:40:17', 1, 'salina', '2014-06-09 01:06:40', 1, 'almonda', '2014-06-09 01:06:37', NULL, 1, 'mwamukoya', '2014-06-09 01:06:35', '', '2014-06-09 12:40:17', NULL, NULL, 7, 5, ''),
(9, 546, '2014-06-23', '2014-07-04', 8, NULL, 13, '2014-06-11 04:19:51', 1, 'kseljeflot', '2014-06-12 08:06:07', 1, 'almonda', '2014-06-13 03:06:49', NULL, 1, 'mwamukoya', '2014-06-12 07:06:17', '', '2014-06-11 04:19:51', NULL, '2014-06-11 04:50:04', 1, 25, '8,5 days \r\nfrom 24/06 to 04/07 (morning only)'),
(9, 547, '2014-07-07', '2014-07-11', 5, NULL, 0, '2014-06-11 04:51:15', 1, 'kseljeflot', '2014-06-12 08:06:16', 1, 'almonda', '2014-06-13 03:06:59', NULL, 1, 'mwamukoya', '2014-06-12 07:06:22', '', '2014-06-11 04:51:15', NULL, '2014-06-11 04:51:49', 1, 25, 'From 07/07 pm to 11/07 - 4,5 days'),
(23, 548, '2014-06-18', '2014-06-18', 1, NULL, 1, '2014-06-12 10:09:42', 1, 'almonda', '2014-06-13 03:06:36', 1, 'almonda', '2014-06-13 06:06:32', NULL, 1, 'mwamukoya', '2014-06-12 10:06:35', '', '2014-06-12 10:09:42', NULL, NULL, 1, 5, ''),
(2, 549, '2014-06-27', '2014-06-27', 1, NULL, 14, '2014-06-15 06:22:32', 1, 'ousainou', '2014-06-16 09:06:25', 1, 'almonda', '2014-06-16 12:06:42', NULL, 1, 'mwamukoya', '2014-06-16 07:06:55', '', '2014-06-15 06:22:32', NULL, NULL, 1, 24, ''),
(2, 550, '2014-06-30', '2014-07-03', 4, NULL, 14, '2014-06-15 06:23:03', 1, 'ousainou', '2014-06-16 09:06:34', 1, 'almonda', '2014-06-16 12:06:33', NULL, 1, 'mwamukoya', '2014-06-16 07:06:08', '', '2014-06-15 06:23:03', NULL, NULL, 1, 24, ''),
(35, 551, '2014-06-18', '2014-06-20', 3, NULL, 6, '2014-06-17 09:27:34', NULL, NULL, NULL, NULL, NULL, NULL, NULL, 1, 'mwamukoya', '2014-06-17 11:06:35', '', '2014-06-17 09:27:34', NULL, NULL, 1, 14, ''),
(28, 552, '2014-06-26', '2014-06-27', 2, NULL, 6, '2014-06-17 11:06:09', 1, 'almonda', '2014-07-07 08:07:06', 1, 'almonda', '2014-07-07 08:07:24', NULL, 1, 'mwamukoya', '2014-06-17 11:06:17', '', '2014-06-17 11:06:09', NULL, NULL, 1, 10, ''),
(8, 553, '2014-06-20', '2014-06-20', 1, NULL, 12, '2014-06-18 07:29:31', 1, 'ousainou', '2014-06-19 08:06:43', 1, 'almonda', '2014-06-19 09:06:22', NULL, 1, 'mwamukoya', '2014-06-19 08:06:29', '', '2014-06-18 07:29:31', NULL, NULL, 1, 18, ''),
(56, 554, '2014-06-27', '2014-06-27', 1, NULL, 15, '2014-06-26 10:29:17', 1, 'kseljeflot', '2014-06-30 01:06:03', 1, 'almonda', '2014-07-07 08:07:01', NULL, 1, 'mwamukoya', '2014-06-30 07:06:45', '', '2014-06-26 10:29:17', NULL, NULL, 1, 24, ''),
(28, 555, '2014-07-02', '2014-06-02', 1, NULL, 5, '2014-06-30 07:47:08', 1, 'almonda', '2014-07-07 08:07:29', 1, 'almonda', '2014-07-07 08:07:49', NULL, 1, 'mwamukoya', '2014-06-30 08:06:46', '', '2014-06-30 07:47:08', NULL, NULL, 1, 10, ''),
(23, 556, '2014-07-01', '2014-07-01', 1, NULL, 0, '2014-06-30 12:46:45', 1, 'almonda', '2014-07-07 08:07:22', 1, 'almonda', '2014-07-07 08:07:41', NULL, 1, 'mwamukoya', '2014-06-30 12:06:01', '', '2014-06-30 12:46:45', NULL, NULL, 1, 5, ''),
(51, 557, '2014-07-03', '2014-07-16', 10, NULL, 0, '2014-07-02 08:48:50', NULL, NULL, NULL, NULL, NULL, NULL, NULL, 1, 'mwamukoya', '2014-07-03 09:07:14', '', '2014-07-02 08:48:50', NULL, NULL, 8, 10, 'Paternity Leave'),
(44, 558, '2014-07-07', '2014-07-07', 1, NULL, 17, '2014-07-04 01:27:08', 1, 'salina', '2014-07-10 02:07:11', 1, 'almonda', '2014-07-10 02:07:47', NULL, 1, 'mwamukoya', '2014-07-04 02:07:49', '', '2014-07-04 01:27:08', NULL, NULL, 1, 24, ''),
(53, 559, '2014-07-14', '2014-07-14', 1, NULL, 16, '2014-07-08 09:31:00', 1, 'kseljeflot', '2014-07-08 11:07:06', 1, 'almonda', '2014-07-08 12:07:25', NULL, 1, 'mwamukoya', '2014-07-08 10:07:44', '', '2014-07-08 09:31:00', NULL, '2014-07-08 09:31:23', 1, 24, ''),
(46, 560, '2014-07-14', '2014-07-14', 1, NULL, 15, '2014-07-08 02:30:06', 1, 'hmukoko', '2014-07-10 10:07:09', 1, 'almonda', '2014-07-10 10:07:53', NULL, 1, 'mwamukoya', '2014-07-08 02:07:03', '', '2014-07-08 02:30:06', NULL, NULL, 1, 24, 'Annual leave'),
(31, 561, '2014-07-14', '2014-07-14', 1, NULL, 0, '2014-07-10 02:04:33', 1, 'salina', '2014-07-10 02:07:39', 1, 'almonda', '2014-07-10 02:07:57', NULL, 1, 'mwamukoya', '2014-07-10 02:07:58', '', '2014-07-10 02:04:33', NULL, NULL, 7, 5, ''),
(8, 562, '2014-07-14', '2014-07-14', 1, NULL, 11, '2014-07-15 08:54:27', 1, 'ousainou', '2014-07-24 07:07:12', 1, 'almonda', '2014-07-25 07:07:54', NULL, 1, 'mwamukoya', '2014-07-15 09:07:45', '', '2014-07-15 08:54:27', NULL, NULL, 1, 18, ''),
(19, 563, '2014-07-15', '2014-08-22', 20, NULL, -13, '2014-07-15 09:50:29', 1, 'amsabeni', '2014-07-15 10:07:47', 1, 'almonda', '2014-07-15 11:07:06', NULL, 1, 'mwamukoya', '2014-07-15 10:07:09', '', '2014-07-15 09:50:29', NULL, '2014-07-15 09:51:03', 1, 25, ''),
(28, 564, '2014-07-29', '2014-07-29', 1, NULL, 4, '2014-07-17 06:47:31', 1, 'almonda', '2014-07-17 08:07:06', 1, 'almonda', '2014-07-17 01:07:45', NULL, 1, 'mwamukoya', '2014-07-17 06:07:35', '', '2014-07-17 06:47:31', NULL, NULL, 1, 10, ''),
(28, 565, '2014-08-12', '2014-08-12', 1, NULL, 7, '2014-07-17 06:49:06', 1, 'almonda', '2014-07-17 08:07:28', 1, 'almonda', '2014-07-17 01:07:00', NULL, 1, 'mwamukoya', '2014-07-17 06:07:45', '', '2014-07-17 06:49:06', NULL, NULL, 1, 14, ''),
(28, 566, '2014-09-03', '2014-09-03', 1, NULL, 6, '2014-07-17 06:49:32', 1, 'almonda', '2014-07-17 08:07:17', 1, 'almonda', '2014-07-17 01:07:09', NULL, 1, 'mwamukoya', '2014-07-17 06:07:51', '', '2014-07-17 06:49:32', NULL, '2014-07-17 06:50:42', 1, 14, ''),
(41, 567, '2014-07-18', '2014-07-21', 2, NULL, 14, '2014-07-17 09:03:47', 1, 'salina', '2014-07-17 10:07:58', 1, 'almonda', '2014-07-17 01:07:22', NULL, 1, 'mwamukoya', '2014-07-17 09:07:08', '', '2014-07-17 09:03:47', NULL, NULL, 7, 25, ''),
(44, 568, '2014-08-22', '2014-08-26', 2, NULL, 15, '2014-07-18 02:51:43', 1, 'salina', '2014-07-18 06:07:21', 1, 'almonda', '2014-07-21 08:07:19', NULL, 1, 'mwamukoya', '2014-07-18 02:07:39', '', '2014-07-18 02:51:43', NULL, '2014-07-18 02:53:29', 1, 24, ''),
(44, 569, '2014-08-28', '2014-08-29', 2, NULL, 13, '2014-07-18 02:53:55', 1, 'salina', '2014-07-18 06:07:01', 1, 'almonda', '2014-07-21 08:07:29', NULL, 1, 'mwamukoya', '2014-07-18 02:07:43', '', '2014-07-18 02:53:55', NULL, '2014-07-18 02:54:06', 1, 24, ''),
(44, 570, '2014-09-08', '2014-09-15', 6, NULL, 7, '2014-07-18 02:55:13', 1, 'salina', '2014-07-18 06:07:51', 1, 'almonda', '2014-07-21 08:07:39', NULL, 1, 'mwamukoya', '2014-07-18 02:07:48', '', '2014-07-18 02:55:13', NULL, NULL, 1, 24, ''),
(31, 594, '2014-08-21', '2014-08-29', 7, NULL, 5, '2014-08-08 12:14:13', 1, 'salina', '2014-08-08 02:08:08', 1, 'almonda', '2014-08-08 02:08:46', NULL, 1, 'mwamukoya', '2014-08-08 12:08:23', '', '2014-08-08 12:14:13', NULL, NULL, 1, 12, ''),
(38, 572, '2014-07-25', '2014-07-25', 1, NULL, 11, '2014-07-23 10:00:04', 1, 'elutwama', '2014-07-30 08:07:13', 1, 'almonda', '2014-07-30 09:07:09', NULL, 1, 'mwamukoya', '2014-07-23 01:07:23', '', '2014-07-23 10:00:04', NULL, NULL, 1, 14, ''),
(38, 573, '2014-07-28', '2014-07-28', 1, NULL, 9, '2014-07-23 10:00:33', 1, 'elutwama', '2014-07-30 08:07:19', 1, 'almonda', '2014-07-30 09:07:20', NULL, 1, 'mwamukoya', '2014-07-23 01:07:29', '', '2014-07-23 10:00:33', NULL, NULL, 1, 14, ''),
(35, 574, '2014-08-07', '2014-08-13', 5, NULL, 1, '2014-07-24 09:15:57', 1, 'woluoch', '2014-07-24 10:07:57', 1, 'almonda', '2014-07-24 12:07:21', NULL, 1, 'mwamukoya', '2014-07-24 09:07:28', '', '2014-07-24 09:15:57', NULL, NULL, 1, 14, ''),
(23, 575, '2014-08-04', '2014-08-04', 1, NULL, 18, '2014-07-24 10:25:04', 1, 'almonda', '2014-07-24 12:07:21', 1, 'almonda', '2014-07-24 12:07:35', NULL, 1, 'mwamukoya', '2014-07-24 10:07:41', '', '2014-07-24 10:25:04', NULL, '2014-07-24 10:28:50', 1, 5, 'For Exams'),
(23, 576, '2014-08-06', '2014-08-06', 1, NULL, 17, '2014-07-24 10:26:26', 1, 'almonda', '2014-07-24 12:07:36', 1, 'almonda', '2014-07-24 12:07:02', NULL, 1, 'mwamukoya', '2014-07-24 10:07:48', '', '2014-07-24 10:26:26', NULL, NULL, 1, 5, 'For Exams'),
(23, 577, '2014-08-08', '2014-08-12', 3, NULL, 14, '2014-07-24 10:28:07', 1, 'almonda', '2014-07-24 12:07:51', 1, 'almonda', '2014-07-24 12:07:44', NULL, 1, 'mwamukoya', '2014-07-24 10:07:53', '', '2014-07-24 10:28:07', NULL, '2014-07-24 10:29:42', 1, 5, ''),
(23, 578, '2014-08-14', '2014-08-18', 3, NULL, 11, '2014-07-24 10:31:01', 1, 'almonda', '2014-07-24 12:07:03', 1, 'almonda', '2014-07-24 12:07:54', NULL, 1, 'mwamukoya', '2014-07-24 10:07:41', '', '2014-07-24 10:31:01', NULL, NULL, 1, 5, ''),
(20, 579, '2014-07-29', '2014-08-01', 4, NULL, 41, '2014-07-24 10:48:04', 1, 'fmbaye', '2014-07-25 12:07:46', 1, 'almonda', '2014-07-25 01:07:31', NULL, 1, 'mwamukoya', '2014-07-24 10:07:46', '', '2014-07-24 10:48:04', NULL, NULL, 1, 53, ''),
(26, 580, '2014-07-28', '2014-07-30', 2, NULL, 12, '2014-07-24 12:49:46', 1, 'szuriel', '2014-07-24 08:07:59', 1, 'almonda', '2014-07-25 07:07:07', NULL, 1, 'mwamukoya', '2014-07-24 01:07:02', '', '2014-07-24 12:49:46', NULL, NULL, 1, 24, '2 days annual leave (29 being Ramadhan holiday)'),
(33, 581, '2014-07-28', '2014-08-15', 14, NULL, 34, '2014-07-24 07:48:54', 1, 'ousainou', '2014-08-09 11:08:45', 1, 'almonda', '2014-08-09 11:08:48', NULL, 1, 'mwamukoya', '2014-07-25 08:07:13', '', '2014-07-24 07:48:54', NULL, NULL, 1, 30, 'Will work 2 days within this period in Dakar, Senegal'),
(47, 582, '2014-07-21', '2014-08-01', 9, NULL, 12, '2014-07-24 08:25:43', 1, 'salina', '2014-07-25 08:07:09', 1, 'almonda', '2014-07-25 08:07:04', NULL, 1, 'mwamukoya', '2014-07-25 08:07:50', '', '2014-07-24 08:25:43', NULL, NULL, 1, 25, 'Note:  Tuesday 29th is a public holiday (Idd ul Fitr)'),
(23, 583, '2014-07-28', '2014-07-28', 1, NULL, 10, '2014-07-25 11:46:04', 1, 'almonda', '2014-07-25 01:07:02', 1, 'almonda', '2014-07-25 01:07:43', NULL, 1, 'mwamukoya', '2014-07-25 12:07:09', '', '2014-07-25 11:46:04', NULL, NULL, 1, 5, ''),
(37, 584, '2014-07-30', '2014-08-01', 3, NULL, 21, '2014-07-25 12:26:27', 1, 'salina', '2014-07-25 01:07:24', 1, 'almonda', '2014-07-25 01:07:54', NULL, 1, 'mwamukoya', '2014-07-25 12:07:17', '', '2014-07-25 12:26:27', NULL, NULL, 1, 24, ''),
(37, 585, '2014-07-28', '2014-07-28', 1, NULL, 21, '2014-07-25 12:27:10', 1, 'salina', '2014-07-25 01:07:35', 1, 'almonda', '2014-07-25 01:07:05', NULL, 1, 'mwamukoya', '2014-07-25 12:07:26', '', '2014-07-25 12:27:10', NULL, NULL, 7, 24, ''),
(27, 586, '2014-08-06', '2014-08-08', 3, NULL, 24, '2014-08-01 09:35:24', 1, 'ousainou', '2014-08-02 10:08:51', 1, 'almonda', '2014-08-03 03:08:03', NULL, 1, 'mwamukoya', '2014-08-01 09:08:25', '', '2014-08-01 09:35:24', NULL, NULL, 1, 27, ''),
(52, 641, '2014-10-21', '2014-10-22', 2, NULL, 18, '2014-10-14 07:05:24', NULL, NULL, NULL, NULL, NULL, NULL, NULL, 1, 'mwamukoya', '2014-10-15 05:10:45', '', '2014-10-14 07:05:24', NULL, '2014-10-14 07:05:53', 1, 24, 'annual leave'),
(56, 590, '2014-08-08', '2014-08-08', 1, NULL, 14, '2014-08-05 12:12:18', 1, 'kseljeflot', '2014-08-18 02:08:30', 1, 'almonda', '2014-08-20 08:08:09', NULL, 1, 'mwamukoya', '2014-08-05 12:08:58', '', '2014-08-05 12:12:18', NULL, NULL, 1, 24, 'Memorial Service'),
(28, 591, '2014-08-11', '2014-08-11', 1, NULL, 12, '2014-08-06 09:37:08', 1, 'almonda', '2014-08-07 07:08:58', 1, 'almonda', '2014-08-07 07:08:45', NULL, 1, 'mwamukoya', '2014-08-07 06:08:16', '', '2014-08-06 09:37:08', NULL, '2014-08-06 09:38:01', 1, 14, ''),
(56, 595, '2014-08-15', '2014-08-15', 1, NULL, 23, '2014-08-13 11:17:34', 1, 'kseljeflot', '2014-08-18 02:08:19', 1, 'almonda', '2014-08-20 08:08:20', NULL, 1, 'mwamukoya', '2014-08-13 01:08:05', '', '2014-08-13 11:17:34', NULL, NULL, 3, 24, 'TO ATTEND FUNERAL OF WIFE''S BROTHER (BROTHER IN LAW)'),
(2, 596, '2014-08-18', '2014-08-19', 2, NULL, 14, '2014-08-15 01:21:31', 1, 'ousainou', '2014-08-16 09:08:52', 1, 'almonda', '2014-08-20 08:08:32', NULL, 1, 'mwamukoya', '2014-08-15 01:08:17', '', '2014-08-15 01:21:31', NULL, NULL, 1, 24, ''),
(47, 597, '2014-08-18', '2014-08-18', 1, NULL, 11, '2014-08-18 06:47:27', 1, 'salina', '2014-08-20 06:08:45', 1, 'almonda', '2014-08-20 08:08:42', NULL, 1, 'mwamukoya', '2014-08-18 08:08:43', '', '2014-08-18 06:47:27', NULL, NULL, 1, 25, ''),
(38, 598, '2014-08-25', '2014-08-29', 5, NULL, 10, '2014-08-19 04:12:32', NULL, NULL, NULL, NULL, NULL, NULL, NULL, 1, 'mwamukoya', '2014-08-20 08:08:59', '', '2014-08-19 04:12:32', NULL, '2014-08-19 04:13:07', 1, 14, 'Annual leave request'),
(38, 599, '2014-09-01', '2014-09-05', 5, NULL, 5, '2014-08-19 04:13:48', NULL, NULL, NULL, NULL, NULL, NULL, NULL, 1, 'mwamukoya', '2014-08-20 08:08:05', '', '2014-08-19 04:13:48', NULL, NULL, 1, 14, ''),
(21, 600, '2014-08-21', '2014-08-29', 7, NULL, 22, '2014-08-20 08:24:14', 1, 'amsabeni', '2014-08-21 09:08:14', 1, 'almonda', '2014-08-21 10:08:46', NULL, 1, 'mwamukoya', '2014-08-20 01:08:37', '', '2014-08-20 08:24:14', NULL, NULL, 1, 36, ''),
(22, 601, '2014-08-22', '2014-08-22', 1, NULL, 18, '2014-08-20 01:46:31', 1, 'ousainou', '2014-08-21 09:08:53', 1, 'almonda', '2014-08-21 10:08:00', NULL, 1, 'mwamukoya', '2014-08-20 01:08:45', '', '2014-08-20 01:46:31', NULL, NULL, 1, 40, ''),
(27, 603, '2014-08-22', '2014-08-22', 1, NULL, 23, '2014-08-21 09:22:21', 1, 'ousainou', '2014-08-21 09:08:02', 1, 'almonda', '2014-08-21 10:08:31', NULL, 1, 'mwamukoya', '2014-08-21 11:08:37', '', '2014-08-21 09:22:21', NULL, NULL, 1, 27, ''),
(34, 604, '2014-09-01', '2014-09-22', 16, NULL, 9, '2014-08-21 12:03:53', 1, 'woluoch', '2014-08-21 12:08:56', 1, 'almonda', '2014-08-21 12:08:43', NULL, 1, 'mwamukoya', '2014-08-21 12:08:02', '', '2014-08-21 12:03:53', NULL, NULL, 1, 24, ''),
(50, 605, '2014-09-05', '2014-09-08', 2, NULL, 22, '2014-08-21 03:53:37', 1, 'kseljeflot', '2014-08-22 02:08:43', 1, 'almonda', '2014-08-26 10:08:44', NULL, 1, 'mwamukoya', '2014-08-22 12:08:06', '', '2014-08-21 03:53:37', NULL, NULL, 1, 24, 'Holidays'),
(45, 606, '2014-09-03', '2014-09-12', 8, NULL, 11, '2014-08-22 02:43:56', 1, 'michelle', '2014-09-15 12:09:57', 1, 'almonda', '2014-09-18 11:09:22', NULL, 1, 'mwamukoya', '2014-08-25 06:08:04', '', '2014-08-22 02:43:56', NULL, '2014-08-26 01:10:57', 1, 24, 'Annual leave'),
(14, 607, '2014-08-28', '2014-08-29', 2, NULL, 12, '2014-08-26 08:19:56', 1, 'kseljeflot', '2014-08-26 10:08:02', 1, 'almonda', '2014-08-26 10:08:59', NULL, 1, 'mwamukoya', '2014-08-26 10:08:54', '', '2014-08-26 08:19:56', NULL, NULL, 1, 24, 'I have an urgent family matter I need to attend to'),
(53, 608, '2014-09-01', '2014-09-01', 1, NULL, 15, '2014-08-26 09:06:39', 1, 'kseljeflot', '2014-08-26 10:08:12', 1, 'almonda', '2014-08-26 10:08:11', NULL, 1, 'mwamukoya', '2014-08-26 10:08:48', '', '2014-08-26 09:06:39', NULL, NULL, 1, 24, ''),
(46, 609, '2014-09-11', '2014-09-17', 5, NULL, 15, '2014-08-26 09:52:04', 1, 'hmukoko', '2014-09-02 08:09:12', 1, 'almonda', '2014-09-10 10:09:58', NULL, 1, 'mwamukoya', '2014-08-26 10:08:42', '', '2014-08-26 09:52:04', NULL, NULL, 6, 24, 'Exams'),
(46, 610, '2014-08-18', '2014-08-18', 1, NULL, 14, '2014-08-26 09:53:03', 1, 'hmukoko', '2014-09-02 08:09:58', 1, 'almonda', '2014-09-10 10:09:08', NULL, 1, 'mwamukoya', '2014-08-26 10:08:36', '', '2014-08-26 09:53:03', NULL, NULL, 1, 24, 'Sit for my exams'),
(28, 611, '2014-09-01', '2014-09-01', 1, NULL, 11, '2014-08-28 10:46:17', 1, 'almonda', '2014-08-28 10:08:01', 1, 'almonda', '2014-08-28 10:08:06', NULL, 1, 'mwamukoya', '2014-08-28 10:08:14', '', '2014-08-28 10:46:17', NULL, NULL, 1, 14, ''),
(51, 612, '2014-09-15', '2014-09-19', 5, NULL, 19, '2014-09-04 01:03:37', NULL, NULL, NULL, NULL, NULL, NULL, NULL, 1, 'mwamukoya', '2014-09-04 01:09:40', '', '2014-09-04 01:03:37', NULL, NULL, 1, 24, ''),
(2, 613, '2014-09-11', '2014-09-17', 5, NULL, 14, '2014-09-09 07:25:55', 1, 'ousainou', '2014-09-10 09:09:49', 1, 'almonda', '2014-09-10 10:09:22', NULL, 1, 'mwamukoya', '2014-09-17 11:09:04', '', '2014-09-09 07:25:55', NULL, NULL, 3, 24, ''),
(2, 614, '2014-09-18', '2014-09-18', 1, NULL, 13, '2014-09-09 07:28:07', 1, 'ousainou', '2014-09-10 09:09:35', 1, 'almonda', '2014-09-10 10:09:33', NULL, 1, 'mwamukoya', '2014-09-09 08:09:32', '', '2014-09-09 07:28:07', NULL, NULL, 1, 24, ''),
(27, 615, '2014-09-08', '2014-09-09', 2, NULL, 21, '2014-09-10 08:40:44', 1, 'ousainou', '2014-09-10 09:09:56', 1, 'almonda', '2014-09-10 10:09:42', NULL, 1, 'mwamukoya', '2014-09-10 09:09:42', '', '2014-09-10 08:40:44', NULL, NULL, 1, 27, ''),
(11, 616, '2014-09-26', '2014-09-26', 1, NULL, 6, '2014-09-15 09:03:04', 1, 'kseljeflot', '2014-09-15 10:09:19', 1, 'almonda', '2014-09-18 11:09:39', NULL, 1, 'mwamukoya', '2014-09-15 09:09:12', '', '2014-09-15 09:03:04', NULL, NULL, 1, 36, ''),
(11, 617, '2014-10-17', '2014-10-17', 1, NULL, 5, '2014-09-15 09:04:24', 1, 'kseljeflot', '2014-09-15 10:09:28', 1, 'almonda', '2014-09-18 11:09:55', NULL, 1, 'mwamukoya', '2014-09-15 09:09:17', '', '2014-09-15 09:04:24', NULL, NULL, 1, 36, ''),
(14, 618, '2014-09-24', '2014-09-30', 5, NULL, 12, '2014-09-17 02:47:39', 1, 'kseljeflot', '2014-09-18 07:09:16', 1, 'almonda', '2014-09-18 11:09:15', NULL, 1, 'mwamukoya', '2014-09-18 05:09:44', '', '2014-09-17 02:47:39', NULL, NULL, 1, 24, 'I''d like to take all my 5 remaining leave days prior to departure'),
(2, 619, '2014-09-29', '2014-09-29', 1, NULL, 12, '2014-09-29 02:52:18', 1, 'ousainou', '2014-09-30 01:09:23', 1, 'almonda', '2014-09-30 02:09:13', NULL, 1, 'mwamukoya', '2014-09-30 05:09:49', '', '2014-09-29 02:52:18', NULL, NULL, 9, 24, ''),
(56, 672, '2014-11-25', '2014-11-25', 1, NULL, 13, '2014-11-24 10:45:50', 1, 'kseljeflot', '2014-11-24 03:11:20', 1, 'almonda', '2014-11-27 10:11:18', NULL, 1, 'mwamukoya', '2014-11-24 11:11:33', '', '2014-11-24 10:45:50', NULL, NULL, 1, 14, ''),
(50, 621, '2014-10-29', '2014-10-29', 1, NULL, 21, '2014-10-03 11:07:13', 1, 'kseljeflot', '2014-10-06 07:10:06', 1, 'almonda', '2014-10-06 07:10:52', NULL, 1, 'mwamukoya', '2014-10-03 11:10:35', '', '2014-10-03 11:07:13', NULL, NULL, 1, 24, 'Holidays'),
(8, 622, '2014-10-03', '2014-10-03', 1, NULL, 10, '2014-10-06 01:31:06', 1, 'ousainou', '2014-10-07 06:10:37', 1, 'almonda', '2014-10-07 07:10:01', NULL, 1, 'mwamukoya', '2014-10-07 05:10:59', '', '2014-10-06 01:31:06', NULL, NULL, 7, 18, 'Resting after mission to Northern Uganda and working two Sundays in a row.'),
(23, 624, '2014-10-13', '2014-10-13', 1, NULL, 9, '2014-10-08 07:39:47', 1, 'almonda', '2014-10-08 08:10:33', 1, 'almonda', '2014-10-10 06:10:15', NULL, 1, 'mwamukoya', '2014-10-08 11:10:53', '', '2014-10-08 07:39:47', NULL, NULL, 1, 5, ''),
(22, 625, '2014-10-10', '2014-10-10', 1, NULL, 17, '2014-10-08 09:31:15', 1, 'ousainou', '2014-10-08 12:10:36', 1, 'almonda', '2014-10-08 08:10:03', NULL, 1, 'mwamukoya', '2014-10-08 11:10:59', '', '2014-10-08 09:31:15', NULL, NULL, 1, 40, ''),
(26, 684, '2014-12-04', '2014-12-04', 1, NULL, 11, '2014-12-01 07:56:08', NULL, NULL, NULL, NULL, NULL, NULL, NULL, 1, 'mwamukoya', '2014-12-01 08:12:26', '', '2014-12-01 07:56:08', NULL, NULL, 1, 24, 'annual leave'),
(12, 626, '2014-08-26', '2014-08-27', 2, NULL, 18, '2014-10-09 06:29:37', 1, 'elutwama', '2014-12-16 01:12:09', 1, 'almonda', '2014-12-17 01:12:01', NULL, 1, 'mwamukoya', '2014-10-09 02:10:49', '', '2014-10-09 06:29:37', NULL, NULL, 1, 31, ''),
(12, 628, '2014-10-16', '2014-10-17', 2, NULL, 16, '2014-10-09 06:31:00', NULL, NULL, NULL, NULL, NULL, NULL, NULL, 1, 'mwamukoya', '2014-10-09 02:10:55', '', '2014-10-09 06:31:00', NULL, NULL, 1, 31, ''),
(8, 629, '2014-10-17', '2014-10-17', 1, NULL, 9, '2014-10-09 01:39:08', 1, 'ousainou', '2014-10-15 06:10:30', 1, 'almonda', '2014-10-15 07:10:34', NULL, 1, 'mwamukoya', '2014-10-09 02:10:59', '', '2014-10-09 01:39:08', NULL, NULL, 1, 18, ''),
(56, 630, '2014-10-10', '2014-10-10', 1, NULL, 49, '2014-10-09 02:04:00', 1, 'kseljeflot', '2014-10-09 02:10:40', 1, 'almonda', '2014-10-10 06:10:29', NULL, 1, 'mwamukoya', '2014-10-09 02:10:04', '', '2014-10-09 02:04:00', NULL, NULL, 7, 50, ''),
(8, 631, '2014-10-31', '2014-10-31', 1, NULL, 8, '2014-10-09 03:17:53', 1, 'ousainou', '2014-10-15 06:10:03', 1, 'almonda', '2014-10-15 07:10:45', NULL, 1, 'mwamukoya', '2014-10-15 05:10:52', '', '2014-10-09 03:17:53', NULL, NULL, 1, 18, ''),
(53, 632, '2014-09-17', '2014-09-18', 2, NULL, 13, '2014-10-13 06:43:29', 1, 'kseljeflot', '2014-10-15 08:10:19', 1, 'almonda', '2014-10-15 09:10:59', NULL, 1, 'mwamukoya', '2014-10-15 05:10:59', '', '2014-10-13 06:43:29', NULL, NULL, 1, 24, ''),
(53, 633, '2014-10-17', '2014-10-21', 2, NULL, 11, '2014-10-13 06:44:22', 1, 'kseljeflot', '2014-10-15 08:10:16', 1, 'almonda', '2014-10-15 09:10:58', NULL, 1, 'mwamukoya', '2014-10-15 05:10:19', '', '2014-10-13 06:44:22', NULL, NULL, 1, 24, ''),
(53, 634, '2014-10-14', '2014-10-14', 1, NULL, 11, '2014-10-13 06:44:45', 1, 'kseljeflot', '2014-10-15 11:10:23', 1, 'almonda', '2014-10-15 01:10:45', NULL, 1, 'mwamukoya', '2014-10-15 05:10:12', '', '2014-10-13 06:44:45', NULL, '2014-10-15 08:09:21', 7, 24, ''),
(20, 635, '2014-10-21', '2014-10-22', 2, NULL, 39, '2014-10-13 07:26:47', NULL, NULL, NULL, NULL, NULL, NULL, NULL, 1, 'mwamukoya', '2014-10-15 05:10:29', '', '2014-10-13 07:26:47', NULL, NULL, 1, 53, ''),
(20, 636, '2014-10-28', '2014-10-28', 1, NULL, 38, '2014-10-13 07:28:15', NULL, NULL, NULL, NULL, NULL, NULL, NULL, 1, 'mwamukoya', '2014-10-15 05:10:36', '', '2014-10-13 07:28:15', NULL, NULL, 1, 53, ''),
(20, 637, '2014-11-19', '2014-10-24', 3, NULL, 35, '2014-10-13 07:29:34', NULL, NULL, NULL, NULL, NULL, NULL, NULL, 1, 'mwamukoya', '2014-10-15 05:10:42', '', '2014-10-13 07:29:34', NULL, '2014-11-04 09:13:51', 1, 53, ''),
(47, 638, '2014-10-15', '2014-10-16', 2, NULL, 9, '2014-10-13 02:08:08', 1, 'salina', '2014-10-15 06:10:15', 1, 'almonda', '2014-10-15 07:10:58', NULL, 1, 'mwamukoya', '2014-10-15 05:10:49', '', '2014-10-13 02:08:08', NULL, NULL, 1, 25, ''),
(31, 639, '2014-10-17', '2014-10-17', 1, NULL, 4, '2014-10-13 02:11:52', NULL, NULL, NULL, NULL, NULL, NULL, NULL, 1, 'mwamukoya', '2014-10-15 05:10:59', '', '2014-10-13 02:11:52', NULL, NULL, 1, 12, ''),
(52, 640, '2014-10-16', '2014-10-17', 2, NULL, 18, '2014-10-14 07:02:43', NULL, NULL, NULL, NULL, NULL, NULL, NULL, 1, 'mwamukoya', '2014-10-15 05:10:09', '', '2014-10-14 07:02:43', NULL, NULL, 7, 24, 'working in mt. Elgon over the weekend  on 11th and returned 12th October 2014. '),
(41, 642, '2014-10-21', '2014-10-22', 2, NULL, 14, '2014-10-14 08:29:35', 1, 'salina', '2014-10-15 06:10:57', 1, 'almonda', '2014-10-15 07:10:21', NULL, 1, 'mwamukoya', '2014-10-15 05:10:20', '', '2014-10-14 08:29:35', NULL, NULL, 7, 25, ''),
(41, 643, '2014-10-23', '2014-10-24', 2, NULL, 14, '2014-10-14 08:30:22', 1, 'salina', '2014-10-15 06:10:57', 1, 'almonda', '2014-10-15 07:10:37', NULL, 1, 'mwamukoya', '2014-10-15 05:10:30', '', '2014-10-14 08:30:22', NULL, NULL, 1, 25, ''),
(2, 644, '2014-10-14', '2014-10-14', 1, NULL, 11, '2014-10-14 01:31:32', 1, 'ousainou', '2014-10-15 06:10:37', 1, 'almonda', '2014-10-15 07:10:47', NULL, 1, 'mwamukoya', '2014-10-15 05:10:39', '', '2014-10-14 01:31:32', NULL, NULL, 7, 24, ''),
(28, 645, '2014-10-12', '2014-10-13', 2, NULL, 14, '2014-10-15 05:07:13', 1, 'almonda', '2014-10-15 07:10:27', 1, 'almonda', '2014-10-15 07:10:59', NULL, 1, 'mwamukoya', '2014-10-15 05:10:45', '', '2014-10-15 05:07:13', NULL, NULL, 2, 14, ''),
(28, 646, '2014-10-28', '2014-10-28', 1, NULL, 13, '2014-10-15 05:07:42', 1, 'almonda', '2014-10-15 07:10:40', 1, 'almonda', '2014-10-15 07:10:09', NULL, 1, 'mwamukoya', '2014-10-15 05:10:52', '', '2014-10-15 05:07:42', NULL, NULL, 1, 14, '');
INSERT INTO mysqldb.tbl_leaveapplic (empid_fk, id, datefrom, dateto, numdays, leaveaddress, leavebal, dateapplied, approved, approvedby, dateapproved, authorised, authorisedby, dateauthorised, pnumber, confirmed, confirmedby, dateconfirmed, addedby, dateadded, sessid, lastupdated, leavetype, entitlement, comments) VALUES
(53, 647, '2014-10-16', '2014-10-16', 1, NULL, 11, '2014-10-15 08:09:09', 1, 'kseljeflot', '2014-10-15 11:10:32', 1, 'almonda', '2014-10-15 01:10:57', NULL, 1, 'mwamukoya', '2014-10-15 09:10:08', '', '2014-10-15 08:09:09', NULL, NULL, 7, 24, ''),
(23, 648, '2014-10-24', '2014-10-24', 1, NULL, 8, '2014-10-15 10:43:53', 1, 'almonda', '2014-10-23 02:10:33', 1, 'almonda', '2014-10-23 04:10:29', NULL, 1, 'mwamukoya', '2014-10-15 11:10:58', '', '2014-10-15 10:43:53', NULL, NULL, 1, 5, ''),
(26, 649, '2014-10-21', '2014-10-22', 2, NULL, 12, '2014-10-17 01:16:39', 1, 'szuriel', '2014-10-22 02:10:53', 1, 'almonda', '2014-10-23 06:10:35', NULL, 1, 'mwamukoya', '2014-10-21 05:10:27', '', '2014-10-17 01:16:39', NULL, NULL, 1, 24, 'annual leave'),
(51, 650, '2014-11-03', '2014-11-07', 5, NULL, 14, '2014-10-21 06:06:38', NULL, NULL, NULL, NULL, NULL, NULL, NULL, 1, 'mwamukoya', '2014-10-21 06:10:05', '', '2014-10-21 06:06:38', NULL, '2014-10-21 06:07:15', 1, 19, ''),
(34, 651, '2014-10-26', '2014-10-27', 2, NULL, 6, '2014-10-23 11:42:50', 1, 'woluoch', '2014-10-27 06:10:38', 1, 'almonda', '2014-10-27 07:10:56', NULL, 1, 'mwamukoya', '2014-10-27 05:10:40', '', '2014-10-23 11:42:50', NULL, NULL, 1, 8, ''),
(53, 652, '2014-10-24', '2014-10-24', 1, NULL, 10, '2014-10-27 04:18:01', 1, 'kseljeflot', '2014-10-27 06:10:30', 1, 'almonda', '2014-10-27 07:10:08', NULL, 1, 'mwamukoya', '2014-10-27 05:10:47', '', '2014-10-27 04:18:01', NULL, NULL, 1, 24, ''),
(53, 653, '2014-10-30', '2014-10-31', 2, NULL, 8, '2014-10-28 06:31:31', 1, 'kseljeflot', '2014-10-29 08:10:36', 1, 'almonda', '2014-10-29 09:10:04', NULL, 1, 'mwamukoya', '2014-10-29 04:10:56', '', '2014-10-28 06:31:31', NULL, NULL, 1, 24, ''),
(38, 654, '2014-11-03', '2014-11-03', 1, NULL, 6, '2014-10-29 06:38:47', 1, 'elutwama', '2014-12-16 01:12:50', 1, 'almonda', '2014-12-17 01:12:10', NULL, 1, 'mwamukoya', '2014-10-30 06:10:09', '', '2014-10-29 06:38:47', NULL, NULL, 1, 20, 'Dear Elijah,\r\nFor your kind approval.'),
(23, 655, '2014-11-07', '2014-11-07', 1, NULL, 7, '2014-11-03 06:35:13', 1, 'almonda', '2014-11-04 12:11:07', 1, 'almonda', '2014-11-05 05:11:11', NULL, 1, 'mwamukoya', '2014-11-03 06:11:52', '', '2014-11-03 06:35:13', NULL, NULL, 1, 5, ''),
(20, 656, '2014-11-06', '2014-11-07', 2, NULL, 33, '2014-11-04 09:13:19', NULL, NULL, NULL, NULL, NULL, NULL, NULL, 1, 'mwamukoya', '2014-11-04 09:11:01', '', '2014-11-04 09:13:19', NULL, NULL, 1, 53, ''),
(11, 657, '2014-12-22', '2014-12-23', 2, NULL, 3, '2014-11-05 04:16:34', 1, 'kseljeflot', '2014-11-06 08:11:18', 1, 'almonda', '2014-11-06 08:11:13', NULL, 1, 'mwamukoya', '2014-11-06 08:11:01', '', '2014-11-05 04:16:34', NULL, NULL, 1, 36, ''),
(35, 658, '2014-11-10', '2014-11-11', 2, NULL, 14, '2014-11-06 12:01:15', NULL, NULL, NULL, NULL, NULL, NULL, NULL, 1, 'mwamukoya', '2014-11-06 12:11:45', '', '2014-11-06 12:01:15', NULL, NULL, 7, 14, ''),
(27, 659, '2014-12-08', '2015-01-09', 15, NULL, 6, '2014-11-10 07:01:48', 1, 'ousainou', '2014-11-13 05:11:38', 1, 'almonda', '2014-11-13 08:11:23', NULL, 1, 'mwamukoya', '2014-11-10 07:11:59', '', '2014-11-10 07:01:48', NULL, NULL, 1, 27, ''),
(37, 660, '2014-11-12', '2014-11-12', 1, NULL, 21, '2014-11-11 01:07:33', 1, 'salina', '2014-11-11 02:11:09', 1, 'almonda', '2014-11-11 02:11:14', NULL, 1, 'mwamukoya', '2014-11-11 01:11:35', '', '2014-11-11 01:07:33', NULL, NULL, 7, 24, ''),
(50, 661, '2014-12-22', '2014-12-24', 3, NULL, 18, '2014-11-14 01:09:15', 1, 'kseljeflot', '2014-11-17 11:11:40', 1, 'almonda', '2014-11-17 12:11:54', NULL, 1, 'mwamukoya', '2014-11-17 11:11:15', '', '2014-11-14 01:09:15', NULL, NULL, 1, 24, 'Holidays'),
(23, 662, '2014-12-01', '2014-12-05', 5, NULL, 0, '2014-11-17 04:37:25', 1, 'almonda', '2014-11-17 12:11:57', 1, 'almonda', '2014-11-17 01:11:29', NULL, 1, 'mwamukoya', '2014-11-17 11:11:22', '', '2014-11-17 04:37:25', NULL, NULL, 6, 5, 'Taking My End of Trimester Exams'),
(23, 663, '2014-12-08', '2014-12-08', 1, NULL, 6, '2014-11-17 04:38:25', 1, 'almonda', '2014-11-17 12:11:26', 1, 'almonda', '2014-11-17 01:11:17', NULL, 1, 'mwamukoya', '2014-11-17 11:11:28', '', '2014-11-17 04:38:25', NULL, NULL, 1, 6, 'Taking my End of Trimester Exams'),
(21, 664, '2014-11-24', '2014-11-28', 5, NULL, 22, '2014-11-18 11:00:30', 1, 'amsabeni', '2014-11-19 11:11:50', 1, 'almonda', '2014-11-19 12:11:23', NULL, 1, 'mwamukoya', '2014-11-18 11:11:44', '', '2014-11-18 11:00:30', NULL, NULL, 6, 36, ''),
(21, 665, '2014-12-01', '2014-12-05', 5, NULL, 22, '2014-11-18 11:01:39', 1, 'amsabeni', '2014-11-19 11:11:59', 1, 'almonda', '2014-11-19 12:11:34', NULL, 1, 'mwamukoya', '2014-11-18 11:11:51', '', '2014-11-18 11:01:39', NULL, NULL, 1, 36, ''),
(28, 666, '2014-11-26', '2014-11-26', 1, NULL, 12, '2014-11-18 11:12:45', 1, 'almonda', '2014-11-18 01:11:03', 1, 'almonda', '2014-11-18 01:11:41', NULL, 1, 'mwamukoya', '2014-11-18 11:11:13', '', '2014-11-18 11:12:45', NULL, NULL, 1, 13, ''),
(28, 667, '2014-12-08', '2014-12-08', 1, NULL, 11, '2014-11-18 11:13:16', 1, 'almonda', '2014-11-18 01:11:20', 1, 'almonda', '2014-11-18 01:11:50', NULL, 1, 'mwamukoya', '2014-11-18 11:11:19', '', '2014-11-18 11:13:16', NULL, NULL, 9, 13, ''),
(53, 668, '2014-12-11', '2014-12-11', 1, NULL, 7, '2014-11-20 08:30:06', 1, 'kseljeflot', '2014-11-20 10:11:37', 1, 'almonda', '2014-11-20 01:11:05', NULL, 1, 'mwamukoya', '2014-11-20 09:11:23', '', '2014-11-20 08:30:06', NULL, NULL, 1, 24, ''),
(53, 669, '2014-11-24', '2014-11-24', 1, NULL, 6, '2014-11-20 08:30:30', 1, 'kseljeflot', '2014-11-20 10:11:22', 1, 'almonda', '2014-11-20 01:11:15', NULL, 1, 'mwamukoya', '2014-11-20 09:11:16', '', '2014-11-20 08:30:30', NULL, NULL, 1, 24, ''),
(50, 670, '2014-12-01', '2014-12-03', 3, NULL, 15, '2014-11-20 09:29:31', 1, 'kseljeflot', '2014-11-20 10:11:55', 1, 'almonda', '2014-11-20 01:11:25', NULL, 1, 'mwamukoya', '2014-11-20 11:11:31', '', '2014-11-20 09:29:31', NULL, NULL, 1, 24, 'holidays'),
(46, 671, '2014-12-08', '2014-12-17', 7, NULL, 13, '2014-11-24 08:05:48', 1, 'hmukoko', '2014-12-04 04:12:38', 1, 'almonda', '2014-12-04 06:12:57', NULL, 1, 'mwamukoya', '2014-11-24 11:11:13', '', '2014-11-24 08:05:48', NULL, '2014-11-24 08:50:59', 1, 24, 'Annual leave- to be used for exams'),
(45, 674, '2014-12-15', '2014-12-16', 2, NULL, 14, '2014-11-24 12:15:07', 1, 'elutwama', '2014-12-16 01:12:35', 1, 'almonda', '2014-12-17 01:12:20', NULL, 1, 'mwamukoya', '2014-11-24 12:11:50', '', '2014-11-24 12:15:07', NULL, '2014-11-24 12:15:36', 1, 17, ''),
(17, 675, '2014-12-11', '2015-01-16', 18, NULL, 7, '2014-11-25 05:29:11', 1, 'ousainou', '2014-12-01 12:12:00', 1, 'almonda', '2014-12-01 01:12:32', NULL, 1, 'mwamukoya', '2014-11-25 06:11:17', '', '2014-11-25 05:29:11', NULL, NULL, 1, 30, 'The 5 days taken in August were balanced days from my 2013 annual leave agreed to be taken then with my line manager'),
(51, 676, '2014-12-01', '2014-12-05', 5, NULL, 0, '2014-11-25 06:37:42', NULL, NULL, NULL, NULL, NULL, NULL, NULL, 1, 'mwamukoya', '2014-11-25 07:11:18', '', '2014-11-25 06:37:42', NULL, NULL, 6, 5, ''),
(51, 677, '2014-11-27', '2014-11-27', 1, NULL, 13, '2014-11-25 06:38:52', NULL, NULL, NULL, NULL, NULL, NULL, NULL, 1, 'mwamukoya', '2014-11-25 07:11:23', '', '2014-11-25 06:38:52', NULL, NULL, 1, 14, ''),
(33, 678, '2014-12-03', '2015-01-05', 11, NULL, 10, '2014-11-25 07:37:15', NULL, NULL, NULL, NULL, NULL, NULL, NULL, 1, 'mwamukoya', '2014-11-25 08:11:30', '', '2014-11-25 07:37:15', NULL, NULL, 1, 30, 'Annual Leave - I will work on the 8th and 9th dec on meetings and  12th Dec is a public holiday in Kenya, hence the 11 rather than 14days'),
(53, 679, '2014-12-22', '2014-12-23', 2, NULL, 4, '2014-11-27 10:37:42', 1, 'kseljeflot', '2014-11-28 07:11:28', 1, 'almonda', '2014-11-28 07:11:44', NULL, 1, 'mwamukoya', '2014-11-28 05:11:25', '', '2014-11-27 10:37:42', NULL, NULL, 1, 24, ''),
(2, 680, '2014-12-15', '2014-12-16', 2, NULL, 11, '2014-11-28 07:37:22', 1, 'ousainou', '2014-12-01 12:12:01', 1, 'almonda', '2014-12-01 01:12:46', NULL, 1, 'mwamukoya', '2014-11-28 10:11:26', '', '2014-11-28 07:37:22', NULL, NULL, 1, 24, ''),
(2, 681, '2014-12-18', '2014-12-18', 1, NULL, 10, '2014-11-28 07:38:07', 1, 'ousainou', '2014-12-01 12:12:35', 1, 'almonda', '2014-12-01 01:12:58', NULL, 1, 'mwamukoya', '2014-11-28 10:11:44', '', '2014-11-28 07:38:07', NULL, NULL, 1, 24, ''),
(2, 682, '2014-12-23', '2014-12-23', 1, NULL, 9, '2014-11-28 07:38:52', 1, 'ousainou', '2014-12-01 12:12:48', 1, 'almonda', '2014-12-01 01:12:10', NULL, 1, 'mwamukoya', '2014-11-28 10:11:49', '', '2014-11-28 07:38:52', NULL, NULL, 1, 24, ''),
(2, 683, '2015-01-05', '2015-01-06', 2, NULL, 7, '2014-11-28 07:39:19', 1, 'ousainou', '2014-12-01 12:12:30', 1, 'almonda', '2014-12-01 01:12:22', NULL, 1, 'mwamukoya', '2014-11-28 10:11:58', '', '2014-11-28 07:39:19', NULL, NULL, 1, 24, ''),
(26, 685, '2014-12-05', '2014-12-11', 5, NULL, 11, '2014-12-01 07:58:43', 1, 'szuriel', '2014-12-01 09:12:58', 1, 'almonda', '2014-12-01 10:12:17', NULL, 1, 'mwamukoya', '2014-12-01 08:12:32', '', '2014-12-01 07:58:43', NULL, NULL, 6, 24, 'preparing to sit for exams scheduled from 8th to 11th inclusive.'),
(52, 686, '2014-12-22', '2014-12-22', 3, NULL, 18, '2014-12-01 08:42:13', NULL, NULL, NULL, NULL, NULL, NULL, NULL, 1, 'mwamukoya', '2014-12-01 08:12:36', '', '2014-12-01 08:42:13', NULL, '2014-12-01 10:51:13', 1, 24, 'Annual leave'),
(52, 687, '2015-01-05', '2015-01-16', 10, NULL, 8, '2014-12-01 08:44:39', NULL, NULL, NULL, NULL, NULL, NULL, NULL, 1, 'mwamukoya', '2014-12-01 08:12:31', '', '2014-12-01 08:44:39', NULL, NULL, 1, 24, 'Annual leave'),
(47, 688, '2014-12-17', '2014-12-22', 4, NULL, 5, '2014-12-01 09:06:30', 1, 'salina', '2014-12-04 06:12:37', 1, 'almonda', '2014-12-04 06:12:43', NULL, 1, 'mwamukoya', '2014-12-01 11:12:52', '', '2014-12-01 09:06:30', NULL, NULL, 1, 25, ''),
(47, 689, '2014-12-17', '2014-12-22', 4, NULL, 1, '2014-12-01 09:08:41', 1, 'salina', '2014-12-10 01:12:40', 1, 'almonda', '2014-12-10 04:12:06', NULL, 1, 'mwamukoya', '2014-12-10 11:12:07', '', '2014-12-01 09:08:41', NULL, NULL, 1, 25, ''),
(44, 690, '2014-12-22', '2014-12-23', 2, NULL, 5, '2014-12-01 10:54:54', 1, 'salina', '2014-12-11 11:12:49', 1, 'almonda', '2014-12-12 04:12:15', NULL, 1, 'mwamukoya', '2014-12-01 11:12:00', '', '2014-12-01 10:54:54', NULL, NULL, 1, 24, ''),
(47, 691, '2014-12-23', '2014-12-23', 1, NULL, 24, '2014-12-01 11:11:32', 1, 'salina', '2014-12-04 06:12:36', 1, 'almonda', '2014-12-10 04:12:53', NULL, 1, 'mwamukoya', '2014-12-04 05:12:31', '', '2014-12-01 11:11:32', NULL, NULL, 7, 25, ''),
(12, 692, '2014-12-22', '2014-12-23', 2, NULL, 14, '2014-12-04 04:13:16', 1, 'elutwama', '2014-12-16 01:12:14', 1, 'almonda', '2014-12-17 01:12:28', NULL, 1, 'mwamukoya', '2014-12-04 05:12:44', '', '2014-12-04 04:13:16', NULL, '2014-12-04 04:13:34', 1, 31, ''),
(12, 693, '2015-01-05', '2015-01-09', 5, NULL, 9, '2014-12-04 04:14:38', 1, 'elutwama', '2014-12-16 01:12:05', 1, 'almonda', '2014-12-17 01:12:37', NULL, 1, 'mwamukoya', '2014-12-04 05:12:49', '', '2014-12-04 04:14:38', NULL, NULL, 1, 31, ''),
(55, 694, '2014-12-19', '2014-12-23', 3, NULL, 5, '2014-12-04 09:50:46', 1, 'kseljeflot', '2014-12-04 12:12:20', 1, 'almonda', '2014-12-04 12:12:40', NULL, 1, 'mwamukoya', '2014-12-04 11:12:42', '', '2014-12-04 09:50:46', NULL, NULL, 1, 4, 'Leave for Christmas holidays'),
(31, 695, '2014-12-22', '2015-01-07', 5, NULL, 7, '2014-12-09 12:33:34', 1, 'salina', '2014-12-11 11:12:41', 1, 'almonda', '2014-12-12 04:12:38', NULL, 1, 'mwamukoya', '2014-12-10 11:12:56', '', '2014-12-09 12:33:34', NULL, '2014-12-10 11:04:05', 1, 12, ''),
(37, 696, '2014-12-22', '2014-12-23', 2, NULL, 21, '2014-12-10 12:13:58', 1, 'salina', '2014-12-10 01:12:26', 1, 'almonda', '2014-12-10 04:12:28', NULL, 1, 'mwamukoya', '2014-12-10 12:12:53', '', '2014-12-10 12:13:58', NULL, NULL, 7, 24, ''),
(37, 697, '2015-01-05', '2015-01-09', 5, NULL, 21, '2014-12-10 12:15:39', NULL, NULL, NULL, NULL, NULL, NULL, NULL, 1, 'mwamukoya', '2014-12-10 12:12:13', '', '2014-12-10 12:15:39', NULL, NULL, 1, 24, ''),
(31, 698, '2014-12-16', '2014-12-16', 1, NULL, 6, '2014-12-10 12:55:58', 1, 'salina', '2014-12-10 01:12:39', 1, 'almonda', '2014-12-10 04:12:03', NULL, 1, 'mwamukoya', '2014-12-11 12:12:22', '', '2014-12-10 12:55:58', NULL, NULL, 7, 12, ''),
(23, 699, '2015-01-05', '2015-01-07', 3, NULL, 3, '2014-12-11 11:18:09', 1, 'almonda', '2014-12-19 08:12:43', 1, 'almonda', '2014-12-19 08:12:29', NULL, 1, 'mwamukoya', '2014-12-11 12:12:32', '', '2014-12-11 11:18:09', NULL, NULL, 1, 6, ''),
(38, 700, '2014-12-19', '2014-12-19', 1, NULL, 8, '2014-12-15 01:11:49', 1, 'elutwama', '2014-12-16 01:12:18', 1, 'almonda', '2014-12-17 01:12:46', NULL, 1, 'mwamukoya', '2014-12-16 04:12:19', '', '2014-12-15 01:11:49', NULL, NULL, 1, 20, ''),
(38, 701, '2014-12-22', '2014-12-23', 2, NULL, 6, '2014-12-15 01:14:07', 1, 'elutwama', '2014-12-16 01:12:31', 1, 'almonda', '2014-12-17 01:12:54', NULL, 1, 'mwamukoya', '2014-12-16 04:12:25', '', '2014-12-15 01:14:07', NULL, NULL, 1, 20, ''),
(38, 702, '2015-01-05', '2015-01-07', 3, NULL, 1, '2014-12-15 01:16:25', 1, 'elutwama', '2014-12-16 01:12:42', 1, 'almonda', '2014-12-17 01:12:03', NULL, 1, 'mwamukoya', '2014-12-16 04:12:30', '', '2014-12-15 01:16:25', NULL, NULL, 1, 20, ''),
(34, 703, '2015-01-06', '2015-01-06', 1, NULL, 6, '2014-12-17 06:09:02', 1, 'woluoch', '2014-12-17 06:12:12', 1, 'almonda', '2014-12-17 12:12:58', NULL, 1, 'mwamukoya', '2014-12-17 06:12:15', '', '2014-12-17 06:09:02', NULL, NULL, 7, 8, ''),
(34, 704, '2015-01-07', '2015-01-07', 1, NULL, 6, '2014-12-17 06:09:33', 1, 'woluoch', '2014-12-17 06:12:23', 1, 'almonda', '2014-12-17 12:12:07', NULL, 1, 'mwamukoya', '2014-12-17 06:12:20', '', '2014-12-17 06:09:33', NULL, NULL, 1, 8, ''),
(28, 705, '2014-12-22', '2014-12-23', 2, NULL, 11, '2014-12-18 05:29:40', 1, 'almonda', '2014-12-19 08:12:57', 1, 'almonda', '2014-12-19 08:12:39', NULL, 1, 'mwamukoya', '2014-12-18 05:12:44', '', '2014-12-18 05:29:40', NULL, '2014-12-18 05:30:12', 1, 13, ''),
(8, 706, '2014-12-15', '2014-12-15', 1, NULL, 8, '2014-12-18 07:37:17', NULL, NULL, NULL, NULL, NULL, NULL, NULL, 1, 'mwamukoya', '2014-12-18 10:12:00', '', '2014-12-18 07:37:17', NULL, NULL, 2, 18, ''),
(41, 707, '2014-12-22', '2014-12-23', 2, NULL, 14, '2014-12-19 07:58:08', 1, 'salina', '2014-12-19 09:12:15', 1, 'almonda', '2014-12-19 11:12:42', NULL, NULL, '', NULL, '', '2014-12-19 07:58:08', NULL, NULL, 7, 25, ''),
(41, 708, '2015-01-05', '2015-01-05', 1, NULL, 14, '2014-12-19 07:58:55', 1, 'salina', '2014-12-19 09:12:21', 1, 'almonda', '2014-12-19 11:12:56', NULL, 1, 'mwamukoya', '2014-12-19 08:12:15', '', '2014-12-19 07:58:55', NULL, '2014-12-19 08:13:28', 7, 25, ''),
(41, 710, '2015-01-06', '2015-01-06', 1, NULL, 13, '2014-12-19 08:13:52', NULL, NULL, NULL, NULL, NULL, NULL, NULL, 1, 'mwamukoya', '2014-12-19 08:12:24', '', '2014-12-19 08:13:52', NULL, NULL, 1, 25, ''),
(51, 711, '2015-01-05', '2015-01-22', 14, NULL, 0, '2014-12-19 09:18:55', NULL, NULL, NULL, NULL, NULL, NULL, NULL, 1, 'mwamukoya', '2014-12-19 11:12:16', '', '2014-12-19 09:18:55', NULL, NULL, 1, 14, ''),
(47, 712, '2015-01-05', '2015-01-07', 3, NULL, 24, '2015-01-05 06:07:38', 1, 'salina', '2015-01-05 02:01:16', NULL, NULL, NULL, NULL, 1, 'mwamukoya', '2015-01-05 07:01:18', '', '2015-01-05 06:07:38', NULL, NULL, 7, 25, 'I have an infectious condition affecting my left eye and will be working from home over the three day flexi period.  '),
(45, 713, '2015-01-19', '2015-01-19', 1, NULL, 13, '2015-01-06 11:15:32', NULL, NULL, NULL, NULL, NULL, NULL, NULL, 1, 'mwamukoya', '2015-01-06 11:01:53', '', '2015-01-06 11:15:32', NULL, NULL, 1, 17, 'Annual leave'),
(45, 714, '2015-01-23', '2015-01-23', 1, NULL, 12, '2015-01-06 11:16:03', NULL, NULL, NULL, NULL, NULL, NULL, NULL, 1, 'mwamukoya', '2015-01-06 11:01:21', '', '2015-01-06 11:16:03', NULL, NULL, 1, 17, ''),
(45, 715, '2015-01-26', '2015-01-26', 1, NULL, 11, '2015-01-06 11:16:25', NULL, NULL, NULL, NULL, NULL, NULL, NULL, 1, 'mwamukoya', '2015-01-06 11:01:57', '', '2015-01-06 11:16:25', NULL, NULL, 1, 17, 'Annual leave'),
(35, 716, '2015-01-21', '2015-01-26', 4, NULL, 10, '2015-01-19 09:44:47', NULL, NULL, NULL, NULL, NULL, NULL, NULL, 1, 'mwamukoya', '2015-01-19 10:01:45', '', '2015-01-19 09:44:47', NULL, NULL, 1, 14, ''),
(31, 717, '2015-01-20', '2015-01-27', 6, NULL, 0, '2015-01-19 10:46:55', 1, 'salina', '2015-01-19 10:01:52', 1, 'almonda', '2015-01-19 11:01:11', NULL, 1, 'mwamukoya', '2015-01-19 10:01:18', '', '2015-01-19 10:46:55', NULL, NULL, 1, 12, '');


CREATE TABLE mysqldb.tbl_leavebalance (
    id          integer,
    empid_fk    integer,
    leaveyear   integer,
    balance     integer,
    addedby     varchar(200) NOT NULL,
    entitlement integer,
    dateadded   timestamp default NULL,
    leavetype   integer,
    leaveappid  integer
);


INSERT INTO mysqldb.tbl_leavebalance (id, empid_fk, leaveyear, balance, addedby, entitlement, dateadded, leavetype, leaveappid) VALUES
(46, 2, 2012, 25, '', 26, NULL , 1, 8),
(47, 2, 2012, 25, '', 26, NULL , 1, 9),
(50, 1, 2012, 21, '', 24, NULL , 1, 12),
(22, 1, 2012, 23, '', 24, NULL , 1, 0),
(45, 28, 2012, 30, '', 32, NULL , 1, 7),
(23, 1, 2012, 22, '', 24, NULL , 1, 5),
(24, 2, 2012, 26, '', 26, NULL , 1, 0),
(25, 27, 2012, 27, '', 27, NULL , 1, 0),
(26, 31, 2012, 25, '', 25, NULL , 1, 0),
(27, 30, 2012, 24, '', 24, NULL , 1, 0),
(28, 22, 2012, 40, '', 40, NULL , 1, 0),
(29, 13, 2012, 23, '', 23, NULL , 1, 0),
(30, 12, 2012, 31, '', 31, NULL , 1, 0),
(31, 16, 2012, 40, '', 40, NULL , 1, 0),
(32, 8, 2012, 18, '', 18, NULL , 1, 0),
(33, 28, 2012, 32, '', 32, NULL , 1, 0),
(34, 14, 2012, 24, '', 24, NULL , 1, 0),
(66, 24, 2012, 26, '', 26, NULL , 1, 0),
(36, 11, 2012, 23, '', 23, NULL , 1, 0),
(37, 18, 2012, 21, '', 21, NULL , 1, 0),
(38, 20, 2012, 28, '', 28, NULL , 1, 0),
(39, 17, 2012, 30, '', 30, NULL , 1, 0),
(40, 26, 2012, 24, '', 24, NULL , 1, 0),
(41, 19, 2012, 25, '', 25, NULL , 1, 0),
(42, 21, 2012, 36, '', 36, NULL , 1, 0),
(43, 9, 2012, 23, '', 23, NULL , 1, 0),
(44, 23, 2012, 35, '', 35, NULL , 1, 0),
(51, 20, 2012, 28, '', 28, NULL , 1, 13),
(52, 27, 2012, 26, '', 27, NULL , 1, 14),
(54, 31, 2012, 23, '', 25, NULL , 1, 16),
(55, 25, 2012, 23, '', 24, NULL , 1, 17),
(56, 16, 2012, 39, '', 40, NULL , 1, 18),
(57, 34, 2012, 24, '', 24, NULL , 1, 19),
(58, 17, 2012, 27, '', 30, NULL , 1, 20),
(59, 26, 2012, 24, '', 24, NULL , 1, 21),
(60, 18, 2012, 20, '', 21, NULL , 1, 22),
(61, 23, 2012, 33, '', 35, NULL , 1, 23),
(67, 18, 2012, 18, '', 21, NULL , 1, 27),
(63, 1, 2012, 0, '', 5, NULL , 6, 25),
(65, 13, 2012, 18, '', 18, NULL , 1, 0),
(68, 21, 2012, 33, '', 36, NULL , 1, 28),
(69, 21, 2012, 33, '', 36, NULL , 6, 0),
(70, 1, 2012, 3, '', 5, NULL , 2, 29),
(71, 12, 2012, 21, '', 31, NULL , 1, 30),
(72, 12, 2012, 21, '', 31, NULL , 1, 0),
(73, 30, 2012, 9, '', 24, NULL , 1, 31),
(74, 11, 2012, 20, '', 21, NULL , 1, 32),
(75, 9, 2012, 21, '', 23, NULL , 1, 33),
(76, 9, 2012, 10, '', 23, NULL , 1, 34),
(77, 8, 2012, 3, '', 18, NULL , 1, 35),
(78, 32, 2012, 3, '', 5, NULL , 6, 36),
(80, 32, 2012, 3, '', 5, NULL , 6, 0),
(81, 28, 2012, 29, '', 32, NULL , 1, 38),
(82, 27, 2012, 25, '', 27, NULL , 1, 39),
(83, 2, 2012, 24, '', 26, NULL , 1, 40),
(84, 28, 2012, 28, '', 32, NULL , 1, 41),
(85, 28, 2012, 29, '', 32, NULL , 1, 0),
(86, 31, 2012, 23, '', 25, NULL , 1, 42),
(87, 14, 2012, 22, '', 24, NULL , 1, 43),
(89, 23, 2012, 31, '', 35, NULL , 1, 45),
(123, 8, 2012, 3, '', 18, NULL , 1, 76),
(91, 28, 2012, 27, '', 32, NULL , 1, 47),
(92, 23, 2012, 30, '', 35, NULL , 1, 48),
(95, 32, 2012, 23, '', 24, NULL , 1, 51),
(97, 16, 2012, 38, '', 40, NULL , 1, 53),
(98, 2, 2012, 23, '', 26, NULL , 1, 54),
(99, 22, 2012, 40, '', 40, NULL , 1, 55),
(100, 20, 2012, 26, '', 28, NULL , 1, 0),
(101, 28, 2012, 26, '', 32, NULL , 1, 56),
(102, 26, 2012, 24, '', 24, NULL , 1, 57),
(103, 24, 2012, 21, '', 26, NULL , 1, 58),
(104, 2, 2012, 22, '', 26, NULL , 1, 59),
(105, 16, 2012, 37, '', 40, NULL , 1, 60),
(108, 34, 2012, 24, '', 24, NULL , 1, 63),
(107, 32, 2012, 22, '', 24, NULL , 1, 62),
(109, 27, 2012, 25, '', 27, NULL , 1, 64),
(112, 25, 2012, 10, '', 24, NULL , 1, 67),
(113, 19, 2012, 5, '', 25, NULL , 1, 68),
(114, 12, 2012, 21, '', 31, NULL , 6, 69),
(115, 12, 2012, 21, '', 31, NULL , 1, 70),
(116, 23, 2012, 29, '', 35, NULL , 1, 71),
(117, 14, 2012, 9, '', 24, NULL , 1, 0),
(118, 21, 2012, 33, '', 36, NULL , 1, 72),
(119, 21, 2012, 30, '', 36, NULL , 1, 73),
(120, 14, 2012, 9, '', 24, NULL , 1, 0),
(121, 14, 2012, 8, '', 24, NULL , 1, 74),
(122, 28, 2012, 16, '', 32, NULL , 1, 75),
(124, 25, 2012, 9, '', 24, NULL , 1, 77),
(126, 30, 2012, 8, '', 24, NULL , 1, 79),
(127, 30, 2012, 8, '', 24, NULL , 1, 0),
(128, 12, 2012, 20, '', 31, NULL , 1, 80),
(133, 16, 2012, 36, '', 40, NULL , 1, 85),
(130, 28, 2012, 15, '', 32, NULL , 1, 82),
(131, 23, 2012, 28, '', 35, NULL , 1, 83),
(132, 27, 2012, 24, '', 27, NULL , 1, 84),
(134, 16, 2012, 36, '', 40, NULL , 1, 86),
(135, 16, 2012, 34, '', 40, NULL , 1, 87),
(136, 23, 2012, 28, '', 35, NULL , 1, 88),
(137, 1, 2012, 0, '', 10, NULL , 8, 89),
(138, 17, 2012, 8, '', 30, NULL , 1, 90),
(139, 31, 2012, 23, '', 25, NULL , 1, 91),
(148, 11, 2012, 20, '', 21, NULL , 1, 98),
(302, 23, 2013, 20, '', 35, NULL , 1, 217),
(301, 25, 2013, 4, '', 24, NULL , 1, 0),
(143, 20, 2012, 13, '', 28, NULL , 1, 0),
(144, 25, 2012, 5, '', 24, NULL , 1, 95),
(145, 28, 2012, 14, '', 32, NULL , 1, 96),
(146, 33, 2012, 51, '', 30, NULL , 1, 97),
(147, 33, 2012, 51, '', 30, NULL , 1, 0),
(149, 11, 2012, 11, '', 21, NULL , 1, 0),
(150, 20, 2012, 23, '', 28, NULL , 1, 0),
(151, 20, 2012, 20, '', 28, NULL , 1, 0),
(152, 14, 2012, 7, '', 24, NULL , 1, 99),
(153, 9, 2012, 10, '', 23, NULL , 1, 100),
(154, 9, 2012, 10, '', 23, NULL , 1, 0),
(155, 35, 2012, 13, '', 24, NULL , 1, 101),
(156, 37, 2012, 24, '', 24, NULL , 1, 102),
(157, 1, 2012, 11, '', 24, NULL , 1, 103),
(158, 1, 2012, 11, '', 24, NULL , 1, 104),
(159, 1, 2012, 12, '', 24, NULL , 1, 0),
(160, 1, 2012, 10, '', 24, NULL , 1, 105),
(161, 32, 2012, 21, '', 24, NULL , 1, 106),
(162, 23, 2012, 26, '', 35, NULL , 1, 107),
(163, 20, 2012, 20, '', 28, NULL , 1, 0),
(165, 1, 2012, 13, '', 24, NULL , 1, 0),
(166, 1, 2012, 12, '', 24, NULL , 1, 0),
(167, 1, 2012, 11, '', 24, NULL , 1, 0),
(168, 1, 2012, 11, '', 24, NULL , 1, 109),
(169, 1, 2012, 16, '', 24, NULL , 1, 0),
(170, 1, 2012, 6, '', 24, NULL , 1, 0),
(171, 1, 2012, 1, '', 24, NULL , 1, 0),
(172, 12, 2012, 18, '', 31, NULL , 7, 110),
(173, 12, 2012, 21, '', 31, NULL , 1, 0),
(174, 12, 2012, 21, '', 31, NULL , 6, 0),
(175, 1, 2012, 6, '', 24, NULL , 1, 0),
(176, 14, 2012, 6, '', 24, NULL , 1, 111),
(177, 23, 2012, 25, '', 35, NULL , 1, 112),
(178, 21, 2012, 28, '', 36, NULL , 1, 113),
(179, 1, 2012, 4, '', 24, NULL , 1, 114),
(180, 34, 2012, 15, '', 24, NULL , 1, 115),
(181, 32, 2012, 20, '', 24, NULL , 1, 116),
(182, 11, 2012, 7, '', 21, NULL , 1, 117),
(183, 2, 2012, 21, '', 26, NULL , 1, 118),
(184, 2, 2012, 20, '', 26, NULL , 1, 119),
(185, 12, 2012, 21, '', 31, NULL , 1, 0),
(186, 12, 2012, 20, '', 31, NULL , 1, 120),
(187, 38, 2012, 0, '', 5, NULL , 6, 121),
(188, 16, 2012, 32, '', 40, NULL , 1, 122),
(189, 22, 2012, 37, '', 40, NULL , 1, 123),
(190, 23, 2012, 23, '', 35, NULL , 1, 124),
(191, 9, 2012, 9, '', 23, NULL , 1, 125),
(198, 32, 2012, 20, '', 24, NULL , 1, 131),
(193, 23, 2012, 22, '', 35, NULL , 1, 127),
(194, 1, 2012, 4, '', 24, NULL , 1, 128),
(195, 1, 2012, 0, '', 24, NULL , 1, 129),
(196, 35, 2012, 13, '', 24, NULL , 1, 130),
(197, 35, 2012, 10, '', 24, NULL , 1, 0),
(199, 32, 2012, 14, '', 24, NULL , 1, 0),
(200, 2, 2012, 10, '', 26, NULL , 1, 132),
(201, 34, 2012, 14, '', 24, NULL , 1, 133),
(202, 12, 2012, 19, '', 31, NULL , 1, 134),
(203, 21, 2012, 28, '', 36, NULL , 1, 135),
(204, 34, 2012, 14, '', 24, NULL , 1, 136),
(205, 24, 2012, 21, '', 26, NULL , 1, 137),
(206, 27, 2012, 23, '', 27, NULL , 1, 138),
(207, 9, 2012, 8, '', 23, NULL , 1, 139),
(405, 19, 2013, 7, '', 25, NULL , 1, 299),
(209, 16, 2012, 31, '', 40, NULL , 1, 141),
(210, 22, 2012, 26, '', 40, NULL , 1, 142),
(211, 14, 2012, 5, '', 24, NULL , 1, 143),
(212, 23, 2012, 21, '', 35, NULL , 1, 144),
(213, 8, 2012, 2, '', 18, NULL , 1, 145),
(214, 27, 2012, 12, '', 27, NULL , 1, 146),
(215, 2, 2012, 2, '', 26, NULL , 1, 147),
(216, 2, 2012, 0, '', 26, NULL , 1, 148),
(217, 31, 2012, 22, '', 25, NULL , 7, 149),
(218, 31, 2012, 21, '', 25, NULL , 1, 150),
(219, 32, 2012, 9, '', 24, NULL , 6, 151),
(223, 33, 2012, 48, '', 30, NULL , 1, 155),
(222, 33, 2012, 48, '', 30, NULL , 1, 154),
(224, 32, 2012, 0, '', 3, NULL , 6, 0),
(225, 32, 2012, 0, '', 5, NULL , 6, 0),
(226, 32, 2012, 0, '', 5, NULL , 6, 0),
(227, 32, 2012, 0, '', 5, NULL , 6, 0),
(228, 32, 2012, 0, '', 5, NULL , 6, 0),
(229, 32, 2012, 0, '', 5, NULL , 6, 0),
(230, 32, 2012, 0, '', 5, NULL , 6, 0),
(231, 32, 2012, 0, '', 5, NULL , 6, 0),
(232, 32, 2012, 12, '', 14, NULL , 1, 156),
(233, 30, 2012, 6, '', 24, NULL , 1, 157),
(234, 38, 2012, 8, '', 10, NULL , 1, 158),
(299, 25, 2013, -8, '', 24, NULL , 1, 0),
(297, 30, 2013, -11, '', 24, NULL , 1, 214),
(237, 12, 2012, 18, '', 31, NULL , 1, 161),
(238, 12, 2012, 18, '', 31, NULL , 1, 162),
(239, 31, 2012, 21, '', 25, NULL , 1, 163),
(240, 14, 2012, 5, '', 24, NULL , 2, 164),
(241, 40, 2012, 0, '', 2, NULL , 1, 165),
(242, 40, 2012, 0, '', 2, NULL , 1, 166),
(243, 30, 2012, 6, '', 24, NULL , 7, 167),
(244, 23, 2012, 21, '', 35, NULL , 1, 168),
(245, 26, 2012, 24, '', 24, NULL , 1, 169),
(246, 9, 2012, 7, '', 23, NULL , 1, 170),
(247, 21, 2012, 28, '', 36, NULL , 1, 171),
(248, 11, 2012, 5, '', 21, NULL , 1, 172),
(249, 37, 2013, 22, '', 24, NULL , 1, 173),
(250, 37, 2013, 14, '', 16, NULL , 1, 0),
(251, 37, 2013, 14, '', 16, NULL , 1, 0),
(252, 9, 2013, 6, '', 23, NULL , 2, 174),
(253, 14, 2013, 3, '', 24, NULL , 1, 175),
(254, 14, 2013, 2, '', 24, NULL , 1, 176),
(255, 32, 2013, 11, '', 14, NULL , 1, 177),
(256, 38, 2013, 7, '', 10, NULL , 1, 178),
(257, 42, 2013, 19, '', 24, NULL , 1, 179),
(258, 42, 2013, 18, '', 24, NULL , 1, 180),
(259, 42, 2013, 18, '', 24, NULL , 2, 181),
(260, 11, 2013, 0, '', 5, NULL , 1, 182),
(263, 35, 2013, 0, '', 24, NULL , 1, 185),
(262, 35, 2013, 5, '', 24, NULL , 1, 184),
(264, 23, 2013, 21, '', 35, NULL , 1, 186),
(265, 14, 2013, 1, '', 24, NULL , 1, 187),
(266, 11, 2013, 21, '', 24, NULL , 1, 188),
(267, 12, 2013, 5, '', 31, NULL , 1, 189),
(268, 12, 2013, 3, '', 31, NULL , 1, 190),
(269, 30, 2013, 4, '', 24, NULL , 1, 191),
(270, 42, 2013, 18, '', 24, NULL , 2, 192),
(271, 12, 2013, 5, '', 31, NULL , 1, 0),
(272, 28, 2013, 11, '', 32, NULL , 1, 193),
(273, 28, 2013, 0, '', 11, NULL , 1, 194),
(274, 28, 2013, 90, '', 90, NULL , 4, 195),
(275, 24, 2013, 6, '', 26, NULL , 1, 196),
(276, 9, 2013, 5, '', 23, NULL , 1, 197),
(277, 9, 2013, 4, '', 23, NULL , 1, 198),
(278, 27, 2013, 12, '', 27, NULL , 1, 199),
(279, 12, 2013, 3, '', 31, NULL , 1, 0),
(280, 22, 2013, 25, '', 40, NULL , 1, 200),
(281, 44, 2013, 30, '', 31, NULL , 1, 201),
(282, 9, 2013, 25, '', 29, NULL , 1, 202),
(283, 9, 2013, 25, '', 29, NULL , 1, 0),
(296, 38, 2013, 3, '', 13, NULL , 1, 213),
(285, 20, 2013, 20, '', 28, NULL , 1, 0),
(286, 44, 2013, 27, '', 30, NULL , 1, 204),
(287, 14, 2013, 0, '', 24, NULL , 1, 205),
(288, 21, 2013, 28, '', 36, NULL , 1, 206),
(295, 38, 2013, 3, '', 10, NULL , 1, 212),
(323, 44, 2013, 24, '', 30, NULL , 1, 0),
(291, 44, 2013, 24, '', 30, NULL , 1, 209),
(292, 32, 2013, 6, '', 14, NULL , 1, 210),
(293, 32, 2013, 6, '', 14, NULL , 1, 0),
(294, 21, 2013, 27, '', 36, NULL , 1, 211),
(303, 23, 2013, 19, '', 35, NULL , 1, 218),
(304, 31, 2013, 20, '', 25, NULL , 1, 219),
(305, 11, 2013, 20, '', 24, NULL , 1, 220),
(306, 30, 2013, -11, '', 24, NULL , 1, 221),
(307, 20, 2013, 51, '', 52, NULL , 1, 222),
(308, 20, 2013, 50, '', 52, NULL , 1, 223),
(309, 20, 2013, 49, '', 52, NULL , 1, 224),
(310, 22, 2013, 23, '', 40, NULL , 1, 225),
(311, 47, 2013, 24, '', 25, NULL , 1, 226),
(312, 27, 2013, 12, '', 27, NULL , 1, 227),
(313, 12, 2013, 2, '', 31, NULL , 1, 228),
(314, 21, 2013, 26, '', 36, NULL , 1, 229),
(316, 17, 2013, 4, '', 30, NULL , 1, 230),
(317, 8, 2013, 2, '', 18, NULL , 2, 231),
(318, 8, 2013, 1, '', 18, NULL , 1, 232),
(319, 20, 2013, 49, '', 52, NULL , 1, 233),
(320, 8, 2013, 0, '', 18, NULL , 1, 234),
(321, 9, 2013, 24, '', 29, NULL , 1, 235),
(322, 32, 2013, 6, '', 14, NULL , 1, 236),
(324, 44, 2013, 24, '', 31, NULL , 1, 0),
(325, 44, 2013, 27, '', 31, NULL , 1, 0),
(326, 44, 2013, 24, '', 31, NULL , 1, 0),
(327, 9, 2013, 22, '', 29, NULL , 1, 237),
(328, 9, 2013, 21, '', 29, NULL , 1, 238),
(329, 9, 2013, 6, '', 29, NULL , 1, 239),
(330, 32, 2013, 2, '', 14, NULL , 2, 240),
(331, 21, 2013, 25, '', 36, NULL , 1, 241),
(332, 20, 2013, 46, '', 52, NULL , 1, 242),
(333, 31, 2013, 20, '', 25, NULL , 7, 243),
(339, 23, 2013, 19, '', 35, NULL , 1, 249),
(379, 43, 2013, 1, '', 10, NULL , 1, 278),
(336, 19, 2013, 3, '', 25, NULL , 1, 246),
(337, 44, 2013, 24, '', 31, NULL , 2, 247),
(338, 40, 2013, 0, '', 2, NULL , 1, 248),
(340, 30, 2013, -11, '', 24, NULL , 1, 250),
(341, 30, 2013, -11, '', 24, NULL , 1, 251),
(342, 30, 2013, -11, '', 24, NULL , 1, 0),
(343, 30, 2013, -11, '', 24, NULL , 1, 252),
(344, 30, 2013, -11, '', 24, NULL , 1, 0),
(345, 26, 2013, 22, '', 24, NULL , 1, 253),
(346, 26, 2013, 22, '', 24, NULL , 1, 0),
(347, 43, 2013, 1, '', 10, NULL , 1, 254),
(348, 25, 2013, 20, '', 24, NULL , 6, 255),
(349, 47, 2013, 23, '', 25, NULL , 1, 256),
(350, 23, 2013, 18, '', 35, NULL , 1, 257),
(351, 31, 2013, 20, '', 25, NULL , 1, 258),
(352, 25, 2013, 19, '', 24, NULL , 6, 259),
(353, 43, 2013, 0, '', 10, NULL , 1, 0),
(354, 21, 2013, 25, '', 36, NULL , 1, 260),
(635, 21, 2014, 22, '', 36, NULL , 1, 506),
(356, 12, 2013, 1, '', 31, NULL , 1, 262),
(357, 43, 2013, 1, '', 10, NULL , 1, 0),
(358, 9, 2013, 1, '', 29, NULL , 1, 263),
(361, 2, 2013, 19, '', 26, NULL , 1, 265),
(362, 2, 2013, 17, '', 24, NULL , 1, 0),
(736, 17, 2014, 25, '', 30, NULL , 1, 593),
(412, 11, 2013, 19, '', 24, NULL , 1, 304),
(365, 47, 2013, 18, '', 25, NULL , 1, 268),
(367, 46, 2013, 22, '', 23, NULL , 1, 270),
(368, 46, 2013, 22, '', 23, NULL , 1, 0),
(369, 46, 2013, 23, '', 24, NULL , 1, 0),
(370, 23, 2013, 17, '', 35, NULL , 1, 271),
(371, 23, 2013, 16, '', 35, NULL , 1, 272),
(372, 45, 2013, 21, '', 22, NULL , 1, 0),
(373, 45, 2013, 21, '', 22, NULL , 1, 0),
(374, 22, 2013, 22, '', 40, NULL , 1, 273),
(375, 22, 2013, 22, '', 40, NULL , 1, 274),
(376, 32, 2013, 2, '', 14, NULL , 1, 275),
(378, 44, 2013, 12, '', 31, NULL , 1, 277),
(380, 34, 2013, 22, '', 24, NULL , 1, 279),
(381, 26, 2013, 22, '', 24, NULL , 1, 280),
(382, 45, 2013, 21, '', 22, NULL , 1, 281),
(383, 14, 2013, 23, '', 24, NULL , 1, 282),
(384, 14, 2013, 21, '', 24, NULL , 1, 283),
(385, 20, 2013, 45, '', 52, NULL , 7, 284),
(388, 20, 2013, 45, '', 52, NULL , 1, 0),
(387, 44, 2013, 10, '', 31, NULL , 1, 286),
(389, 26, 2013, 22, '', 24, NULL , 1, 287),
(390, 44, 2013, 12, '', 31, NULL , 1, 0),
(391, 14, 2013, 20, '', 24, NULL , 1, 288),
(392, 35, 2013, 19, '', 24, NULL , 1, 289),
(393, 35, 2013, 19, '', 24, NULL , 1, 0),
(404, 25, 2013, 19, '', 24, NULL , 1, 298),
(395, 25, 2013, 24, '', 24, NULL , 1, 0),
(396, 25, 2013, 21, '', 24, NULL , 1, 0),
(397, 32, 2013, 0, '', 14, NULL , 1, 291),
(398, 12, 2013, 0, '', 31, NULL , 1, 292),
(399, 14, 2013, 20, '', 24, NULL , 1, 293),
(400, 37, 2013, 6, '', 16, NULL , 1, 294),
(401, 20, 2013, 35, '', 52, NULL , 1, 295),
(402, 31, 2013, 18, '', 25, NULL , 7, 296),
(403, 40, 2013, 12, '', 19, NULL , 1, 297),
(408, 17, 2013, -11, '', 30, NULL , 1, 302),
(409, 20, 2013, 35, '', 52, NULL , 1, 0),
(410, 20, 2013, 40, '', 52, NULL , 1, 0),
(411, 20, 2013, 37, '', 52, NULL , 1, 303),
(413, 27, 2013, 12, '', 27, NULL , 1, 305),
(415, 38, 2013, 90, '', 90, NULL , 4, 307),
(416, 38, 2013, 0, '', 23, NULL , 1, 308),
(417, 38, 2013, 15, '', 18, NULL , 1, 309),
(418, 38, 2013, 16, '', 21, NULL , 1, 0),
(419, 38, 2013, 1, '', 16, NULL , 1, 0),
(420, 23, 2013, 15, '', 35, NULL , 1, 310),
(421, 23, 2013, 14, '', 35, NULL , 1, 311),
(422, 23, 2013, 14, '', 35, NULL , 1, 312),
(423, 21, 2013, 23, '', 36, NULL , 1, 313),
(424, 31, 2013, 10, '', 25, NULL , 7, 314),
(425, 26, 2013, 20, '', 24, NULL , 1, 315),
(426, 11, 2013, 17, '', 24, NULL , 1, 316),
(617, 46, 2014, 17, '', 24, NULL , 1, 489),
(430, 30, 2013, 14, '', 15, NULL , 9, 320),
(431, 22, 2013, 20, '', 40, NULL , 1, 321),
(434, 28, 2013, 23, '', 24, NULL , 1, 324),
(433, 34, 2013, 17, '', 24, NULL , 1, 323),
(435, 28, 2013, 23, '', 24, NULL , 9, 325),
(436, 46, 2013, 22, '', 24, NULL , 1, 0),
(437, 46, 2013, 20, '', 24, NULL , 1, 326),
(438, 11, 2013, 15, '', 24, NULL , 1, 327),
(439, 23, 2013, 13, '', 35, NULL , 1, 328),
(440, 14, 2013, 19, '', 24, NULL , 1, 329),
(441, 47, 2013, 8, '', 25, NULL , 1, 330),
(442, 45, 2013, 21, '', 22, NULL , 1, 331),
(443, 12, 2013, 11, '', 31, NULL , 1, 332),
(444, 28, 2013, 22, '', 24, NULL , 1, 333),
(445, 46, 2013, 20, '', 24, NULL , 1, 334),
(446, 46, 2013, 19, '', 24, NULL , 1, 335),
(447, 46, 2013, 19, '', 24, NULL , 1, 336),
(448, 35, 2013, 18, '', 24, NULL , 1, 337),
(449, 50, 2013, 6, '', 12, NULL , 1, 338),
(450, 40, 2013, 12, '', 24, NULL , 1, 339),
(451, 40, 2013, 10, '', 24, NULL , 1, 0),
(452, 49, 2013, 11, '', 12, NULL , 1, 340),
(453, 30, 2013, 14, '', 15, NULL , 1, 341),
(454, 14, 2013, 18, '', 24, NULL , 1, 342),
(455, 12, 2013, 10, '', 31, NULL , 1, 343),
(456, 20, 2013, 35, '', 52, NULL , 1, 344),
(457, 23, 2013, 12, '', 35, NULL , 1, 345),
(458, 26, 2013, 18, '', 24, NULL , 1, 346),
(459, 25, 2013, 11, '', 24, NULL , 1, 347),
(460, 28, 2013, 19, '', 22, NULL , 1, 348),
(461, 20, 2013, 32, '', 52, NULL , 1, 349),
(462, 20, 2013, 29, '', 52, NULL , 1, 350),
(463, 25, 2013, 11, '', 24, NULL , 1, 0),
(464, 25, 2013, 14, '', 24, NULL , 1, 0),
(465, 14, 2013, 17, '', 24, NULL , 1, 351),
(466, 28, 2013, 18, '', 22, NULL , 1, 352),
(467, 45, 2013, 20, '', 22, NULL , 1, 353),
(468, 23, 2013, 4, '', 5, NULL , 6, 354),
(469, 23, 2013, 1, '', 5, NULL , 6, 355),
(470, 23, 2013, 0, '', 5, NULL , 6, 356),
(471, 8, 2013, 16, '', 18, NULL , 1, 357),
(472, 8, 2013, 15, '', 18, NULL , 1, 358),
(473, 8, 2013, 14, '', 18, NULL , 1, 0),
(474, 40, 2013, 14, '', 24, NULL , 1, 359),
(475, 40, 2013, 1, '', 11, NULL , 1, 0),
(476, 46, 2013, 19, '', 24, NULL , 1, 360),
(477, 2, 2013, 17, '', 24, NULL , 1, 361),
(478, 2, 2013, 17, '', 24, NULL , 1, 362),
(479, 2, 2013, 16, '', 24, NULL , 1, 363),
(480, 47, 2013, 3, '', 25, NULL , 1, 364),
(481, 12, 2013, 9, '', 31, NULL , 1, 365),
(482, 27, 2013, 12, '', 27, NULL , 1, 366),
(483, 27, 2013, 12, '', 27, NULL , 1, 367),
(484, 41, 2013, 20, '', 25, NULL , 1, 368),
(485, 41, 2013, 15, '', 25, NULL , 1, 369),
(486, 20, 2013, 29, '', 52, NULL , 1, 370),
(487, 14, 2013, 17, '', 24, NULL , 2, 371),
(488, 14, 2013, 17, '', 24, NULL , 2, 0),
(489, 51, 2013, 7, '', 8, NULL , 1, 372),
(491, 45, 2013, 18, '', 22, NULL , 1, 374),
(492, 26, 2013, 18, '', 24, NULL , 1, 375),
(493, 26, 2013, 18, '', 24, NULL , 1, 0),
(494, 26, 2013, 17, '', 24, NULL , 1, 376),
(495, 26, 2013, 17, '', 24, NULL , 1, 377),
(496, 12, 2013, 7, '', 31, NULL , 1, 378),
(497, 12, 2013, 6, '', 31, NULL , 1, 379),
(498, 12, 2013, 1, '', 31, NULL , 1, 380),
(499, 12, 2013, 0, '', 31, NULL , 1, 381),
(500, 35, 2013, 14, '', 18, NULL , 1, 382),
(501, 35, 2013, 14, '', 18, NULL , 7, 383),
(502, 53, 2013, 4, '', 5, NULL , 1, 384),
(503, 53, 2013, 3, '', 5, NULL , 1, 385),
(504, 26, 2013, 16, '', 24, NULL , 1, 386),
(505, 55, 2013, 2, '', 4, NULL , 1, 387),
(506, 52, 2013, 8, '', 10, NULL , 1, 388),
(507, 52, 2013, 7, '', 10, NULL , 1, 389),
(508, 52, 2013, 2, '', 10, NULL , 1, 390),
(509, 11, 2013, 14, '', 24, NULL , 1, 391),
(510, 51, 2013, 2, '', 8, NULL , 1, 392),
(511, 30, 2013, 14, '', 15, NULL , 9, 393),
(512, 30, 2013, 13, '', 15, NULL , 1, 394),
(513, 30, 2013, 12, '', 15, NULL , 1, 395),
(514, 34, 2013, 13, '', 17, NULL , 1, 396),
(515, 11, 2013, 13, '', 24, NULL , 1, 397),
(516, 56, 2013, 4, '', 6, NULL , 1, 399),
(517, 56, 2013, 3, '', 6, NULL , 1, 400),
(518, 56, 2013, 2, '', 6, NULL , 1, 401),
(519, 14, 2013, 17, '', 24, NULL , 1, 402),
(521, 49, 2013, 11, '', 12, NULL , 1, 404),
(522, 49, 2013, 10, '', 12, NULL , 1, 0),
(523, 49, 2013, 9, '', 12, NULL , 1, 405),
(524, 31, 2013, 3, '', 25, NULL , 1, 406),
(525, 31, 2013, 2, '', 25, NULL , 1, 407),
(526, 11, 2013, 12, '', 24, NULL , 1, 408),
(527, 23, 2013, 10, '', 5, NULL , 1, 409),
(528, 37, 2013, 13, '', 16, NULL , 1, 410),
(529, 51, 2013, 2, '', 8, NULL , 1, 0),
(530, 51, 2013, 2, '', 8, NULL , 1, 0),
(531, 50, 2013, 6, '', 14, NULL , 1, 411),
(532, 46, 2013, 18, '', 24, NULL , 1, 412),
(533, 45, 2014, 17, '', 24, NULL , 1, 413),
(534, 44, 2014, 6, '', 31, NULL , 1, 414),
(535, 44, 2014, 8, '', 31, NULL , 1, 0),
(536, 11, 2014, 15, '', 36, NULL , 1, 415),
(537, 53, 2014, 2, '', 5, NULL , 1, 416),
(538, 12, 2014, 22, '', 31, NULL , 1, 417),
(539, 28, 2014, 15, '', 18, NULL , 1, 418),
(540, 30, 2014, 12, '', 15, NULL , 2, 419),
(541, 14, 2014, 16, '', 24, NULL , 1, 420),
(542, 9, 2014, 21, '', 25, NULL , 1, 421),
(543, 53, 2014, 2, '', 5, NULL , 2, 422),
(545, 31, 2014, 1, '', 25, NULL , 1, 424),
(546, 51, 2014, 2, '', 8, NULL , 1, 425),
(548, 49, 2014, 4, '', 12, NULL , 1, 427),
(549, 40, 2014, 1, '', 11, NULL , 1, 428),
(550, 45, 2014, 16, '', 24, NULL , 1, 429),
(619, 45, 2014, 16, '', 24, NULL , 1, 491),
(552, 50, 2014, 6, '', 16, NULL , 1, 431),
(555, 11, 2014, 13, '', 36, NULL , 1, 433),
(554, 50, 2014, 6, '', 16, NULL , 1, 0),
(556, 30, 2014, 11, '', 15, NULL , 1, 434),
(557, 30, 2014, 11, '', 15, NULL , 1, 435),
(558, 23, 2014, 9, '', 5, NULL , 1, 436),
(559, 25, 2014, 23, '', 24, NULL , 1, 437),
(560, 25, 2014, 21, '', 22, NULL , 1, 0),
(561, 46, 2014, 18, '', 24, NULL , 1, 438),
(562, 46, 2014, 18, '', 24, NULL , 1, 439),
(563, 46, 2014, 18, '', 24, NULL , 1, 440),
(564, 44, 2014, 6, '', 31, NULL , 1, 441),
(600, 9, 2014, 16, '', 25, NULL , 2, 475),
(566, 9, 2014, 20, '', 25, NULL , 2, 443),
(567, 56, 2014, 0, '', 0, NULL , 2, 444),
(568, 8, 2014, 14, '', 18, NULL , 2, 445),
(569, 53, 2014, 0, '', 5, NULL , 1, 446),
(570, 27, 2014, 12, '', 27, NULL , 1, 447),
(571, 35, 2014, 12, '', 14, NULL , 7, 448),
(572, 35, 2014, 12, '', 14, NULL , 1, 449),
(576, 14, 2014, 15, '', 24, NULL , 1, 453),
(574, 52, 2014, 1, '', 10, NULL , 1, 451),
(575, 23, 2014, 8, '', 5, NULL , 1, 452),
(577, 40, 2014, 0, '', 11, NULL , 1, 454),
(578, 31, 2014, 0, '', 25, NULL , 7, 455),
(579, 31, 2014, 4, '', 5, NULL , 1, 456),
(580, 44, 2014, 3, '', 31, NULL , 1, 457),
(581, 25, 2014, 19, '', 22, NULL , 1, 458),
(582, 25, 2014, 20, '', 22, NULL , 1, 0),
(583, 25, 2014, 19, '', 22, NULL , 1, 459),
(584, 28, 2014, 15, '', 18, NULL , 9, 460),
(585, 51, 2014, 0, '', 8, NULL , 1, 461),
(586, 55, 2014, 0, '', 4, NULL , 1, 462),
(587, 47, 2014, 3, '', 25, NULL , 1, 463),
(588, 28, 2014, 14, '', 18, NULL , 1, 464),
(589, 28, 2014, 11, '', 14, NULL , 1, 465),
(590, 2, 2014, 16, '', 24, NULL , 1, 466),
(591, 56, 2014, 1, '', 6, NULL , 1, 467),
(592, 14, 2014, 14, '', 24, NULL , 1, 468),
(593, 44, 2014, 3, '', 31, NULL , 1, 0),
(594, 44, 2014, 2, '', 31, NULL , 1, 469),
(595, 44, 2014, 2, '', 31, NULL , 1, 0),
(596, 50, 2014, 5, '', 6, NULL , 1, 470),
(597, 50, 2014, 1, '', 5, NULL , 1, 471),
(598, 50, 2014, 0, '', 1, NULL , 1, 472),
(599, 9, 2014, 20, '', 25, NULL , 2, 473),
(601, 9, 2014, 16, '', 25, NULL , 1, 0),
(602, 35, 2014, 12, '', 14, NULL , 1, 476),
(603, 35, 2014, 9, '', 14, NULL , 1, 0),
(604, 34, 2014, 0, '', 17, NULL , 1, 477),
(605, 22, 2014, 19, '', 40, NULL , 1, 478),
(606, 53, 2014, 23, '', 24, NULL , 1, 479),
(607, 11, 2014, 10, '', 36, NULL , 1, 480),
(608, 26, 2014, 6, '', 24, NULL , 1, 481),
(609, 26, 2014, 4, '', 24, NULL , 1, 482),
(622, 38, 2014, 0, '', 16, NULL , 1, 494),
(611, 41, 2014, 14, '', 25, NULL , 1, 484),
(612, 20, 2014, 49, '', 53, NULL , 1, 485),
(613, 20, 2014, 49, '', 53, NULL , 1, 0),
(614, 28, 2014, 6, '', 17, NULL , 1, 486),
(615, 30, 2014, 11, '', 15, NULL , 2, 487),
(616, 31, 2014, 2, '', 5, NULL , 1, 488),
(618, 9, 2014, 15, '', 25, NULL , 1, 490),
(620, 41, 2014, 14, '', 25, NULL , 1, 492),
(623, 38, 2014, 6, '', 16, NULL , 1, 495),
(624, 2, 2014, 16, '', 24, NULL , 1, 496),
(625, 2, 2014, 15, '', 24, NULL , 1, 497),
(626, 26, 2014, 3, '', 24, NULL , 3, 498),
(627, 52, 2014, 8, '', 24, NULL , 1, 499),
(628, 52, 2014, 8, '', 24, NULL , 1, 0),
(629, 23, 2014, 7, '', 5, NULL , 1, 500),
(630, 40, 2014, 6, '', 11, NULL , 1, 501),
(631, 26, 2014, 1, '', 24, NULL , 1, 502),
(632, 14, 2014, 13, '', 24, NULL , 1, 503),
(633, 45, 2014, 16, '', 24, NULL , 1, 504),
(634, 20, 2014, 45, '', 53, NULL , 1, 505),
(636, 19, 2014, 7, '', 25, NULL , 1, 507),
(638, 31, 2014, 2, '', 5, NULL , 1, 509),
(639, 9, 2014, 13, '', 25, NULL , 1, 510),
(640, 56, 2014, 23, '', 24, NULL , 1, 511),
(641, 53, 2014, 21, '', 24, NULL , 1, 512),
(642, 56, 2014, 16, '', 24, NULL , 1, 513),
(643, 47, 2014, 22, '', 25, NULL , 1, 514),
(644, 23, 2014, 2, '', 5, NULL , 1, 515),
(645, 14, 2014, 13, '', 24, NULL , 1, 516),
(646, 51, 2014, 0, '', 5, NULL , 6, 517),
(647, 51, 2014, 6, '', 8, NULL , 1, 518),
(648, 11, 2014, 9, '', 36, NULL , 1, 519),
(649, 11, 2014, 8, '', 36, NULL , 1, 520),
(650, 9, 2014, 13, '', 25, NULL , 1, 521),
(651, 30, 2014, 11, '', 15, NULL , 1, 522),
(652, 28, 2014, 9, '', 10, NULL , 1, 523),
(653, 37, 2014, 10, '', 17, NULL , 1, 524),
(654, 37, 2014, 10, '', 17, NULL , 7, 525),
(655, 38, 2014, 6, '', 10, NULL , 1, 526),
(656, 38, 2014, 5, '', 12, NULL , 1, 527),
(657, 55, 2014, 8, '', 4, NULL , 1, 528),
(658, 44, 2014, 26, '', 24, NULL , 1, 529),
(659, 21, 2014, 22, '', 36, NULL , 1, 530),
(660, 46, 2014, 16, '', 24, NULL , 1, 531),
(661, 53, 2014, 19, '', 24, NULL , 1, 532),
(662, 28, 2014, 8, '', 10, NULL , 1, 533),
(663, 12, 2014, 21, '', 31, NULL , 1, 534),
(664, 12, 2014, 20, '', 31, NULL , 1, 535),
(665, 22, 2014, 19, '', 40, NULL , 1, 536),
(666, 47, 2014, 21, '', 25, NULL , 1, 537),
(667, 8, 2014, 13, '', 18, NULL , 1, 538),
(668, 27, 2014, 11, '', 27, NULL , 1, 539),
(669, 11, 2014, 7, '', 36, NULL , 1, 540),
(670, 53, 2014, 17, '', 24, NULL , 1, 541),
(671, 26, 2014, 12, '', 24, NULL , 1, 542),
(672, 14, 2014, 12, '', 24, NULL , 1, 543),
(673, 22, 2014, 19, '', 40, NULL , 1, 544),
(674, 22, 2014, 19, '', 40, NULL , 1, 0),
(675, 22, 2014, 19, '', 40, NULL , 1, 0),
(676, 22, 2014, 19, '', 40, NULL , 1, 0),
(677, 31, 2014, 1, '', 5, NULL , 7, 545),
(678, 9, 2014, 12, '', 25, NULL , 1, 546),
(679, 9, 2014, 13, '', 25, NULL , 1, 0),
(680, 9, 2014, 0, '', 25, NULL , 1, 547),
(681, 9, 2014, 0, '', 25, NULL , 1, 0),
(682, 23, 2014, 1, '', 5, NULL , 1, 548),
(683, 2, 2014, 14, '', 24, NULL , 1, 549),
(684, 2, 2014, 14, '', 24, NULL , 1, 550),
(685, 35, 2014, 6, '', 14, NULL , 1, 551),
(686, 28, 2014, 6, '', 10, NULL , 1, 552),
(687, 8, 2014, 12, '', 18, NULL , 1, 553),
(688, 56, 2014, 15, '', 24, NULL , 1, 554),
(689, 28, 2014, 5, '', 10, NULL , 1, 555),
(690, 23, 2014, 0, '', 5, NULL , 1, 556),
(691, 51, 2014, 0, '', 10, NULL , 8, 557),
(692, 44, 2014, 17, '', 24, NULL , 1, 558),
(693, 53, 2014, 16, '', 24, NULL , 1, 559),
(694, 53, 2014, 16, '', 24, NULL , 1, 0),
(695, 46, 2014, 15, '', 24, NULL , 1, 560),
(696, 31, 2014, 0, '', 5, NULL , 7, 561),
(697, 8, 2014, 11, '', 18, NULL , 1, 562),
(698, 19, 2014, -13, '', 25, NULL , 1, 563),
(699, 19, 2014, -13, '', 25, NULL , 1, 0),
(700, 28, 2014, 4, '', 10, NULL , 1, 564),
(701, 28, 2014, 7, '', 14, NULL , 1, 565),
(702, 28, 2014, -4, '', 14, NULL , 1, 566),
(703, 28, 2014, 6, '', 14, NULL , 1, 0),
(704, 41, 2014, 14, '', 25, NULL , 7, 567),
(705, 44, 2014, 17, '', 24, NULL , 1, 568),
(706, 44, 2014, 15, '', 24, NULL , 1, 0),
(707, 44, 2014, 15, '', 24, NULL , 1, 569),
(708, 44, 2014, 13, '', 24, NULL , 1, 0),
(709, 44, 2014, 7, '', 24, NULL , 1, 570),
(737, 31, 2014, 5, '', 12, NULL , 1, 594),
(711, 38, 2014, 11, '', 14, NULL , 1, 572),
(712, 38, 2014, 9, '', 14, NULL , 1, 573),
(713, 35, 2014, 1, '', 14, NULL , 1, 574),
(714, 23, 2014, 19, '', 5, NULL , 1, 575),
(715, 23, 2014, 17, '', 5, NULL , 1, 576),
(716, 23, 2014, 17, '', 5, NULL , 1, 577),
(717, 23, 2014, 18, '', 5, NULL , 1, 0),
(718, 23, 2014, 14, '', 5, NULL , 1, 0),
(719, 23, 2014, 11, '', 5, NULL , 1, 578),
(720, 20, 2014, 41, '', 53, NULL , 1, 579),
(721, 26, 2014, 12, '', 24, NULL , 1, 580),
(722, 33, 2014, 34, '', 30, NULL , 1, 581),
(723, 47, 2014, 12, '', 25, NULL , 1, 582),
(724, 23, 2014, 10, '', 5, NULL , 1, 583),
(725, 37, 2014, 21, '', 24, NULL , 1, 584),
(726, 37, 2014, 21, '', 24, NULL , 7, 585),
(727, 45, 2014, 15, '', 24, NULL , 1, 0),
(728, 27, 2014, 24, '', 27, NULL , 1, 586),
(786, 52, 2014, 18, '', 24, NULL , 7, 641),
(732, 56, 2014, 14, '', 24, NULL , 1, 590),
(733, 28, 2014, 13, '', 14, NULL , 1, 591),
(734, 28, 2014, 12, '', 14, NULL , 1, 0),
(738, 56, 2014, 23, '', 24, NULL , 3, 595),
(739, 2, 2014, 14, '', 24, NULL , 1, 596),
(740, 47, 2014, 11, '', 25, NULL , 1, 597),
(741, 38, 2014, 0, '', 14, NULL , 1, 598),
(742, 38, 2014, 10, '', 14, NULL , 1, 0),
(743, 38, 2014, 5, '', 14, NULL , 1, 599),
(744, 21, 2014, 22, '', 36, NULL , 1, 600),
(745, 22, 2014, 18, '', 40, NULL , 1, 601),
(771, 12, 2014, 18, '', 31, NULL , 1, 626),
(747, 27, 2014, 23, '', 27, NULL , 1, 603),
(748, 34, 2014, 9, '', 24, NULL , 1, 604),
(749, 50, 2014, 22, '', 24, NULL , 1, 605),
(750, 45, 2014, 11, '', 24, NULL , 1, 606),
(751, 14, 2014, 12, '', 24, NULL , 1, 607),
(752, 53, 2014, 15, '', 24, NULL , 1, 608),
(753, 46, 2014, 15, '', 24, NULL , 6, 609),
(754, 46, 2014, 14, '', 24, NULL , 1, 610),
(755, 45, 2014, 11, '', 24, NULL , 1, 0),
(756, 28, 2014, 11, '', 14, NULL , 1, 611),
(757, 51, 2014, 19, '', 24, NULL , 1, 612),
(758, 2, 2014, 14, '', 24, NULL , 3, 613),
(759, 2, 2014, 13, '', 24, NULL , 1, 614),
(760, 27, 2014, 21, '', 27, NULL , 1, 615),
(761, 11, 2014, 6, '', 36, NULL , 1, 616),
(762, 11, 2014, 5, '', 36, NULL , 1, 617),
(763, 14, 2014, 12, '', 24, NULL , 1, 618),
(764, 2, 2014, 12, '', 24, NULL , 9, 619),
(822, 46, 2014, 13, '', 24, NULL , 1, 0),
(766, 50, 2014, 21, '', 24, NULL , 1, 621),
(767, 8, 2014, 10, '', 18, NULL , 7, 622),
(836, 26, 2014, 11, '', 24, NULL , 1, 684),
(769, 23, 2014, 9, '', 5, NULL , 1, 624),
(770, 22, 2014, 17, '', 40, NULL , 1, 625),
(773, 12, 2014, 16, '', 31, NULL , 1, 628),
(774, 8, 2014, 9, '', 18, NULL , 1, 629),
(775, 56, 2014, 49, '', 50, NULL , 7, 630),
(776, 8, 2014, 8, '', 18, NULL , 1, 631),
(777, 53, 2014, 13, '', 24, NULL , 1, 632),
(778, 53, 2014, 11, '', 24, NULL , 1, 633),
(779, 53, 2014, 11, '', 24, NULL , 7, 634),
(780, 20, 2014, 39, '', 53, NULL , 1, 635),
(781, 20, 2014, 38, '', 53, NULL , 1, 636),
(782, 20, 2014, 35, '', 53, NULL , 1, 637),
(783, 47, 2014, 9, '', 25, NULL , 1, 638),
(784, 31, 2014, 4, '', 12, NULL , 1, 639),
(785, 52, 2014, 18, '', 24, NULL , 7, 640),
(787, 52, 2014, 18, '', 24, NULL , 1, 0),
(788, 41, 2014, 14, '', 25, NULL , 7, 642),
(789, 41, 2014, 14, '', 25, NULL , 1, 643),
(790, 2, 2014, 11, '', 24, NULL , 7, 644),
(791, 28, 2014, 14, '', 14, NULL , 2, 645),
(792, 28, 2014, 13, '', 14, NULL , 1, 646),
(793, 53, 2014, 10, '', 24, NULL , 7, 0),
(794, 53, 2014, 11, '', 24, NULL , 7, 647),
(795, 53, 2014, 11, '', 24, NULL , 7, 0),
(796, 23, 2014, 8, '', 5, NULL , 1, 648),
(797, 26, 2014, 12, '', 24, NULL , 1, 649),
(798, 51, 2014, 14, '', 19, NULL , 1, 650),
(799, 51, 2014, 14, '', 19, NULL , 1, 0),
(800, 34, 2014, 6, '', 8, NULL , 1, 651),
(801, 53, 2014, 10, '', 24, NULL , 1, 652),
(802, 53, 2014, 8, '', 24, NULL , 1, 653),
(803, 38, 2014, 6, '', 20, NULL , 1, 654),
(804, 23, 2014, 7, '', 5, NULL , 1, 655),
(805, 20, 2014, 33, '', 53, NULL , 1, 656),
(806, 20, 2014, 35, '', 53, NULL , 1, 0),
(807, 11, 2014, 3, '', 36, NULL , 1, 657),
(808, 35, 2014, 14, '', 14, NULL , 7, 658),
(809, 27, 2014, 6, '', 27, NULL , 1, 659),
(810, 37, 2014, 21, '', 24, NULL , 7, 660),
(811, 50, 2014, 18, '', 24, NULL , 1, 661),
(812, 23, 2014, 0, '', 5, NULL , 6, 662),
(813, 23, 2014, 6, '', 6, NULL , 1, 663),
(814, 21, 2014, 22, '', 36, NULL , 6, 664),
(815, 21, 2014, 22, '', 36, NULL , 1, 665),
(816, 28, 2014, 12, '', 13, NULL , 1, 666),
(817, 28, 2014, 11, '', 13, NULL , 9, 667),
(818, 53, 2014, 7, '', 24, NULL , 1, 668),
(819, 53, 2014, 6, '', 24, NULL , 1, 669),
(820, 50, 2014, 15, '', 24, NULL , 1, 670),
(821, 46, 2014, 13, '', 24, NULL , 1, 671),
(823, 56, 2014, 13, '', 14, NULL , 1, 672),
(874, 35, 2015, 10, '', 14, NULL , 1, 716),
(825, 45, 2014, 14, '', 17, NULL , 1, 674),
(826, 45, 2014, 14, '', 17, NULL , 1, 0),
(827, 17, 2014, 7, '', 30, NULL , 1, 675),
(828, 51, 2014, 0, '', 5, NULL , 6, 676),
(829, 51, 2014, 13, '', 14, NULL , 1, 677),
(830, 33, 2014, 10, '', 30, NULL , 1, 678),
(831, 53, 2014, 4, '', 24, NULL , 1, 679),
(832, 2, 2014, 11, '', 24, NULL , 1, 680),
(833, 2, 2014, 10, '', 24, NULL , 1, 681),
(834, 2, 2014, 9, '', 24, NULL , 1, 682),
(835, 2, 2014, 7, '', 24, NULL , 1, 683),
(837, 26, 2014, 11, '', 24, NULL , 6, 685),
(838, 52, 2014, 18, '', 24, NULL , 1, 686),
(839, 52, 2014, 8, '', 24, NULL , 1, 687),
(840, 47, 2014, 5, '', 25, NULL , 1, 688),
(841, 47, 2014, 1, '', 25, NULL , 1, 689),
(842, 52, 2014, 18, '', 24, NULL , 1, 0),
(843, 52, 2014, 18, '', 24, NULL , 1, 0),
(844, 44, 2014, 5, '', 24, NULL , 1, 690),
(845, 47, 2014, 24, '', 25, NULL , 7, 691),
(846, 12, 2014, 16, '', 31, NULL , 1, 692),
(847, 12, 2014, 14, '', 31, NULL , 1, 0),
(848, 12, 2014, 9, '', 31, NULL , 1, 693),
(849, 55, 2014, 5, '', 4, NULL , 1, 694),
(850, 31, 2014, 0, '', 12, NULL , 1, 695),
(851, 31, 2014, 7, '', 12, NULL , 1, 0),
(852, 37, 2014, 21, '', 24, NULL , 7, 696),
(853, 37, 2014, 21, '', 24, NULL , 1, 697),
(854, 31, 2014, 6, '', 12, NULL , 7, 698),
(855, 23, 2014, 3, '', 6, NULL , 1, 699),
(856, 38, 2014, 8, '', 20, NULL , 1, 700),
(857, 38, 2014, 6, '', 20, NULL , 1, 701),
(858, 38, 2014, 1, '', 20, NULL , 1, 702),
(859, 34, 2014, 6, '', 8, NULL , 7, 703),
(860, 34, 2014, 6, '', 8, NULL , 1, 704),
(861, 28, 2014, 11, '', 13, NULL , 9, 705),
(862, 28, 2014, 11, '', 13, NULL , 1, 0),
(863, 8, 2014, 8, '', 18, NULL , 2, 706),
(864, 41, 2014, 14, '', 25, NULL , 7, 707),
(865, 41, 2014, 14, '', 25, NULL , 7, 708),
(867, 41, 2014, 14, '', 25, NULL , 7, 0),
(868, 41, 2014, 13, '', 25, NULL , 1, 710),
(869, 51, 2014, 0, '', 14, NULL , 1, 711),
(870, 47, 2015, 24, '', 25, NULL , 7, 712),
(871, 45, 2015, 13, '', 17, NULL , 1, 713),
(872, 45, 2015, 12, '', 17, NULL , 1, 714),
(873, 45, 2015, 11, '', 17, NULL , 1, 715),
(875, 31, 2015, 0, '', 12, NULL , 1, 717);



-- DONE
CREATE TABLE mysqldb.tbl_leavetypes (
    id          integer,
    leavetype   varchar(25) DEFAULT NULL,
    totaldays   integer,
    jobgrpfrom  varchar(10) DEFAULT NULL,
    jobgrpto    varchar(10) DEFAULT NULL
);
-- DOne
INSERT INTO mysqldb.tbl_leavetypes (id, leavetype, totaldays, jobgrpfrom, jobgrpto) VALUES
(1, 'Annual Leave', 24, '', ''),
(2, 'Sick Leave', 21, '', ''),
(3, 'Compassionate Leave', 10, '', ''),
(4, 'Maternity', 90, '', ''),
(8, 'Paternity', 10, NULL, NULL),
(6, 'Study Leave', 5, '', ''),
(7, 'Flexi leave', 10, '', ''),
(9, 'Sick child leave', 15, '', '');


CREATE TABLE mysqldb.tbl_maritalstatus (
    id              integer,
    description     varchar(255) NOT NULL DEFAULT ''
);


INSERT INTO mysqldb.tbl_maritalstatus (id, description) VALUES
(1, 'Single'),
(2, 'Married'),
(3, 'Divorced'),
(4, 'Widowed'),
(5, 'Separated');




CREATE TABLE mysqldb.tbl_months (
    id          integer,
    monthname    varchar(100) DEFAULT NULL
);


INSERT INTO mysqldb.tbl_months (id, monthname) VALUES
(1, 'Jan'),
(2, 'Feb'),
(3, 'Mar'),
(4, 'Apr'),
(5, 'May'),
(6, 'June'),
(7, 'Jul'),
(8, 'Aug'),
(9, 'Sep'),
(10, 'Oct'),
(11, 'Nov'),
(12, 'Dec');




CREATE TABLE mysqldb.tbl_nextofkin (
    id          integer,
    fname       varchar(100) DEFAULT NULL,
    mname       varchar(100) DEFAULT NULL,
    lname       varchar(100) DEFAULT NULL,
    address     varchar(100) DEFAULT NULL,
    relationship varchar(100) DEFAULT NULL,
    empid_fk    integer default 0,
    mphone      varchar(255) DEFAULT '',
    email       varchar(255) DEFAULT ''
);


INSERT INTO mysqldb.tbl_nextofkin (id, fname, mname, lname, address, relationship, empid_fk, mphone, email) VALUES
(176, 'Lilian', 'Nyambura', 'Nganga', '00600-33450', 'WIFE', 1, '0721918407', 'nyabuang@yahoo.com'),
(177, 'Peninah', 'Ngendo', 'Muturi', '00600-33450', 'mother', 1, '0722393221', 'peninah@khekenya.com'),
(178, 'Aiah', 'Dorkuh', 'Foday-Khabenje', 'AEA Office', 'Spouse', 2, '0712993335', 'aiah@aeafrica.org'),
(179, 'Melvin', 'Sahr', 'Foday-Khabenje', 'Tamarind', 'Child', 2, '0715699880', 'msnfk_@hotmail.com'),
(180, 'Moses', 'Onyango', 'Onyango', '', 'husband', 28, '0713 657 077', 'Moses.onyango49@gmail.com'),
(181, 'Black', 'Odanyiro', 'Wamukoya', '', 'brother', 28, '+ 254 722 74 37 35', 'bodanyiro@yahoo.co.uk'),
(182, 'Najum', NULL, 'MUSHTAQ', 'Lantana Gardens, Maalim Juma Road, POBox 1278, 00200 Nairobi', 'Friend', 30, '0736689129 / 0705264266', 'najum.mushtaq@gmail.com'),
(183, 'PASCHAL', 'OKUMU', 'MISAWO', 'P.O.BOX 22608 00400 NAIROBI', 'FATHER', 18, '0722600239', NULL),
(184, 'Felix', 'Tei', 'Nartey', '51, Ruaka Road, Runda, Nairobi', 'Husband', 8, '+254720213603', 'fnartey@hotmail.com'),
(185, 'Anne', 'Kristine', 'Seljeflot', 'Rannekleiv terr. 30, N-4824 Bjorbekk', 'Mother', 8, '+4799722423', 'anneseljeflot@hotmail.com'),
(186, 'Leif', 'Einar', 'Seljeflot', 'Rannekleiv terr. 30, N-4824 Bjorbekk', 'Father', 8, '+4737094580', NULL),
(187, 'Joe', 'Shitandi', 'Mukoko', '', 'Husband', 12, '=254726568464', 'jcsmukoko@gmail.com'),
(188, 'Isaac', 'Gikonyo', 'Mwendia', '', 'Father', 12, '+254722916616', 'imgikonyo@gmail.com');




CREATE TABLE mysqldb.tbl_qlevels (
    id      integer,
    qlevel  varchar(255) NOT NULL DEFAULT ''
);


INSERT INTO mysqldb.tbl_qlevels (id, qlevel) VALUES
(1, 'High School Certificate'),
(2, '1st Degree'),
(3, 'College Diploma'),
(4, 'College Certificate'),
(5, 'Primary School Certificate'),
(6, 'Higher National Diploma'),
(7, 'Ordinary National Diploma'),
(8, 'Masters'),
(9, 'PhD'),
(10, 'CPA'),
(11, 'GCE O levels'),
(12, 'GCE A Levels'),
(13, 'ACCA'),
(14, 'Skill Based');




CREATE TABLE IF NOT EXISTS mysqldb.tbl_qualifications (
    id          integer,
    qualname    varchar(255) NOT NULL DEFAULT '',
    empid_fk    integer default 0,
    yearfrom    integer default 0,
    yearto      integer default 0,
    institution varchar(50) NOT NULL DEFAULT '',
    qlevel      integer default 0
);


INSERT INTO mysqldb.tbl_qualifications (id, qualname, empid_fk, yearfrom, yearto, institution, qlevel) VALUES
(1, 'Kenya Certificate of Secondary  Education', 1, 1992, 1996, 'LENANA SCHOOL', 9),
(2, 'IMIS-diploma', 1, 1997, 1997, 'STRATHMORE COLLEGE', 11),
(3, 'IMIS-Higher Diploma', 1, 1998, 1998, 'STRATHMORE COLLEGE', 14),
(4, 'Bsc. Computer Science', 1, 1998, 2002, 'University of Nairobi', 10),
(5, 'GCE School Cert Div 2', 2, 1972, 1978, 'The Annie Walsh Memorial School', 9),
(6, 'GCE A Levels Passes in 4 subjects', 2, 1978, 1980, 'The Annie Walsh Memorial School', 12),
(7, 'B A in English & French', 2, 1980, 1984, 'Fourah Bay College', 2),
(8, 'Diploma in Data Processing', 2, 1991, 1992, 'Institute of Publuc Administration & Management', 3),
(9, 'MA in Educational Administration', 2, 2003, 2004, 'Njala University', 8),
(10, 'Post Graduate Diploma in Education', 2, 1984, 1985, 'Fourah Bay College', 3),
(11, 'BACHELOR OF COMMERCE IN FINANCE', 16, 2009, 2011, 'THE CATHOLIC UNIVERSITY OF EASTERN AFRICA', 2),
(12, 'CERTIFIED PUBLIC ACCOUNTANT OF KENYA -CPA(K)', 16, 2000, 2004, 'VISION INSTITUTE OF PROFESSIONALS', 10),
(13, 'Archives and Records Management', 28, 2008, 2010, 'Inorero University', 6),
(14, 'Archives and Records Management', 28, 2006, 2007, 'Kenya School  of Professional Studies', 7),
(15, 'CERTIFIED PUBLIC ACCOUNTANT', 18, 2011, 2011, 'PINNACLE SCHOOL OF BUSINESS', 10),
(17, 'BACHELOR OF COMMERCE IN FINANCE', 0, 1999, 2011, 'THE CATHOLIC UNIVERSITY OF EASTERN AFRICA', 2),
(18, 'Master of Science (Computer Science)', 1, 2011, 2013, 'University of Nairobi', 8),
(19, 'Computer packages MS-Office', 28, 2001, 2001, 'Telarosa Computer Services, Nairobi', 4),
(20, 'Resource Centre Management', 28, 2004, 2004, 'MS-Training centre for development co-operation,', 14);


CREATE TABLE mysqldb.tbl_terms (
    id      integer,
    terms   varchar(30) NOT NULL DEFAULT ''
) ;


INSERT INTO mysqldb.tbl_terms (id, terms) VALUES
(1, 'Contract'),
(2, 'Permanent'),
(3, 'Locum'),
(4, 'Intern'),
(5, 'Temporary');


CREATE TABLE mysqldb.tbl_titles (
    id      integer,
    title   varchar(5) NOT NULL DEFAULT ''
);


INSERT INTO mysqldb.tbl_titles (id, title) VALUES
(7, 'Mr'),
(8, 'Mrs'),
(9, 'Miss'),
(10, 'Prof'),
(11, 'Dr.'),
(12, 'Hon.');


CREATE TABLE mysqldb.imp_banks (
	imp_bank_id			serial primary key,
	bank				varchar(50),
	country				varchar(50),
	swift				varchar(50),
	branch_name			varchar(50),
	sort_code			varchar(50),
	bank_code			varchar(50),
	branch_code			varchar(50)
);

INSERT INTO mysqldb.imp_banks (bank, country, swift, branch_name, sort_code, bank_code, branch_code) VALUES ('BANQUE INTERNATIONALE POUR LE COMME', 'SN', 'BICISNDXXXX', 'DAKAR', '', '', '');
INSERT INTO mysqldb.imp_banks (bank, country, swift, branch_name, sort_code, bank_code, branch_code) VALUES ('BARCLAYS BANK OF KENYA', 'KE', 'BARCKENXXXX', 'Hurlingham Branch', '', '03', '');
INSERT INTO mysqldb.imp_banks (bank, country, swift, branch_name, sort_code, bank_code, branch_code) VALUES ('BARCLAYS BANK OF KENYA', 'KE', 'BARCKENXXXX', 'KISUMU', '', '03', '009');
INSERT INTO mysqldb.imp_banks (bank, country, swift, branch_name, sort_code, bank_code, branch_code) VALUES ('BARCLAYS BANK OF KENYA', 'KE', 'BARCKENXXXX', 'RAHIMTULLA BRANCH', '', '03', '117');
INSERT INTO mysqldb.imp_banks (bank, country, swift, branch_name, sort_code, bank_code, branch_code) VALUES ('BARCLAYS BANK OF KENYA', 'KE', 'BARCKENXXXX', 'WESTLANDS', '', '03', '009');
INSERT INTO mysqldb.imp_banks (bank, country, swift, branch_name, sort_code, bank_code, branch_code) VALUES ('BARCLAYS BANK PLC', 'GB', 'BARCGB210WQ', 'COLINDALE BRANCH', '202941', '', '');
INSERT INTO mysqldb.imp_banks (bank, country, swift, branch_name, sort_code, bank_code, branch_code) VALUES ('BARCLAYS BANK UGANDA LTD', 'UG', 'BARCUGKXXXX', 'GULU BRANCH', '', '', '');
INSERT INTO mysqldb.imp_banks (bank, country, swift, branch_name, sort_code, bank_code, branch_code) VALUES ('CFC STANBIC BANK', 'KE', '', 'WAIYAKI WAY', '', '31', '002');
INSERT INTO mysqldb.imp_banks (bank, country, swift, branch_name, sort_code, bank_code, branch_code) VALUES ('CFC STANBIC BANK', 'KE', '', 'UPPERHILL', '', '31', '');
INSERT INTO mysqldb.imp_banks (bank, country, swift, branch_name, sort_code, bank_code, branch_code) VALUES ('CO-OPERATIVE BANK', 'KE', 'KCOOKENAXXX', 'UNIVERSITY WAY', '', '11', '031');
INSERT INTO mysqldb.imp_banks (bank, country, swift, branch_name, sort_code, bank_code, branch_code) VALUES ('CO-OPERATIVE BANK', 'KE', 'KCOOKENAXXX', 'STIMA PLAZA', '', '11', '035');
INSERT INTO mysqldb.imp_banks (bank, country, swift, branch_name, sort_code, bank_code, branch_code) VALUES ('CO-OPERATIVE BANK', 'KE', 'KCOOKENAXXX', 'KIMANTHI', '', '11', '045');
INSERT INTO mysqldb.imp_banks (bank, country, swift, branch_name, sort_code, bank_code, branch_code) VALUES ('CO-OPERATIVE BANK', 'KE', 'KCOOKENAXXX', 'WESTLANDS', '', '11', '036');
INSERT INTO mysqldb.imp_banks (bank, country, swift, branch_name, sort_code, bank_code, branch_code) VALUES ('CO-OPERATIVE BANK', 'KE', 'KCOOKENAXXX', 'NBC Branch', '', '11', '');
INSERT INTO mysqldb.imp_banks (bank, country, swift, branch_name, sort_code, bank_code, branch_code) VALUES ('DNB NOR BANK ASA', 'NO', 'DNBANOKKXXX', '', '', '', '');
INSERT INTO mysqldb.imp_banks (bank, country, swift, branch_name, sort_code, bank_code, branch_code) VALUES ('ECOBANK', 'KE', 'ECOCKENAXXX', 'HEAD OFFICE', '', '', '');
INSERT INTO mysqldb.imp_banks (bank, country, swift, branch_name, sort_code, bank_code, branch_code) VALUES ('EQUITY BANK', 'KE', '', 'UPPERHILL', '', '68', '017');
INSERT INTO mysqldb.imp_banks (bank, country, swift, branch_name, sort_code, bank_code, branch_code) VALUES ('EQUITY BANK', 'KE', '', 'KAWANGWARE', '', '68', '063');
INSERT INTO mysqldb.imp_banks (bank, country, swift, branch_name, sort_code, bank_code, branch_code) VALUES ('GUARANTY TRUST BANK (RWANDA) LTD', 'RW', 'BARWRWRWXXX', 'KIGALI', '', '', '');
INSERT INTO mysqldb.imp_banks (bank, country, swift, branch_name, sort_code, bank_code, branch_code) VALUES ('GUARANTY TRUST BANK GAMBIA LIMITED', 'GM', 'GTBGGMGMXXX', 'BANJUL', '', '', '');
INSERT INTO mysqldb.imp_banks (bank, country, swift, branch_name, sort_code, bank_code, branch_code) VALUES ('I & M BANK', 'KE', '', 'PARKLANDS', '', '57', '010');
INSERT INTO mysqldb.imp_banks (bank, country, swift, branch_name, sort_code, bank_code, branch_code) VALUES ('KENYA COMMERCIAL BANK', 'KE', '', 'MOI AVENUE', '', '01', '110');
INSERT INTO mysqldb.imp_banks (bank, country, swift, branch_name, sort_code, bank_code, branch_code) VALUES ('KENYA COMMERCIAL BANK', 'KE', '', 'BUNGOMA', '', '01', '197');
INSERT INTO mysqldb.imp_banks (bank, country, swift, branch_name, sort_code, bank_code, branch_code) VALUES ('KENYA COMMERCIAL BANK', 'KE', '', 'BURU BURU', '', '01', '205');
INSERT INTO mysqldb.imp_banks (bank, country, swift, branch_name, sort_code, bank_code, branch_code) VALUES ('KENYA COMMERCIAL BANK', 'KE', '', 'CAPITAL HILL', '', '01', '201');
INSERT INTO mysqldb.imp_banks (bank, country, swift, branch_name, sort_code, bank_code, branch_code) VALUES ('NATIONWIDE BUILDING SOCIETY', 'GB', '', 'FlexAccount (Original)', '070116', '', '');
INSERT INTO mysqldb.imp_banks (bank, country, swift, branch_name, sort_code, bank_code, branch_code) VALUES ('NATWEST', 'GB', '', '', '56-00-33', '', '');
INSERT INTO mysqldb.imp_banks (bank, country, swift, branch_name, sort_code, bank_code, branch_code) VALUES ('NIC BANK', 'KE', 'NINCKENAXXX', 'NIC HOUSE', '', '41', '102');
INSERT INTO mysqldb.imp_banks (bank, country, swift, branch_name, sort_code, bank_code, branch_code) VALUES ('SOCIETE GENERALE', 'FR', 'SOGEFRPPBSS', '', '', '', '');
INSERT INTO mysqldb.imp_banks (bank, country, swift, branch_name, sort_code, bank_code, branch_code) VALUES ('STANDARD CHARTERED BANK', 'KE', 'SCBLKENXXXX', 'KENYATTA AVENUE', '', '02', '006');
INSERT INTO mysqldb.imp_banks (bank, country, swift, branch_name, sort_code, bank_code, branch_code) VALUES ('STANDARD CHARTERED BANK', 'KE', 'SCBLKENXXXX', 'MOI AVENUE', '', '02', '008');
INSERT INTO mysqldb.imp_banks (bank, country, swift, branch_name, sort_code, bank_code, branch_code) VALUES ('STANDARD CHARTERED BANK', 'KE', 'SCBLKENXXXX', 'LANGATA GALLENA', '', '02', '073');
INSERT INTO mysqldb.imp_banks (bank, country, swift, branch_name, sort_code, bank_code, branch_code) VALUES ('STANDARD CHARTERED BANK', 'KE', 'SCBLKENXXXX', 'MUTHAIGA', '', '02', '76');
INSERT INTO mysqldb.imp_banks (bank, country, swift, branch_name, sort_code, bank_code, branch_code) VALUES ('STANDARD CHARTERED BANK', 'KE', 'SCBLKENXXXX', 'YAYA CENTRE', '', '02', '');
INSERT INTO mysqldb.imp_banks (bank, country, swift, branch_name, sort_code, bank_code, branch_code) VALUES ('STANDARD CHARTERED BANK', 'KE', 'SCBLKENXXXX', 'WESTLANDS', '', '02', '079');
INSERT INTO mysqldb.imp_banks (bank, country, swift, branch_name, sort_code, bank_code, branch_code) VALUES ('STANDARD CHARTERED BANK', 'KE', 'SCBLKENXXXX', 'UPPERHILL BRANCH', '', '02', '082');
INSERT INTO mysqldb.imp_banks (bank, country, swift, branch_name, sort_code, bank_code, branch_code) VALUES ('STANDARD CHARTERED BANK', 'KE', 'SCBLKENXXXX', 'YAYA', '', '02', '');
INSERT INTO mysqldb.imp_banks (bank, country, swift, branch_name, sort_code, bank_code, branch_code) VALUES ('STANDARD CHARTERED BANK', 'KE', 'SCBLKENXXXX', 'Muthaiga Branch', '', '02', '7600');
INSERT INTO mysqldb.imp_banks (bank, country, swift, branch_name, sort_code, bank_code, branch_code) VALUES ('STANDARD CHARTERED BANK UGANDA LTD', 'UG', 'SCBLUGKAXXX', 'KAMPALA ROAD', '', '', '');
INSERT INTO mysqldb.imp_banks (bank, country, swift, branch_name, sort_code, bank_code, branch_code) VALUES ('THE CO-OPERATIVE BANK PLC', 'GB', '', 'CENTRAL CUSTOMER SERVICES', '08-93-00', '', '');
INSERT INTO mysqldb.imp_banks (bank, country, swift, branch_name, sort_code, bank_code, branch_code) VALUES ('THE ROYAL BANK OF SCOTLAND PLC', 'GB', '', 'ST ANDREWS SOUTH STREET', '83-26-28', '', '');
INSERT INTO mysqldb.imp_banks (bank, country, swift, branch_name, sort_code, bank_code, branch_code) VALUES ('AFRILAND FIRST BANK', 'CD', 'AFCDCDK1XXX', 'KINSHASA', '', '', '');

UPDATE mysqldb.imp_banks SET branch_name = 'MAIN' WHERE branch_name is null;
UPDATE mysqldb.imp_banks SET branch_name = 'MAIN' WHERE branch_name = '';

