
INSERT INTO entitys (entity_id, entity_type_id, org_id, entity_name, user_name, primary_email, primary_telephone, super_user, entity_leader, no_org, function_role, date_enroled, is_active, entity_password, first_password, new_password, start_url, is_picked, details, attention, account_id) VALUES (9, 1, 0, 'Dupont Vanessa ', 'vanessa.dupont', NULL, NULL, false, false, false, 'staff', '2015-01-26 15:06:13.59916', true, 'b6f0038dfd42f8aa6ca25354cd2e3660', 'baraza', NULL, NULL, false, NULL, NULL, NULL);
INSERT INTO entitys (entity_id, entity_type_id, org_id, entity_name, user_name, primary_email, primary_telephone, super_user, entity_leader, no_org, function_role, date_enroled, is_active, entity_password, first_password, new_password, start_url, is_picked, details, attention, account_id) VALUES (8, 1, 0, 'Seljeflot Kristin ', 'kristin.seljeflot', NULL, NULL, false, false, false, 'staff', '2015-01-26 15:06:13.59916', true, 'b6f0038dfd42f8aa6ca25354cd2e3660', 'baraza', NULL, NULL, false, NULL, NULL, NULL);
INSERT INTO entitys (entity_id, entity_type_id, org_id, entity_name, user_name, primary_email, primary_telephone, super_user, entity_leader, no_org, function_role, date_enroled, is_active, entity_password, first_password, new_password, start_url, is_picked, details, attention, account_id) VALUES (2, 1, 0, 'Foday-Khabenje Almonda Patricia', 'almonda.patricia', NULL, NULL, false, false, false, 'staff', '2015-01-26 15:06:13.59916', true, 'b6f0038dfd42f8aa6ca25354cd2e3660', 'baraza', NULL, NULL, false, NULL, NULL, NULL);
INSERT INTO entitys (entity_id, entity_type_id, org_id, entity_name, user_name, primary_email, primary_telephone, super_user, entity_leader, no_org, function_role, date_enroled, is_active, entity_password, first_password, new_password, start_url, is_picked, details, attention, account_id) VALUES (12, 1, 0, 'Gikonyo-Mukoko Helen Wangechi', 'helen.wangechi', NULL, NULL, false, false, false, 'staff', '2015-01-26 15:06:13.59916', true, 'b6f0038dfd42f8aa6ca25354cd2e3660', 'baraza', NULL, NULL, false, NULL, NULL, NULL);
INSERT INTO entitys (entity_id, entity_type_id, org_id, entity_name, user_name, primary_email, primary_telephone, super_user, entity_leader, no_org, function_role, date_enroled, is_active, entity_password, first_password, new_password, start_url, is_picked, details, attention, account_id) VALUES (11, 1, 0, 'Bevan Nicola ', 'nicola.bevan', NULL, NULL, false, false, false, 'staff', '2015-01-26 15:06:13.59916', true, 'b6f0038dfd42f8aa6ca25354cd2e3660', 'baraza', NULL, NULL, false, NULL, NULL, NULL);
INSERT INTO entitys (entity_id, entity_type_id, org_id, entity_name, user_name, primary_email, primary_telephone, super_user, entity_leader, no_org, function_role, date_enroled, is_active, entity_password, first_password, new_password, start_url, is_picked, details, attention, account_id) VALUES (35, 1, 0, 'Wafula James Were', 'james.were', NULL, NULL, false, false, false, 'staff', '2015-01-26 15:06:13.59916', true, 'b6f0038dfd42f8aa6ca25354cd2e3660', 'baraza', NULL, NULL, false, NULL, NULL, NULL);
INSERT INTO entitys (entity_id, entity_type_id, org_id, entity_name, user_name, primary_email, primary_telephone, super_user, entity_leader, no_org, function_role, date_enroled, is_active, entity_password, first_password, new_password, start_url, is_picked, details, attention, account_id) VALUES (56, 1, 0, 'Ngige Charles  Mungai', 'mungai.charles', NULL, NULL, false, false, false, 'staff', '2015-01-26 15:06:13.59916', true, 'b6f0038dfd42f8aa6ca25354cd2e3660', 'baraza', NULL, NULL, false, NULL, NULL, NULL);
INSERT INTO entitys (entity_id, entity_type_id, org_id, entity_name, user_name, primary_email, primary_telephone, super_user, entity_leader, no_org, function_role, date_enroled, is_active, entity_password, first_password, new_password, start_url, is_picked, details, attention, account_id) VALUES (53, 1, 0, 'Maina Gacheru John', 'john.gacheru', NULL, NULL, false, false, false, 'staff', '2015-01-26 15:06:13.59916', true, 'b6f0038dfd42f8aa6ca25354cd2e3660', 'baraza', NULL, NULL, false, NULL, NULL, NULL);
INSERT INTO entitys (entity_id, entity_type_id, org_id, entity_name, user_name, primary_email, primary_telephone, super_user, entity_leader, no_org, function_role, date_enroled, is_active, entity_password, first_password, new_password, start_url, is_picked, details, attention, account_id) VALUES (52, 1, 0, 'Muturia Julian Kagwiria', 'julian.kagwiria', NULL, NULL, false, false, false, 'staff', '2015-01-26 15:06:13.59916', true, 'b6f0038dfd42f8aa6ca25354cd2e3660', 'baraza', NULL, NULL, false, NULL, NULL, NULL);
INSERT INTO entitys (entity_id, entity_type_id, org_id, entity_name, user_name, primary_email, primary_telephone, super_user, entity_leader, no_org, function_role, date_enroled, is_active, entity_password, first_password, new_password, start_url, is_picked, details, attention, account_id) VALUES (47, 1, 0, 'Zuriel Salome Mwende', 'salome.mwende', NULL, NULL, false, false, false, 'staff', '2015-01-26 15:06:13.59916', true, 'b6f0038dfd42f8aa6ca25354cd2e3660', 'baraza', NULL, NULL, false, NULL, NULL, NULL);
INSERT INTO entitys (entity_id, entity_type_id, org_id, entity_name, user_name, primary_email, primary_telephone, super_user, entity_leader, no_org, function_role, date_enroled, is_active, entity_password, first_password, new_password, start_url, is_picked, details, attention, account_id) VALUES (46, 1, 0, 'Mulinda Albanus Munyoki', 'albanus.munyoki', NULL, NULL, false, false, false, 'staff', '2015-01-26 15:06:13.59916', true, 'b6f0038dfd42f8aa6ca25354cd2e3660', 'baraza', NULL, NULL, false, NULL, NULL, NULL);
INSERT INTO entitys (entity_id, entity_type_id, org_id, entity_name, user_name, primary_email, primary_telephone, super_user, entity_leader, no_org, function_role, date_enroled, is_active, entity_password, first_password, new_password, start_url, is_picked, details, attention, account_id) VALUES (45, 1, 0, 'Ochieng Anthony ', 'anthony.ochieng', NULL, NULL, false, false, false, 'staff', '2015-01-26 15:06:13.59916', true, 'b6f0038dfd42f8aa6ca25354cd2e3660', 'baraza', NULL, NULL, false, NULL, NULL, NULL);
INSERT INTO entitys (entity_id, entity_type_id, org_id, entity_name, user_name, primary_email, primary_telephone, super_user, entity_leader, no_org, function_role, date_enroled, is_active, entity_password, first_password, new_password, start_url, is_picked, details, attention, account_id) VALUES (44, 1, 0, 'Fry Thomas Jake', 'thomas.jake', NULL, NULL, false, false, false, 'staff', '2015-01-26 15:06:13.59916', true, 'b6f0038dfd42f8aa6ca25354cd2e3660', 'baraza', NULL, NULL, false, NULL, NULL, NULL);
INSERT INTO entitys (entity_id, entity_type_id, org_id, entity_name, user_name, primary_email, primary_telephone, super_user, entity_leader, no_org, function_role, date_enroled, is_active, entity_password, first_password, new_password, start_url, is_picked, details, attention, account_id) VALUES (41, 1, 0, 'Ndiaye Aminata ', 'aminata.ndiaye', NULL, NULL, false, false, false, 'staff', '2015-01-26 15:06:13.59916', true, 'b6f0038dfd42f8aa6ca25354cd2e3660', 'baraza', NULL, NULL, false, NULL, NULL, NULL);
INSERT INTO entitys (entity_id, entity_type_id, org_id, entity_name, user_name, primary_email, primary_telephone, super_user, entity_leader, no_org, function_role, date_enroled, is_active, entity_password, first_password, new_password, start_url, is_picked, details, attention, account_id) VALUES (37, 1, 0, 'Mbaye Fatou ', 'fatou.mbaye', NULL, NULL, false, false, false, 'staff', '2015-01-26 15:06:13.59916', true, 'b6f0038dfd42f8aa6ca25354cd2e3660', 'baraza', NULL, NULL, false, NULL, NULL, NULL);
INSERT INTO entitys (entity_id, entity_type_id, org_id, entity_name, user_name, primary_email, primary_telephone, super_user, entity_leader, no_org, function_role, date_enroled, is_active, entity_password, first_password, new_password, start_url, is_picked, details, attention, account_id) VALUES (38, 1, 0, 'Mathenge Michelle Nyawira', 'michelle.nyawira', NULL, NULL, false, false, false, 'staff', '2015-01-26 15:06:13.59916', true, 'b6f0038dfd42f8aa6ca25354cd2e3660', 'baraza', NULL, NULL, false, NULL, NULL, NULL);
INSERT INTO entitys (entity_id, entity_type_id, org_id, entity_name, user_name, primary_email, primary_telephone, super_user, entity_leader, no_org, function_role, date_enroled, is_active, entity_password, first_password, new_password, start_url, is_picked, details, attention, account_id) VALUES (34, 1, 0, 'Odour Sellesor ', 'sellesor.oduor', NULL, NULL, false, false, false, 'staff', '2015-01-26 15:06:13.59916', true, 'b6f0038dfd42f8aa6ca25354cd2e3660', 'baraza', NULL, NULL, false, NULL, NULL, NULL);
INSERT INTO entitys (entity_id, entity_type_id, org_id, entity_name, user_name, primary_email, primary_telephone, super_user, entity_leader, no_org, function_role, date_enroled, is_active, entity_password, first_password, new_password, start_url, is_picked, details, attention, account_id) VALUES (33, 1, 0, 'Ngum Ousainou ', 'ousainou.ngum', NULL, NULL, false, false, false, 'staff', '2015-01-26 15:06:13.59916', true, 'b6f0038dfd42f8aa6ca25354cd2e3660', 'baraza', NULL, NULL, false, NULL, NULL, NULL);
INSERT INTO entitys (entity_id, entity_type_id, org_id, entity_name, user_name, primary_email, primary_telephone, super_user, entity_leader, no_org, function_role, date_enroled, is_active, entity_password, first_password, new_password, start_url, is_picked, details, attention, account_id) VALUES (31, 1, 0, 'Bajenja Ellen Kajura', 'bajenja.ellen', NULL, NULL, false, false, false, 'staff', '2015-01-26 15:06:13.59916', true, 'b6f0038dfd42f8aa6ca25354cd2e3660', 'baraza', NULL, NULL, false, NULL, NULL, NULL);
INSERT INTO entitys (entity_id, entity_type_id, org_id, entity_name, user_name, primary_email, primary_telephone, super_user, entity_leader, no_org, function_role, date_enroled, is_active, entity_password, first_password, new_password, start_url, is_picked, details, attention, account_id) VALUES (28, 1, 0, 'Wamukoya Margaret ', 'margaret.wamukoya', NULL, NULL, false, false, false, 'staff', '2015-01-26 15:06:13.59916', true, 'b6f0038dfd42f8aa6ca25354cd2e3660', 'baraza', NULL, NULL, false, NULL, NULL, NULL);
INSERT INTO entitys (entity_id, entity_type_id, org_id, entity_name, user_name, primary_email, primary_telephone, super_user, entity_leader, no_org, function_role, date_enroled, is_active, entity_password, first_password, new_password, start_url, is_picked, details, attention, account_id) VALUES (26, 1, 0, 'Sendegeya Leonie Abela', 'sendegeya.abela', NULL, NULL, false, false, false, 'staff', '2015-01-26 15:06:13.59916', true, 'b6f0038dfd42f8aa6ca25354cd2e3660', 'baraza', NULL, NULL, false, NULL, NULL, NULL);
INSERT INTO entitys (entity_id, entity_type_id, org_id, entity_name, user_name, primary_email, primary_telephone, super_user, entity_leader, no_org, function_role, date_enroled, is_active, entity_password, first_password, new_password, start_url, is_picked, details, attention, account_id) VALUES (22, 1, 0, 'Lutwama Elijah ', 'elijah.lutwama', NULL, NULL, false, false, false, 'staff', '2015-01-26 15:06:13.59916', true, 'b6f0038dfd42f8aa6ca25354cd2e3660', 'baraza', NULL, NULL, false, NULL, NULL, NULL);
INSERT INTO entitys (entity_id, entity_type_id, org_id, entity_name, user_name, primary_email, primary_telephone, super_user, entity_leader, no_org, function_role, date_enroled, is_active, entity_password, first_password, new_password, start_url, is_picked, details, attention, account_id) VALUES (20, 1, 0, 'Aduol Rose ', 'rose.aduol', NULL, NULL, false, false, false, 'staff', '2015-01-26 15:06:13.59916', true, 'b6f0038dfd42f8aa6ca25354cd2e3660', 'baraza', NULL, NULL, false, NULL, NULL, NULL);
INSERT INTO entitys (entity_id, entity_type_id, org_id, entity_name, user_name, primary_email, primary_telephone, super_user, entity_leader, no_org, function_role, date_enroled, is_active, entity_password, first_password, new_password, start_url, is_picked, details, attention, account_id) VALUES (19, 1, 0, 'Havyarimana Sophie ', 'sophie.havyarimana', NULL, NULL, false, false, false, 'staff', '2015-01-26 15:06:13.59916', true, 'b6f0038dfd42f8aa6ca25354cd2e3660', 'baraza', NULL, NULL, false, NULL, NULL, NULL);
INSERT INTO entitys (entity_id, entity_type_id, org_id, entity_name, user_name, primary_email, primary_telephone, super_user, entity_leader, no_org, function_role, date_enroled, is_active, entity_password, first_password, new_password, start_url, is_picked, details, attention, account_id) VALUES (17, 1, 0, 'Sanou Salina Cheserem', 'salina.cheserem', NULL, NULL, false, false, false, 'staff', '2015-01-26 15:06:13.59916', true, 'b6f0038dfd42f8aa6ca25354cd2e3660', 'baraza', NULL, NULL, false, NULL, NULL, NULL);
INSERT INTO entitys (entity_id, entity_type_id, org_id, entity_name, user_name, primary_email, primary_telephone, super_user, entity_leader, no_org, function_role, date_enroled, is_active, entity_password, first_password, new_password, start_url, is_picked, details, attention, account_id) VALUES (27, 1, 0, 'Wilkister Oluoch', 'wilkister.oluoch', NULL, NULL, false, false, false, 'staff', '2015-01-26 15:06:13.59916', true, 'b6f0038dfd42f8aa6ca25354cd2e3660', 'baraza', NULL, NULL, false, NULL, NULL, NULL);
INSERT INTO entitys (entity_id, entity_type_id, org_id, entity_name, user_name, primary_email, primary_telephone, super_user, entity_leader, no_org, function_role, date_enroled, is_active, entity_password, first_password, new_password, start_url, is_picked, details, attention, account_id) VALUES (55, 1, 0, 'Chloe Huynh', 'chloe.huynh', NULL, NULL, false, false, false, 'staff', '2015-01-26 15:06:13.59916', true, 'b6f0038dfd42f8aa6ca25354cd2e3660', 'baraza', NULL, NULL, false, NULL, NULL, NULL);


--
-- Name: entitys_entity_id_seq; Type: SEQUENCE SET; Schema: public; Owner: postgres
--

SELECT pg_catalog.setval('entitys_entity_id_seq', 56, true);


INSERT INTO locations (location_id, org_id, location_name, details) VALUES (0, 0, 'Secretariat', NULL);
INSERT INTO locations (location_id, org_id, location_name, details) VALUES (1, 0, 'Senegal', NULL);
INSERT INTO locations (location_id, org_id, location_name, details) VALUES (2, 0, 'Secretariat - London', NULL);
INSERT INTO locations (location_id, org_id, location_name, details) VALUES (3, 0, 'Secretariat - Nairobi', NULL);
SELECT pg_catalog.setval('locations_location_id_seq', 3, true);

INSERT INTO employees (entity_id, department_role_id, bank_branch_id, disability_id, employee_id, pay_scale_id, pay_group_id, location_id, currency_id, org_id, person_title, surname, first_name, middle_name, date_of_birth, gender, phone, nationality, nation_of_birth, place_of_birth, marital_status, appointment_date, current_appointment, exit_date, contract, contract_period, employment_terms, identity_card, basic_salary, bank_account, picture_file, active, language, desg_code, inc_mth, previous_sal_point, current_sal_point, halt_point, height, weight, blood_group, allergies, field_of_study, interests, objective, details) VALUES (56, 0, 0, NULL, '56', 0, 0, 0, 1, 0, 'Mr', 'Ngige', 'Charles', ' Mungai', NULL, 'M', NULL, 'KE', 'KE', 'Nairobi', 'M', '2013-10-01', '2013-10-01', NULL, false, 1, NULL, '25133674', 0, '1140909223', NULL, true, NULL, NULL, NULL, NULL, NULL, NULL, NULL, NULL, NULL, NULL, NULL, NULL, NULL, NULL);
INSERT INTO employees (entity_id, department_role_id, bank_branch_id, disability_id, employee_id, pay_scale_id, pay_group_id, location_id, currency_id, org_id, person_title, surname, first_name, middle_name, date_of_birth, gender, phone, nationality, nation_of_birth, place_of_birth, marital_status, appointment_date, current_appointment, exit_date, contract, contract_period, employment_terms, identity_card, basic_salary, bank_account, picture_file, active, language, desg_code, inc_mth, previous_sal_point, current_sal_point, halt_point, height, weight, blood_group, allergies, field_of_study, interests, objective, details) VALUES (53, 0, 0, NULL, '53', 0, 0, 0, 1, 0, 'Mr', 'Maina', 'Gacheru', 'John', NULL, 'M', NULL, 'KE', 'KE', 'Nairobi', 'S', '2013-10-15', '2013-10-15', NULL, false, 1, NULL, '11591735', 0, '2028660777', NULL, true, NULL, NULL, NULL, NULL, NULL, NULL, NULL, NULL, NULL, NULL, NULL, NULL, NULL, NULL);
INSERT INTO employees (entity_id, department_role_id, bank_branch_id, disability_id, employee_id, pay_scale_id, pay_group_id, location_id, currency_id, org_id, person_title, surname, first_name, middle_name, date_of_birth, gender, phone, nationality, nation_of_birth, place_of_birth, marital_status, appointment_date, current_appointment, exit_date, contract, contract_period, employment_terms, identity_card, basic_salary, bank_account, picture_file, active, language, desg_code, inc_mth, previous_sal_point, current_sal_point, halt_point, height, weight, blood_group, allergies, field_of_study, interests, objective, details) VALUES (26, 0, 0, NULL, '26', 0, 0, 0, 1, 0, 'Mrs', 'Sendegeya', 'Leonie', 'Abela', NULL, 'F', NULL, 'KE', 'KE', 'KAMPALA/UGANDA', 'M', '2007-04-27', '2007-04-27', NULL, false, 1, NULL, 'PC063972', 0, '01000421262410', NULL, true, NULL, NULL, NULL, NULL, NULL, NULL, NULL, NULL, NULL, NULL, NULL, NULL, NULL, NULL);
INSERT INTO employees (entity_id, department_role_id, bank_branch_id, disability_id, employee_id, pay_scale_id, pay_group_id, location_id, currency_id, org_id, person_title, surname, first_name, middle_name, date_of_birth, gender, phone, nationality, nation_of_birth, place_of_birth, marital_status, appointment_date, current_appointment, exit_date, contract, contract_period, employment_terms, identity_card, basic_salary, bank_account, picture_file, active, language, desg_code, inc_mth, previous_sal_point, current_sal_point, halt_point, height, weight, blood_group, allergies, field_of_study, interests, objective, details) VALUES (2, 6, 0, NULL, '2', 0, 0, 0, 3, 0, 'Mrs', 'Foday-Khabenje', 'Almonda', 'Patricia', '1961-03-10', 'F', NULL, 'SL', 'SL', 'Freetown', 'M', '2010-08-09', '2010-08-09', NULL, false, 1, NULL, '0157324', 0, NULL, NULL, true, NULL, NULL, NULL, NULL, NULL, NULL, NULL, NULL, NULL, NULL, NULL, NULL, NULL, NULL);
INSERT INTO employees (entity_id, department_role_id, bank_branch_id, disability_id, employee_id, pay_scale_id, pay_group_id, location_id, currency_id, org_id, person_title, surname, first_name, middle_name, date_of_birth, gender, phone, nationality, nation_of_birth, place_of_birth, marital_status, appointment_date, current_appointment, exit_date, contract, contract_period, employment_terms, identity_card, basic_salary, bank_account, picture_file, active, language, desg_code, inc_mth, previous_sal_point, current_sal_point, halt_point, height, weight, blood_group, allergies, field_of_study, interests, objective, details) VALUES (45, 182, 0, NULL, '45', 0, 0, 0, 1, 0, 'Mr', 'Ochieng', 'Anthony', NULL, NULL, 'M', NULL, 'KE', 'KE', 'Rachuonyo', 'S', '2013-02-07', '2013-02-07', NULL, false, 1, NULL, '22373155', 0, '17133250107', NULL, true, NULL, NULL, NULL, NULL, NULL, NULL, NULL, NULL, NULL, NULL, NULL, NULL, NULL, NULL);
INSERT INTO employees (entity_id, department_role_id, bank_branch_id, disability_id, employee_id, pay_scale_id, pay_group_id, location_id, currency_id, org_id, person_title, surname, first_name, middle_name, date_of_birth, gender, phone, nationality, nation_of_birth, place_of_birth, marital_status, appointment_date, current_appointment, exit_date, contract, contract_period, employment_terms, identity_card, basic_salary, bank_account, picture_file, active, language, desg_code, inc_mth, previous_sal_point, current_sal_point, halt_point, height, weight, blood_group, allergies, field_of_study, interests, objective, details) VALUES (12, 186, 0, NULL, '12', 0, 0, 0, 3, 0, 'Mrs', 'Gikonyo-Mukoko', 'Helen', 'Wangechi', NULL, 'F', NULL, 'KE', 'KE', 'Nyeri', 'M', '2003-06-16', '2003-06-16', NULL, false, 1, NULL, '14656066', 0, '1370025781', NULL, true, NULL, NULL, NULL, NULL, NULL, NULL, NULL, NULL, NULL, NULL, NULL, NULL, NULL, NULL);
INSERT INTO employees (entity_id, department_role_id, bank_branch_id, disability_id, employee_id, pay_scale_id, pay_group_id, location_id, currency_id, org_id, person_title, surname, first_name, middle_name, date_of_birth, gender, phone, nationality, nation_of_birth, place_of_birth, marital_status, appointment_date, current_appointment, exit_date, contract, contract_period, employment_terms, identity_card, basic_salary, bank_account, picture_file, active, language, desg_code, inc_mth, previous_sal_point, current_sal_point, halt_point, height, weight, blood_group, allergies, field_of_study, interests, objective, details) VALUES (22, 27, 0, NULL, '22', 0, 0, 0, 3, 0, 'Mr', 'Lutwama', 'Elijah', NULL, NULL, 'M', NULL, 'UG', 'UG', 'Kampala', 'M', '2002-01-01', '2002-01-01', NULL, false, 1, NULL, 'B0647645', 0, '075-', NULL, true, NULL, NULL, NULL, NULL, NULL, NULL, NULL, NULL, NULL, NULL, NULL, NULL, NULL, NULL);
INSERT INTO employees (entity_id, department_role_id, bank_branch_id, disability_id, employee_id, pay_scale_id, pay_group_id, location_id, currency_id, org_id, person_title, surname, first_name, middle_name, date_of_birth, gender, phone, nationality, nation_of_birth, place_of_birth, marital_status, appointment_date, current_appointment, exit_date, contract, contract_period, employment_terms, identity_card, basic_salary, bank_account, picture_file, active, language, desg_code, inc_mth, previous_sal_point, current_sal_point, halt_point, height, weight, blood_group, allergies, field_of_study, interests, objective, details) VALUES (38, 177, 0, NULL, '38', 0, 0, 0, 1, 0, 'Mrs', 'Mathenge', 'Michelle', 'Nyawira', NULL, 'F', NULL, 'KE', 'KE', 'Nairobi', 'M', '2012-08-23', '2012-08-23', NULL, false, 1, NULL, '22784463', 0, '0101804157200', NULL, true, NULL, NULL, NULL, NULL, NULL, NULL, NULL, NULL, NULL, NULL, NULL, NULL, NULL, NULL);
INSERT INTO employees (entity_id, department_role_id, bank_branch_id, disability_id, employee_id, pay_scale_id, pay_group_id, location_id, currency_id, org_id, person_title, surname, first_name, middle_name, date_of_birth, gender, phone, nationality, nation_of_birth, place_of_birth, marital_status, appointment_date, current_appointment, exit_date, contract, contract_period, employment_terms, identity_card, basic_salary, bank_account, picture_file, active, language, desg_code, inc_mth, previous_sal_point, current_sal_point, halt_point, height, weight, blood_group, allergies, field_of_study, interests, objective, details) VALUES (41, 19, 0, NULL, '41', 0, 0, 0, 3, 0, 'Mrs', 'Ndiaye', 'Aminata', NULL, NULL, 'F', NULL, 'CA', 'SN', 'SENEGAL', 'M', '2012-11-19', '2012-11-19', NULL, false, 1, NULL, 'JX361672', 0, '01-018-261562-00', NULL, true, NULL, NULL, NULL, NULL, NULL, NULL, NULL, NULL, NULL, NULL, NULL, NULL, NULL, NULL);
INSERT INTO employees (entity_id, department_role_id, bank_branch_id, disability_id, employee_id, pay_scale_id, pay_group_id, location_id, currency_id, org_id, person_title, surname, first_name, middle_name, date_of_birth, gender, phone, nationality, nation_of_birth, place_of_birth, marital_status, appointment_date, current_appointment, exit_date, contract, contract_period, employment_terms, identity_card, basic_salary, bank_account, picture_file, active, language, desg_code, inc_mth, previous_sal_point, current_sal_point, halt_point, height, weight, blood_group, allergies, field_of_study, interests, objective, details) VALUES (55, 189, 0, NULL, '55', 0, 0, 0, 3, 0, 'Miss', 'Huynh', 'Chloe', 'Fang-Mei', NULL, 'F', NULL, 'FR', 'FR', 'Toulouse', 'S', '2013-11-04', '2013-11-04', NULL, false, 1, NULL, '13CC18766', 0, '03741', NULL, true, NULL, NULL, NULL, NULL, NULL, NULL, NULL, NULL, NULL, NULL, NULL, NULL, NULL, NULL);
INSERT INTO employees (entity_id, department_role_id, bank_branch_id, disability_id, employee_id, pay_scale_id, pay_group_id, location_id, currency_id, org_id, person_title, surname, first_name, middle_name, date_of_birth, gender, phone, nationality, nation_of_birth, place_of_birth, marital_status, appointment_date, current_appointment, exit_date, contract, contract_period, employment_terms, identity_card, basic_salary, bank_account, picture_file, active, language, desg_code, inc_mth, previous_sal_point, current_sal_point, halt_point, height, weight, blood_group, allergies, field_of_study, interests, objective, details) VALUES (31, 12, 0, NULL, '31', 0, 0, 0, 3, 0, 'Mrs', 'Bajenja', 'Ellen', 'Kajura', NULL, 'F', NULL, 'UG', 'UG', NULL, 'W', '2011-02-01', '2011-02-01', NULL, false, 1, NULL, 'b0625341', 0, '1124887067', NULL, true, NULL, NULL, NULL, NULL, NULL, NULL, NULL, NULL, NULL, NULL, NULL, NULL, NULL, NULL);
INSERT INTO employees (entity_id, department_role_id, bank_branch_id, disability_id, employee_id, pay_scale_id, pay_group_id, location_id, currency_id, org_id, person_title, surname, first_name, middle_name, date_of_birth, gender, phone, nationality, nation_of_birth, place_of_birth, marital_status, appointment_date, current_appointment, exit_date, contract, contract_period, employment_terms, identity_card, basic_salary, bank_account, picture_file, active, language, desg_code, inc_mth, previous_sal_point, current_sal_point, halt_point, height, weight, blood_group, allergies, field_of_study, interests, objective, details) VALUES (37, 9, 0, NULL, '37', 0, 0, 0, 3, 0, 'Miss', 'Mbaye', 'Fatou', NULL, NULL, 'F', NULL, 'SN', 'SN', 'Ziguinchor', 'D', '2012-03-19', '2012-03-19', NULL, false, 1, NULL, 'A00346964', 0, '9', NULL, true, NULL, NULL, NULL, NULL, NULL, NULL, NULL, NULL, NULL, NULL, NULL, NULL, NULL, NULL);
INSERT INTO employees (entity_id, department_role_id, bank_branch_id, disability_id, employee_id, pay_scale_id, pay_group_id, location_id, currency_id, org_id, person_title, surname, first_name, middle_name, date_of_birth, gender, phone, nationality, nation_of_birth, place_of_birth, marital_status, appointment_date, current_appointment, exit_date, contract, contract_period, employment_terms, identity_card, basic_salary, bank_account, picture_file, active, language, desg_code, inc_mth, previous_sal_point, current_sal_point, halt_point, height, weight, blood_group, allergies, field_of_study, interests, objective, details) VALUES (35, 3, 0, NULL, '35', 0, 0, 0, 1, 0, 'Mr', 'Wafula', 'James', 'Were', NULL, 'M', NULL, 'KE', 'KE', NULL, 'M', NULL, NULL, NULL, false, 1, NULL, NULL, 0, NULL, NULL, true, NULL, NULL, NULL, NULL, NULL, NULL, NULL, NULL, NULL, NULL, NULL, NULL, NULL, NULL);
INSERT INTO employees (entity_id, department_role_id, bank_branch_id, disability_id, employee_id, pay_scale_id, pay_group_id, location_id, currency_id, org_id, person_title, surname, first_name, middle_name, date_of_birth, gender, phone, nationality, nation_of_birth, place_of_birth, marital_status, appointment_date, current_appointment, exit_date, contract, contract_period, employment_terms, identity_card, basic_salary, bank_account, picture_file, active, language, desg_code, inc_mth, previous_sal_point, current_sal_point, halt_point, height, weight, blood_group, allergies, field_of_study, interests, objective, details) VALUES (52, 23, 0, NULL, '52', 0, 0, 0, 1, 0, 'Mrs', 'Muturia', 'Julian', 'Kagwiria', NULL, 'F', NULL, 'KE', 'KE', 'MERU-KENYA', 'M', '2013-08-01', '2013-08-01', NULL, false, 1, NULL, 'B108412', 0, '01108082290100', NULL, true, NULL, NULL, NULL, NULL, NULL, NULL, NULL, NULL, NULL, NULL, NULL, NULL, NULL, NULL);
INSERT INTO employees (entity_id, department_role_id, bank_branch_id, disability_id, employee_id, pay_scale_id, pay_group_id, location_id, currency_id, org_id, person_title, surname, first_name, middle_name, date_of_birth, gender, phone, nationality, nation_of_birth, place_of_birth, marital_status, appointment_date, current_appointment, exit_date, contract, contract_period, employment_terms, identity_card, basic_salary, bank_account, picture_file, active, language, desg_code, inc_mth, previous_sal_point, current_sal_point, halt_point, height, weight, blood_group, allergies, field_of_study, interests, objective, details) VALUES (8, 179, 0, NULL, '8', 0, 0, 0, 3, 0, 'Mrs', 'Seljeflot', 'Kristin', NULL, NULL, 'F', NULL, 'NO', 'NO', 'Arendal', 'M', '2005-09-05', '2005-09-05', NULL, false, 1, NULL, '925/2005', 0, '2800525164600', NULL, true, NULL, NULL, NULL, NULL, NULL, NULL, NULL, NULL, NULL, NULL, NULL, NULL, NULL, NULL);
INSERT INTO employees (entity_id, department_role_id, bank_branch_id, disability_id, employee_id, pay_scale_id, pay_group_id, location_id, currency_id, org_id, person_title, surname, first_name, middle_name, date_of_birth, gender, phone, nationality, nation_of_birth, place_of_birth, marital_status, appointment_date, current_appointment, exit_date, contract, contract_period, employment_terms, identity_card, basic_salary, bank_account, picture_file, active, language, desg_code, inc_mth, previous_sal_point, current_sal_point, halt_point, height, weight, blood_group, allergies, field_of_study, interests, objective, details) VALUES (28, 1, 0, NULL, '28', 0, 0, 0, 1, 0, 'Mrs', 'Wamukoya', 'Margaret', NULL, NULL, 'F', NULL, 'KE', 'KE', 'Busia', 'M', NULL, NULL, NULL, false, 1, NULL, '11094339/B109', 0, '01100062473600', NULL, true, NULL, NULL, NULL, NULL, NULL, NULL, NULL, NULL, NULL, NULL, NULL, NULL, NULL, NULL);
INSERT INTO employees (entity_id, department_role_id, bank_branch_id, disability_id, employee_id, pay_scale_id, pay_group_id, location_id, currency_id, org_id, person_title, surname, first_name, middle_name, date_of_birth, gender, phone, nationality, nation_of_birth, place_of_birth, marital_status, appointment_date, current_appointment, exit_date, contract, contract_period, employment_terms, identity_card, basic_salary, bank_account, picture_file, active, language, desg_code, inc_mth, previous_sal_point, current_sal_point, halt_point, height, weight, blood_group, allergies, field_of_study, interests, objective, details) VALUES (11, 15, 0, NULL, '11', 0, 0, 2, 3, 0, 'Miss', 'Bevan', 'Nicola', NULL, NULL, 'F', NULL, 'IE', 'IE', 'Dublin', 'S', '2009-03-02', '2009-03-02', NULL, false, 1, NULL, '-', 0, '-', NULL, true, NULL, NULL, NULL, NULL, NULL, NULL, NULL, NULL, NULL, NULL, NULL, NULL, NULL, NULL);
INSERT INTO employees (entity_id, department_role_id, bank_branch_id, disability_id, employee_id, pay_scale_id, pay_group_id, location_id, currency_id, org_id, person_title, surname, first_name, middle_name, date_of_birth, gender, phone, nationality, nation_of_birth, place_of_birth, marital_status, appointment_date, current_appointment, exit_date, contract, contract_period, employment_terms, identity_card, basic_salary, bank_account, picture_file, active, language, desg_code, inc_mth, previous_sal_point, current_sal_point, halt_point, height, weight, blood_group, allergies, field_of_study, interests, objective, details) VALUES (33, 0, 0, NULL, '33', 0, 0, 3, 3, 0, 'Mr', 'Ngum', 'Ousainou', NULL, NULL, 'M', NULL, 'GB', 'GM', 'Banjul', 'M', '2003-11-01', '2003-11-01', NULL, false, 1, NULL, '761306920', 0, '0101513836600', NULL, true, NULL, NULL, NULL, NULL, NULL, NULL, NULL, NULL, NULL, NULL, NULL, NULL, NULL, NULL);
INSERT INTO employees (entity_id, department_role_id, bank_branch_id, disability_id, employee_id, pay_scale_id, pay_group_id, location_id, currency_id, org_id, person_title, surname, first_name, middle_name, date_of_birth, gender, phone, nationality, nation_of_birth, place_of_birth, marital_status, appointment_date, current_appointment, exit_date, contract, contract_period, employment_terms, identity_card, basic_salary, bank_account, picture_file, active, language, desg_code, inc_mth, previous_sal_point, current_sal_point, halt_point, height, weight, blood_group, allergies, field_of_study, interests, objective, details) VALUES (20, 11, 0, NULL, '20', 0, 0, 3, 1, 0, 'Mrs', 'Aduol', 'Rose', NULL, NULL, 'F', NULL, 'KE', 'KE', 'KENYA', 'W', '2011-02-01', '2011-02-01', NULL, false, 1, NULL, '21017044', 0, '009', NULL, true, NULL, NULL, NULL, NULL, NULL, NULL, NULL, NULL, NULL, NULL, NULL, NULL, NULL, NULL);
INSERT INTO employees (entity_id, department_role_id, bank_branch_id, disability_id, employee_id, pay_scale_id, pay_group_id, location_id, currency_id, org_id, person_title, surname, first_name, middle_name, date_of_birth, gender, phone, nationality, nation_of_birth, place_of_birth, marital_status, appointment_date, current_appointment, exit_date, contract, contract_period, employment_terms, identity_card, basic_salary, bank_account, picture_file, active, language, desg_code, inc_mth, previous_sal_point, current_sal_point, halt_point, height, weight, blood_group, allergies, field_of_study, interests, objective, details) VALUES (17, 33, 0, NULL, '17', 0, 0, 3, 3, 0, 'Mrs', 'Sanou', 'Salina', 'Cheserem', NULL, 'F', NULL, 'ML', 'KE', 'Marakwet', 'M', '2011-07-18', '2011-07-18', NULL, false, 1, NULL, 'B0024949', 0, '1607367', NULL, true, NULL, NULL, NULL, NULL, NULL, NULL, NULL, NULL, NULL, NULL, NULL, NULL, NULL, NULL);
INSERT INTO employees (entity_id, department_role_id, bank_branch_id, disability_id, employee_id, pay_scale_id, pay_group_id, location_id, currency_id, org_id, person_title, surname, first_name, middle_name, date_of_birth, gender, phone, nationality, nation_of_birth, place_of_birth, marital_status, appointment_date, current_appointment, exit_date, contract, contract_period, employment_terms, identity_card, basic_salary, bank_account, picture_file, active, language, desg_code, inc_mth, previous_sal_point, current_sal_point, halt_point, height, weight, blood_group, allergies, field_of_study, interests, objective, details) VALUES (47, 4, 0, NULL, '47', 0, 0, 3, 3, 0, 'Mrs', 'Zuriel', 'Salome', 'Mwende', NULL, 'F', NULL, 'KE', 'KE', 'Nairobi', 'M', '2012-10-15', '2012-10-15', NULL, false, 1, NULL, 'B000864', 0, '03100128795200', NULL, true, NULL, NULL, NULL, NULL, NULL, NULL, NULL, NULL, NULL, NULL, NULL, NULL, NULL, NULL);
INSERT INTO employees (entity_id, department_role_id, bank_branch_id, disability_id, employee_id, pay_scale_id, pay_group_id, location_id, currency_id, org_id, person_title, surname, first_name, middle_name, date_of_birth, gender, phone, nationality, nation_of_birth, place_of_birth, marital_status, appointment_date, current_appointment, exit_date, contract, contract_period, employment_terms, identity_card, basic_salary, bank_account, picture_file, active, language, desg_code, inc_mth, previous_sal_point, current_sal_point, halt_point, height, weight, blood_group, allergies, field_of_study, interests, objective, details) VALUES (34, 18, 0, NULL, '34', 0, 0, 3, 1, 0, 'Miss', 'Odour', 'Sellesor', NULL, NULL, 'F', NULL, 'KE', 'KE', 'Kisumu', 'S', '2004-02-01', '2004-02-01', NULL, false, 1, NULL, '3498928', 0, '999999999', NULL, true, NULL, NULL, NULL, NULL, NULL, NULL, NULL, NULL, NULL, NULL, NULL, NULL, NULL, NULL);
INSERT INTO employees (entity_id, department_role_id, bank_branch_id, disability_id, employee_id, pay_scale_id, pay_group_id, location_id, currency_id, org_id, person_title, surname, first_name, middle_name, date_of_birth, gender, phone, nationality, nation_of_birth, place_of_birth, marital_status, appointment_date, current_appointment, exit_date, contract, contract_period, employment_terms, identity_card, basic_salary, bank_account, picture_file, active, language, desg_code, inc_mth, previous_sal_point, current_sal_point, halt_point, height, weight, blood_group, allergies, field_of_study, interests, objective, details) VALUES (19, 171, 0, NULL, '19', 0, 0, 3, 3, 0, 'Mrs', 'Havyarimana', 'Sophie', NULL, NULL, 'F', NULL, 'BI', 'BI', 'Higiro', 'M', '2011-07-17', '2011-07-17', NULL, false, 1, NULL, '163097', 0, '2800115825600', NULL, true, NULL, NULL, NULL, NULL, NULL, NULL, NULL, NULL, NULL, NULL, NULL, NULL, NULL, NULL);
INSERT INTO employees (entity_id, department_role_id, bank_branch_id, disability_id, employee_id, pay_scale_id, pay_group_id, location_id, currency_id, org_id, person_title, surname, first_name, middle_name, date_of_birth, gender, phone, nationality, nation_of_birth, place_of_birth, marital_status, appointment_date, current_appointment, exit_date, contract, contract_period, employment_terms, identity_card, basic_salary, bank_account, picture_file, active, language, desg_code, inc_mth, previous_sal_point, current_sal_point, halt_point, height, weight, blood_group, allergies, field_of_study, interests, objective, details) VALUES (44, 13, 0, NULL, '44', 0, 0, 2, 3, 0, 'Mr', 'Fry', 'Thomas', 'Jake', NULL, 'M', NULL, 'GB', 'GB', 'London', 'S', '2012-09-17', '2012-09-17', NULL, false, 1, NULL, '652579087', 0, '20766380', NULL, true, NULL, NULL, NULL, NULL, NULL, NULL, NULL, NULL, NULL, NULL, NULL, NULL, NULL, NULL);
INSERT INTO employees (entity_id, department_role_id, bank_branch_id, disability_id, employee_id, pay_scale_id, pay_group_id, location_id, currency_id, org_id, person_title, surname, first_name, middle_name, date_of_birth, gender, phone, nationality, nation_of_birth, place_of_birth, marital_status, appointment_date, current_appointment, exit_date, contract, contract_period, employment_terms, identity_card, basic_salary, bank_account, picture_file, active, language, desg_code, inc_mth, previous_sal_point, current_sal_point, halt_point, height, weight, blood_group, allergies, field_of_study, interests, objective, details) VALUES (9, 14, 0, NULL, '9', 0, 0, 2, 3, 0, 'Mrs', 'Dupont', 'Vanessa', NULL, NULL, 'F', NULL, 'FR', 'FR', 'France', 'M', '2010-01-04', '2010-01-04', NULL, false, 1, NULL, '10ad90315', 0, '20-71-64', NULL, true, NULL, NULL, NULL, NULL, NULL, NULL, NULL, NULL, NULL, NULL, NULL, NULL, NULL, NULL);
INSERT INTO employees (entity_id, department_role_id, bank_branch_id, disability_id, employee_id, pay_scale_id, pay_group_id, location_id, currency_id, org_id, person_title, surname, first_name, middle_name, date_of_birth, gender, phone, nationality, nation_of_birth, place_of_birth, marital_status, appointment_date, current_appointment, exit_date, contract, contract_period, employment_terms, identity_card, basic_salary, bank_account, picture_file, active, language, desg_code, inc_mth, previous_sal_point, current_sal_point, halt_point, height, weight, blood_group, allergies, field_of_study, interests, objective, details) VALUES (27, 174, 0, NULL, '27', 0, 0, 3, 1, 0, 'Mrs', 'Oluoch', 'Wilkister', 'Akinyi', NULL, 'F', NULL, 'KE', 'KE', 'NAIROBI', 'M', '2009-09-15', '2009-09-15', NULL, false, 1, NULL, '13429968', 0, '1372000120', NULL, true, NULL, NULL, NULL, NULL, NULL, NULL, NULL, NULL, NULL, NULL, NULL, NULL, NULL, NULL);
INSERT INTO employees (entity_id, department_role_id, bank_branch_id, disability_id, employee_id, pay_scale_id, pay_group_id, location_id, currency_id, org_id, person_title, surname, first_name, middle_name, date_of_birth, gender, phone, nationality, nation_of_birth, place_of_birth, marital_status, appointment_date, current_appointment, exit_date, contract, contract_period, employment_terms, identity_card, basic_salary, bank_account, picture_file, active, language, desg_code, inc_mth, previous_sal_point, current_sal_point, halt_point, height, weight, blood_group, allergies, field_of_study, interests, objective, details) VALUES (46, 176, 0, NULL, '46', 0, 0, 0, 1, 0, 'Mr', 'Mulinda', 'Albanus', 'Munyoki', '1980-04-16', 'M', '2222222', 'KE', 'KE', 'KITUI', 'S', '2013-01-03', '2013-01-03', NULL, true, 1, NULL, '23491996', 0, '073', NULL, true, NULL, NULL, NULL, NULL, NULL, NULL, NULL, NULL, NULL, NULL, NULL, NULL, NULL, NULL);

INSERT INTO education (education_id, entity_id, education_class_id, org_id, date_from, date_to, name_of_school, examination_taken, grades_obtained, certificate_number, details) VALUES (5, 2, 9, 0, '1972-01-01', '1978-12-31', 'The Annie Walsh Memorial School', 'GCE School Cert Div 2', 'GCE School Cert Div 2', NULL, NULL);
INSERT INTO education (education_id, entity_id, education_class_id, org_id, date_from, date_to, name_of_school, examination_taken, grades_obtained, certificate_number, details) VALUES (6, 2, 12, 0, '1978-01-01', '1980-12-31', 'The Annie Walsh Memorial School', 'GCE A Levels Passes in 4 subjects', 'GCE A Levels Passes in 4 subjects', NULL, NULL);
INSERT INTO education (education_id, entity_id, education_class_id, org_id, date_from, date_to, name_of_school, examination_taken, grades_obtained, certificate_number, details) VALUES (7, 2, 2, 0, '1980-01-01', '1984-12-31', 'Fourah Bay College', 'B A in English & French', 'B A in English & French', NULL, NULL);
INSERT INTO education (education_id, entity_id, education_class_id, org_id, date_from, date_to, name_of_school, examination_taken, grades_obtained, certificate_number, details) VALUES (8, 2, 3, 0, '1991-01-01', '1992-12-31', 'Institute of Publuc Administration & Management', 'Diploma in Data Processing', 'Diploma in Data Processing', NULL, NULL);
INSERT INTO education (education_id, entity_id, education_class_id, org_id, date_from, date_to, name_of_school, examination_taken, grades_obtained, certificate_number, details) VALUES (9, 2, 8, 0, '2003-01-01', '2004-12-31', 'Njala University', 'MA in Educational Administration', 'MA in Educational Administration', NULL, NULL);
INSERT INTO education (education_id, entity_id, education_class_id, org_id, date_from, date_to, name_of_school, examination_taken, grades_obtained, certificate_number, details) VALUES (10, 2, 3, 0, '1984-01-01', '1985-12-31', 'Fourah Bay College', 'Post Graduate Diploma in Education', 'Post Graduate Diploma in Education', NULL, NULL);
INSERT INTO education (education_id, entity_id, education_class_id, org_id, date_from, date_to, name_of_school, examination_taken, grades_obtained, certificate_number, details) VALUES (13, 28, 6, 0, '2008-01-01', '2010-12-31', 'Inorero University', 'Archives and Records Management', 'Archives and Records Management', NULL, NULL);
INSERT INTO education (education_id, entity_id, education_class_id, org_id, date_from, date_to, name_of_school, examination_taken, grades_obtained, certificate_number, details) VALUES (14, 28, 7, 0, '2006-01-01', '2007-12-31', 'Kenya School  of Professional Studies', 'Archives and Records Management', 'Archives and Records Management', NULL, NULL);
INSERT INTO education (education_id, entity_id, education_class_id, org_id, date_from, date_to, name_of_school, examination_taken, grades_obtained, certificate_number, details) VALUES (17, 0, 2, 0, '1999-01-01', '2011-12-31', 'THE CATHOLIC UNIVERSITY OF EASTERN AFRICA', 'BACHELOR OF COMMERCE IN FINANCE', 'BACHELOR OF COMMERCE IN FINANCE', NULL, NULL);
INSERT INTO education (education_id, entity_id, education_class_id, org_id, date_from, date_to, name_of_school, examination_taken, grades_obtained, certificate_number, details) VALUES (19, 28, 4, 0, '2001-01-01', '2001-12-31', 'Telarosa Computer Services, Nairobi', 'Computer packages MS-Office', 'Computer packages MS-Office', NULL, NULL);
INSERT INTO education (education_id, entity_id, education_class_id, org_id, date_from, date_to, name_of_school, examination_taken, grades_obtained, certificate_number, details) VALUES (20, 28, 14, 0, '2004-01-01', '2004-12-31', 'MS-Training centre for development co-operation,  ', 'Resource Centre Management', 'Resource Centre Management', NULL, NULL);


--
-- Name: education_education_id_seq; Type: SEQUENCE SET; Schema: public; Owner: postgres
--

SELECT pg_catalog.setval('education_education_id_seq', 20, false);

INSERT INTO kins (kin_id, entity_id, kin_type_id, org_id, full_names, date_of_birth, identification, relation, emergency_contact, beneficiary, beneficiary_ps, details) VALUES (178, 2, 9, 0, 'Aiah Dorkuh Foday-Khabenje', NULL, NULL, 'SPOUSE', true, false, NULL, '0712993335\nAEA Office \naiah@aeafrica.org');
INSERT INTO kins (kin_id, entity_id, kin_type_id, org_id, full_names, date_of_birth, identification, relation, emergency_contact, beneficiary, beneficiary_ps, details) VALUES (179, 2, 9, 0, 'Melvin Sahr Foday-Khabenje', NULL, NULL, 'CHILD', true, false, NULL, '0715699880\nTamarind\nmsnfk_@hotmail.com');
INSERT INTO kins (kin_id, entity_id, kin_type_id, org_id, full_names, date_of_birth, identification, relation, emergency_contact, beneficiary, beneficiary_ps, details) VALUES (180, 28, 2, 0, 'Moses Onyango Onyango', NULL, NULL, 'HUSBAND', true, false, NULL, '0713 657 077\n\nMoses.onyango49@gmail.com');
INSERT INTO kins (kin_id, entity_id, kin_type_id, org_id, full_names, date_of_birth, identification, relation, emergency_contact, beneficiary, beneficiary_ps, details) VALUES (181, 28, 7, 0, 'Black  Odanyiro Wamukoya', NULL, NULL, 'BROTHER', true, false, NULL, '+ 254 722 74 37 35\n\nbodanyiro@yahoo.co.uk');
INSERT INTO kins (kin_id, entity_id, kin_type_id, org_id, full_names, date_of_birth, identification, relation, emergency_contact, beneficiary, beneficiary_ps, details) VALUES (184, 8, 2, 0, 'Felix Tei Nartey', NULL, NULL, 'HUSBAND', true, false, NULL, '+254720213603\n51, Ruaka Road, Runda, Nairobi\nfnartey@hotmail.com');
INSERT INTO kins (kin_id, entity_id, kin_type_id, org_id, full_names, date_of_birth, identification, relation, emergency_contact, beneficiary, beneficiary_ps, details) VALUES (185, 8, 5, 0, 'Anne Kristine Seljeflot', NULL, NULL, 'MOTHER', true, false, NULL, '+4799722423\nRannekleiv terr. 30, N-4824 Bjorbekk\nanneseljeflot@hotmail.com');
INSERT INTO kins (kin_id, entity_id, kin_type_id, org_id, full_names, date_of_birth, identification, relation, emergency_contact, beneficiary, beneficiary_ps, details) VALUES (186, 8, 6, 0, 'Leif Einar Seljeflot', NULL, NULL, 'FATHER', true, false, NULL, NULL);
INSERT INTO kins (kin_id, entity_id, kin_type_id, org_id, full_names, date_of_birth, identification, relation, emergency_contact, beneficiary, beneficiary_ps, details) VALUES (187, 12, 2, 0, 'Joe Shitandi Mukoko', NULL, NULL, 'HUSBAND', true, false, NULL, '=254726568464\n\njcsmukoko@gmail.com');
INSERT INTO kins (kin_id, entity_id, kin_type_id, org_id, full_names, date_of_birth, identification, relation, emergency_contact, beneficiary, beneficiary_ps, details) VALUES (188, 12, 6, 0, 'Isaac Gikonyo Mwendia', NULL, NULL, 'FATHER', true, false, NULL, '+254722916616\n\nimgikonyo@gmail.com');


--
-- Name: kins_kin_id_seq; Type: SEQUENCE SET; Schema: public; Owner: postgres
--

SELECT pg_catalog.setval('kins_kin_id_seq', 188, false);


